remark: ../dft.cpp:6:0: Unrolling loop 'OUTER_LOOP' (../dft.cpp:14:5) in function 'dft' partially (and skipping exit check) with a factor of 2
remark: ../dft.cpp:6:0: Unrolling loop 'INNER_LOOP' (../dft.cpp:22:9) in function 'dft' partially (and skipping exit check) with a factor of 8
remark: ../dft.cpp:6:0: Unrolling loop 'INNER_LOOP' (../dft.cpp:22:9) in function 'dft' partially (and skipping exit check) with a factor of 8
remark: <unknown>:0:0: dft(float*, float*, float*, float*) not inlined into apatb_dft_ir because it should never be inlined (cost=never)
remark: ../dft.cpp:6:0: Applying array_partition to 'real_sample': Cyclic partitioning with factor 2 on dimension 1.
remark: ../dft.cpp:6:0: Applying array_partition to 'imag_sample': Cyclic partitioning with factor 2 on dimension 1.
remark: ../dft.cpp:6:0: Applying array_partition to 'real_op': Cyclic partitioning with factor 8 on dimension 1.
remark: ../dft.cpp:6:0: Applying array_partition to 'imag_op': Cyclic partitioning with factor 8 on dimension 1.
remark: automatically set the pipeline for Loop< INNER_LOOP> at ../dft.cpp:22:9 
remark: automatically set the pipeline for Loop< INNER_LOOP> at ../dft.cpp:22:9 
DICompileUnit not listed in llvm.dbg.cu
!54 = distinct !DICompileUnit(language: DW_LANG_C_plus_plus, file: !55, producer: "clang version 7.0.0 ", isOptimized: true, runtimeVersion: 0, emissionKind: FullDebug, enums: !4, retainedTypes: !56, globals: !208, imports: !218)
warning: ignoring invalid debug info in /home/linux/ieng6/students/162/mak025/chole_bhature/project_files/project3/Q8/dft_1024_opt/dft_1024_opt/hls/.autopilot/db/apatb_dft_ir.bc
===-------------------------------------------------------------------------===
                         Miscellaneous Ungrouped Timers
===-------------------------------------------------------------------------===

   ---User Time---   --System Time--   --User+System--   ---Wall Time---  --- Name ---
   0.9885 (100.0%)   0.0767 (100.0%)   1.0652 (100.0%)   1.1172 (100.0%)  Code Generation Time
   0.9885 (100.0%)   0.0767 (100.0%)   1.0652 (100.0%)   1.1172 (100.0%)  Total

===-------------------------------------------------------------------------===
                      ... Pass execution timing report ...
===-------------------------------------------------------------------------===
  Total Execution Time: 0.9805 seconds (1.0317 wall clock)

   ---User Time---   --System Time--   --User+System--   ---Wall Time---  --- Name ---
   0.0260 (  2.9%)   0.0000 (  0.1%)   0.0260 (  2.7%)   0.0261 (  2.5%)  Global Value Numbering
   0.0220 (  2.4%)   0.0001 (  0.1%)   0.0221 (  2.3%)   0.0222 (  2.2%)  Global Value Numbering
   0.0188 (  2.1%)   0.0008 (  1.2%)   0.0196 (  2.0%)   0.0197 (  1.9%)  Global Value Numbering
   0.0189 (  2.1%)   0.0001 (  0.1%)   0.0190 (  1.9%)   0.0192 (  1.9%)  Global Value Numbering
   0.0176 (  1.9%)   0.0001 (  0.1%)   0.0176 (  1.8%)   0.0179 (  1.7%)  Global Value Numbering
   0.0109 (  1.2%)   0.0060 (  8.4%)   0.0169 (  1.7%)   0.0169 (  1.6%)  Build loop flatten cost model
   0.0082 (  0.9%)   0.0017 (  2.3%)   0.0098 (  1.0%)   0.0162 (  1.6%)  Generate HLS compatible IR
   0.0146 (  1.6%)   0.0000 (  0.0%)   0.0146 (  1.5%)   0.0147 (  1.4%)  AutoDepPragmaInfer - Auto Dependence Pragma Infer
   0.0143 (  1.6%)   0.0002 (  0.2%)   0.0144 (  1.5%)   0.0146 (  1.4%)  Global Value Numbering
   0.0138 (  1.5%)   0.0001 (  0.2%)   0.0139 (  1.4%)   0.0139 (  1.3%)  Global Value Numbering
   0.0135 (  1.5%)   0.0001 (  0.2%)   0.0136 (  1.4%)   0.0136 (  1.3%)  Global Value Numbering
   0.0135 (  1.5%)   0.0001 (  0.1%)   0.0136 (  1.4%)   0.0136 (  1.3%)  Global Value Numbering
   0.0133 (  1.5%)   0.0002 (  0.3%)   0.0135 (  1.4%)   0.0135 (  1.3%)  Global Value Numbering
   0.0133 (  1.5%)   0.0001 (  0.1%)   0.0134 (  1.4%)   0.0134 (  1.3%)  Global Value Numbering
   0.0132 (  1.4%)   0.0001 (  0.1%)   0.0133 (  1.4%)   0.0133 (  1.3%)  Global Value Numbering
   0.0130 (  1.4%)   0.0001 (  0.1%)   0.0131 (  1.3%)   0.0132 (  1.3%)  Global Value Numbering
   0.0129 (  1.4%)   0.0002 (  0.3%)   0.0131 (  1.3%)   0.0131 (  1.3%)  Global Value Numbering
   0.0129 (  1.4%)   0.0002 (  0.3%)   0.0130 (  1.3%)   0.0131 (  1.3%)  Global Value Numbering
   0.0130 (  1.4%)   0.0000 (  0.0%)   0.0130 (  1.3%)   0.0130 (  1.3%)  Global Value Numbering
   0.0129 (  1.4%)   0.0000 (  0.0%)   0.0130 (  1.3%)   0.0130 (  1.3%)  Global Value Numbering
   0.0126 (  1.4%)   0.0003 (  0.5%)   0.0129 (  1.3%)   0.0129 (  1.2%)  Global Value Numbering
   0.0127 (  1.4%)   0.0001 (  0.1%)   0.0128 (  1.3%)   0.0128 (  1.2%)  Global Value Numbering
   0.0126 (  1.4%)   0.0001 (  0.2%)   0.0127 (  1.3%)   0.0128 (  1.2%)  Global Value Numbering
   0.0113 (  1.2%)   0.0000 (  0.0%)   0.0113 (  1.1%)   0.0113 (  1.1%)  Reflow pragma unroll loops
   0.0098 (  1.1%)   0.0000 (  0.0%)   0.0098 (  1.0%)   0.0102 (  1.0%)  Global Value Numbering
   0.0093 (  1.0%)   0.0007 (  1.0%)   0.0100 (  1.0%)   0.0100 (  1.0%)  Global Value Numbering
   0.0059 (  0.7%)   0.0040 (  5.6%)   0.0099 (  1.0%)   0.0099 (  1.0%)  PredicateAnalyzer - Predidate Analysis
   0.0085 (  0.9%)   0.0001 (  0.1%)   0.0086 (  0.9%)   0.0099 (  1.0%)  Global Value Numbering
   0.0096 (  1.1%)   0.0000 (  0.0%)   0.0096 (  1.0%)   0.0097 (  0.9%)  Global Value Numbering
   0.0093 (  1.0%)   0.0000 (  0.0%)   0.0093 (  0.9%)   0.0093 (  0.9%)  Global Value Numbering
   0.0092 (  1.0%)   0.0000 (  0.0%)   0.0092 (  0.9%)   0.0092 (  0.9%)  AutoDepPragmaInfer - Auto Dependence Pragma Infer
   0.0089 (  1.0%)   0.0000 (  0.0%)   0.0089 (  0.9%)   0.0089 (  0.9%)  Global Value Numbering
   0.0088 (  1.0%)   0.0000 (  0.0%)   0.0088 (  0.9%)   0.0088 (  0.9%)  Global Value Numbering
   0.0083 (  0.9%)   0.0000 (  0.0%)   0.0083 (  0.8%)   0.0083 (  0.8%)  Global Value Numbering
   0.0080 (  0.9%)   0.0000 (  0.0%)   0.0080 (  0.8%)   0.0082 (  0.8%)  ArrayPartition - Partition Arrays into Banks
   0.0078 (  0.9%)   0.0000 (  0.0%)   0.0078 (  0.8%)   0.0079 (  0.8%)  Global Value Numbering
   0.0049 (  0.5%)   0.0000 (  0.0%)   0.0049 (  0.5%)   0.0078 (  0.8%)  Detach IR Wrapper
   0.0077 (  0.8%)   0.0000 (  0.0%)   0.0077 (  0.8%)   0.0078 (  0.8%)  Global Value Numbering
   0.0075 (  0.8%)   0.0000 (  0.0%)   0.0075 (  0.8%)   0.0075 (  0.7%)  Global Value Numbering
   0.0075 (  0.8%)   0.0000 (  0.0%)   0.0075 (  0.8%)   0.0075 (  0.7%)  Global Value Numbering
   0.0062 (  0.7%)   0.0000 (  0.0%)   0.0062 (  0.6%)   0.0074 (  0.7%)  Global Value Numbering
   0.0064 (  0.7%)   0.0000 (  0.0%)   0.0064 (  0.6%)   0.0074 (  0.7%)  Global Value Numbering
   0.0073 (  0.8%)   0.0000 (  0.0%)   0.0073 (  0.7%)   0.0074 (  0.7%)  Global Value Numbering
   0.0073 (  0.8%)   0.0000 (  0.0%)   0.0073 (  0.7%)   0.0073 (  0.7%)  Global Value Numbering
   0.0072 (  0.8%)   0.0000 (  0.0%)   0.0072 (  0.7%)   0.0073 (  0.7%)  Global Value Numbering
   0.0071 (  0.8%)   0.0001 (  0.1%)   0.0072 (  0.7%)   0.0072 (  0.7%)  Global Value Numbering
   0.0072 (  0.8%)   0.0000 (  0.0%)   0.0072 (  0.7%)   0.0072 (  0.7%)  Global Value Numbering
   0.0071 (  0.8%)   0.0000 (  0.0%)   0.0071 (  0.7%)   0.0071 (  0.7%)  Global Value Numbering
   0.0068 (  0.8%)   0.0000 (  0.0%)   0.0068 (  0.7%)   0.0068 (  0.7%)  Automatic array partition transformation
   0.0065 (  0.7%)   0.0000 (  0.1%)   0.0065 (  0.7%)   0.0065 (  0.6%)  Synthesis checker
   0.0037 (  0.4%)   0.0010 (  1.5%)   0.0047 (  0.5%)   0.0064 (  0.6%)  AlignMemory - Align memory accesses
   0.0014 (  0.2%)   0.0047 (  6.6%)   0.0060 (  0.6%)   0.0062 (  0.6%)  Auto automatic array partition analysis
   0.0060 (  0.7%)   0.0000 (  0.0%)   0.0060 (  0.6%)   0.0060 (  0.6%)  Global Value Numbering
   0.0055 (  0.6%)   0.0000 (  0.1%)   0.0055 (  0.6%)   0.0055 (  0.5%)  Memory SSA
   0.0001 (  0.0%)   0.0049 (  6.9%)   0.0051 (  0.5%)   0.0054 (  0.5%)  Auto automatic array partition analysis
   0.0052 (  0.6%)   0.0000 (  0.0%)   0.0052 (  0.5%)   0.0053 (  0.5%)  Memory SSA
   0.0052 (  0.6%)   0.0000 (  0.0%)   0.0053 (  0.5%)   0.0053 (  0.5%)  Memory SSA
   0.0013 (  0.1%)   0.0039 (  5.5%)   0.0052 (  0.5%)   0.0052 (  0.5%)  Auto automatic array partition analysis
   0.0024 (  0.3%)   0.0000 (  0.0%)   0.0024 (  0.2%)   0.0052 (  0.5%)  Print module to file
   0.0051 (  0.6%)   0.0000 (  0.0%)   0.0052 (  0.5%)   0.0052 (  0.5%)  Memory SSA
   0.0049 (  0.5%)   0.0000 (  0.0%)   0.0049 (  0.5%)   0.0049 (  0.5%)  AlignMemory - Align memory accesses
   0.0046 (  0.5%)   0.0000 (  0.0%)   0.0046 (  0.5%)   0.0047 (  0.5%)  AlignMemory - Align memory accesses
   0.0040 (  0.4%)   0.0000 (  0.0%)   0.0040 (  0.4%)   0.0047 (  0.5%)  Merge accesses
   0.0037 (  0.4%)   0.0010 (  1.4%)   0.0047 (  0.5%)   0.0047 (  0.5%)  AlignMemory - Align memory accesses
   0.0045 (  0.5%)   0.0001 (  0.1%)   0.0046 (  0.5%)   0.0046 (  0.4%)  Merge accesses
   0.0043 (  0.5%)   0.0002 (  0.2%)   0.0044 (  0.5%)   0.0045 (  0.4%)  Merge accesses
   0.0044 (  0.5%)   0.0001 (  0.1%)   0.0045 (  0.5%)   0.0045 (  0.4%)  Merge accesses
   0.0043 (  0.5%)   0.0000 (  0.0%)   0.0043 (  0.4%)   0.0043 (  0.4%)  Merge accesses in the same region
   0.0042 (  0.5%)   0.0000 (  0.0%)   0.0042 (  0.4%)   0.0043 (  0.4%)  AlignMemory - Align memory accesses
   0.0042 (  0.5%)   0.0000 (  0.0%)   0.0042 (  0.4%)   0.0042 (  0.4%)  AlignMemory - Align memory accesses
   0.0042 (  0.5%)   0.0000 (  0.0%)   0.0042 (  0.4%)   0.0042 (  0.4%)  Merge accesses in the same region
   0.0041 (  0.5%)   0.0000 (  0.0%)   0.0041 (  0.4%)   0.0041 (  0.4%)  Merge accesses
   0.0040 (  0.4%)   0.0000 (  0.0%)   0.0040 (  0.4%)   0.0040 (  0.4%)  AlignMemory - Align memory accesses
   0.0035 (  0.4%)   0.0002 (  0.3%)   0.0038 (  0.4%)   0.0038 (  0.4%)  AlignMemory - Align memory accesses
   0.0037 (  0.4%)   0.0000 (  0.0%)   0.0037 (  0.4%)   0.0037 (  0.4%)  AlignMemory - Align memory accesses
   0.0036 (  0.4%)   0.0000 (  0.0%)   0.0037 (  0.4%)   0.0037 (  0.4%)  Memory SSA
   0.0036 (  0.4%)   0.0000 (  0.0%)   0.0036 (  0.4%)   0.0036 (  0.4%)  Array out of bound check
   0.0035 (  0.4%)   0.0001 (  0.1%)   0.0036 (  0.4%)   0.0036 (  0.4%)  Memory SSA
   0.0036 (  0.4%)   0.0000 (  0.0%)   0.0036 (  0.4%)   0.0036 (  0.3%)  Synthesis checker
   0.0035 (  0.4%)   0.0000 (  0.0%)   0.0035 (  0.4%)   0.0036 (  0.3%)  Memory SSA
   0.0032 (  0.4%)   0.0004 (  0.5%)   0.0036 (  0.4%)   0.0036 (  0.3%)  Array out of bound check
   0.0035 (  0.4%)   0.0001 (  0.1%)   0.0036 (  0.4%)   0.0036 (  0.3%)  Memory SSA
   0.0034 (  0.4%)   0.0001 (  0.1%)   0.0035 (  0.4%)   0.0036 (  0.3%)  Memory SSA
   0.0035 (  0.4%)   0.0000 (  0.0%)   0.0035 (  0.4%)   0.0035 (  0.3%)  Array out of bound check
   0.0035 (  0.4%)   0.0000 (  0.1%)   0.0035 (  0.4%)   0.0035 (  0.3%)  Memory SSA
   0.0035 (  0.4%)   0.0000 (  0.0%)   0.0035 (  0.4%)   0.0035 (  0.3%)  Memory SSA
   0.0035 (  0.4%)   0.0000 (  0.0%)   0.0035 (  0.4%)   0.0035 (  0.3%)  Array out of bound check
   0.0034 (  0.4%)   0.0001 (  0.1%)   0.0035 (  0.4%)   0.0035 (  0.3%)  Memory SSA
   0.0035 (  0.4%)   0.0000 (  0.0%)   0.0035 (  0.4%)   0.0035 (  0.3%)  Array out of bound check
   0.0034 (  0.4%)   0.0000 (  0.0%)   0.0034 (  0.3%)   0.0034 (  0.3%)  Array out of bound check
   0.0033 (  0.4%)   0.0000 (  0.0%)   0.0033 (  0.3%)   0.0034 (  0.3%)  Array out of bound check
   0.0004 (  0.0%)   0.0000 (  0.0%)   0.0004 (  0.0%)   0.0032 (  0.3%)  Collect complexity metrics for FE reflow
   0.0000 (  0.0%)   0.0004 (  0.6%)   0.0004 (  0.0%)   0.0028 (  0.3%)  Collect complexity metrics for FE reflow
   0.0002 (  0.0%)   0.0018 (  2.6%)   0.0020 (  0.2%)   0.0028 (  0.3%)  Dump HBM driver helper code
   0.0003 (  0.0%)   0.0000 (  0.0%)   0.0003 (  0.0%)   0.0028 (  0.3%)  Collect complexity metrics for FE reflow
   0.0028 (  0.3%)   0.0000 (  0.0%)   0.0028 (  0.3%)   0.0028 (  0.3%)  Lower intermediate type generated by HLSGen
   0.0024 (  0.3%)   0.0001 (  0.1%)   0.0024 (  0.2%)   0.0024 (  0.2%)  Bitcode for HLS
   0.0000 (  0.0%)   0.0003 (  0.4%)   0.0003 (  0.0%)   0.0023 (  0.2%)  Collect complexity metrics for FE reflow
   0.0000 (  0.0%)   0.0004 (  0.6%)   0.0004 (  0.0%)   0.0023 (  0.2%)  Collect complexity metrics for FE reflow
   0.0023 (  0.3%)   0.0000 (  0.0%)   0.0023 (  0.2%)   0.0023 (  0.2%)  Deduce function attributes
   0.0022 (  0.2%)   0.0000 (  0.0%)   0.0022 (  0.2%)   0.0022 (  0.2%)  Induction Variable Simplification
   0.0021 (  0.2%)   0.0000 (  0.0%)   0.0021 (  0.2%)   0.0021 (  0.2%)  Induction Variable Simplification
   0.0020 (  0.2%)   0.0000 (  0.0%)   0.0020 (  0.2%)   0.0020 (  0.2%)  Auto automatic array partition analysis
   0.0000 (  0.0%)   0.0003 (  0.4%)   0.0003 (  0.0%)   0.0019 (  0.2%)  Collect complexity metrics for FE reflow
   0.0019 (  0.2%)   0.0000 (  0.0%)   0.0019 (  0.2%)   0.0019 (  0.2%)  Inliner for always_inline functions
   0.0003 (  0.0%)   0.0000 (  0.0%)   0.0004 (  0.0%)   0.0019 (  0.2%)  Collect complexity metrics for FE reflow
   0.0000 (  0.0%)   0.0004 (  0.6%)   0.0004 (  0.0%)   0.0018 (  0.2%)  Collect complexity metrics for FE reflow
   0.0015 (  0.2%)   0.0003 (  0.4%)   0.0018 (  0.2%)   0.0018 (  0.2%)  Undecay arrays
   0.0002 (  0.0%)   0.0002 (  0.3%)   0.0004 (  0.0%)   0.0017 (  0.2%)  Collect complexity metrics for FE reflow
   0.0003 (  0.0%)   0.0000 (  0.0%)   0.0003 (  0.0%)   0.0017 (  0.2%)  Collect complexity metrics for FE reflow
   0.0000 (  0.0%)   0.0004 (  0.6%)   0.0004 (  0.0%)   0.0016 (  0.2%)  Collect complexity metrics for FE reflow
   0.0003 (  0.0%)   0.0000 (  0.1%)   0.0003 (  0.0%)   0.0016 (  0.2%)  Collect complexity metrics for FE reflow
   0.0000 (  0.0%)   0.0004 (  0.5%)   0.0004 (  0.0%)   0.0016 (  0.2%)  Collect complexity metrics for FE reflow
   0.0000 (  0.0%)   0.0003 (  0.4%)   0.0003 (  0.0%)   0.0016 (  0.2%)  Collect complexity metrics for FE reflow
   0.0003 (  0.0%)   0.0000 (  0.0%)   0.0003 (  0.0%)   0.0016 (  0.2%)  Collect complexity metrics for FE reflow
   0.0015 (  0.2%)   0.0000 (  0.0%)   0.0015 (  0.2%)   0.0015 (  0.1%)  Merge accesses in the same region
   0.0014 (  0.2%)   0.0000 (  0.1%)   0.0015 (  0.1%)   0.0014 (  0.1%)  Combine redundant instructions
   0.0000 (  0.0%)   0.0004 (  0.5%)   0.0004 (  0.0%)   0.0014 (  0.1%)  Collect complexity metrics for FE reflow
   0.0014 (  0.2%)   0.0000 (  0.0%)   0.0014 (  0.1%)   0.0014 (  0.1%)  Memory Summary
   0.0003 (  0.0%)   0.0000 (  0.0%)   0.0003 (  0.0%)   0.0014 (  0.1%)  Collect complexity metrics for FE reflow
   0.0014 (  0.2%)   0.0000 (  0.0%)   0.0014 (  0.1%)   0.0014 (  0.1%)  Induction Variable Simplification
   0.0010 (  0.1%)   0.0002 (  0.3%)   0.0013 (  0.1%)   0.0013 (  0.1%)  Loop Load Elimination
   0.0004 (  0.0%)   0.0000 (  0.0%)   0.0004 (  0.0%)   0.0012 (  0.1%)  dump pragma info via xml format
   0.0012 (  0.1%)   0.0000 (  0.0%)   0.0012 (  0.1%)   0.0012 (  0.1%)  Induction Variable Simplification
   0.0004 (  0.0%)   0.0008 (  1.1%)   0.0012 (  0.1%)   0.0012 (  0.1%)   automatic function inline driven by performance to break up circuit dependence
   0.0011 (  0.1%)   0.0001 (  0.1%)   0.0012 (  0.1%)   0.0012 (  0.1%)  Early GVN Hoisting of Expressions
   0.0011 (  0.1%)   0.0000 (  0.0%)   0.0011 (  0.1%)   0.0011 (  0.1%)  Analyze sequential accesses
   0.0011 (  0.1%)   0.0000 (  0.0%)   0.0011 (  0.1%)   0.0011 (  0.1%)  Loop Invariant Code Motion
   0.0010 (  0.1%)   0.0000 (  0.0%)   0.0011 (  0.1%)   0.0011 (  0.1%)  Early GVN Hoisting of Expressions
   0.0010 (  0.1%)   0.0000 (  0.0%)   0.0010 (  0.1%)   0.0011 (  0.1%)  Loop Invariant Code Motion
   0.0010 (  0.1%)   0.0000 (  0.0%)   0.0010 (  0.1%)   0.0010 (  0.1%)  Loop Invariant Code Motion
   0.0010 (  0.1%)   0.0001 (  0.1%)   0.0010 (  0.1%)   0.0010 (  0.1%)  Early GVN Hoisting of Expressions
   0.0010 (  0.1%)   0.0000 (  0.0%)   0.0010 (  0.1%)   0.0010 (  0.1%)  Memory Summary
   0.0010 (  0.1%)   0.0000 (  0.0%)   0.0010 (  0.1%)   0.0010 (  0.1%)  Memory SSA
   0.0010 (  0.1%)   0.0000 (  0.0%)   0.0010 (  0.1%)   0.0010 (  0.1%)  Memory SSA
   0.0010 (  0.1%)   0.0000 (  0.0%)   0.0010 (  0.1%)   0.0010 (  0.1%)  Memory SSA
   0.0010 (  0.1%)   0.0000 (  0.0%)   0.0010 (  0.1%)   0.0010 (  0.1%)  Memory SSA
   0.0009 (  0.1%)   0.0000 (  0.0%)   0.0009 (  0.1%)   0.0010 (  0.1%)  Deduce function attributes
   0.0009 (  0.1%)   0.0000 (  0.0%)   0.0009 (  0.1%)   0.0009 (  0.1%)  Memory SSA
   0.0009 (  0.1%)   0.0000 (  0.0%)   0.0009 (  0.1%)   0.0009 (  0.1%)  Lower HLS related loops
   0.0009 (  0.1%)   0.0000 (  0.0%)   0.0009 (  0.1%)   0.0009 (  0.1%)  Memory SSA
   0.0009 (  0.1%)   0.0000 (  0.0%)   0.0009 (  0.1%)   0.0009 (  0.1%)  Loop Invariant Code Motion
   0.0009 (  0.1%)   0.0000 (  0.0%)   0.0009 (  0.1%)   0.0009 (  0.1%)  Induction Variable Simplification
   0.0009 (  0.1%)   0.0000 (  0.0%)   0.0009 (  0.1%)   0.0009 (  0.1%)  Deduce function attributes
   0.0009 (  0.1%)   0.0000 (  0.0%)   0.0009 (  0.1%)   0.0009 (  0.1%)  ReflowCheckPragmaConflicts - check pragma conflicts in reflow
   0.0004 (  0.0%)   0.0005 (  0.7%)   0.0009 (  0.1%)   0.0009 (  0.1%)  Combine redundant instructions
   0.0008 (  0.1%)   0.0001 (  0.1%)   0.0009 (  0.1%)   0.0009 (  0.1%)  Early GVN Hoisting of Expressions
   0.0009 (  0.1%)   0.0000 (  0.0%)   0.0009 (  0.1%)   0.0009 (  0.1%)  Pragma preprocessing after clang
   0.0008 (  0.1%)   0.0000 (  0.0%)   0.0008 (  0.1%)   0.0008 (  0.1%)  Deduce function attributes
   0.0008 (  0.1%)   0.0000 (  0.0%)   0.0008 (  0.1%)   0.0008 (  0.1%)  MemSSAOpt - Memory SSA based optimizations
   0.0008 (  0.1%)   0.0000 (  0.0%)   0.0008 (  0.1%)   0.0008 (  0.1%)  Combine redundant instructions
   0.0008 (  0.1%)   0.0000 (  0.0%)   0.0008 (  0.1%)   0.0008 (  0.1%)  Early GVN Hoisting of Expressions
   0.0008 (  0.1%)   0.0000 (  0.0%)   0.0008 (  0.1%)   0.0008 (  0.1%)  Loop Invariant Code Motion
   0.0007 (  0.1%)   0.0001 (  0.2%)   0.0008 (  0.1%)   0.0008 (  0.1%)  Early GVN Hoisting of Expressions
   0.0008 (  0.1%)   0.0000 (  0.0%)   0.0008 (  0.1%)   0.0008 (  0.1%)  Loop Invariant Code Motion
   0.0008 (  0.1%)   0.0000 (  0.0%)   0.0008 (  0.1%)   0.0008 (  0.1%)  Induction Variable Simplification
   0.0008 (  0.1%)   0.0000 (  0.0%)   0.0008 (  0.1%)   0.0008 (  0.1%)  Loop Invariant Code Motion
   0.0007 (  0.1%)   0.0001 (  0.1%)   0.0008 (  0.1%)   0.0008 (  0.1%)  Induction Variable Simplification
   0.0007 (  0.1%)   0.0000 (  0.0%)   0.0007 (  0.1%)   0.0007 (  0.1%)  Early GVN Hoisting of Expressions
   0.0007 (  0.1%)   0.0000 (  0.0%)   0.0007 (  0.1%)   0.0007 (  0.1%)  Memory SSA
   0.0005 (  0.1%)   0.0001 (  0.1%)   0.0006 (  0.1%)   0.0007 (  0.1%)  Function Alias Analysis Results
   0.0006 (  0.1%)   0.0001 (  0.1%)   0.0007 (  0.1%)   0.0007 (  0.1%)  Function Alias Analysis Results
   0.0006 (  0.1%)   0.0001 (  0.2%)   0.0007 (  0.1%)   0.0007 (  0.1%)  Function Alias Analysis Results
   0.0007 (  0.1%)   0.0000 (  0.0%)   0.0007 (  0.1%)   0.0007 (  0.1%)  Early GVN Hoisting of Expressions
   0.0002 (  0.0%)   0.0000 (  0.0%)   0.0002 (  0.0%)   0.0007 (  0.1%)  Value Propagation
   0.0006 (  0.1%)   0.0001 (  0.1%)   0.0007 (  0.1%)   0.0007 (  0.1%)  Function Alias Analysis Results
   0.0007 (  0.1%)   0.0000 (  0.0%)   0.0007 (  0.1%)   0.0007 (  0.1%)  Memory SSA
   0.0007 (  0.1%)   0.0000 (  0.0%)   0.0007 (  0.1%)   0.0007 (  0.1%)  AnnotateNoAlias - Annotate NoAlias Attribute on Arguments
   0.0006 (  0.1%)   0.0000 (  0.1%)   0.0007 (  0.1%)   0.0007 (  0.1%)  Function Alias Analysis Results
   0.0006 (  0.1%)   0.0000 (  0.0%)   0.0006 (  0.1%)   0.0006 (  0.1%)  Memory Summary
   0.0005 (  0.1%)   0.0002 (  0.2%)   0.0007 (  0.1%)   0.0006 (  0.1%)  Combine redundant instructions
   0.0005 (  0.1%)   0.0001 (  0.1%)   0.0006 (  0.1%)   0.0006 (  0.1%)  Function Alias Analysis Results
   0.0006 (  0.1%)   0.0000 (  0.0%)   0.0006 (  0.1%)   0.0006 (  0.1%)  LegacyShiftRegisterRecognize - Recognize shift registers and memory
   0.0006 (  0.1%)   0.0000 (  0.0%)   0.0006 (  0.1%)   0.0006 (  0.1%)  Early GVN Hoisting of Expressions
   0.0006 (  0.1%)   0.0000 (  0.0%)   0.0006 (  0.1%)   0.0006 (  0.1%)  Combine redundant instructions
   0.0005 (  0.1%)   0.0001 (  0.1%)   0.0006 (  0.1%)   0.0006 (  0.1%)  Combine redundant instructions
   0.0005 (  0.1%)   0.0001 (  0.1%)   0.0006 (  0.1%)   0.0006 (  0.1%)  Combine redundant instructions
   0.0005 (  0.1%)   0.0001 (  0.1%)   0.0006 (  0.1%)   0.0006 (  0.1%)  Function Alias Analysis Results
   0.0005 (  0.1%)   0.0001 (  0.1%)   0.0006 (  0.1%)   0.0006 (  0.1%)  Function Alias Analysis Results
   0.0006 (  0.1%)   0.0000 (  0.0%)   0.0006 (  0.1%)   0.0006 (  0.1%)  Function Alias Analysis Results
   0.0005 (  0.1%)   0.0001 (  0.2%)   0.0006 (  0.1%)   0.0006 (  0.1%)  Combine redundant instructions
   0.0005 (  0.0%)   0.0001 (  0.2%)   0.0006 (  0.1%)   0.0006 (  0.1%)  Combine redundant instructions
   0.0006 (  0.1%)   0.0000 (  0.0%)   0.0006 (  0.1%)   0.0006 (  0.1%)  Early GVN Hoisting of Expressions
   0.0004 (  0.0%)   0.0002 (  0.2%)   0.0006 (  0.1%)   0.0006 (  0.1%)  Function Alias Analysis Results
   0.0005 (  0.1%)   0.0001 (  0.1%)   0.0006 (  0.1%)   0.0006 (  0.1%)  Combine redundant instructions
   0.0005 (  0.1%)   0.0001 (  0.1%)   0.0006 (  0.1%)   0.0006 (  0.1%)  Combine redundant instructions
   0.0005 (  0.1%)   0.0001 (  0.1%)   0.0006 (  0.1%)   0.0006 (  0.1%)  Combine redundant instructions
   0.0005 (  0.1%)   0.0001 (  0.1%)   0.0006 (  0.1%)   0.0006 (  0.1%)  Aggressive Dead Code Elimination
   0.0006 (  0.1%)   0.0000 (  0.0%)   0.0006 (  0.1%)   0.0006 (  0.1%)  Combine redundant instructions
   0.0005 (  0.1%)   0.0001 (  0.1%)   0.0006 (  0.1%)   0.0006 (  0.1%)  Function Alias Analysis Results
   0.0005 (  0.1%)   0.0001 (  0.1%)   0.0006 (  0.1%)   0.0006 (  0.1%)  Function Alias Analysis Results
   0.0006 (  0.1%)   0.0000 (  0.0%)   0.0006 (  0.1%)   0.0006 (  0.1%)  Combine redundant instructions
   0.0005 (  0.1%)   0.0001 (  0.1%)   0.0006 (  0.1%)   0.0006 (  0.1%)  Value Propagation
   0.0004 (  0.0%)   0.0002 (  0.2%)   0.0006 (  0.1%)   0.0006 (  0.1%)  Combine redundant instructions
   0.0006 (  0.1%)   0.0000 (  0.0%)   0.0006 (  0.1%)   0.0006 (  0.1%)  Combine redundant instructions
   0.0005 (  0.1%)   0.0001 (  0.1%)   0.0006 (  0.1%)   0.0006 (  0.1%)  Function Alias Analysis Results
   0.0005 (  0.1%)   0.0000 (  0.0%)   0.0006 (  0.1%)   0.0006 (  0.1%)  Combine redundant instructions
   0.0005 (  0.1%)   0.0000 (  0.0%)   0.0005 (  0.0%)   0.0005 (  0.1%)  Reflow pipeline loop automatically
   0.0005 (  0.1%)   0.0000 (  0.0%)   0.0006 (  0.1%)   0.0005 (  0.1%)  Function Alias Analysis Results
   0.0004 (  0.0%)   0.0002 (  0.2%)   0.0005 (  0.1%)   0.0005 (  0.1%)  LoopFlattenMark - Mark nested loops flattenable recursively
   0.0000 (  0.0%)   0.0005 (  0.8%)   0.0005 (  0.1%)   0.0005 (  0.1%)  AnnotateNoAlias - Annotate NoAlias Attribute on Arguments
   0.0005 (  0.0%)   0.0001 (  0.1%)   0.0005 (  0.1%)   0.0005 (  0.1%)  Function Alias Analysis Results
   0.0003 (  0.0%)   0.0001 (  0.1%)   0.0004 (  0.0%)   0.0005 (  0.1%)  Function Alias Analysis Results
   0.0005 (  0.1%)   0.0000 (  0.0%)   0.0005 (  0.1%)   0.0005 (  0.1%)  Combine redundant instructions
   0.0004 (  0.0%)   0.0001 (  0.1%)   0.0005 (  0.1%)   0.0005 (  0.0%)  Function Alias Analysis Results
   0.0004 (  0.0%)   0.0001 (  0.1%)   0.0005 (  0.1%)   0.0005 (  0.0%)  Function Alias Analysis Results
   0.0004 (  0.0%)   0.0001 (  0.1%)   0.0005 (  0.1%)   0.0005 (  0.0%)  Function Alias Analysis Results
   0.0005 (  0.0%)   0.0001 (  0.1%)   0.0005 (  0.1%)   0.0005 (  0.0%)  Function Alias Analysis Results
   0.0004 (  0.0%)   0.0001 (  0.1%)   0.0005 (  0.1%)   0.0005 (  0.0%)  Function Alias Analysis Results
   0.0004 (  0.0%)   0.0001 (  0.1%)   0.0005 (  0.1%)   0.0005 (  0.0%)  Interprocedural Sparse Conditional Constant Propagation
   0.0005 (  0.1%)   0.0000 (  0.0%)   0.0005 (  0.1%)   0.0005 (  0.0%)  Combine redundant instructions
   0.0005 (  0.1%)   0.0000 (  0.0%)   0.0005 (  0.1%)   0.0005 (  0.0%)  Memory Summary
   0.0005 (  0.1%)   0.0000 (  0.0%)   0.0005 (  0.1%)   0.0005 (  0.0%)  Memory Summary
   0.0005 (  0.0%)   0.0000 (  0.1%)   0.0005 (  0.1%)   0.0005 (  0.0%)  Function Alias Analysis Results
   0.0005 (  0.1%)   0.0000 (  0.0%)   0.0005 (  0.1%)   0.0005 (  0.0%)  Induction Variable Simplification
   0.0003 (  0.0%)   0.0002 (  0.2%)   0.0005 (  0.1%)   0.0005 (  0.0%)  Function Alias Analysis Results
   0.0005 (  0.1%)   0.0000 (  0.0%)   0.0005 (  0.0%)   0.0005 (  0.0%)  Function Alias Analysis Results
   0.0005 (  0.1%)   0.0000 (  0.0%)   0.0005 (  0.1%)   0.0005 (  0.0%)  Interprocedural Sparse Conditional Constant Propagation
   0.0003 (  0.0%)   0.0002 (  0.3%)   0.0005 (  0.0%)   0.0005 (  0.0%)  Function Alias Analysis Results
   0.0005 (  0.1%)   0.0000 (  0.0%)   0.0005 (  0.0%)   0.0005 (  0.0%)  ROM inference pass
   0.0004 (  0.0%)   0.0001 (  0.1%)   0.0005 (  0.0%)   0.0005 (  0.0%)  Function Alias Analysis Results
   0.0004 (  0.0%)   0.0001 (  0.1%)   0.0005 (  0.0%)   0.0005 (  0.0%)  Function Alias Analysis Results
   0.0005 (  0.1%)   0.0000 (  0.0%)   0.0005 (  0.0%)   0.0005 (  0.0%)  Generate IR Wrapper
   0.0002 (  0.0%)   0.0003 (  0.4%)   0.0005 (  0.0%)   0.0005 (  0.0%)  Function Alias Analysis Results
   0.0005 (  0.1%)   0.0000 (  0.0%)   0.0005 (  0.0%)   0.0005 (  0.0%)  Combine redundant instructions
   0.0003 (  0.0%)   0.0002 (  0.3%)   0.0005 (  0.0%)   0.0005 (  0.0%)  Function Alias Analysis Results
   0.0003 (  0.0%)   0.0001 (  0.2%)   0.0004 (  0.0%)   0.0005 (  0.0%)  Function Alias Analysis Results
   0.0004 (  0.0%)   0.0001 (  0.1%)   0.0005 (  0.0%)   0.0005 (  0.0%)  Function Alias Analysis Results
   0.0004 (  0.0%)   0.0000 (  0.0%)   0.0005 (  0.0%)   0.0005 (  0.0%)  Function Alias Analysis Results
   0.0003 (  0.0%)   0.0001 (  0.2%)   0.0005 (  0.0%)   0.0005 (  0.0%)  Function Alias Analysis Results
   0.0003 (  0.0%)   0.0002 (  0.3%)   0.0005 (  0.0%)   0.0004 (  0.0%)  Function Alias Analysis Results
   0.0002 (  0.0%)   0.0002 (  0.3%)   0.0004 (  0.0%)   0.0004 (  0.0%)  Function Alias Analysis Results
   0.0005 (  0.0%)   0.0000 (  0.0%)   0.0005 (  0.0%)   0.0004 (  0.0%)  Function Alias Analysis Results
   0.0002 (  0.0%)   0.0003 (  0.4%)   0.0004 (  0.0%)   0.0004 (  0.0%)  Function Alias Analysis Results
   0.0004 (  0.0%)   0.0000 (  0.1%)   0.0004 (  0.0%)   0.0004 (  0.0%)  Function Alias Analysis Results
   0.0004 (  0.0%)   0.0001 (  0.1%)   0.0004 (  0.0%)   0.0004 (  0.0%)  Function Alias Analysis Results
   0.0004 (  0.0%)   0.0000 (  0.0%)   0.0004 (  0.0%)   0.0004 (  0.0%)  LoopFlattenMark - Mark nested loops flattenable recursively
   0.0002 (  0.0%)   0.0003 (  0.4%)   0.0004 (  0.0%)   0.0004 (  0.0%)  Function Alias Analysis Results
   0.0004 (  0.0%)   0.0000 (  0.0%)   0.0004 (  0.0%)   0.0004 (  0.0%)  Function Alias Analysis Results
   0.0003 (  0.0%)   0.0001 (  0.2%)   0.0004 (  0.0%)   0.0004 (  0.0%)  Function Alias Analysis Results
   0.0003 (  0.0%)   0.0001 (  0.2%)   0.0004 (  0.0%)   0.0004 (  0.0%)  Function Alias Analysis Results
   0.0003 (  0.0%)   0.0001 (  0.1%)   0.0004 (  0.0%)   0.0004 (  0.0%)  Function Alias Analysis Results
   0.0004 (  0.0%)   0.0001 (  0.1%)   0.0004 (  0.0%)   0.0004 (  0.0%)  Function Alias Analysis Results
   0.0002 (  0.0%)   0.0002 (  0.3%)   0.0004 (  0.0%)   0.0004 (  0.0%)  Function Alias Analysis Results
   0.0003 (  0.0%)   0.0001 (  0.2%)   0.0004 (  0.0%)   0.0004 (  0.0%)  Function Alias Analysis Results
   0.0004 (  0.0%)   0.0000 (  0.0%)   0.0004 (  0.0%)   0.0004 (  0.0%)  Function Alias Analysis Results
   0.0004 (  0.0%)   0.0000 (  0.0%)   0.0004 (  0.0%)   0.0004 (  0.0%)  Function Alias Analysis Results
   0.0003 (  0.0%)   0.0001 (  0.2%)   0.0004 (  0.0%)   0.0004 (  0.0%)  Function Alias Analysis Results
   0.0004 (  0.0%)   0.0001 (  0.1%)   0.0004 (  0.0%)   0.0004 (  0.0%)  Function Alias Analysis Results
   0.0003 (  0.0%)   0.0001 (  0.1%)   0.0004 (  0.0%)   0.0004 (  0.0%)  Function Alias Analysis Results
   0.0003 (  0.0%)   0.0001 (  0.1%)   0.0004 (  0.0%)   0.0004 (  0.0%)  Value Propagation
   0.0003 (  0.0%)   0.0001 (  0.2%)   0.0004 (  0.0%)   0.0004 (  0.0%)  Function Alias Analysis Results
   0.0003 (  0.0%)   0.0001 (  0.2%)   0.0004 (  0.0%)   0.0004 (  0.0%)  Function Alias Analysis Results
   0.0003 (  0.0%)   0.0001 (  0.2%)   0.0004 (  0.0%)   0.0004 (  0.0%)  Function Alias Analysis Results
   0.0004 (  0.0%)   0.0000 (  0.0%)   0.0004 (  0.0%)   0.0004 (  0.0%)  Value Propagation
   0.0004 (  0.0%)   0.0000 (  0.0%)   0.0004 (  0.0%)   0.0004 (  0.0%)  Function Alias Analysis Results
   0.0004 (  0.0%)   0.0000 (  0.0%)   0.0004 (  0.0%)   0.0004 (  0.0%)  Combine redundant instructions
   0.0002 (  0.0%)   0.0002 (  0.3%)   0.0004 (  0.0%)   0.0004 (  0.0%)  Function Alias Analysis Results
   0.0004 (  0.0%)   0.0000 (  0.0%)   0.0004 (  0.0%)   0.0004 (  0.0%)  InterfaceEncodingChange - Change Interface Encoding format
   0.0002 (  0.0%)   0.0002 (  0.3%)   0.0004 (  0.0%)   0.0004 (  0.0%)  Function Alias Analysis Results
   0.0003 (  0.0%)   0.0001 (  0.1%)   0.0004 (  0.0%)   0.0004 (  0.0%)  Function Alias Analysis Results
   0.0003 (  0.0%)   0.0001 (  0.2%)   0.0004 (  0.0%)   0.0004 (  0.0%)  Function Alias Analysis Results
   0.0003 (  0.0%)   0.0001 (  0.2%)   0.0004 (  0.0%)   0.0004 (  0.0%)  Function Alias Analysis Results
   0.0004 (  0.0%)   0.0000 (  0.0%)   0.0004 (  0.0%)   0.0004 (  0.0%)  Function Alias Analysis Results
   0.0004 (  0.0%)   0.0000 (  0.0%)   0.0004 (  0.0%)   0.0004 (  0.0%)  Function Alias Analysis Results
   0.0002 (  0.0%)   0.0002 (  0.3%)   0.0004 (  0.0%)   0.0004 (  0.0%)  Function Alias Analysis Results
   0.0002 (  0.0%)   0.0002 (  0.2%)   0.0004 (  0.0%)   0.0004 (  0.0%)  Function Alias Analysis Results
   0.0003 (  0.0%)   0.0001 (  0.2%)   0.0004 (  0.0%)   0.0004 (  0.0%)  Function Alias Analysis Results
   0.0004 (  0.0%)   0.0000 (  0.0%)   0.0004 (  0.0%)   0.0004 (  0.0%)  Combine redundant instructions
   0.0002 (  0.0%)   0.0002 (  0.2%)   0.0004 (  0.0%)   0.0004 (  0.0%)  Value Propagation
   0.0002 (  0.0%)   0.0002 (  0.3%)   0.0004 (  0.0%)   0.0004 (  0.0%)  Function Alias Analysis Results
   0.0003 (  0.0%)   0.0001 (  0.1%)   0.0004 (  0.0%)   0.0004 (  0.0%)  Function Alias Analysis Results
   0.0004 (  0.0%)   0.0000 (  0.1%)   0.0004 (  0.0%)   0.0004 (  0.0%)  Value Propagation
   0.0004 (  0.0%)   0.0000 (  0.0%)   0.0004 (  0.0%)   0.0004 (  0.0%)  Function Alias Analysis Results
   0.0003 (  0.0%)   0.0001 (  0.2%)   0.0004 (  0.0%)   0.0004 (  0.0%)  Function Alias Analysis Results
   0.0004 (  0.0%)   0.0000 (  0.0%)   0.0004 (  0.0%)   0.0004 (  0.0%)  Function Alias Analysis Results
   0.0004 (  0.0%)   0.0000 (  0.0%)   0.0004 (  0.0%)   0.0004 (  0.0%)  Combine redundant instructions
   0.0003 (  0.0%)   0.0001 (  0.2%)   0.0004 (  0.0%)   0.0004 (  0.0%)  Value Propagation
   0.0004 (  0.0%)   0.0000 (  0.0%)   0.0004 (  0.0%)   0.0004 (  0.0%)  Assign names to anonymous instructions (structure based)
   0.0002 (  0.0%)   0.0001 (  0.2%)   0.0004 (  0.0%)   0.0004 (  0.0%)  Function Alias Analysis Results
   0.0000 (  0.0%)   0.0004 (  0.5%)   0.0004 (  0.0%)   0.0004 (  0.0%)  Combine redundant instructions
   0.0003 (  0.0%)   0.0001 (  0.1%)   0.0004 (  0.0%)   0.0004 (  0.0%)  Function Alias Analysis Results
   0.0003 (  0.0%)   0.0001 (  0.1%)   0.0004 (  0.0%)   0.0004 (  0.0%)  Function Alias Analysis Results
   0.0002 (  0.0%)   0.0002 (  0.3%)   0.0004 (  0.0%)   0.0004 (  0.0%)  Function Alias Analysis Results
   0.0003 (  0.0%)   0.0000 (  0.0%)   0.0004 (  0.0%)   0.0004 (  0.0%)  Value Propagation
   0.0003 (  0.0%)   0.0000 (  0.0%)   0.0004 (  0.0%)   0.0004 (  0.0%)  Function Alias Analysis Results
   0.0003 (  0.0%)   0.0001 (  0.1%)   0.0004 (  0.0%)   0.0004 (  0.0%)  Function Alias Analysis Results
   0.0002 (  0.0%)   0.0002 (  0.2%)   0.0004 (  0.0%)   0.0004 (  0.0%)  Aggressive Dead Code Elimination
   0.0003 (  0.0%)   0.0001 (  0.1%)   0.0004 (  0.0%)   0.0004 (  0.0%)  Function Alias Analysis Results
   0.0004 (  0.0%)   0.0000 (  0.0%)   0.0004 (  0.0%)   0.0004 (  0.0%)  Assign names to anonymous instructions (structure based)
   0.0003 (  0.0%)   0.0000 (  0.0%)   0.0004 (  0.0%)   0.0003 (  0.0%)  Remove redundant instructions
   0.0003 (  0.0%)   0.0000 (  0.0%)   0.0003 (  0.0%)   0.0003 (  0.0%)  Straight line strength reduction
   0.0003 (  0.0%)   0.0000 (  0.0%)   0.0003 (  0.0%)   0.0003 (  0.0%)  Function Alias Analysis Results
   0.0003 (  0.0%)   0.0001 (  0.1%)   0.0003 (  0.0%)   0.0003 (  0.0%)  Function Alias Analysis Results
   0.0003 (  0.0%)   0.0000 (  0.0%)   0.0003 (  0.0%)   0.0003 (  0.0%)  Combine redundant instructions
   0.0003 (  0.0%)   0.0000 (  0.0%)   0.0003 (  0.0%)   0.0003 (  0.0%)  Aggressive Dead Code Elimination
   0.0003 (  0.0%)   0.0000 (  0.0%)   0.0003 (  0.0%)   0.0003 (  0.0%)  Aggressive Dead Code Elimination
   0.0003 (  0.0%)   0.0000 (  0.0%)   0.0003 (  0.0%)   0.0003 (  0.0%)  Lower HLS related attributes
   0.0000 (  0.0%)   0.0003 (  0.5%)   0.0003 (  0.0%)   0.0003 (  0.0%)  Disaggregation preprocessing
   0.0002 (  0.0%)   0.0001 (  0.2%)   0.0003 (  0.0%)   0.0003 (  0.0%)  Remove redundant instructions
   0.0003 (  0.0%)   0.0000 (  0.0%)   0.0003 (  0.0%)   0.0003 (  0.0%)  Aggressive Dead Code Elimination
   0.0003 (  0.0%)   0.0000 (  0.1%)   0.0003 (  0.0%)   0.0003 (  0.0%)  Remove redundant instructions
   0.0002 (  0.0%)   0.0001 (  0.1%)   0.0003 (  0.0%)   0.0003 (  0.0%)  Function Alias Analysis Results
   0.0003 (  0.0%)   0.0000 (  0.0%)   0.0003 (  0.0%)   0.0003 (  0.0%)  Aggressive Dead Code Elimination
   0.0003 (  0.0%)   0.0000 (  0.0%)   0.0003 (  0.0%)   0.0003 (  0.0%)  Memory SSA
   0.0003 (  0.0%)   0.0000 (  0.0%)   0.0003 (  0.0%)   0.0003 (  0.0%)  Remove redundant instructions
   0.0002 (  0.0%)   0.0001 (  0.1%)   0.0003 (  0.0%)   0.0003 (  0.0%)  Automatic data reuse optimization
   0.0003 (  0.0%)   0.0000 (  0.0%)   0.0003 (  0.0%)   0.0003 (  0.0%)  Aggressive Dead Code Elimination
   0.0003 (  0.0%)   0.0000 (  0.0%)   0.0003 (  0.0%)   0.0003 (  0.0%)  Object Decomposition
   0.0002 (  0.0%)   0.0001 (  0.2%)   0.0003 (  0.0%)   0.0003 (  0.0%)  Remove redundant instructions
   0.0002 (  0.0%)   0.0001 (  0.2%)   0.0003 (  0.0%)   0.0003 (  0.0%)  Remove redundant instructions
   0.0003 (  0.0%)   0.0000 (  0.0%)   0.0003 (  0.0%)   0.0003 (  0.0%)  Remove redundant instructions
   0.0003 (  0.0%)   0.0000 (  0.0%)   0.0003 (  0.0%)   0.0003 (  0.0%)  Dead Store Elimination
   0.0002 (  0.0%)   0.0001 (  0.1%)   0.0003 (  0.0%)   0.0003 (  0.0%)  Remove redundant instructions
   0.0002 (  0.0%)   0.0000 (  0.1%)   0.0003 (  0.0%)   0.0003 (  0.0%)  Remove redundant instructions
   0.0003 (  0.0%)   0.0000 (  0.0%)   0.0003 (  0.0%)   0.0003 (  0.0%)  LowerPredicate - Lower predicates to control-flow
   0.0002 (  0.0%)   0.0001 (  0.1%)   0.0003 (  0.0%)   0.0003 (  0.0%)  Remove redundant instructions
   0.0001 (  0.0%)   0.0002 (  0.2%)   0.0003 (  0.0%)   0.0003 (  0.0%)  Aggressive Dead Code Elimination
   0.0003 (  0.0%)   0.0000 (  0.0%)   0.0003 (  0.0%)   0.0003 (  0.0%)  Aggressive Dead Code Elimination
   0.0001 (  0.0%)   0.0001 (  0.2%)   0.0003 (  0.0%)   0.0003 (  0.0%)  Aggressive Dead Code Elimination
   0.0003 (  0.0%)   0.0000 (  0.0%)   0.0003 (  0.0%)   0.0003 (  0.0%)  AnnotateNoAlias - Annotate NoAlias Attribute on Arguments
   0.0003 (  0.0%)   0.0000 (  0.0%)   0.0003 (  0.0%)   0.0003 (  0.0%)  Combine redundant instructions
   0.0003 (  0.0%)   0.0000 (  0.0%)   0.0003 (  0.0%)   0.0003 (  0.0%)  Function Alias Analysis Results
   0.0002 (  0.0%)   0.0000 (  0.1%)   0.0003 (  0.0%)   0.0003 (  0.0%)  Remove redundant instructions
   0.0002 (  0.0%)   0.0000 (  0.1%)   0.0003 (  0.0%)   0.0003 (  0.0%)  Aggressive Dead Code Elimination
   0.0003 (  0.0%)   0.0000 (  0.0%)   0.0003 (  0.0%)   0.0003 (  0.0%)  Combine redundant instructions
   0.0003 (  0.0%)   0.0000 (  0.0%)   0.0003 (  0.0%)   0.0003 (  0.0%)  Special handling of axis with side-channels
   0.0002 (  0.0%)   0.0000 (  0.0%)   0.0003 (  0.0%)   0.0003 (  0.0%)  Dead Store Elimination
   0.0003 (  0.0%)   0.0000 (  0.0%)   0.0003 (  0.0%)   0.0003 (  0.0%)  AnnotateNoAlias - Annotate NoAlias Attribute on Arguments
   0.0003 (  0.0%)   0.0000 (  0.0%)   0.0003 (  0.0%)   0.0003 (  0.0%)  Automatically infer occurrence information
   0.0002 (  0.0%)   0.0000 (  0.0%)   0.0003 (  0.0%)   0.0003 (  0.0%)  Aggressive Dead Code Elimination
   0.0002 (  0.0%)   0.0001 (  0.1%)   0.0003 (  0.0%)   0.0003 (  0.0%)  Aggressive Dead Code Elimination
   0.0002 (  0.0%)   0.0000 (  0.0%)   0.0002 (  0.0%)   0.0003 (  0.0%)  Recursively inline barriers caller to kernel
   0.0002 (  0.0%)   0.0001 (  0.1%)   0.0002 (  0.0%)   0.0003 (  0.0%)  Aggressive Dead Code Elimination
   0.0002 (  0.0%)   0.0000 (  0.0%)   0.0002 (  0.0%)   0.0003 (  0.0%)  Combine redundant instructions
   0.0002 (  0.0%)   0.0000 (  0.0%)   0.0003 (  0.0%)   0.0003 (  0.0%)  Simplify the CFG
   0.0002 (  0.0%)   0.0000 (  0.0%)   0.0002 (  0.0%)   0.0003 (  0.0%)  Reflow pragma unroll loops
   0.0002 (  0.0%)   0.0001 (  0.1%)   0.0002 (  0.0%)   0.0003 (  0.0%)  Aggressive Dead Code Elimination
   0.0002 (  0.0%)   0.0000 (  0.0%)   0.0002 (  0.0%)   0.0002 (  0.0%)  Simple constant propagation
   0.0002 (  0.0%)   0.0000 (  0.0%)   0.0002 (  0.0%)   0.0002 (  0.0%)  Infer PPPO for array-to-streams
   0.0001 (  0.0%)   0.0001 (  0.1%)   0.0002 (  0.0%)   0.0002 (  0.0%)  LegacyShiftRegisterRecognize - Recognize shift registers and memory
   0.0002 (  0.0%)   0.0000 (  0.0%)   0.0002 (  0.0%)   0.0002 (  0.0%)  Simplify the CFG
   0.0002 (  0.0%)   0.0000 (  0.0%)   0.0002 (  0.0%)   0.0002 (  0.0%)  Aggressive Dead Code Elimination
   0.0002 (  0.0%)   0.0001 (  0.1%)   0.0002 (  0.0%)   0.0002 (  0.0%)  Remove redundant instructions
   0.0002 (  0.0%)   0.0000 (  0.1%)   0.0002 (  0.0%)   0.0002 (  0.0%)  Remove redundant instructions
   0.0002 (  0.0%)   0.0000 (  0.0%)   0.0002 (  0.0%)   0.0002 (  0.0%)  Function Alias Analysis Results
   0.0002 (  0.0%)   0.0000 (  0.0%)   0.0002 (  0.0%)   0.0002 (  0.0%)  Function Alias Analysis Results
   0.0002 (  0.0%)   0.0000 (  0.0%)   0.0002 (  0.0%)   0.0002 (  0.0%)  Function Alias Analysis Results
   0.0002 (  0.0%)   0.0000 (  0.0%)   0.0002 (  0.0%)   0.0002 (  0.0%)  Canonicalize natural loops
   0.0002 (  0.0%)   0.0000 (  0.0%)   0.0002 (  0.0%)   0.0002 (  0.0%)  Infer PPPO for array-to-streams
   0.0002 (  0.0%)   0.0000 (  0.1%)   0.0002 (  0.0%)   0.0002 (  0.0%)  Aggressive Dead Code Elimination
   0.0002 (  0.0%)   0.0001 (  0.1%)   0.0002 (  0.0%)   0.0002 (  0.0%)  Aggressive Dead Code Elimination
   0.0002 (  0.0%)   0.0000 (  0.0%)   0.0002 (  0.0%)   0.0002 (  0.0%)  Canonicalize natural loops
   0.0002 (  0.0%)   0.0001 (  0.1%)   0.0002 (  0.0%)   0.0002 (  0.0%)  Dead Store Elimination
   0.0001 (  0.0%)   0.0001 (  0.1%)   0.0002 (  0.0%)   0.0002 (  0.0%)  Dead Store Elimination
   0.0002 (  0.0%)   0.0000 (  0.1%)   0.0002 (  0.0%)   0.0002 (  0.0%)  Aggressive Dead Code Elimination
   0.0002 (  0.0%)   0.0000 (  0.0%)   0.0002 (  0.0%)   0.0002 (  0.0%)  LoopFlattenMark - Mark nested loops flattenable recursively
   0.0002 (  0.0%)   0.0001 (  0.1%)   0.0002 (  0.0%)   0.0002 (  0.0%)  Function Alias Analysis Results
   0.0002 (  0.0%)   0.0000 (  0.0%)   0.0002 (  0.0%)   0.0002 (  0.0%)  LoopFlattenMark - Mark nested loops flattenable recursively
   0.0001 (  0.0%)   0.0001 (  0.1%)   0.0002 (  0.0%)   0.0002 (  0.0%)  Simplify the CFG
   0.0001 (  0.0%)   0.0001 (  0.1%)   0.0002 (  0.0%)   0.0002 (  0.0%)  Simplify the CFG
   0.0002 (  0.0%)   0.0000 (  0.0%)   0.0002 (  0.0%)   0.0002 (  0.0%)  Aggressive Dead Code Elimination
   0.0002 (  0.0%)   0.0000 (  0.0%)   0.0002 (  0.0%)   0.0002 (  0.0%)  Aggressive Dead Code Elimination
   0.0002 (  0.0%)   0.0000 (  0.0%)   0.0002 (  0.0%)   0.0002 (  0.0%)  Simplify the CFG
   0.0000 (  0.0%)   0.0002 (  0.3%)   0.0002 (  0.0%)   0.0002 (  0.0%)  Infer PPPO for array-to-streams
   0.0002 (  0.0%)   0.0000 (  0.0%)   0.0002 (  0.0%)   0.0002 (  0.0%)  Aggressive Dead Code Elimination
   0.0001 (  0.0%)   0.0001 (  0.2%)   0.0002 (  0.0%)   0.0002 (  0.0%)  Dead Store Elimination
   0.0002 (  0.0%)   0.0000 (  0.0%)   0.0002 (  0.0%)   0.0002 (  0.0%)  Dead Store Elimination
   0.0002 (  0.0%)   0.0000 (  0.0%)   0.0002 (  0.0%)   0.0002 (  0.0%)  Produce message if basic block has too many instructions
   0.0002 (  0.0%)   0.0000 (  0.0%)   0.0002 (  0.0%)   0.0002 (  0.0%)  Canonicalize natural loops
   0.0000 (  0.0%)   0.0002 (  0.3%)   0.0002 (  0.0%)   0.0002 (  0.0%)  do loop unroll according tripcount threshold config
   0.0002 (  0.0%)   0.0000 (  0.0%)   0.0002 (  0.0%)   0.0002 (  0.0%)  Dead Store Elimination
   0.0002 (  0.0%)   0.0000 (  0.0%)   0.0002 (  0.0%)   0.0002 (  0.0%)  Simplify the CFG
   0.0002 (  0.0%)   0.0000 (  0.0%)   0.0002 (  0.0%)   0.0002 (  0.0%)  Dead Store Elimination
   0.0002 (  0.0%)   0.0000 (  0.0%)   0.0002 (  0.0%)   0.0002 (  0.0%)  Function Alias Analysis Results
   0.0000 (  0.0%)   0.0002 (  0.3%)   0.0002 (  0.0%)   0.0002 (  0.0%)  LoopFlattenMark - Mark nested loops flattenable recursively
   0.0002 (  0.0%)   0.0000 (  0.0%)   0.0002 (  0.0%)   0.0002 (  0.0%)  Jump Threading
   0.0002 (  0.0%)   0.0000 (  0.0%)   0.0002 (  0.0%)   0.0002 (  0.0%)  Dead Store Elimination
   0.0002 (  0.0%)   0.0000 (  0.0%)   0.0002 (  0.0%)   0.0002 (  0.0%)  Function Alias Analysis Results
   0.0002 (  0.0%)   0.0000 (  0.0%)   0.0002 (  0.0%)   0.0002 (  0.0%)  Dead Store Elimination
   0.0002 (  0.0%)   0.0000 (  0.0%)   0.0002 (  0.0%)   0.0002 (  0.0%)  Function Alias Analysis Results
   0.0002 (  0.0%)   0.0000 (  0.0%)   0.0002 (  0.0%)   0.0002 (  0.0%)  Function Alias Analysis Results
   0.0002 (  0.0%)   0.0000 (  0.0%)   0.0002 (  0.0%)   0.0002 (  0.0%)  Reflow pragma unroll loops
   0.0002 (  0.0%)   0.0000 (  0.0%)   0.0002 (  0.0%)   0.0002 (  0.0%)  Function Alias Analysis Results
   0.0001 (  0.0%)   0.0001 (  0.1%)   0.0002 (  0.0%)   0.0002 (  0.0%)  Dead Store Elimination
   0.0002 (  0.0%)   0.0000 (  0.0%)   0.0002 (  0.0%)   0.0002 (  0.0%)  Promote 'by reference' arguments to scalars
   0.0002 (  0.0%)   0.0000 (  0.0%)   0.0002 (  0.0%)   0.0002 (  0.0%)  Function Alias Analysis Results
   0.0001 (  0.0%)   0.0001 (  0.1%)   0.0002 (  0.0%)   0.0002 (  0.0%)  Function Alias Analysis Results
   0.0002 (  0.0%)   0.0000 (  0.0%)   0.0002 (  0.0%)   0.0002 (  0.0%)  DefaultInterfaceBuilderNew - Build Default Top Interface
   0.0002 (  0.0%)   0.0000 (  0.0%)   0.0002 (  0.0%)   0.0002 (  0.0%)  Function Alias Analysis Results
   0.0002 (  0.0%)   0.0000 (  0.1%)   0.0002 (  0.0%)   0.0002 (  0.0%)  Function Alias Analysis Results
   0.0002 (  0.0%)   0.0000 (  0.0%)   0.0002 (  0.0%)   0.0002 (  0.0%)  Function Alias Analysis Results
   0.0000 (  0.0%)   0.0000 (  0.0%)   0.0001 (  0.0%)   0.0002 (  0.0%)  Scalar Evolution Analysis
   0.0002 (  0.0%)   0.0000 (  0.0%)   0.0002 (  0.0%)   0.0002 (  0.0%)  Function Alias Analysis Results
   0.0001 (  0.0%)   0.0000 (  0.0%)   0.0001 (  0.0%)   0.0002 (  0.0%)  Dominator Tree Construction
   0.0002 (  0.0%)   0.0000 (  0.0%)   0.0002 (  0.0%)   0.0002 (  0.0%)  Function Alias Analysis Results
   0.0001 (  0.0%)   0.0000 (  0.1%)   0.0002 (  0.0%)   0.0002 (  0.0%)  Interleave memory accesses
   0.0002 (  0.0%)   0.0000 (  0.1%)   0.0002 (  0.0%)   0.0002 (  0.0%)  Function Alias Analysis Results
   0.0002 (  0.0%)   0.0000 (  0.0%)   0.0002 (  0.0%)   0.0002 (  0.0%)  Simplify the CFG
   0.0002 (  0.0%)   0.0000 (  0.0%)   0.0002 (  0.0%)   0.0002 (  0.0%)  Function Alias Analysis Results
   0.0002 (  0.0%)   0.0000 (  0.0%)   0.0002 (  0.0%)   0.0002 (  0.0%)  Simplify the CFG
   0.0001 (  0.0%)   0.0001 (  0.1%)   0.0002 (  0.0%)   0.0002 (  0.0%)  Dead Store Elimination
   0.0001 (  0.0%)   0.0001 (  0.1%)   0.0002 (  0.0%)   0.0002 (  0.0%)  Canonicalize natural loops
   0.0002 (  0.0%)   0.0000 (  0.0%)   0.0002 (  0.0%)   0.0002 (  0.0%)  Canonicalize natural loops
   0.0001 (  0.0%)   0.0001 (  0.1%)   0.0002 (  0.0%)   0.0002 (  0.0%)  Function Alias Analysis Results
   0.0002 (  0.0%)   0.0000 (  0.0%)   0.0002 (  0.0%)   0.0002 (  0.0%)  Function Alias Analysis Results
   0.0002 (  0.0%)   0.0000 (  0.0%)   0.0002 (  0.0%)   0.0002 (  0.0%)  Function Alias Analysis Results
   0.0002 (  0.0%)   0.0000 (  0.0%)   0.0002 (  0.0%)   0.0002 (  0.0%)  Array abnormal access check
   0.0001 (  0.0%)   0.0001 (  0.2%)   0.0002 (  0.0%)   0.0002 (  0.0%)  Function Alias Analysis Results
   0.0000 (  0.0%)   0.0002 (  0.3%)   0.0002 (  0.0%)   0.0002 (  0.0%)  Reflow pragma unroll loops
   0.0001 (  0.0%)   0.0001 (  0.2%)   0.0002 (  0.0%)   0.0002 (  0.0%)  Function Alias Analysis Results
   0.0002 (  0.0%)   0.0000 (  0.0%)   0.0002 (  0.0%)   0.0002 (  0.0%)  Function Alias Analysis Results
   0.0001 (  0.0%)   0.0001 (  0.2%)   0.0002 (  0.0%)   0.0002 (  0.0%)  Function Alias Analysis Results
   0.0002 (  0.0%)   0.0000 (  0.0%)   0.0002 (  0.0%)   0.0002 (  0.0%)  Scalar Evolution Analysis
   0.0001 (  0.0%)   0.0001 (  0.1%)   0.0002 (  0.0%)   0.0002 (  0.0%)  Dead Store Elimination
   0.0001 (  0.0%)   0.0000 (  0.1%)   0.0002 (  0.0%)   0.0002 (  0.0%)  Function Alias Analysis Results
   0.0002 (  0.0%)   0.0000 (  0.0%)   0.0002 (  0.0%)   0.0002 (  0.0%)  Function Alias Analysis Results
   0.0002 (  0.0%)   0.0000 (  0.0%)   0.0002 (  0.0%)   0.0002 (  0.0%)  Function Alias Analysis Results
   0.0000 (  0.0%)   0.0002 (  0.3%)   0.0002 (  0.0%)   0.0002 (  0.0%)  Optimize multiple instructions
   0.0002 (  0.0%)   0.0000 (  0.0%)   0.0002 (  0.0%)   0.0002 (  0.0%)  Function Alias Analysis Results
   0.0002 (  0.0%)   0.0000 (  0.0%)   0.0002 (  0.0%)   0.0002 (  0.0%)  Function Alias Analysis Results
   0.0000 (  0.0%)   0.0002 (  0.3%)   0.0002 (  0.0%)   0.0002 (  0.0%)  Reflow pragma unroll loops
   0.0002 (  0.0%)   0.0000 (  0.0%)   0.0002 (  0.0%)   0.0002 (  0.0%)  Remove redundant instructions
   0.0001 (  0.0%)   0.0000 (  0.1%)   0.0002 (  0.0%)   0.0002 (  0.0%)  Value Propagation
   0.0000 (  0.0%)   0.0002 (  0.3%)   0.0002 (  0.0%)   0.0002 (  0.0%)  Promote Memory to Register
   0.0001 (  0.0%)   0.0001 (  0.1%)   0.0002 (  0.0%)   0.0002 (  0.0%)  Canonicalize natural loops
   0.0002 (  0.0%)   0.0000 (  0.0%)   0.0002 (  0.0%)   0.0002 (  0.0%)  Function Alias Analysis Results
   0.0002 (  0.0%)   0.0000 (  0.0%)   0.0002 (  0.0%)   0.0002 (  0.0%)  Array abnormal access check
   0.0002 (  0.0%)   0.0000 (  0.0%)   0.0002 (  0.0%)   0.0002 (  0.0%)  Function Alias Analysis Results
   0.0002 (  0.0%)   0.0000 (  0.0%)   0.0002 (  0.0%)   0.0002 (  0.0%)  Function Alias Analysis Results
   0.0001 (  0.0%)   0.0001 (  0.2%)   0.0002 (  0.0%)   0.0002 (  0.0%)  Function Alias Analysis Results
   0.0000 (  0.0%)   0.0001 (  0.2%)   0.0002 (  0.0%)   0.0002 (  0.0%)  Function Alias Analysis Results
   0.0002 (  0.0%)   0.0000 (  0.0%)   0.0002 (  0.0%)   0.0002 (  0.0%)  Aggressive Dead Code Elimination
   0.0001 (  0.0%)   0.0000 (  0.0%)   0.0001 (  0.0%)   0.0002 (  0.0%)  Remove redundant instructions
   0.0001 (  0.0%)   0.0001 (  0.1%)   0.0002 (  0.0%)   0.0002 (  0.0%)  Canonicalize natural loops
   0.0002 (  0.0%)   0.0000 (  0.0%)   0.0002 (  0.0%)   0.0002 (  0.0%)  Function Alias Analysis Results
   0.0001 (  0.0%)   0.0001 (  0.1%)   0.0002 (  0.0%)   0.0002 (  0.0%)  Simplify the CFG
   0.0002 (  0.0%)   0.0000 (  0.0%)   0.0002 (  0.0%)   0.0002 (  0.0%)  Function Alias Analysis Results
   0.0002 (  0.0%)   0.0000 (  0.0%)   0.0002 (  0.0%)   0.0002 (  0.0%)  Canonicalize natural loops
   0.0002 (  0.0%)   0.0000 (  0.0%)   0.0002 (  0.0%)   0.0002 (  0.0%)  Jump Threading
   0.0002 (  0.0%)   0.0000 (  0.0%)   0.0002 (  0.0%)   0.0002 (  0.0%)  Function Alias Analysis Results
   0.0002 (  0.0%)   0.0000 (  0.0%)   0.0002 (  0.0%)   0.0002 (  0.0%)  Function Alias Analysis Results
   0.0001 (  0.0%)   0.0000 (  0.0%)   0.0002 (  0.0%)   0.0002 (  0.0%)  Array abnormal access check
   0.0001 (  0.0%)   0.0001 (  0.1%)   0.0002 (  0.0%)   0.0002 (  0.0%)  Function Alias Analysis Results
   0.0001 (  0.0%)   0.0000 (  0.0%)   0.0002 (  0.0%)   0.0002 (  0.0%)  Function Alias Analysis Results
   0.0002 (  0.0%)   0.0000 (  0.0%)   0.0002 (  0.0%)   0.0002 (  0.0%)  Aggressive Dead Code Elimination
   0.0002 (  0.0%)   0.0000 (  0.0%)   0.0002 (  0.0%)   0.0002 (  0.0%)  Value Propagation
   0.0002 (  0.0%)   0.0000 (  0.0%)   0.0002 (  0.0%)   0.0002 (  0.0%)  Function Alias Analysis Results
   0.0002 (  0.0%)   0.0000 (  0.0%)   0.0002 (  0.0%)   0.0002 (  0.0%)  Simplify the CFG
   0.0002 (  0.0%)   0.0000 (  0.0%)   0.0002 (  0.0%)   0.0002 (  0.0%)  Function Alias Analysis Results
   0.0002 (  0.0%)   0.0000 (  0.0%)   0.0002 (  0.0%)   0.0002 (  0.0%)  Post-Dominator Tree Construction
   0.0002 (  0.0%)   0.0000 (  0.0%)   0.0002 (  0.0%)   0.0002 (  0.0%)  Function Alias Analysis Results
   0.0001 (  0.0%)   0.0000 (  0.0%)   0.0001 (  0.0%)   0.0002 (  0.0%)  Scalar Evolution Analysis
   0.0001 (  0.0%)   0.0000 (  0.0%)   0.0002 (  0.0%)   0.0002 (  0.0%)  Aggressive Dead Code Elimination
   0.0002 (  0.0%)   0.0000 (  0.0%)   0.0002 (  0.0%)   0.0002 (  0.0%)  Remove redundant instructions
   0.0002 (  0.0%)   0.0000 (  0.0%)   0.0002 (  0.0%)   0.0002 (  0.0%)  Dead Store Elimination
   0.0000 (  0.0%)   0.0001 (  0.2%)   0.0002 (  0.0%)   0.0002 (  0.0%)  Post-Dominator Tree Construction
   0.0001 (  0.0%)   0.0000 (  0.0%)   0.0002 (  0.0%)   0.0002 (  0.0%)  Basic Alias Analysis (stateless AA impl)
   0.0002 (  0.0%)   0.0000 (  0.0%)   0.0002 (  0.0%)   0.0002 (  0.0%)  Function Alias Analysis Results
   0.0002 (  0.0%)   0.0000 (  0.0%)   0.0002 (  0.0%)   0.0002 (  0.0%)  Function Alias Analysis Results
   0.0001 (  0.0%)   0.0001 (  0.1%)   0.0002 (  0.0%)   0.0002 (  0.0%)  Function Alias Analysis Results
   0.0002 (  0.0%)   0.0000 (  0.0%)   0.0002 (  0.0%)   0.0002 (  0.0%)  Lower HLS related intrinsics
   0.0002 (  0.0%)   0.0000 (  0.0%)   0.0002 (  0.0%)   0.0002 (  0.0%)  Dominator Tree Construction
   0.0002 (  0.0%)   0.0000 (  0.0%)   0.0002 (  0.0%)   0.0002 (  0.0%)  Function Alias Analysis Results
   0.0001 (  0.0%)   0.0000 (  0.0%)   0.0002 (  0.0%)   0.0002 (  0.0%)  Basic Alias Analysis (stateless AA impl)
   0.0001 (  0.0%)   0.0000 (  0.0%)   0.0002 (  0.0%)   0.0002 (  0.0%)  Optimize multiple instructions
   0.0002 (  0.0%)   0.0000 (  0.0%)   0.0002 (  0.0%)   0.0002 (  0.0%)  Canonicalize natural loops
   0.0002 (  0.0%)   0.0000 (  0.0%)   0.0002 (  0.0%)   0.0002 (  0.0%)  LegalizeName - Check interface name in terms of HDL syntax
   0.0002 (  0.0%)   0.0000 (  0.0%)   0.0002 (  0.0%)   0.0002 (  0.0%)  Function Alias Analysis Results
   0.0001 (  0.0%)   0.0000 (  0.0%)   0.0002 (  0.0%)   0.0002 (  0.0%)  Aggressive Dead Code Elimination
   0.0002 (  0.0%)   0.0000 (  0.0%)   0.0002 (  0.0%)   0.0002 (  0.0%)  Dominator Tree Construction
   0.0002 (  0.0%)   0.0000 (  0.0%)   0.0002 (  0.0%)   0.0002 (  0.0%)  Canonicalize natural loops
   0.0001 (  0.0%)   0.0000 (  0.0%)   0.0002 (  0.0%)   0.0002 (  0.0%)  Scalar Evolution Analysis
   0.0002 (  0.0%)   0.0000 (  0.0%)   0.0002 (  0.0%)   0.0002 (  0.0%)  Function Alias Analysis Results
   0.0002 (  0.0%)   0.0000 (  0.0%)   0.0002 (  0.0%)   0.0002 (  0.0%)  Function Alias Analysis Results
   0.0002 (  0.0%)   0.0000 (  0.0%)   0.0002 (  0.0%)   0.0002 (  0.0%)  Interprocedural Sparse Conditional Constant Propagation
   0.0001 (  0.0%)   0.0000 (  0.0%)   0.0002 (  0.0%)   0.0002 (  0.0%)  Function Alias Analysis Results
   0.0001 (  0.0%)   0.0000 (  0.0%)   0.0002 (  0.0%)   0.0002 (  0.0%)  Function Alias Analysis Results
   0.0001 (  0.0%)   0.0000 (  0.0%)   0.0001 (  0.0%)   0.0002 (  0.0%)  Basic Alias Analysis (stateless AA impl)
   0.0002 (  0.0%)   0.0000 (  0.0%)   0.0002 (  0.0%)   0.0002 (  0.0%)  Aggressive Dead Code Elimination
   0.0002 (  0.0%)   0.0000 (  0.0%)   0.0002 (  0.0%)   0.0002 (  0.0%)  Aggressive Dead Code Elimination
   0.0001 (  0.0%)   0.0000 (  0.0%)   0.0002 (  0.0%)   0.0002 (  0.0%)  Function Alias Analysis Results
   0.0001 (  0.0%)   0.0000 (  0.1%)   0.0001 (  0.0%)   0.0002 (  0.0%)  Remove redundant instructions
   0.0002 (  0.0%)   0.0000 (  0.0%)   0.0002 (  0.0%)   0.0002 (  0.0%)  Function Alias Analysis Results
   0.0001 (  0.0%)   0.0000 (  0.0%)   0.0002 (  0.0%)   0.0002 (  0.0%)  Canonicalize natural loops
   0.0001 (  0.0%)   0.0000 (  0.0%)   0.0001 (  0.0%)   0.0001 (  0.0%)  Scalar Evolution Analysis
   0.0001 (  0.0%)   0.0000 (  0.0%)   0.0001 (  0.0%)   0.0001 (  0.0%)  Value Propagation
   0.0001 (  0.0%)   0.0000 (  0.0%)   0.0001 (  0.0%)   0.0001 (  0.0%)  Optimize multiple instructions
   0.0001 (  0.0%)   0.0000 (  0.0%)   0.0001 (  0.0%)   0.0001 (  0.0%)  Basic Alias Analysis (stateless AA impl)
   0.0001 (  0.0%)   0.0000 (  0.0%)   0.0002 (  0.0%)   0.0001 (  0.0%)  Function Alias Analysis Results
   0.0001 (  0.0%)   0.0000 (  0.0%)   0.0001 (  0.0%)   0.0001 (  0.0%)  Basic Alias Analysis (stateless AA impl)
   0.0001 (  0.0%)   0.0000 (  0.0%)   0.0001 (  0.0%)   0.0001 (  0.0%)  Value Propagation
   0.0001 (  0.0%)   0.0000 (  0.0%)   0.0001 (  0.0%)   0.0001 (  0.0%)  Function Alias Analysis Results
   0.0001 (  0.0%)   0.0000 (  0.0%)   0.0001 (  0.0%)   0.0001 (  0.0%)  Eliminate dead debug information intrinsic
   0.0001 (  0.0%)   0.0000 (  0.0%)   0.0001 (  0.0%)   0.0001 (  0.0%)  Simple constant propagation
   0.0000 (  0.0%)   0.0001 (  0.2%)   0.0001 (  0.0%)   0.0001 (  0.0%)  Function Alias Analysis Results
   0.0001 (  0.0%)   0.0000 (  0.0%)   0.0001 (  0.0%)   0.0001 (  0.0%)  Aggressive Dead Code Elimination
   0.0001 (  0.0%)   0.0000 (  0.0%)   0.0001 (  0.0%)   0.0001 (  0.0%)  Value Propagation
   0.0001 (  0.0%)   0.0000 (  0.0%)   0.0001 (  0.0%)   0.0001 (  0.0%)  Canonicalize natural loops
   0.0001 (  0.0%)   0.0000 (  0.0%)   0.0001 (  0.0%)   0.0001 (  0.0%)  Aggressive Dead Code Elimination
   0.0000 (  0.0%)   0.0001 (  0.2%)   0.0001 (  0.0%)   0.0001 (  0.0%)  Optimize multiple instructions
   0.0001 (  0.0%)   0.0000 (  0.0%)   0.0001 (  0.0%)   0.0001 (  0.0%)  Optimize multiple instructions
   0.0001 (  0.0%)   0.0000 (  0.0%)   0.0001 (  0.0%)   0.0001 (  0.0%)  Aggressive Dead Code Elimination
   0.0001 (  0.0%)   0.0000 (  0.1%)   0.0001 (  0.0%)   0.0001 (  0.0%)  Rotate Loops
   0.0001 (  0.0%)   0.0000 (  0.1%)   0.0001 (  0.0%)   0.0001 (  0.0%)  Simplify the CFG
   0.0001 (  0.0%)   0.0000 (  0.0%)   0.0001 (  0.0%)   0.0001 (  0.0%)  Scalar Evolution Analysis
   0.0001 (  0.0%)   0.0000 (  0.0%)   0.0001 (  0.0%)   0.0001 (  0.0%)  Remove redundant instructions
   0.0001 (  0.0%)   0.0000 (  0.0%)   0.0001 (  0.0%)   0.0001 (  0.0%)  Optimize multiple instructions
   0.0001 (  0.0%)   0.0000 (  0.0%)   0.0001 (  0.0%)   0.0001 (  0.0%)  Post-Dominator Tree Construction
   0.0001 (  0.0%)   0.0000 (  0.0%)   0.0001 (  0.0%)   0.0001 (  0.0%)  Post-Dominator Tree Construction
   0.0001 (  0.0%)   0.0000 (  0.0%)   0.0001 (  0.0%)   0.0001 (  0.0%)  Remove redundant instructions
   0.0001 (  0.0%)   0.0000 (  0.0%)   0.0001 (  0.0%)   0.0001 (  0.0%)  Array abnormal access check
   0.0001 (  0.0%)   0.0000 (  0.0%)   0.0001 (  0.0%)   0.0001 (  0.0%)  Infer nuw/nsw flags for instructions
   0.0000 (  0.0%)   0.0001 (  0.2%)   0.0001 (  0.0%)   0.0001 (  0.0%)  Aggressive Dead Code Elimination
   0.0001 (  0.0%)   0.0000 (  0.0%)   0.0001 (  0.0%)   0.0001 (  0.0%)  Canonicalize natural loops
   0.0001 (  0.0%)   0.0000 (  0.0%)   0.0001 (  0.0%)   0.0001 (  0.0%)  Optimize multiple instructions
   0.0001 (  0.0%)   0.0000 (  0.0%)   0.0001 (  0.0%)   0.0001 (  0.0%)  Scalar Evolution Analysis
   0.0001 (  0.0%)   0.0000 (  0.0%)   0.0001 (  0.0%)   0.0001 (  0.0%)  Aggressive Dead Code Elimination
   0.0001 (  0.0%)   0.0001 (  0.1%)   0.0001 (  0.0%)   0.0001 (  0.0%)  Basic Alias Analysis (stateless AA impl)
   0.0000 (  0.0%)   0.0001 (  0.2%)   0.0001 (  0.0%)   0.0001 (  0.0%)  Dominator Tree Construction
   0.0001 (  0.0%)   0.0000 (  0.0%)   0.0001 (  0.0%)   0.0001 (  0.0%)  Value Propagation
   0.0001 (  0.0%)   0.0000 (  0.0%)   0.0001 (  0.0%)   0.0001 (  0.0%)  Basic Alias Analysis (stateless AA impl)
   0.0001 (  0.0%)   0.0000 (  0.0%)   0.0001 (  0.0%)   0.0001 (  0.0%)  Basic Alias Analysis (stateless AA impl)
   0.0001 (  0.0%)   0.0000 (  0.0%)   0.0001 (  0.0%)   0.0001 (  0.0%)  Aggressive Dead Code Elimination
   0.0001 (  0.0%)   0.0000 (  0.0%)   0.0001 (  0.0%)   0.0001 (  0.0%)  Loop Invariant Code Motion
   0.0000 (  0.0%)   0.0001 (  0.2%)   0.0001 (  0.0%)   0.0001 (  0.0%)  Value Propagation
   0.0001 (  0.0%)   0.0000 (  0.0%)   0.0001 (  0.0%)   0.0001 (  0.0%)  Canonicalize natural loops
   0.0001 (  0.0%)   0.0000 (  0.0%)   0.0001 (  0.0%)   0.0001 (  0.0%)  Array abnormal access check
   0.0001 (  0.0%)   0.0001 (  0.1%)   0.0001 (  0.0%)   0.0001 (  0.0%)  Loop-Closed SSA Form Pass
   0.0000 (  0.0%)   0.0001 (  0.1%)   0.0001 (  0.0%)   0.0001 (  0.0%)  Detect single entry single exit regions
   0.0001 (  0.0%)   0.0000 (  0.0%)   0.0001 (  0.0%)   0.0001 (  0.0%)  Value Propagation
   0.0001 (  0.0%)   0.0000 (  0.0%)   0.0001 (  0.0%)   0.0001 (  0.0%)  Value Propagation
   0.0001 (  0.0%)   0.0000 (  0.0%)   0.0001 (  0.0%)   0.0001 (  0.0%)  Basic Alias Analysis (stateless AA impl)
   0.0001 (  0.0%)   0.0000 (  0.0%)   0.0001 (  0.0%)   0.0001 (  0.0%)  Post-Dominator Tree Construction
   0.0001 (  0.0%)   0.0000 (  0.0%)   0.0001 (  0.0%)   0.0001 (  0.0%)  Loop-Closed SSA Form Pass
   0.0001 (  0.0%)   0.0000 (  0.0%)   0.0001 (  0.0%)   0.0001 (  0.0%)  Post-Dominator Tree Construction
   0.0001 (  0.0%)   0.0000 (  0.0%)   0.0001 (  0.0%)   0.0001 (  0.0%)  Extract dataflow loop
   0.0001 (  0.0%)   0.0001 (  0.1%)   0.0001 (  0.0%)   0.0001 (  0.0%)  Basic Alias Analysis (stateless AA impl)
   0.0001 (  0.0%)   0.0000 (  0.0%)   0.0001 (  0.0%)   0.0001 (  0.0%)  Value Propagation
   0.0001 (  0.0%)   0.0000 (  0.0%)   0.0001 (  0.0%)   0.0001 (  0.0%)  Remove redundant instructions
   0.0001 (  0.0%)   0.0000 (  0.0%)   0.0001 (  0.0%)   0.0001 (  0.0%)  Aggressive Dead Code Elimination
   0.0001 (  0.0%)   0.0000 (  0.1%)   0.0001 (  0.0%)   0.0001 (  0.0%)  Post-Dominator Tree Construction
   0.0001 (  0.0%)   0.0000 (  0.0%)   0.0001 (  0.0%)   0.0001 (  0.0%)  Remove redundant instructions
   0.0001 (  0.0%)   0.0000 (  0.0%)   0.0001 (  0.0%)   0.0001 (  0.0%)  Loop-Closed SSA Form Pass
   0.0001 (  0.0%)   0.0000 (  0.0%)   0.0001 (  0.0%)   0.0001 (  0.0%)  Dead Store Elimination
   0.0001 (  0.0%)   0.0000 (  0.0%)   0.0001 (  0.0%)   0.0001 (  0.0%)  Infer direct input/output accesses
   0.0001 (  0.0%)   0.0001 (  0.1%)   0.0001 (  0.0%)   0.0001 (  0.0%)  Post-Dominator Tree Construction
   0.0001 (  0.0%)   0.0001 (  0.1%)   0.0001 (  0.0%)   0.0001 (  0.0%)  Basic Alias Analysis (stateless AA impl)
   0.0001 (  0.0%)   0.0000 (  0.0%)   0.0001 (  0.0%)   0.0001 (  0.0%)  Optimize multiple instructions
   0.0001 (  0.0%)   0.0000 (  0.0%)   0.0001 (  0.0%)   0.0001 (  0.0%)  Aggressive Dead Code Elimination
   0.0001 (  0.0%)   0.0001 (  0.1%)   0.0001 (  0.0%)   0.0001 (  0.0%)  Dominator Tree Construction
   0.0001 (  0.0%)   0.0000 (  0.0%)   0.0001 (  0.0%)   0.0001 (  0.0%)  Remove redundant instructions
   0.0001 (  0.0%)   0.0000 (  0.1%)   0.0001 (  0.0%)   0.0001 (  0.0%)  Aggressive Dead Code Elimination
   0.0001 (  0.0%)   0.0000 (  0.0%)   0.0001 (  0.0%)   0.0001 (  0.0%)  Aggressive Dead Code Elimination
   0.0001 (  0.0%)   0.0000 (  0.0%)   0.0001 (  0.0%)   0.0001 (  0.0%)  Dead Store Elimination
   0.0001 (  0.0%)   0.0000 (  0.0%)   0.0001 (  0.0%)   0.0001 (  0.0%)  Loop-Closed SSA Form Pass
   0.0001 (  0.0%)   0.0000 (  0.0%)   0.0001 (  0.0%)   0.0001 (  0.0%)  Dominator Tree Construction
   0.0001 (  0.0%)   0.0000 (  0.0%)   0.0001 (  0.0%)   0.0001 (  0.0%)  Eliminate pointer selection
   0.0001 (  0.0%)   0.0000 (  0.0%)   0.0001 (  0.0%)   0.0001 (  0.0%)  Auto automatic array partition filter analysis
   0.0001 (  0.0%)   0.0000 (  0.0%)   0.0001 (  0.0%)   0.0001 (  0.0%)  Post-Dominator Tree Construction
   0.0001 (  0.0%)   0.0000 (  0.0%)   0.0001 (  0.0%)   0.0001 (  0.0%)  Optimize multiple instructions
   0.0001 (  0.0%)   0.0000 (  0.0%)   0.0001 (  0.0%)   0.0001 (  0.0%)  Aggressive Dead Code Elimination
   0.0001 (  0.0%)   0.0000 (  0.0%)   0.0001 (  0.0%)   0.0001 (  0.0%)  Dominator Tree Construction
   0.0001 (  0.0%)   0.0000 (  0.0%)   0.0001 (  0.0%)   0.0001 (  0.0%)  Post-Dominator Tree Construction
   0.0001 (  0.0%)   0.0000 (  0.0%)   0.0001 (  0.0%)   0.0001 (  0.0%)  Basic Alias Analysis (stateless AA impl)
   0.0001 (  0.0%)   0.0000 (  0.0%)   0.0001 (  0.0%)   0.0001 (  0.0%)  Basic Alias Analysis (stateless AA impl)
   0.0001 (  0.0%)   0.0000 (  0.0%)   0.0001 (  0.0%)   0.0001 (  0.0%)  Dominator Tree Construction
   0.0001 (  0.0%)   0.0001 (  0.1%)   0.0001 (  0.0%)   0.0001 (  0.0%)  Basic Alias Analysis (stateless AA impl)
   0.0001 (  0.0%)   0.0000 (  0.0%)   0.0001 (  0.0%)   0.0001 (  0.0%)  Dominator Tree Construction
   0.0001 (  0.0%)   0.0000 (  0.0%)   0.0001 (  0.0%)   0.0001 (  0.0%)  Aggressive Dead Code Elimination
   0.0001 (  0.0%)   0.0000 (  0.0%)   0.0001 (  0.0%)   0.0001 (  0.0%)  Auto automatic array partition filter analysis
   0.0001 (  0.0%)   0.0000 (  0.0%)   0.0001 (  0.0%)   0.0001 (  0.0%)  Value Propagation
   0.0001 (  0.0%)   0.0000 (  0.0%)   0.0001 (  0.0%)   0.0001 (  0.0%)  Dead Code Elimination
   0.0001 (  0.0%)   0.0000 (  0.0%)   0.0001 (  0.0%)   0.0001 (  0.0%)  Post-Dominator Tree Construction
   0.0001 (  0.0%)   0.0000 (  0.0%)   0.0001 (  0.0%)   0.0001 (  0.0%)  Basic Alias Analysis (stateless AA impl)
   0.0000 (  0.0%)   0.0001 (  0.2%)   0.0001 (  0.0%)   0.0001 (  0.0%)  Aggressive Dead Code Elimination
   0.0001 (  0.0%)   0.0000 (  0.0%)   0.0001 (  0.0%)   0.0001 (  0.0%)  Produce message if basic block has too many instructions
   0.0001 (  0.0%)   0.0000 (  0.0%)   0.0001 (  0.0%)   0.0001 (  0.0%)  Optimize multiple instructions
   0.0001 (  0.0%)   0.0000 (  0.0%)   0.0001 (  0.0%)   0.0001 (  0.0%)  Scalar Evolution Analysis
   0.0001 (  0.0%)   0.0000 (  0.0%)   0.0001 (  0.0%)   0.0001 (  0.0%)  Auto automatic array partition filter analysis
   0.0001 (  0.0%)   0.0000 (  0.0%)   0.0001 (  0.0%)   0.0001 (  0.0%)  Value Propagation
   0.0001 (  0.0%)   0.0000 (  0.0%)   0.0001 (  0.0%)   0.0001 (  0.0%)  Object Decomposition
   0.0001 (  0.0%)   0.0000 (  0.0%)   0.0001 (  0.0%)   0.0001 (  0.0%)  Dead Store Elimination
   0.0001 (  0.0%)   0.0000 (  0.0%)   0.0001 (  0.0%)   0.0001 (  0.0%)  Basic Alias Analysis (stateless AA impl)
   0.0001 (  0.0%)   0.0000 (  0.0%)   0.0001 (  0.0%)   0.0001 (  0.0%)  Remove redundant instructions
   0.0001 (  0.0%)   0.0000 (  0.0%)   0.0001 (  0.0%)   0.0001 (  0.0%)  Aggressive Dead Code Elimination
   0.0001 (  0.0%)   0.0000 (  0.0%)   0.0001 (  0.0%)   0.0001 (  0.0%)  Loop-Closed SSA Form Pass
   0.0001 (  0.0%)   0.0000 (  0.0%)   0.0001 (  0.0%)   0.0001 (  0.0%)  Aggressive Dead Code Elimination
   0.0001 (  0.0%)   0.0000 (  0.0%)   0.0001 (  0.0%)   0.0001 (  0.0%)  Scalar Evolution Analysis
   0.0001 (  0.0%)   0.0000 (  0.0%)   0.0001 (  0.0%)   0.0001 (  0.0%)  Basic Alias Analysis (stateless AA impl)
   0.0001 (  0.0%)   0.0000 (  0.0%)   0.0001 (  0.0%)   0.0001 (  0.0%)  Basic Alias Analysis (stateless AA impl)
   0.0001 (  0.0%)   0.0000 (  0.1%)   0.0001 (  0.0%)   0.0001 (  0.0%)  Loop-Closed SSA Form Pass
   0.0001 (  0.0%)   0.0000 (  0.0%)   0.0001 (  0.0%)   0.0001 (  0.0%)  Dominator Tree Construction
   0.0001 (  0.0%)   0.0000 (  0.0%)   0.0001 (  0.0%)   0.0001 (  0.0%)  Aggressive Dead Code Elimination
   0.0001 (  0.0%)   0.0000 (  0.0%)   0.0001 (  0.0%)   0.0001 (  0.0%)  Basic Alias Analysis (stateless AA impl)
   0.0001 (  0.0%)   0.0000 (  0.0%)   0.0001 (  0.0%)   0.0001 (  0.0%)  Optimize multiple instructions
   0.0001 (  0.0%)   0.0000 (  0.0%)   0.0001 (  0.0%)   0.0001 (  0.0%)  Optimize multiple instructions
   0.0001 (  0.0%)   0.0000 (  0.0%)   0.0001 (  0.0%)   0.0001 (  0.0%)  Basic Alias Analysis (stateless AA impl)
   0.0001 (  0.0%)   0.0000 (  0.0%)   0.0001 (  0.0%)   0.0001 (  0.0%)  Auto automatic array partition filter analysis
   0.0001 (  0.0%)   0.0000 (  0.0%)   0.0001 (  0.0%)   0.0001 (  0.0%)  Aggressive Dead Code Elimination
   0.0001 (  0.0%)   0.0000 (  0.0%)   0.0001 (  0.0%)   0.0001 (  0.0%)  Infer direct input/output accesses
   0.0001 (  0.0%)   0.0000 (  0.0%)   0.0001 (  0.0%)   0.0001 (  0.0%)  Dead Store Elimination
   0.0001 (  0.0%)   0.0000 (  0.0%)   0.0001 (  0.0%)   0.0001 (  0.0%)  Remove redundant instructions
   0.0001 (  0.0%)   0.0000 (  0.0%)   0.0001 (  0.0%)   0.0001 (  0.0%)  Auto automatic array partition filter analysis
   0.0001 (  0.0%)   0.0000 (  0.0%)   0.0001 (  0.0%)   0.0001 (  0.0%)  Loop-Closed SSA Form Pass
   0.0001 (  0.0%)   0.0000 (  0.0%)   0.0001 (  0.0%)   0.0001 (  0.0%)  Remove redundant instructions
   0.0001 (  0.0%)   0.0000 (  0.0%)   0.0001 (  0.0%)   0.0001 (  0.0%)  Remove redundant instructions
   0.0001 (  0.0%)   0.0000 (  0.0%)   0.0001 (  0.0%)   0.0001 (  0.0%)  Optimize multiple instructions
   0.0001 (  0.0%)   0.0000 (  0.0%)   0.0001 (  0.0%)   0.0001 (  0.0%)  Combine redundant instructions
   0.0001 (  0.0%)   0.0000 (  0.0%)   0.0001 (  0.0%)   0.0001 (  0.0%)  Natural Loop Information
   0.0001 (  0.0%)   0.0000 (  0.0%)   0.0001 (  0.0%)   0.0001 (  0.0%)  Post-Dominator Tree Construction
   0.0001 (  0.0%)   0.0000 (  0.0%)   0.0001 (  0.0%)   0.0001 (  0.0%)  RemoveConflictingBurst - Remove port conflicting bursts
   0.0001 (  0.0%)   0.0000 (  0.0%)   0.0001 (  0.0%)   0.0001 (  0.0%)  Dead Store Elimination
   0.0001 (  0.0%)   0.0000 (  0.0%)   0.0001 (  0.0%)   0.0001 (  0.0%)  Optimize multiple instructions
   0.0001 (  0.0%)   0.0000 (  0.0%)   0.0001 (  0.0%)   0.0001 (  0.0%)  Scalar Evolution Analysis
   0.0001 (  0.0%)   0.0000 (  0.0%)   0.0001 (  0.0%)   0.0001 (  0.0%)  Dead Store Elimination
   0.0001 (  0.0%)   0.0000 (  0.0%)   0.0001 (  0.0%)   0.0001 (  0.0%)  Post-Dominator Tree Construction
   0.0000 (  0.0%)   0.0000 (  0.1%)   0.0001 (  0.0%)   0.0001 (  0.0%)  InferXCLAttributes - Infer XCL attributes
   0.0001 (  0.0%)   0.0000 (  0.0%)   0.0001 (  0.0%)   0.0001 (  0.0%)  Scalar Evolution Analysis
   0.0001 (  0.0%)   0.0000 (  0.0%)   0.0001 (  0.0%)   0.0001 (  0.0%)  Dominator Tree Construction
   0.0001 (  0.0%)   0.0000 (  0.1%)   0.0001 (  0.0%)   0.0001 (  0.0%)  Remove redundant instructions
   0.0001 (  0.0%)   0.0000 (  0.0%)   0.0001 (  0.0%)   0.0001 (  0.0%)  Dead Code Elimination
   0.0001 (  0.0%)   0.0000 (  0.0%)   0.0001 (  0.0%)   0.0001 (  0.0%)  Post-Dominator Tree Construction
   0.0001 (  0.0%)   0.0000 (  0.0%)   0.0001 (  0.0%)   0.0001 (  0.0%)  Basic Alias Analysis (stateless AA impl)
   0.0001 (  0.0%)   0.0000 (  0.0%)   0.0001 (  0.0%)   0.0001 (  0.0%)  Loop-Closed SSA Form Pass
   0.0001 (  0.0%)   0.0000 (  0.0%)   0.0001 (  0.0%)   0.0001 (  0.0%)  Dominator Tree Construction
   0.0000 (  0.0%)   0.0001 (  0.1%)   0.0001 (  0.0%)   0.0001 (  0.0%)  Basic Alias Analysis (stateless AA impl)
   0.0001 (  0.0%)   0.0000 (  0.0%)   0.0001 (  0.0%)   0.0001 (  0.0%)  Remove redundant instructions
   0.0001 (  0.0%)   0.0000 (  0.0%)   0.0001 (  0.0%)   0.0001 (  0.0%)  Aggressive Dead Code Elimination
   0.0001 (  0.0%)   0.0000 (  0.0%)   0.0001 (  0.0%)   0.0001 (  0.0%)  Scalar Evolution Analysis
   0.0001 (  0.0%)   0.0000 (  0.0%)   0.0001 (  0.0%)   0.0001 (  0.0%)  Aggressive Dead Code Elimination
   0.0001 (  0.0%)   0.0000 (  0.0%)   0.0001 (  0.0%)   0.0001 (  0.0%)  Aggressive Dead Code Elimination
   0.0001 (  0.0%)   0.0000 (  0.0%)   0.0001 (  0.0%)   0.0001 (  0.0%)  Scalar Evolution Analysis
   0.0001 (  0.0%)   0.0000 (  0.0%)   0.0001 (  0.0%)   0.0001 (  0.0%)  Detect single entry single exit regions
   0.0001 (  0.0%)   0.0000 (  0.0%)   0.0001 (  0.0%)   0.0001 (  0.0%)  Aggressive Dead Code Elimination
   0.0000 (  0.0%)   0.0001 (  0.2%)   0.0001 (  0.0%)   0.0001 (  0.0%)  Structure stription
   0.0001 (  0.0%)   0.0000 (  0.0%)   0.0001 (  0.0%)   0.0001 (  0.0%)  Natural Loop Information
   0.0001 (  0.0%)   0.0000 (  0.0%)   0.0001 (  0.0%)   0.0001 (  0.0%)  Aggressive Dead Code Elimination
   0.0001 (  0.0%)   0.0000 (  0.0%)   0.0001 (  0.0%)   0.0001 (  0.0%)  Dead Store Elimination
   0.0001 (  0.0%)   0.0000 (  0.0%)   0.0001 (  0.0%)   0.0001 (  0.0%)  Optimize multiple instructions
   0.0001 (  0.0%)   0.0000 (  0.0%)   0.0001 (  0.0%)   0.0001 (  0.0%)  Scalar Evolution Analysis
   0.0001 (  0.0%)   0.0000 (  0.0%)   0.0001 (  0.0%)   0.0001 (  0.0%)  Aggressive Dead Code Elimination
   0.0001 (  0.0%)   0.0000 (  0.0%)   0.0001 (  0.0%)   0.0001 (  0.0%)  Dominator Tree Construction
   0.0001 (  0.0%)   0.0000 (  0.0%)   0.0001 (  0.0%)   0.0001 (  0.0%)  Natural Loop Information
   0.0001 (  0.0%)   0.0000 (  0.0%)   0.0001 (  0.0%)   0.0001 (  0.0%)  Aggressive Dead Code Elimination
   0.0001 (  0.0%)   0.0000 (  0.0%)   0.0001 (  0.0%)   0.0001 (  0.0%)  Basic Alias Analysis (stateless AA impl)
   0.0001 (  0.0%)   0.0000 (  0.0%)   0.0001 (  0.0%)   0.0001 (  0.0%)  Post-Dominator Tree Construction
   0.0001 (  0.0%)   0.0000 (  0.0%)   0.0001 (  0.0%)   0.0001 (  0.0%)  Optimize multiple instructions
   0.0001 (  0.0%)   0.0000 (  0.0%)   0.0001 (  0.0%)   0.0001 (  0.0%)  Post-Dominator Tree Construction
   0.0001 (  0.0%)   0.0000 (  0.0%)   0.0001 (  0.0%)   0.0001 (  0.0%)  Remove redundant instructions
   0.0001 (  0.0%)   0.0000 (  0.0%)   0.0001 (  0.0%)   0.0001 (  0.0%)  Dead Store Elimination
   0.0001 (  0.0%)   0.0000 (  0.0%)   0.0001 (  0.0%)   0.0001 (  0.0%)  Aggressive Dead Code Elimination
   0.0001 (  0.0%)   0.0000 (  0.1%)   0.0001 (  0.0%)   0.0001 (  0.0%)  Scalar Evolution Analysis
   0.0001 (  0.0%)   0.0000 (  0.0%)   0.0001 (  0.0%)   0.0001 (  0.0%)  Aggressive Dead Code Elimination
   0.0001 (  0.0%)   0.0000 (  0.0%)   0.0001 (  0.0%)   0.0001 (  0.0%)  Dead Store Elimination
   0.0000 (  0.0%)   0.0001 (  0.1%)   0.0001 (  0.0%)   0.0001 (  0.0%)  Post-Dominator Tree Construction
   0.0001 (  0.0%)   0.0000 (  0.0%)   0.0001 (  0.0%)   0.0001 (  0.0%)  Post-Dominator Tree Construction
   0.0000 (  0.0%)   0.0001 (  0.1%)   0.0001 (  0.0%)   0.0001 (  0.0%)  Natural Loop Information
   0.0001 (  0.0%)   0.0000 (  0.0%)   0.0001 (  0.0%)   0.0001 (  0.0%)  Optimize multiple instructions
   0.0001 (  0.0%)   0.0000 (  0.0%)   0.0001 (  0.0%)   0.0001 (  0.0%)  Dominator Tree Construction
   0.0001 (  0.0%)   0.0000 (  0.0%)   0.0001 (  0.0%)   0.0001 (  0.0%)  Aggressive Dead Code Elimination
   0.0001 (  0.0%)   0.0000 (  0.0%)   0.0001 (  0.0%)   0.0001 (  0.0%)  Scalar Evolution Analysis
   0.0001 (  0.0%)   0.0000 (  0.0%)   0.0001 (  0.0%)   0.0001 (  0.0%)  Post-Dominator Tree Construction
   0.0001 (  0.0%)   0.0000 (  0.1%)   0.0001 (  0.0%)   0.0001 (  0.0%)  Rotate Loops
   0.0000 (  0.0%)   0.0001 (  0.1%)   0.0001 (  0.0%)   0.0001 (  0.0%)  Dominance Frontier Construction
   0.0001 (  0.0%)   0.0000 (  0.0%)   0.0001 (  0.0%)   0.0001 (  0.0%)  Natural Loop Information
   0.0001 (  0.0%)   0.0000 (  0.0%)   0.0001 (  0.0%)   0.0001 (  0.0%)  Dominator Tree Construction
   0.0001 (  0.0%)   0.0000 (  0.0%)   0.0001 (  0.0%)   0.0001 (  0.0%)  Dead Store Elimination
   0.0001 (  0.0%)   0.0000 (  0.0%)   0.0001 (  0.0%)   0.0001 (  0.0%)  Dead Store Elimination
   0.0001 (  0.0%)   0.0000 (  0.0%)   0.0001 (  0.0%)   0.0001 (  0.0%)  Remove redundant instructions
   0.0001 (  0.0%)   0.0000 (  0.0%)   0.0001 (  0.0%)   0.0001 (  0.0%)  Scalar Evolution Analysis
   0.0001 (  0.0%)   0.0000 (  0.0%)   0.0001 (  0.0%)   0.0001 (  0.0%)  Basic Alias Analysis (stateless AA impl)
   0.0001 (  0.0%)   0.0000 (  0.0%)   0.0001 (  0.0%)   0.0001 (  0.0%)  Post-Dominator Tree Construction
   0.0001 (  0.0%)   0.0000 (  0.1%)   0.0001 (  0.0%)   0.0001 (  0.0%)  Post-Dominator Tree Construction
   0.0001 (  0.0%)   0.0000 (  0.0%)   0.0001 (  0.0%)   0.0001 (  0.0%)  Basic Alias Analysis (stateless AA impl)
   0.0001 (  0.0%)   0.0000 (  0.0%)   0.0001 (  0.0%)   0.0001 (  0.0%)  Post-Dominator Tree Construction
   0.0001 (  0.0%)   0.0000 (  0.0%)   0.0001 (  0.0%)   0.0001 (  0.0%)  Optimize multiple instructions
   0.0001 (  0.0%)   0.0000 (  0.0%)   0.0001 (  0.0%)   0.0001 (  0.0%)  Optimize multiple instructions
   0.0000 (  0.0%)   0.0000 (  0.1%)   0.0001 (  0.0%)   0.0001 (  0.0%)  Natural Loop Information
   0.0001 (  0.0%)   0.0000 (  0.0%)   0.0001 (  0.0%)   0.0001 (  0.0%)  LoopFlattenMark - Mark nested loops flattenable recursively
   0.0001 (  0.0%)   0.0000 (  0.0%)   0.0001 (  0.0%)   0.0001 (  0.0%)  Dead Code Elimination
   0.0001 (  0.0%)   0.0000 (  0.0%)   0.0001 (  0.0%)   0.0001 (  0.0%)  Dead Store Elimination
   0.0001 (  0.0%)   0.0000 (  0.1%)   0.0001 (  0.0%)   0.0001 (  0.0%)  Post-Dominator Tree Construction
   0.0001 (  0.0%)   0.0000 (  0.0%)   0.0001 (  0.0%)   0.0001 (  0.0%)  Dominator Tree Construction
   0.0001 (  0.0%)   0.0000 (  0.0%)   0.0001 (  0.0%)   0.0001 (  0.0%)  Post-Dominator Tree Construction
   0.0001 (  0.0%)   0.0000 (  0.0%)   0.0001 (  0.0%)   0.0001 (  0.0%)  Basic Alias Analysis (stateless AA impl)
   0.0001 (  0.0%)   0.0000 (  0.0%)   0.0001 (  0.0%)   0.0001 (  0.0%)  Optimize multiple instructions
   0.0001 (  0.0%)   0.0000 (  0.1%)   0.0001 (  0.0%)   0.0001 (  0.0%)  Scalar Evolution Analysis
   0.0001 (  0.0%)   0.0000 (  0.0%)   0.0001 (  0.0%)   0.0001 (  0.0%)  Dead Store Elimination
   0.0000 (  0.0%)   0.0001 (  0.1%)   0.0001 (  0.0%)   0.0001 (  0.0%)  Post-Dominator Tree Construction
   0.0001 (  0.0%)   0.0000 (  0.0%)   0.0001 (  0.0%)   0.0001 (  0.0%)  Aggressive Dead Code Elimination
   0.0000 (  0.0%)   0.0000 (  0.1%)   0.0001 (  0.0%)   0.0001 (  0.0%)  Dominator Tree Construction
   0.0001 (  0.0%)   0.0000 (  0.0%)   0.0001 (  0.0%)   0.0001 (  0.0%)  Value Propagation
   0.0001 (  0.0%)   0.0000 (  0.0%)   0.0001 (  0.0%)   0.0001 (  0.0%)  Optimize multiple instructions
   0.0001 (  0.0%)   0.0000 (  0.0%)   0.0001 (  0.0%)   0.0001 (  0.0%)  Basic Alias Analysis (stateless AA impl)
   0.0001 (  0.0%)   0.0000 (  0.0%)   0.0001 (  0.0%)   0.0001 (  0.0%)  Basic Alias Analysis (stateless AA impl)
   0.0001 (  0.0%)   0.0000 (  0.0%)   0.0001 (  0.0%)   0.0001 (  0.0%)  Optimize multiple instructions
   0.0001 (  0.0%)   0.0000 (  0.0%)   0.0001 (  0.0%)   0.0001 (  0.0%)  Scalar Evolution Analysis
   0.0001 (  0.0%)   0.0000 (  0.0%)   0.0001 (  0.0%)   0.0001 (  0.0%)  Dominator Tree Construction
   0.0001 (  0.0%)   0.0000 (  0.0%)   0.0001 (  0.0%)   0.0001 (  0.0%)  Simplify the CFG
   0.0001 (  0.0%)   0.0000 (  0.1%)   0.0001 (  0.0%)   0.0001 (  0.0%)  Dead Store Elimination
   0.0001 (  0.0%)   0.0000 (  0.0%)   0.0001 (  0.0%)   0.0001 (  0.0%)  Remove redundant instructions
   0.0001 (  0.0%)   0.0000 (  0.0%)   0.0001 (  0.0%)   0.0001 (  0.0%)  Basic Alias Analysis (stateless AA impl)
   0.0001 (  0.0%)   0.0000 (  0.0%)   0.0001 (  0.0%)   0.0001 (  0.0%)  Natural Loop Information
   0.0001 (  0.0%)   0.0000 (  0.0%)   0.0001 (  0.0%)   0.0001 (  0.0%)  Optimize multiple instructions
   0.0001 (  0.0%)   0.0000 (  0.0%)   0.0001 (  0.0%)   0.0001 (  0.0%)  Canonicalize natural loops
   0.0000 (  0.0%)   0.0000 (  0.1%)   0.0001 (  0.0%)   0.0001 (  0.0%)  Dominator Tree Construction
   0.0001 (  0.0%)   0.0000 (  0.0%)   0.0001 (  0.0%)   0.0001 (  0.0%)  Post-Dominator Tree Construction
   0.0001 (  0.0%)   0.0000 (  0.0%)   0.0001 (  0.0%)   0.0001 (  0.0%)  CallGraph Construction
   0.0001 (  0.0%)   0.0000 (  0.0%)   0.0001 (  0.0%)   0.0001 (  0.0%)  Post-Dominator Tree Construction
   0.0001 (  0.0%)   0.0000 (  0.0%)   0.0001 (  0.0%)   0.0001 (  0.0%)  Post-Dominator Tree Construction
   0.0001 (  0.0%)   0.0000 (  0.0%)   0.0001 (  0.0%)   0.0001 (  0.0%)  Natural Loop Information
   0.0001 (  0.0%)   0.0000 (  0.0%)   0.0001 (  0.0%)   0.0001 (  0.0%)  Dominator Tree Construction
   0.0001 (  0.0%)   0.0000 (  0.0%)   0.0001 (  0.0%)   0.0001 (  0.0%)  Post-Dominator Tree Construction
   0.0001 (  0.0%)   0.0000 (  0.0%)   0.0001 (  0.0%)   0.0001 (  0.0%)  Basic Alias Analysis (stateless AA impl)
   0.0001 (  0.0%)   0.0000 (  0.0%)   0.0001 (  0.0%)   0.0001 (  0.0%)  Dead Store Elimination
   0.0000 (  0.0%)   0.0001 (  0.1%)   0.0001 (  0.0%)   0.0001 (  0.0%)  InterfaceCheck - Check Interface
   0.0001 (  0.0%)   0.0000 (  0.1%)   0.0001 (  0.0%)   0.0001 (  0.0%)  Internalize Global Symbols
   0.0001 (  0.0%)   0.0000 (  0.0%)   0.0001 (  0.0%)   0.0001 (  0.0%)  Post-Dominator Tree Construction
   0.0001 (  0.0%)   0.0000 (  0.0%)   0.0001 (  0.0%)   0.0001 (  0.0%)  Dominator Tree Construction
   0.0001 (  0.0%)   0.0000 (  0.0%)   0.0001 (  0.0%)   0.0001 (  0.0%)  Scalar Evolution Analysis
   0.0001 (  0.0%)   0.0000 (  0.0%)   0.0001 (  0.0%)   0.0001 (  0.0%)  Post-Dominator Tree Construction
   0.0001 (  0.0%)   0.0000 (  0.0%)   0.0001 (  0.0%)   0.0001 (  0.0%)  Dominator Tree Construction
   0.0001 (  0.0%)   0.0000 (  0.0%)   0.0001 (  0.0%)   0.0001 (  0.0%)  Canonicalize natural loops
   0.0001 (  0.0%)   0.0000 (  0.0%)   0.0001 (  0.0%)   0.0001 (  0.0%)  Post-Dominator Tree Construction
   0.0001 (  0.0%)   0.0000 (  0.0%)   0.0001 (  0.0%)   0.0001 (  0.0%)  Basic Alias Analysis (stateless AA impl)
   0.0001 (  0.0%)   0.0000 (  0.0%)   0.0001 (  0.0%)   0.0001 (  0.0%)  Scalar Evolution Analysis
   0.0001 (  0.0%)   0.0000 (  0.0%)   0.0001 (  0.0%)   0.0001 (  0.0%)  Dominator Tree Construction
   0.0001 (  0.0%)   0.0000 (  0.0%)   0.0001 (  0.0%)   0.0001 (  0.0%)  Scalar Evolution Analysis
   0.0001 (  0.0%)   0.0000 (  0.0%)   0.0001 (  0.0%)   0.0001 (  0.0%)  Dominator Tree Construction
   0.0001 (  0.0%)   0.0000 (  0.0%)   0.0001 (  0.0%)   0.0001 (  0.0%)  Basic Alias Analysis (stateless AA impl)
   0.0001 (  0.0%)   0.0000 (  0.0%)   0.0001 (  0.0%)   0.0001 (  0.0%)  Auto automatic array partition filter analysis
   0.0000 (  0.0%)   0.0000 (  0.1%)   0.0001 (  0.0%)   0.0001 (  0.0%)  Post-Dominator Tree Construction
   0.0000 (  0.0%)   0.0000 (  0.1%)   0.0001 (  0.0%)   0.0001 (  0.0%)  Dominator Tree Construction
   0.0001 (  0.0%)   0.0000 (  0.0%)   0.0001 (  0.0%)   0.0001 (  0.0%)  CallGraph Construction
   0.0001 (  0.0%)   0.0000 (  0.0%)   0.0001 (  0.0%)   0.0001 (  0.0%)  Post-Dominator Tree Construction
   0.0001 (  0.0%)   0.0000 (  0.0%)   0.0001 (  0.0%)   0.0001 (  0.0%)  Post-Dominator Tree Construction
   0.0001 (  0.0%)   0.0000 (  0.0%)   0.0001 (  0.0%)   0.0001 (  0.0%)  Scalar Evolution Analysis
   0.0001 (  0.0%)   0.0000 (  0.0%)   0.0001 (  0.0%)   0.0001 (  0.0%)  Detect single entry single exit regions
   0.0001 (  0.0%)   0.0000 (  0.0%)   0.0001 (  0.0%)   0.0001 (  0.0%)  Post-Dominator Tree Construction
   0.0001 (  0.0%)   0.0000 (  0.0%)   0.0001 (  0.0%)   0.0001 (  0.0%)  Canonicalize natural loops
   0.0001 (  0.0%)   0.0000 (  0.0%)   0.0001 (  0.0%)   0.0001 (  0.0%)  Scalar Evolution Analysis
   0.0001 (  0.0%)   0.0000 (  0.0%)   0.0001 (  0.0%)   0.0001 (  0.0%)  Dead Argument Elimination
   0.0001 (  0.0%)   0.0000 (  0.0%)   0.0001 (  0.0%)   0.0001 (  0.0%)  Divergence Analysis
   0.0001 (  0.0%)   0.0000 (  0.0%)   0.0001 (  0.0%)   0.0001 (  0.0%)  Dead Argument Elimination
   0.0001 (  0.0%)   0.0000 (  0.0%)   0.0001 (  0.0%)   0.0001 (  0.0%)  Post-Dominator Tree Construction
   0.0001 (  0.0%)   0.0000 (  0.0%)   0.0001 (  0.0%)   0.0001 (  0.0%)  Post-Dominator Tree Construction
   0.0001 (  0.0%)   0.0000 (  0.0%)   0.0001 (  0.0%)   0.0001 (  0.0%)  Dominator Tree Construction
   0.0000 (  0.0%)   0.0001 (  0.1%)   0.0001 (  0.0%)   0.0001 (  0.0%)  Dominator Tree Construction
   0.0001 (  0.0%)   0.0000 (  0.0%)   0.0001 (  0.0%)   0.0001 (  0.0%)  Post-Dominator Tree Construction
   0.0001 (  0.0%)   0.0000 (  0.0%)   0.0001 (  0.0%)   0.0001 (  0.0%)  Scalar Evolution Analysis
   0.0001 (  0.0%)   0.0000 (  0.0%)   0.0001 (  0.0%)   0.0001 (  0.0%)  Scalar Evolution Analysis
   0.0001 (  0.0%)   0.0000 (  0.0%)   0.0001 (  0.0%)   0.0001 (  0.0%)  Basic Alias Analysis (stateless AA impl)
   0.0001 (  0.0%)   0.0000 (  0.1%)   0.0001 (  0.0%)   0.0001 (  0.0%)  Dominator Tree Construction
   0.0001 (  0.0%)   0.0000 (  0.0%)   0.0001 (  0.0%)   0.0001 (  0.0%)  Dominator Tree Construction
   0.0001 (  0.0%)   0.0000 (  0.0%)   0.0001 (  0.0%)   0.0001 (  0.0%)  Scalar Evolution Analysis
   0.0001 (  0.0%)   0.0000 (  0.0%)   0.0001 (  0.0%)   0.0001 (  0.0%)  Dead Store Elimination
   0.0001 (  0.0%)   0.0000 (  0.0%)   0.0001 (  0.0%)   0.0001 (  0.0%)  Canonicalize natural loops
   0.0001 (  0.0%)   0.0000 (  0.0%)   0.0001 (  0.0%)   0.0001 (  0.0%)  Dominator Tree Construction
   0.0001 (  0.0%)   0.0000 (  0.0%)   0.0001 (  0.0%)   0.0001 (  0.0%)  Undecay arrays
   0.0001 (  0.0%)   0.0000 (  0.0%)   0.0001 (  0.0%)   0.0001 (  0.0%)  ReflowCheckVarPragmaConflicts - check variable pragma conflicts in reflow
   0.0001 (  0.0%)   0.0000 (  0.0%)   0.0001 (  0.0%)   0.0001 (  0.0%)  Canonicalize natural loops
   0.0001 (  0.0%)   0.0000 (  0.0%)   0.0001 (  0.0%)   0.0001 (  0.0%)  Dominator Tree Construction
   0.0001 (  0.0%)   0.0000 (  0.0%)   0.0001 (  0.0%)   0.0001 (  0.0%)  Dominator Tree Construction
   0.0000 (  0.0%)   0.0001 (  0.1%)   0.0001 (  0.0%)   0.0001 (  0.0%)  Post-Dominator Tree Construction
   0.0001 (  0.0%)   0.0000 (  0.0%)   0.0001 (  0.0%)   0.0001 (  0.0%)  Scalar Evolution Analysis
   0.0001 (  0.0%)   0.0000 (  0.0%)   0.0001 (  0.0%)   0.0001 (  0.0%)  Dominator Tree Construction
   0.0001 (  0.0%)   0.0000 (  0.0%)   0.0001 (  0.0%)   0.0001 (  0.0%)  Scalar Evolution Analysis
   0.0000 (  0.0%)   0.0001 (  0.1%)   0.0001 (  0.0%)   0.0001 (  0.0%)  Canonicalize natural loops
   0.0001 (  0.0%)   0.0000 (  0.0%)   0.0001 (  0.0%)   0.0001 (  0.0%)  Detect single entry single exit regions
   0.0001 (  0.0%)   0.0000 (  0.0%)   0.0001 (  0.0%)   0.0001 (  0.0%)  Dominator Tree Construction
   0.0001 (  0.0%)   0.0000 (  0.0%)   0.0001 (  0.0%)   0.0001 (  0.0%)  CallGraph Construction
   0.0001 (  0.0%)   0.0000 (  0.0%)   0.0001 (  0.0%)   0.0001 (  0.0%)  Basic Alias Analysis (stateless AA impl)
   0.0001 (  0.0%)   0.0000 (  0.0%)   0.0001 (  0.0%)   0.0001 (  0.0%)  Dominator Tree Construction
   0.0001 (  0.0%)   0.0000 (  0.0%)   0.0001 (  0.0%)   0.0001 (  0.0%)  Natural Loop Information
   0.0001 (  0.0%)   0.0000 (  0.0%)   0.0001 (  0.0%)   0.0001 (  0.0%)  Dominator Tree Construction
   0.0001 (  0.0%)   0.0000 (  0.0%)   0.0001 (  0.0%)   0.0001 (  0.0%)  Simplify the CFG
   0.0001 (  0.0%)   0.0000 (  0.0%)   0.0001 (  0.0%)   0.0001 (  0.0%)  Dominator Tree Construction
   0.0001 (  0.0%)   0.0000 (  0.0%)   0.0001 (  0.0%)   0.0001 (  0.0%)  Scalar Evolution Analysis
   0.0001 (  0.0%)   0.0000 (  0.0%)   0.0001 (  0.0%)   0.0001 (  0.0%)  Eliminate dead debug information intrinsic
   0.0001 (  0.0%)   0.0000 (  0.0%)   0.0001 (  0.0%)   0.0001 (  0.0%)  Dominator Tree Construction
   0.0001 (  0.0%)   0.0000 (  0.0%)   0.0001 (  0.0%)   0.0001 (  0.0%)  Scalar Evolution Analysis
   0.0001 (  0.0%)   0.0000 (  0.0%)   0.0001 (  0.0%)   0.0001 (  0.0%)  Optimize multiple instructions
   0.0001 (  0.0%)   0.0000 (  0.0%)   0.0001 (  0.0%)   0.0001 (  0.0%)  Dominator Tree Construction
   0.0001 (  0.0%)   0.0000 (  0.0%)   0.0001 (  0.0%)   0.0001 (  0.0%)  Dominator Tree Construction
   0.0001 (  0.0%)   0.0000 (  0.0%)   0.0001 (  0.0%)   0.0001 (  0.0%)  Natural Loop Information
   0.0001 (  0.0%)   0.0000 (  0.0%)   0.0001 (  0.0%)   0.0001 (  0.0%)  Scalar Evolution Analysis
   0.0001 (  0.0%)   0.0000 (  0.0%)   0.0001 (  0.0%)   0.0001 (  0.0%)  Dominator Tree Construction
   0.0001 (  0.0%)   0.0000 (  0.0%)   0.0001 (  0.0%)   0.0001 (  0.0%)  Dominator Tree Construction
   0.0001 (  0.0%)   0.0000 (  0.0%)   0.0001 (  0.0%)   0.0001 (  0.0%)  Optimize multiple instructions
   0.0000 (  0.0%)   0.0000 (  0.1%)   0.0001 (  0.0%)   0.0001 (  0.0%)  Dominator Tree Construction
   0.0001 (  0.0%)   0.0000 (  0.0%)   0.0001 (  0.0%)   0.0001 (  0.0%)  Assign names to anonymous instructions (structure based)
   0.0001 (  0.0%)   0.0000 (  0.0%)   0.0001 (  0.0%)   0.0001 (  0.0%)  Natural Loop Information
   0.0001 (  0.0%)   0.0000 (  0.0%)   0.0001 (  0.0%)   0.0001 (  0.0%)  Dominator Tree Construction
   0.0001 (  0.0%)   0.0000 (  0.0%)   0.0001 (  0.0%)   0.0001 (  0.0%)  Jump Threading
   0.0001 (  0.0%)   0.0000 (  0.0%)   0.0001 (  0.0%)   0.0001 (  0.0%)  Simple constant propagation
   0.0000 (  0.0%)   0.0001 (  0.1%)   0.0001 (  0.0%)   0.0001 (  0.0%)  Loop-Closed SSA Form Pass
   0.0001 (  0.0%)   0.0000 (  0.0%)   0.0001 (  0.0%)   0.0001 (  0.0%)  Scalar Evolution Analysis
   0.0000 (  0.0%)   0.0001 (  0.1%)   0.0001 (  0.0%)   0.0001 (  0.0%)  LayoutTransform - Layout Transform Pragma Analysis
   0.0001 (  0.0%)   0.0000 (  0.0%)   0.0001 (  0.0%)   0.0001 (  0.0%)  Dead Store Elimination
   0.0001 (  0.0%)   0.0000 (  0.0%)   0.0001 (  0.0%)   0.0001 (  0.0%)  Dominator Tree Construction
   0.0001 (  0.0%)   0.0000 (  0.0%)   0.0001 (  0.0%)   0.0001 (  0.0%)  Natural Loop Information
   0.0001 (  0.0%)   0.0000 (  0.0%)   0.0001 (  0.0%)   0.0001 (  0.0%)  Optimize multiple instructions
   0.0001 (  0.0%)   0.0000 (  0.0%)   0.0001 (  0.0%)   0.0001 (  0.0%)  Natural Loop Information
   0.0001 (  0.0%)   0.0000 (  0.0%)   0.0001 (  0.0%)   0.0001 (  0.0%)  Array abnormal access check
   0.0001 (  0.0%)   0.0000 (  0.0%)   0.0001 (  0.0%)   0.0001 (  0.0%)  Dominator Tree Construction
   0.0001 (  0.0%)   0.0000 (  0.0%)   0.0001 (  0.0%)   0.0001 (  0.0%)  Dominator Tree Construction
   0.0001 (  0.0%)   0.0000 (  0.0%)   0.0001 (  0.0%)   0.0001 (  0.0%)  Pragma preprocessing after clang
   0.0001 (  0.0%)   0.0000 (  0.0%)   0.0001 (  0.0%)   0.0001 (  0.0%)  WidenBurst - Widen bursts
   0.0000 (  0.0%)   0.0000 (  0.0%)   0.0000 (  0.0%)   0.0001 (  0.0%)  Simplify the CFG
   0.0000 (  0.0%)   0.0000 (  0.1%)   0.0001 (  0.0%)   0.0001 (  0.0%)  Dominator Tree Construction
   0.0001 (  0.0%)   0.0000 (  0.0%)   0.0001 (  0.0%)   0.0001 (  0.0%)  Dominator Tree Construction
   0.0001 (  0.0%)   0.0000 (  0.0%)   0.0001 (  0.0%)   0.0001 (  0.0%)  Post-Dominator Tree Construction
   0.0000 (  0.0%)   0.0000 (  0.0%)   0.0001 (  0.0%)   0.0001 (  0.0%)  Eliminate dead debug information intrinsic
   0.0001 (  0.0%)   0.0000 (  0.0%)   0.0001 (  0.0%)   0.0001 (  0.0%)  Simplify the CFG
   0.0001 (  0.0%)   0.0000 (  0.0%)   0.0001 (  0.0%)   0.0001 (  0.0%)  Dominance Frontier Construction
   0.0001 (  0.0%)   0.0000 (  0.0%)   0.0001 (  0.0%)   0.0001 (  0.0%)  Array abnormal access check
   0.0000 (  0.0%)   0.0000 (  0.1%)   0.0001 (  0.0%)   0.0001 (  0.0%)  Natural Loop Information
   0.0001 (  0.0%)   0.0000 (  0.0%)   0.0001 (  0.0%)   0.0001 (  0.0%)  Resolve full load/store
   0.0001 (  0.0%)   0.0000 (  0.0%)   0.0001 (  0.0%)   0.0001 (  0.0%)  Natural Loop Information
   0.0001 (  0.0%)   0.0000 (  0.0%)   0.0001 (  0.0%)   0.0001 (  0.0%)  Remove redundant instructions
   0.0001 (  0.0%)   0.0000 (  0.0%)   0.0001 (  0.0%)   0.0001 (  0.0%)  Natural Loop Information
   0.0001 (  0.0%)   0.0000 (  0.0%)   0.0001 (  0.0%)   0.0001 (  0.0%)  Scalar Evolution Analysis
   0.0001 (  0.0%)   0.0000 (  0.0%)   0.0001 (  0.0%)   0.0001 (  0.0%)  Detect single entry single exit regions
   0.0001 (  0.0%)   0.0000 (  0.0%)   0.0001 (  0.0%)   0.0001 (  0.0%)  Dominator Tree Construction
   0.0001 (  0.0%)   0.0000 (  0.0%)   0.0001 (  0.0%)   0.0001 (  0.0%)  Dominator Tree Construction
   0.0000 (  0.0%)   0.0000 (  0.0%)   0.0001 (  0.0%)   0.0001 (  0.0%)  Loop-Closed SSA Form Pass
   0.0001 (  0.0%)   0.0000 (  0.0%)   0.0001 (  0.0%)   0.0001 (  0.0%)  Natural Loop Information
   0.0000 (  0.0%)   0.0000 (  0.1%)   0.0001 (  0.0%)   0.0001 (  0.0%)  Dominator Tree Construction
   0.0001 (  0.0%)   0.0000 (  0.0%)   0.0001 (  0.0%)   0.0001 (  0.0%)  LayoutTransform - Layout Transform Pragma Analysis
   0.0001 (  0.0%)   0.0000 (  0.0%)   0.0001 (  0.0%)   0.0001 (  0.0%)  CallGraph Construction
   0.0001 (  0.0%)   0.0000 (  0.0%)   0.0001 (  0.0%)   0.0001 (  0.0%)  Natural Loop Information
   0.0001 (  0.0%)   0.0000 (  0.0%)   0.0001 (  0.0%)   0.0001 (  0.0%)  CallGraph Construction
   0.0001 (  0.0%)   0.0000 (  0.0%)   0.0001 (  0.0%)   0.0001 (  0.0%)  Function Alias Analysis Results
   0.0001 (  0.0%)   0.0000 (  0.0%)   0.0001 (  0.0%)   0.0001 (  0.0%)  Canonicalize natural loops
   0.0001 (  0.0%)   0.0000 (  0.0%)   0.0001 (  0.0%)   0.0001 (  0.0%)  Scalar Evolution Analysis
   0.0000 (  0.0%)   0.0000 (  0.1%)   0.0001 (  0.0%)   0.0001 (  0.0%)  Canonicalize natural loops
   0.0000 (  0.0%)   0.0000 (  0.0%)   0.0001 (  0.0%)   0.0001 (  0.0%)  Natural Loop Information
   0.0001 (  0.0%)   0.0000 (  0.0%)   0.0001 (  0.0%)   0.0001 (  0.0%)  Dominator Tree Construction
   0.0001 (  0.0%)   0.0000 (  0.0%)   0.0001 (  0.0%)   0.0001 (  0.0%)  Dominator Tree Construction
   0.0001 (  0.0%)   0.0000 (  0.0%)   0.0001 (  0.0%)   0.0001 (  0.0%)  Dominator Tree Construction
   0.0001 (  0.0%)   0.0000 (  0.0%)   0.0001 (  0.0%)   0.0001 (  0.0%)  Natural Loop Information
   0.0001 (  0.0%)   0.0000 (  0.0%)   0.0001 (  0.0%)   0.0001 (  0.0%)  Natural Loop Information
   0.0001 (  0.0%)   0.0000 (  0.0%)   0.0001 (  0.0%)   0.0001 (  0.0%)  Dominator Tree Construction
   0.0001 (  0.0%)   0.0000 (  0.0%)   0.0001 (  0.0%)   0.0001 (  0.0%)  Natural Loop Information
   0.0001 (  0.0%)   0.0000 (  0.0%)   0.0001 (  0.0%)   0.0001 (  0.0%)  Natural Loop Information
   0.0000 (  0.0%)   0.0001 (  0.1%)   0.0001 (  0.0%)   0.0001 (  0.0%)  Dominator Tree Construction
   0.0001 (  0.0%)   0.0000 (  0.0%)   0.0001 (  0.0%)   0.0001 (  0.0%)  Natural Loop Information
   0.0001 (  0.0%)   0.0000 (  0.0%)   0.0001 (  0.0%)   0.0001 (  0.0%)  CallGraph Construction
   0.0001 (  0.0%)   0.0000 (  0.0%)   0.0001 (  0.0%)   0.0001 (  0.0%)  Scalar Evolution Analysis
   0.0001 (  0.0%)   0.0000 (  0.0%)   0.0001 (  0.0%)   0.0001 (  0.0%)  Scalar Evolution Analysis
   0.0001 (  0.0%)   0.0000 (  0.0%)   0.0001 (  0.0%)   0.0001 (  0.0%)  Canonicalize natural loops
   0.0001 (  0.0%)   0.0000 (  0.0%)   0.0001 (  0.0%)   0.0001 (  0.0%)  Dominator Tree Construction
   0.0001 (  0.0%)   0.0000 (  0.0%)   0.0001 (  0.0%)   0.0001 (  0.0%)  Natural Loop Information
   0.0000 (  0.0%)   0.0000 (  0.0%)   0.0001 (  0.0%)   0.0001 (  0.0%)  Dominator Tree Construction
   0.0001 (  0.0%)   0.0000 (  0.0%)   0.0001 (  0.0%)   0.0001 (  0.0%)  Function duplication
   0.0001 (  0.0%)   0.0000 (  0.0%)   0.0001 (  0.0%)   0.0001 (  0.0%)  Simplify the CFG
   0.0001 (  0.0%)   0.0000 (  0.0%)   0.0001 (  0.0%)   0.0001 (  0.0%)  Divergence Analysis
   0.0001 (  0.0%)   0.0000 (  0.0%)   0.0001 (  0.0%)   0.0001 (  0.0%)  Scalar Evolution Analysis
   0.0001 (  0.0%)   0.0000 (  0.0%)   0.0001 (  0.0%)   0.0001 (  0.0%)  Scalar Evolution Analysis
   0.0001 (  0.0%)   0.0000 (  0.0%)   0.0001 (  0.0%)   0.0001 (  0.0%)  Scalar Evolution Analysis
   0.0001 (  0.0%)   0.0000 (  0.0%)   0.0001 (  0.0%)   0.0001 (  0.0%)  Simplify the CFG
   0.0001 (  0.0%)   0.0000 (  0.0%)   0.0001 (  0.0%)   0.0001 (  0.0%)  Infer nuw/nsw flags for instructions
   0.0000 (  0.0%)   0.0000 (  0.0%)   0.0001 (  0.0%)   0.0001 (  0.0%)  Canonicalize natural loops
   0.0001 (  0.0%)   0.0000 (  0.0%)   0.0001 (  0.0%)   0.0001 (  0.0%)  Dominance Frontier Construction
   0.0001 (  0.0%)   0.0000 (  0.0%)   0.0001 (  0.0%)   0.0001 (  0.0%)  Scalar Evolution Analysis
   0.0000 (  0.0%)   0.0000 (  0.0%)   0.0001 (  0.0%)   0.0001 (  0.0%)  Dominator Tree Construction
   0.0001 (  0.0%)   0.0000 (  0.0%)   0.0001 (  0.0%)   0.0001 (  0.0%)  LayoutTransform - Layout Transform Pragma Analysis
   0.0001 (  0.0%)   0.0000 (  0.0%)   0.0001 (  0.0%)   0.0001 (  0.0%)  Divergence Analysis
   0.0001 (  0.0%)   0.0000 (  0.0%)   0.0001 (  0.0%)   0.0001 (  0.0%)  Achieval II estimation - estimate acheival II lower bound according to constraint
   0.0001 (  0.0%)   0.0000 (  0.0%)   0.0001 (  0.0%)   0.0001 (  0.0%)  Dominator Tree Construction
   0.0001 (  0.0%)   0.0000 (  0.0%)   0.0001 (  0.0%)   0.0001 (  0.0%)  Struct object aggregation
   0.0000 (  0.0%)   0.0001 (  0.1%)   0.0001 (  0.0%)   0.0001 (  0.0%)  Lower directive scopes
   0.0001 (  0.0%)   0.0000 (  0.0%)   0.0001 (  0.0%)   0.0001 (  0.0%)  Scalar Evolution Analysis
   0.0001 (  0.0%)   0.0000 (  0.0%)   0.0001 (  0.0%)   0.0001 (  0.0%)  Post-Dominator Tree Construction
   0.0001 (  0.0%)   0.0000 (  0.0%)   0.0001 (  0.0%)   0.0001 (  0.0%)  Scalar Evolution Analysis
   0.0001 (  0.0%)   0.0000 (  0.0%)   0.0001 (  0.0%)   0.0001 (  0.0%)  Divergence Analysis
   0.0001 (  0.0%)   0.0000 (  0.0%)   0.0001 (  0.0%)   0.0001 (  0.0%)  Simplify the CFG
   0.0001 (  0.0%)   0.0000 (  0.0%)   0.0001 (  0.0%)   0.0001 (  0.0%)  Natural Loop Information
   0.0001 (  0.0%)   0.0000 (  0.0%)   0.0001 (  0.0%)   0.0001 (  0.0%)  Natural Loop Information
   0.0001 (  0.0%)   0.0000 (  0.0%)   0.0001 (  0.0%)   0.0001 (  0.0%)  Divergence Analysis
   0.0001 (  0.0%)   0.0000 (  0.0%)   0.0001 (  0.0%)   0.0001 (  0.0%)  Scalar Evolution Analysis
   0.0001 (  0.0%)   0.0000 (  0.0%)   0.0001 (  0.0%)   0.0001 (  0.0%)  Dominator Tree Construction
   0.0001 (  0.0%)   0.0000 (  0.0%)   0.0001 (  0.0%)   0.0001 (  0.0%)  Divergence Analysis
   0.0001 (  0.0%)   0.0000 (  0.0%)   0.0001 (  0.0%)   0.0001 (  0.0%)  Infer PPPO for array-to-streams
   0.0000 (  0.0%)   0.0000 (  0.0%)   0.0001 (  0.0%)   0.0001 (  0.0%)  Scalar Evolution Analysis
   0.0001 (  0.0%)   0.0000 (  0.0%)   0.0001 (  0.0%)   0.0001 (  0.0%)  Natural Loop Information
   0.0000 (  0.0%)   0.0000 (  0.0%)   0.0001 (  0.0%)   0.0001 (  0.0%)  Dominator Tree Construction
   0.0001 (  0.0%)   0.0000 (  0.0%)   0.0001 (  0.0%)   0.0001 (  0.0%)  CallGraph Construction
   0.0000 (  0.0%)   0.0000 (  0.0%)   0.0001 (  0.0%)   0.0001 (  0.0%)  Natural Loop Information
   0.0001 (  0.0%)   0.0000 (  0.0%)   0.0001 (  0.0%)   0.0001 (  0.0%)  Scalar Evolution Analysis
   0.0000 (  0.0%)   0.0000 (  0.1%)   0.0001 (  0.0%)   0.0001 (  0.0%)  Loop Invariant Code Motion
   0.0001 (  0.0%)   0.0000 (  0.0%)   0.0001 (  0.0%)   0.0001 (  0.0%)  Localize variables
   0.0000 (  0.0%)   0.0000 (  0.0%)   0.0001 (  0.0%)   0.0001 (  0.0%)  Natural Loop Information
   0.0001 (  0.0%)   0.0000 (  0.0%)   0.0001 (  0.0%)   0.0001 (  0.0%)  Eliminate dead debug information intrinsic
   0.0000 (  0.0%)   0.0000 (  0.0%)   0.0001 (  0.0%)   0.0001 (  0.0%)  Natural Loop Information
   0.0001 (  0.0%)   0.0000 (  0.0%)   0.0001 (  0.0%)   0.0001 (  0.0%)  Dominator Tree Construction
   0.0001 (  0.0%)   0.0000 (  0.0%)   0.0001 (  0.0%)   0.0001 (  0.0%)  Loop-Closed SSA Form Pass
   0.0000 (  0.0%)   0.0000 (  0.0%)   0.0001 (  0.0%)   0.0001 (  0.0%)  Scalar Evolution Analysis
   0.0000 (  0.0%)   0.0000 (  0.0%)   0.0001 (  0.0%)   0.0001 (  0.0%)  Natural Loop Information
   0.0001 (  0.0%)   0.0000 (  0.0%)   0.0001 (  0.0%)   0.0001 (  0.0%)  Dominator Tree Construction
   0.0000 (  0.0%)   0.0000 (  0.0%)   0.0001 (  0.0%)   0.0001 (  0.0%)  Natural Loop Information
   0.0000 (  0.0%)   0.0001 (  0.1%)   0.0001 (  0.0%)   0.0001 (  0.0%)  Dead Argument Elimination
   0.0001 (  0.0%)   0.0000 (  0.0%)   0.0001 (  0.0%)   0.0001 (  0.0%)  Scalar Evolution Analysis
   0.0000 (  0.0%)   0.0000 (  0.0%)   0.0001 (  0.0%)   0.0001 (  0.0%)  Natural Loop Information
   0.0001 (  0.0%)   0.0000 (  0.0%)   0.0001 (  0.0%)   0.0001 (  0.0%)  Natural Loop Information
   0.0001 (  0.0%)   0.0000 (  0.0%)   0.0001 (  0.0%)   0.0001 (  0.0%)  Canonicalize natural loops
   0.0000 (  0.0%)   0.0000 (  0.0%)   0.0001 (  0.0%)   0.0001 (  0.0%)  Natural Loop Information
   0.0001 (  0.0%)   0.0000 (  0.0%)   0.0001 (  0.0%)   0.0001 (  0.0%)  CallGraph Construction
   0.0001 (  0.0%)   0.0000 (  0.0%)   0.0001 (  0.0%)   0.0001 (  0.0%)  Eliminate pointer selection
   0.0001 (  0.0%)   0.0000 (  0.0%)   0.0001 (  0.0%)   0.0001 (  0.0%)  Natural Loop Information
   0.0001 (  0.0%)   0.0000 (  0.0%)   0.0001 (  0.0%)   0.0001 (  0.0%)  Natural Loop Information
   0.0000 (  0.0%)   0.0000 (  0.0%)   0.0001 (  0.0%)   0.0001 (  0.0%)  Dominator Tree Construction
   0.0001 (  0.0%)   0.0000 (  0.0%)   0.0001 (  0.0%)   0.0001 (  0.0%)  CallGraph Construction
   0.0000 (  0.0%)   0.0000 (  0.0%)   0.0001 (  0.0%)   0.0001 (  0.0%)  Natural Loop Information
   0.0001 (  0.0%)   0.0000 (  0.0%)   0.0001 (  0.0%)   0.0001 (  0.0%)  Dominance Frontier Construction
   0.0001 (  0.0%)   0.0000 (  0.0%)   0.0001 (  0.0%)   0.0001 (  0.0%)  Dead Argument Elimination
   0.0001 (  0.0%)   0.0000 (  0.0%)   0.0001 (  0.0%)   0.0001 (  0.0%)  Dominator Tree Construction
   0.0000 (  0.0%)   0.0001 (  0.1%)   0.0001 (  0.0%)   0.0001 (  0.0%)  Dominator Tree Construction
   0.0001 (  0.0%)   0.0000 (  0.0%)   0.0001 (  0.0%)   0.0001 (  0.0%)  Dominator Tree Construction
   0.0000 (  0.0%)   0.0000 (  0.0%)   0.0001 (  0.0%)   0.0001 (  0.0%)  Eliminate dead debug information intrinsic
   0.0000 (  0.0%)   0.0000 (  0.0%)   0.0001 (  0.0%)   0.0001 (  0.0%)  Natural Loop Information
   0.0000 (  0.0%)   0.0000 (  0.0%)   0.0001 (  0.0%)   0.0001 (  0.0%)  Natural Loop Information
   0.0001 (  0.0%)   0.0000 (  0.0%)   0.0001 (  0.0%)   0.0001 (  0.0%)  Natural Loop Information
   0.0000 (  0.0%)   0.0000 (  0.0%)   0.0001 (  0.0%)   0.0001 (  0.0%)  Natural Loop Information
   0.0000 (  0.0%)   0.0000 (  0.0%)   0.0001 (  0.0%)   0.0001 (  0.0%)  Simplify the CFG
   0.0000 (  0.0%)   0.0000 (  0.0%)   0.0001 (  0.0%)   0.0001 (  0.0%)  Natural Loop Information
   0.0001 (  0.0%)   0.0000 (  0.0%)   0.0001 (  0.0%)   0.0001 (  0.0%)  Natural Loop Information
   0.0000 (  0.0%)   0.0000 (  0.0%)   0.0001 (  0.0%)   0.0001 (  0.0%)  Natural Loop Information
   0.0001 (  0.0%)   0.0000 (  0.0%)   0.0001 (  0.0%)   0.0001 (  0.0%)  Scalar Evolution Analysis
   0.0001 (  0.0%)   0.0000 (  0.0%)   0.0001 (  0.0%)   0.0001 (  0.0%)  Dominator Tree Construction
   0.0001 (  0.0%)   0.0000 (  0.0%)   0.0001 (  0.0%)   0.0001 (  0.0%)  Dominator Tree Construction
   0.0000 (  0.0%)   0.0000 (  0.0%)   0.0001 (  0.0%)   0.0001 (  0.0%)  Natural Loop Information
   0.0001 (  0.0%)   0.0000 (  0.0%)   0.0001 (  0.0%)   0.0001 (  0.0%)  Natural Loop Information
   0.0000 (  0.0%)   0.0000 (  0.0%)   0.0001 (  0.0%)   0.0001 (  0.0%)  Dominator Tree Construction
   0.0001 (  0.0%)   0.0000 (  0.0%)   0.0001 (  0.0%)   0.0001 (  0.0%)  Memory Dependence Analysis
   0.0000 (  0.0%)   0.0000 (  0.0%)   0.0001 (  0.0%)   0.0001 (  0.0%)  Eliminate dead debug information intrinsic
   0.0000 (  0.0%)   0.0000 (  0.0%)   0.0001 (  0.0%)   0.0001 (  0.0%)  Scalar Evolution Analysis
   0.0001 (  0.0%)   0.0000 (  0.0%)   0.0001 (  0.0%)   0.0001 (  0.0%)  Simplify the CFG
   0.0001 (  0.0%)   0.0000 (  0.0%)   0.0001 (  0.0%)   0.0001 (  0.0%)  Auto automatic array partition filter analysis
   0.0001 (  0.0%)   0.0000 (  0.0%)   0.0001 (  0.0%)   0.0001 (  0.0%)  Loop-Closed SSA Form Pass
   0.0001 (  0.0%)   0.0000 (  0.0%)   0.0001 (  0.0%)   0.0001 (  0.0%)  Dominator Tree Construction
   0.0001 (  0.0%)   0.0000 (  0.0%)   0.0001 (  0.0%)   0.0001 (  0.0%)  Natural Loop Information
   0.0000 (  0.0%)   0.0000 (  0.0%)   0.0001 (  0.0%)   0.0001 (  0.0%)  Dominator Tree Construction
   0.0000 (  0.0%)   0.0000 (  0.0%)   0.0001 (  0.0%)   0.0001 (  0.0%)  Loop-Closed SSA Form Pass
   0.0000 (  0.0%)   0.0000 (  0.1%)   0.0001 (  0.0%)   0.0001 (  0.0%)  Canonicalize natural loops
   0.0001 (  0.0%)   0.0000 (  0.0%)   0.0001 (  0.0%)   0.0001 (  0.0%)  Scalar Evolution Analysis
   0.0001 (  0.0%)   0.0000 (  0.0%)   0.0001 (  0.0%)   0.0001 (  0.0%)  Natural Loop Information
   0.0001 (  0.0%)   0.0000 (  0.0%)   0.0001 (  0.0%)   0.0001 (  0.0%)  Eliminate pointer selection
   0.0001 (  0.0%)   0.0000 (  0.0%)   0.0001 (  0.0%)   0.0001 (  0.0%)  Scalar Evolution Analysis
   0.0000 (  0.0%)   0.0000 (  0.0%)   0.0001 (  0.0%)   0.0001 (  0.0%)  Scalar Evolution Analysis
   0.0001 (  0.0%)   0.0000 (  0.0%)   0.0001 (  0.0%)   0.0001 (  0.0%)  Scalar Evolution Analysis
   0.0000 (  0.0%)   0.0000 (  0.0%)   0.0001 (  0.0%)   0.0001 (  0.0%)  Natural Loop Information
   0.0000 (  0.0%)   0.0000 (  0.0%)   0.0001 (  0.0%)   0.0001 (  0.0%)  Dominator Tree Construction
   0.0000 (  0.0%)   0.0000 (  0.0%)   0.0001 (  0.0%)   0.0001 (  0.0%)  Infer nuw/nsw flags for instructions
   0.0001 (  0.0%)   0.0000 (  0.0%)   0.0001 (  0.0%)   0.0001 (  0.0%)  Extract cfgs in dataflow
   0.0000 (  0.0%)   0.0000 (  0.0%)   0.0001 (  0.0%)   0.0001 (  0.0%)  Scalar Evolution Analysis
   0.0000 (  0.0%)   0.0000 (  0.0%)   0.0001 (  0.0%)   0.0001 (  0.0%)  Dominator Tree Construction
   0.0001 (  0.0%)   0.0000 (  0.0%)   0.0001 (  0.0%)   0.0001 (  0.0%)  Achieval II estimation - estimate acheival II lower bound according to constraint
   0.0001 (  0.0%)   0.0000 (  0.0%)   0.0001 (  0.0%)   0.0001 (  0.0%)  Scalar Evolution Analysis
   0.0000 (  0.0%)   0.0000 (  0.1%)   0.0001 (  0.0%)   0.0001 (  0.0%)  Natural Loop Information
   0.0001 (  0.0%)   0.0000 (  0.0%)   0.0001 (  0.0%)   0.0001 (  0.0%)  Dominator Tree Construction
   0.0000 (  0.0%)   0.0000 (  0.0%)   0.0001 (  0.0%)   0.0001 (  0.0%)  Scalar Evolution Analysis
   0.0000 (  0.0%)   0.0000 (  0.0%)   0.0001 (  0.0%)   0.0001 (  0.0%)  Scalar Evolution Analysis
   0.0001 (  0.0%)   0.0000 (  0.0%)   0.0001 (  0.0%)   0.0001 (  0.0%)  Natural Loop Information
   0.0000 (  0.0%)   0.0000 (  0.0%)   0.0001 (  0.0%)   0.0001 (  0.0%)  Natural Loop Information
   0.0001 (  0.0%)   0.0000 (  0.0%)   0.0001 (  0.0%)   0.0001 (  0.0%)  Scalar Evolution Analysis
   0.0000 (  0.0%)   0.0001 (  0.1%)   0.0001 (  0.0%)   0.0001 (  0.0%)  CallGraph Construction
   0.0001 (  0.0%)   0.0000 (  0.0%)   0.0001 (  0.0%)   0.0001 (  0.0%)  Dominator Tree Construction
   0.0000 (  0.0%)   0.0000 (  0.0%)   0.0001 (  0.0%)   0.0001 (  0.0%)  Dominator Tree Construction
   0.0001 (  0.0%)   0.0000 (  0.0%)   0.0001 (  0.0%)   0.0001 (  0.0%)  Dead Argument Elimination
   0.0001 (  0.0%)   0.0000 (  0.0%)   0.0001 (  0.0%)   0.0001 (  0.0%)  Scalar Evolution Analysis
   0.0001 (  0.0%)   0.0000 (  0.0%)   0.0001 (  0.0%)   0.0001 (  0.0%)  Function Alias Analysis Results
   0.0001 (  0.0%)   0.0000 (  0.0%)   0.0001 (  0.0%)   0.0001 (  0.0%)  Dominance Frontier Construction
   0.0000 (  0.0%)   0.0000 (  0.0%)   0.0001 (  0.0%)   0.0001 (  0.0%)  Natural Loop Information
   0.0001 (  0.0%)   0.0000 (  0.0%)   0.0001 (  0.0%)   0.0001 (  0.0%)  Eliminate dead debug information intrinsic
   0.0000 (  0.0%)   0.0000 (  0.0%)   0.0001 (  0.0%)   0.0001 (  0.0%)  Loop-Closed SSA Form Pass
   0.0000 (  0.0%)   0.0000 (  0.0%)   0.0001 (  0.0%)   0.0001 (  0.0%)  Dominator Tree Construction
   0.0001 (  0.0%)   0.0000 (  0.0%)   0.0001 (  0.0%)   0.0001 (  0.0%)  Function Alias Analysis Results
   0.0000 (  0.0%)   0.0000 (  0.0%)   0.0001 (  0.0%)   0.0001 (  0.0%)  Natural Loop Information
   0.0001 (  0.0%)   0.0000 (  0.0%)   0.0001 (  0.0%)   0.0001 (  0.0%)  Infer complete unroll based on pipeline pragma
   0.0001 (  0.0%)   0.0000 (  0.0%)   0.0001 (  0.0%)   0.0001 (  0.0%)  Scalar Evolution Analysis
   0.0001 (  0.0%)   0.0000 (  0.0%)   0.0001 (  0.0%)   0.0001 (  0.0%)  Natural Loop Information
   0.0000 (  0.0%)   0.0000 (  0.0%)   0.0001 (  0.0%)   0.0001 (  0.0%)  Scalar Evolution Analysis
   0.0001 (  0.0%)   0.0000 (  0.0%)   0.0001 (  0.0%)   0.0001 (  0.0%)  AttrPropagation - Propagate Pointer Parameter Attribute
   0.0000 (  0.0%)   0.0000 (  0.0%)   0.0001 (  0.0%)   0.0001 (  0.0%)  Natural Loop Information
   0.0000 (  0.0%)   0.0000 (  0.0%)   0.0001 (  0.0%)   0.0001 (  0.0%)  Eliminate dead debug information intrinsic
   0.0000 (  0.0%)   0.0001 (  0.1%)   0.0001 (  0.0%)   0.0001 (  0.0%)  Loop-Closed SSA Form Pass
   0.0001 (  0.0%)   0.0000 (  0.0%)   0.0001 (  0.0%)   0.0001 (  0.0%)  Dominator Tree Construction
   0.0001 (  0.0%)   0.0000 (  0.0%)   0.0001 (  0.0%)   0.0001 (  0.0%)  Scalar Evolution Analysis
   0.0000 (  0.0%)   0.0001 (  0.1%)   0.0001 (  0.0%)   0.0001 (  0.0%)  Loop-Closed SSA Form Pass
   0.0000 (  0.0%)   0.0000 (  0.0%)   0.0001 (  0.0%)   0.0001 (  0.0%)  Scalar Evolution Analysis
   0.0001 (  0.0%)   0.0000 (  0.0%)   0.0001 (  0.0%)   0.0001 (  0.0%)  Loop-Closed SSA Form Pass
   0.0000 (  0.0%)   0.0001 (  0.1%)   0.0001 (  0.0%)   0.0001 (  0.0%)  Dead Global Elimination
   0.0001 (  0.0%)   0.0000 (  0.0%)   0.0001 (  0.0%)   0.0001 (  0.0%)  Simplify the CFG
   0.0001 (  0.0%)   0.0000 (  0.0%)   0.0001 (  0.0%)   0.0001 (  0.0%)  Dead Argument Elimination
   0.0001 (  0.0%)   0.0000 (  0.0%)   0.0001 (  0.0%)   0.0001 (  0.0%)  Natural Loop Information
   0.0000 (  0.0%)   0.0000 (  0.0%)   0.0001 (  0.0%)   0.0001 (  0.0%)  Scalar Evolution Analysis
   0.0000 (  0.0%)   0.0000 (  0.1%)   0.0001 (  0.0%)   0.0001 (  0.0%)  Scalar Evolution Analysis
   0.0000 (  0.0%)   0.0000 (  0.1%)   0.0001 (  0.0%)   0.0001 (  0.0%)  Lower black box
   0.0000 (  0.0%)   0.0000 (  0.0%)   0.0001 (  0.0%)   0.0001 (  0.0%)  Dominator Tree Construction
   0.0001 (  0.0%)   0.0000 (  0.0%)   0.0001 (  0.0%)   0.0001 (  0.0%)  Optimization Remark Emitter
   0.0000 (  0.0%)   0.0000 (  0.0%)   0.0001 (  0.0%)   0.0001 (  0.0%)  Scalar Evolution Analysis
   0.0001 (  0.0%)   0.0000 (  0.0%)   0.0001 (  0.0%)   0.0001 (  0.0%)  Natural Loop Information
   0.0000 (  0.0%)   0.0000 (  0.0%)   0.0001 (  0.0%)   0.0001 (  0.0%)  Simplify the CFG
   0.0000 (  0.0%)   0.0001 (  0.1%)   0.0001 (  0.0%)   0.0001 (  0.0%)  CallGraph Construction
   0.0000 (  0.0%)   0.0000 (  0.0%)   0.0001 (  0.0%)   0.0001 (  0.0%)  Natural Loop Information
   0.0001 (  0.0%)   0.0000 (  0.0%)   0.0001 (  0.0%)   0.0001 (  0.0%)  Eliminate dead debug information intrinsic
   0.0000 (  0.0%)   0.0000 (  0.0%)   0.0001 (  0.0%)   0.0001 (  0.0%)  Function Alias Analysis Results
   0.0000 (  0.0%)   0.0000 (  0.0%)   0.0001 (  0.0%)   0.0001 (  0.0%)  Natural Loop Information
   0.0001 (  0.0%)   0.0000 (  0.0%)   0.0001 (  0.0%)   0.0001 (  0.0%)  Scalar Evolution Analysis
   0.0000 (  0.0%)   0.0000 (  0.0%)   0.0000 (  0.0%)   0.0001 (  0.0%)  Natural Loop Information
   0.0000 (  0.0%)   0.0000 (  0.0%)   0.0001 (  0.0%)   0.0001 (  0.0%)  Canonicalize natural loops
   0.0001 (  0.0%)   0.0000 (  0.0%)   0.0001 (  0.0%)   0.0001 (  0.0%)  Natural Loop Information
   0.0001 (  0.0%)   0.0000 (  0.0%)   0.0001 (  0.0%)   0.0001 (  0.0%)  Eliminate dead debug information intrinsic
   0.0001 (  0.0%)   0.0000 (  0.0%)   0.0001 (  0.0%)   0.0001 (  0.0%)  Dominator Tree Construction
   0.0001 (  0.0%)   0.0000 (  0.0%)   0.0001 (  0.0%)   0.0001 (  0.0%)  Function Alias Analysis Results
   0.0000 (  0.0%)   0.0000 (  0.0%)   0.0001 (  0.0%)   0.0001 (  0.0%)  Basic Alias Analysis (stateless AA impl)
   0.0000 (  0.0%)   0.0000 (  0.0%)   0.0001 (  0.0%)   0.0001 (  0.0%)  Scalar Evolution Analysis
   0.0000 (  0.0%)   0.0000 (  0.0%)   0.0001 (  0.0%)   0.0001 (  0.0%)  Eliminate dead debug information intrinsic
   0.0000 (  0.0%)   0.0000 (  0.0%)   0.0001 (  0.0%)   0.0001 (  0.0%)  Dominator Tree Construction
   0.0001 (  0.0%)   0.0000 (  0.0%)   0.0001 (  0.0%)   0.0001 (  0.0%)  Infer loop trip count
   0.0000 (  0.0%)   0.0000 (  0.0%)   0.0001 (  0.0%)   0.0001 (  0.0%)  Natural Loop Information
   0.0000 (  0.0%)   0.0000 (  0.0%)   0.0000 (  0.0%)   0.0001 (  0.0%)  Simplify the CFG
   0.0000 (  0.0%)   0.0000 (  0.0%)   0.0001 (  0.0%)   0.0001 (  0.0%)  Scalar Evolution Analysis
   0.0000 (  0.0%)   0.0000 (  0.0%)   0.0001 (  0.0%)   0.0001 (  0.0%)  Loop-Closed SSA Form Pass
   0.0000 (  0.0%)   0.0000 (  0.0%)   0.0001 (  0.0%)   0.0001 (  0.0%)  Scalar Evolution Analysis
   0.0000 (  0.0%)   0.0001 (  0.1%)   0.0001 (  0.0%)   0.0001 (  0.0%)  Natural Loop Information
   0.0000 (  0.0%)   0.0000 (  0.0%)   0.0000 (  0.0%)   0.0001 (  0.0%)  Loop-Closed SSA Form Pass
   0.0000 (  0.0%)   0.0000 (  0.0%)   0.0001 (  0.0%)   0.0001 (  0.0%)  Scalar Evolution Analysis
   0.0001 (  0.0%)   0.0000 (  0.0%)   0.0001 (  0.0%)   0.0001 (  0.0%)  Canonicalize natural loops
   0.0000 (  0.0%)   0.0000 (  0.0%)   0.0001 (  0.0%)   0.0001 (  0.0%)  Scalar Evolution Analysis
   0.0000 (  0.0%)   0.0000 (  0.0%)   0.0001 (  0.0%)   0.0001 (  0.0%)  Natural Loop Information
   0.0000 (  0.0%)   0.0000 (  0.0%)   0.0000 (  0.0%)   0.0001 (  0.0%)  Simplify the CFG
   0.0000 (  0.0%)   0.0000 (  0.0%)   0.0000 (  0.0%)   0.0001 (  0.0%)  Natural Loop Information
   0.0000 (  0.0%)   0.0000 (  0.0%)   0.0000 (  0.0%)   0.0001 (  0.0%)  Basic Alias Analysis (stateless AA impl)
   0.0000 (  0.0%)   0.0000 (  0.0%)   0.0000 (  0.0%)   0.0001 (  0.0%)  Natural Loop Information
   0.0000 (  0.0%)   0.0000 (  0.0%)   0.0001 (  0.0%)   0.0001 (  0.0%)  Natural Loop Information
   0.0001 (  0.0%)   0.0000 (  0.0%)   0.0001 (  0.0%)   0.0001 (  0.0%)  Scalar Evolution Analysis
   0.0000 (  0.0%)   0.0000 (  0.0%)   0.0001 (  0.0%)   0.0001 (  0.0%)  Scalar Evolution Analysis
   0.0000 (  0.0%)   0.0000 (  0.0%)   0.0001 (  0.0%)   0.0001 (  0.0%)  Dominator Tree Construction
   0.0000 (  0.0%)   0.0000 (  0.0%)   0.0001 (  0.0%)   0.0001 (  0.0%)  Scalar Evolution Analysis
   0.0000 (  0.0%)   0.0000 (  0.0%)   0.0000 (  0.0%)   0.0001 (  0.0%)  Scalar Evolution Analysis
   0.0000 (  0.0%)   0.0000 (  0.0%)   0.0000 (  0.0%)   0.0001 (  0.0%)  Natural Loop Information
   0.0000 (  0.0%)   0.0000 (  0.0%)   0.0000 (  0.0%)   0.0000 (  0.0%)  Natural Loop Information
   0.0000 (  0.0%)   0.0000 (  0.0%)   0.0000 (  0.0%)   0.0000 (  0.0%)  Promote Memory to Register
   0.0000 (  0.0%)   0.0000 (  0.0%)   0.0000 (  0.0%)   0.0000 (  0.0%)  Scalar Evolution Analysis
   0.0000 (  0.0%)   0.0000 (  0.0%)   0.0000 (  0.0%)   0.0000 (  0.0%)  Dominator Tree Construction
   0.0000 (  0.0%)   0.0000 (  0.0%)   0.0000 (  0.0%)   0.0000 (  0.0%)  Natural Loop Information
   0.0000 (  0.0%)   0.0000 (  0.0%)   0.0001 (  0.0%)   0.0000 (  0.0%)  Scalar Evolution Analysis
   0.0000 (  0.0%)   0.0000 (  0.0%)   0.0000 (  0.0%)   0.0000 (  0.0%)  Eliminate pointer selection
   0.0000 (  0.0%)   0.0000 (  0.0%)   0.0000 (  0.0%)   0.0000 (  0.0%)  Dead Global Elimination
   0.0000 (  0.0%)   0.0000 (  0.0%)   0.0001 (  0.0%)   0.0000 (  0.0%)  Dominator Tree Construction
   0.0000 (  0.0%)   0.0000 (  0.0%)   0.0000 (  0.0%)   0.0000 (  0.0%)  Natural Loop Information
   0.0000 (  0.0%)   0.0000 (  0.1%)   0.0000 (  0.0%)   0.0000 (  0.0%)  clean some traps produced by clang
   0.0000 (  0.0%)   0.0000 (  0.0%)   0.0000 (  0.0%)   0.0000 (  0.0%)  Function Alias Analysis Results
   0.0000 (  0.0%)   0.0000 (  0.0%)   0.0000 (  0.0%)   0.0000 (  0.0%)  Scalar Evolution Analysis
   0.0000 (  0.0%)   0.0000 (  0.0%)   0.0001 (  0.0%)   0.0000 (  0.0%)  Scalar Evolution Analysis
   0.0000 (  0.0%)   0.0000 (  0.0%)   0.0001 (  0.0%)   0.0000 (  0.0%)  Loop-Closed SSA Form Pass
   0.0000 (  0.0%)   0.0000 (  0.0%)   0.0000 (  0.0%)   0.0000 (  0.0%)  Dominator Tree Construction
   0.0000 (  0.0%)   0.0000 (  0.0%)   0.0000 (  0.0%)   0.0000 (  0.0%)  Eliminate pointer selection
   0.0000 (  0.0%)   0.0000 (  0.0%)   0.0000 (  0.0%)   0.0000 (  0.0%)  Scalar Evolution Analysis
   0.0000 (  0.0%)   0.0000 (  0.0%)   0.0000 (  0.0%)   0.0000 (  0.0%)  Promote Memory to Register
   0.0000 (  0.0%)   0.0000 (  0.0%)   0.0000 (  0.0%)   0.0000 (  0.0%)  Reduce the height of tree
   0.0000 (  0.0%)   0.0000 (  0.0%)   0.0000 (  0.0%)   0.0000 (  0.0%)  Eliminate dead debug information intrinsic
   0.0000 (  0.0%)   0.0000 (  0.0%)   0.0000 (  0.0%)   0.0000 (  0.0%)  Localize variables
   0.0000 (  0.0%)   0.0000 (  0.0%)   0.0000 (  0.0%)   0.0000 (  0.0%)  Basic Alias Analysis (stateless AA impl)
   0.0000 (  0.0%)   0.0000 (  0.0%)   0.0000 (  0.0%)   0.0000 (  0.0%)  Scalar Evolution Analysis
   0.0000 (  0.0%)   0.0000 (  0.0%)   0.0000 (  0.0%)   0.0000 (  0.0%)  Scalar Evolution Analysis
   0.0000 (  0.0%)   0.0000 (  0.0%)   0.0000 (  0.0%)   0.0000 (  0.0%)  Infer complete unroll based on pipeline pragma
   0.0000 (  0.0%)   0.0000 (  0.0%)   0.0000 (  0.0%)   0.0000 (  0.0%)  Basic Alias Analysis (stateless AA impl)
   0.0000 (  0.0%)   0.0000 (  0.0%)   0.0000 (  0.0%)   0.0000 (  0.0%)  Scalar Evolution Analysis
   0.0000 (  0.0%)   0.0000 (  0.0%)   0.0000 (  0.0%)   0.0000 (  0.0%)  Scalar Evolution Analysis
   0.0000 (  0.0%)   0.0000 (  0.0%)   0.0000 (  0.0%)   0.0000 (  0.0%)  Infer complete unroll based on pipeline pragma
   0.0000 (  0.0%)   0.0000 (  0.0%)   0.0000 (  0.0%)   0.0000 (  0.0%)  Scalar Evolution Analysis
   0.0000 (  0.0%)   0.0000 (  0.0%)   0.0000 (  0.0%)   0.0000 (  0.0%)  Infer nuw/nsw flags for instructions
   0.0000 (  0.0%)   0.0000 (  0.0%)   0.0000 (  0.0%)   0.0000 (  0.0%)  Localize variables
   0.0000 (  0.0%)   0.0000 (  0.0%)   0.0000 (  0.0%)   0.0000 (  0.0%)  Function Alias Analysis Results
   0.0001 (  0.0%)   0.0000 (  0.0%)   0.0001 (  0.0%)   0.0000 (  0.0%)  Scalar Evolution Analysis
   0.0000 (  0.0%)   0.0000 (  0.0%)   0.0000 (  0.0%)   0.0000 (  0.0%)  Natural Loop Information
   0.0000 (  0.0%)   0.0000 (  0.0%)   0.0000 (  0.0%)   0.0000 (  0.0%)  Scalar Evolution Analysis
   0.0000 (  0.0%)   0.0000 (  0.0%)   0.0000 (  0.0%)   0.0000 (  0.0%)  Scalar Evolution Analysis
   0.0000 (  0.0%)   0.0000 (  0.0%)   0.0000 (  0.0%)   0.0000 (  0.0%)  Scalar Evolution Analysis
   0.0000 (  0.0%)   0.0000 (  0.0%)   0.0000 (  0.0%)   0.0000 (  0.0%)  Dominator Tree Construction
   0.0000 (  0.0%)   0.0000 (  0.0%)   0.0000 (  0.0%)   0.0000 (  0.0%)  Scalar Evolution Analysis
   0.0001 (  0.0%)   0.0000 (  0.0%)   0.0001 (  0.0%)   0.0000 (  0.0%)  Scalar Evolution Analysis
   0.0000 (  0.0%)   0.0000 (  0.0%)   0.0000 (  0.0%)   0.0000 (  0.0%)  Scalar Evolution Analysis
   0.0000 (  0.0%)   0.0000 (  0.0%)   0.0000 (  0.0%)   0.0000 (  0.0%)  Scalar Evolution Analysis
   0.0000 (  0.0%)   0.0000 (  0.0%)   0.0000 (  0.0%)   0.0000 (  0.0%)  Natural Loop Information
   0.0000 (  0.0%)   0.0000 (  0.0%)   0.0000 (  0.0%)   0.0000 (  0.0%)  Scalar Evolution Analysis
   0.0000 (  0.0%)   0.0000 (  0.0%)   0.0000 (  0.0%)   0.0000 (  0.0%)  Scalar Evolution Analysis
   0.0000 (  0.0%)   0.0000 (  0.0%)   0.0000 (  0.0%)   0.0000 (  0.0%)  Function Alias Analysis Results
   0.0000 (  0.0%)   0.0000 (  0.0%)   0.0000 (  0.0%)   0.0000 (  0.0%)  AccessGroup - Group the memory access for the same object
   0.0000 (  0.0%)   0.0000 (  0.0%)   0.0000 (  0.0%)   0.0000 (  0.0%)  Scalar Evolution Analysis
   0.0000 (  0.0%)   0.0000 (  0.0%)   0.0001 (  0.0%)   0.0000 (  0.0%)  Scalar Evolution Analysis
   0.0000 (  0.0%)   0.0000 (  0.0%)   0.0000 (  0.0%)   0.0000 (  0.0%)  Scalar Evolution Analysis
   0.0000 (  0.0%)   0.0000 (  0.0%)   0.0000 (  0.0%)   0.0000 (  0.0%)  Remove unreachable basic blocks under switch
   0.0000 (  0.0%)   0.0000 (  0.1%)   0.0000 (  0.0%)   0.0000 (  0.0%)  Function Alias Analysis Results
   0.0000 (  0.0%)   0.0000 (  0.0%)   0.0000 (  0.0%)   0.0000 (  0.0%)  Scalar Evolution Analysis
   0.0000 (  0.0%)   0.0000 (  0.0%)   0.0000 (  0.0%)   0.0000 (  0.0%)  Scalar Evolution Analysis
   0.0000 (  0.0%)   0.0000 (  0.0%)   0.0000 (  0.0%)   0.0000 (  0.0%)  CallGraph Construction
   0.0000 (  0.0%)   0.0000 (  0.0%)   0.0000 (  0.0%)   0.0000 (  0.0%)  Eliminate dead debug information intrinsic
   0.0000 (  0.0%)   0.0000 (  0.0%)   0.0000 (  0.0%)   0.0000 (  0.0%)  Scalar Evolution Analysis
   0.0000 (  0.0%)   0.0000 (  0.0%)   0.0000 (  0.0%)   0.0000 (  0.0%)  Optimize multiple instructions
   0.0000 (  0.0%)   0.0000 (  0.0%)   0.0000 (  0.0%)   0.0000 (  0.0%)  Global Variable Optimizer
   0.0000 (  0.0%)   0.0000 (  0.0%)   0.0000 (  0.0%)   0.0000 (  0.0%)  CallGraph Construction
   0.0000 (  0.0%)   0.0000 (  0.0%)   0.0000 (  0.0%)   0.0000 (  0.0%)  Infer nuw/nsw flags for instructions
   0.0000 (  0.0%)   0.0000 (  0.1%)   0.0000 (  0.0%)   0.0000 (  0.0%)  Resolve full load/store
   0.0000 (  0.0%)   0.0000 (  0.0%)   0.0000 (  0.0%)   0.0000 (  0.0%)  Scalar Evolution Analysis
   0.0000 (  0.0%)   0.0000 (  0.0%)   0.0000 (  0.0%)   0.0000 (  0.0%)  Basic Alias Analysis (stateless AA impl)
   0.0000 (  0.0%)   0.0000 (  0.0%)   0.0000 (  0.0%)   0.0000 (  0.0%)  CallGraph Construction
   0.0000 (  0.0%)   0.0000 (  0.0%)   0.0000 (  0.0%)   0.0000 (  0.0%)  Scalar Evolution Analysis
   0.0000 (  0.0%)   0.0000 (  0.0%)   0.0000 (  0.0%)   0.0000 (  0.0%)  Scalar Evolution Analysis
   0.0000 (  0.0%)   0.0000 (  0.0%)   0.0000 (  0.0%)   0.0000 (  0.0%)  Lower tasks into dataflow form
   0.0000 (  0.0%)   0.0000 (  0.0%)   0.0000 (  0.0%)   0.0000 (  0.0%)  Infer nuw/nsw flags for instructions
   0.0000 (  0.0%)   0.0000 (  0.0%)   0.0000 (  0.0%)   0.0000 (  0.0%)  Basic Alias Analysis (stateless AA impl)
   0.0000 (  0.0%)   0.0000 (  0.0%)   0.0000 (  0.0%)   0.0000 (  0.0%)  Basic Alias Analysis (stateless AA impl)
   0.0000 (  0.0%)   0.0000 (  0.0%)   0.0000 (  0.0%)   0.0000 (  0.0%)  Scalar Evolution Analysis
   0.0000 (  0.0%)   0.0000 (  0.0%)   0.0000 (  0.0%)   0.0000 (  0.0%)  Post-Dominator Tree Construction
   0.0000 (  0.0%)   0.0000 (  0.0%)   0.0000 (  0.0%)   0.0000 (  0.0%)  Basic Alias Analysis (stateless AA impl)
   0.0000 (  0.0%)   0.0000 (  0.0%)   0.0000 (  0.0%)   0.0000 (  0.0%)  Function Alias Analysis Results
   0.0000 (  0.0%)   0.0000 (  0.0%)   0.0000 (  0.0%)   0.0000 (  0.0%)  CallGraph Construction
   0.0000 (  0.0%)   0.0000 (  0.0%)   0.0000 (  0.0%)   0.0000 (  0.0%)  SimplifyPredicate - Simplify predicate
   0.0000 (  0.0%)   0.0000 (  0.0%)   0.0000 (  0.0%)   0.0000 (  0.0%)  Function Alias Analysis Results
   0.0000 (  0.0%)   0.0000 (  0.0%)   0.0000 (  0.0%)   0.0000 (  0.0%)  Infer nuw/nsw flags for instructions
   0.0000 (  0.0%)   0.0000 (  0.0%)   0.0000 (  0.0%)   0.0000 (  0.0%)  CallGraph Construction
   0.0000 (  0.0%)   0.0000 (  0.0%)   0.0000 (  0.0%)   0.0000 (  0.0%)  Scalar Evolution Analysis
   0.0000 (  0.0%)   0.0000 (  0.0%)   0.0000 (  0.0%)   0.0000 (  0.0%)  ScalarEvolution-based Alias Analysis
   0.0000 (  0.0%)   0.0000 (  0.0%)   0.0000 (  0.0%)   0.0000 (  0.0%)  Canonicalize natural loops
   0.0000 (  0.0%)   0.0000 (  0.0%)   0.0000 (  0.0%)   0.0000 (  0.0%)  Natural Loop Information
   0.0000 (  0.0%)   0.0000 (  0.0%)   0.0000 (  0.0%)   0.0000 (  0.0%)  CallGraph Construction
   0.0000 (  0.0%)   0.0000 (  0.0%)   0.0000 (  0.0%)   0.0000 (  0.0%)  Rotate Loops
   0.0000 (  0.0%)   0.0000 (  0.0%)   0.0000 (  0.0%)   0.0000 (  0.0%)  Scalar Evolution Analysis
   0.0000 (  0.0%)   0.0000 (  0.0%)   0.0000 (  0.0%)   0.0000 (  0.0%)  Scalar Evolution Analysis
   0.0000 (  0.0%)   0.0000 (  0.0%)   0.0000 (  0.0%)   0.0000 (  0.0%)  Scalar Evolution Analysis
   0.0000 (  0.0%)   0.0000 (  0.0%)   0.0000 (  0.0%)   0.0000 (  0.0%)  Function Alias Analysis Results
   0.0000 (  0.0%)   0.0000 (  0.0%)   0.0000 (  0.0%)   0.0000 (  0.0%)  Function Alias Analysis Results
   0.0000 (  0.0%)   0.0000 (  0.1%)   0.0000 (  0.0%)   0.0000 (  0.0%)  Scalar Evolution Analysis
   0.0000 (  0.0%)   0.0000 (  0.0%)   0.0000 (  0.0%)   0.0000 (  0.0%)  Function Alias Analysis Results
   0.0000 (  0.0%)   0.0000 (  0.0%)   0.0000 (  0.0%)   0.0000 (  0.0%)  Infer nuw/nsw flags for instructions
   0.0000 (  0.0%)   0.0000 (  0.0%)   0.0000 (  0.0%)   0.0000 (  0.0%)  Memory Dependence Analysis
   0.0000 (  0.0%)   0.0000 (  0.0%)   0.0000 (  0.0%)   0.0000 (  0.0%)  Natural Loop Information
   0.0000 (  0.0%)   0.0000 (  0.0%)   0.0000 (  0.0%)   0.0000 (  0.0%)  Infer nuw/nsw flags for instructions
   0.0000 (  0.0%)   0.0000 (  0.0%)   0.0000 (  0.0%)   0.0000 (  0.0%)  Function Alias Analysis Results
   0.0000 (  0.0%)   0.0000 (  0.0%)   0.0000 (  0.0%)   0.0000 (  0.0%)  Post-Dominator Tree Construction
   0.0000 (  0.0%)   0.0000 (  0.0%)   0.0000 (  0.0%)   0.0000 (  0.0%)  Basic Alias Analysis (stateless AA impl)
   0.0000 (  0.0%)   0.0000 (  0.0%)   0.0000 (  0.0%)   0.0000 (  0.0%)  Lower printf for the fpga target
   0.0000 (  0.0%)   0.0000 (  0.0%)   0.0000 (  0.0%)   0.0000 (  0.0%)  Infer nuw/nsw flags for instructions
   0.0000 (  0.0%)   0.0000 (  0.0%)   0.0000 (  0.0%)   0.0000 (  0.0%)  Function Alias Analysis Results
   0.0000 (  0.0%)   0.0000 (  0.0%)   0.0000 (  0.0%)   0.0000 (  0.0%)  Scalar Evolution Analysis
   0.0000 (  0.0%)   0.0000 (  0.0%)   0.0000 (  0.0%)   0.0000 (  0.0%)  Function Alias Analysis Results
   0.0000 (  0.0%)   0.0000 (  0.0%)   0.0000 (  0.0%)   0.0000 (  0.0%)  Optimization Remark Emitter
   0.0000 (  0.0%)   0.0000 (  0.0%)   0.0000 (  0.0%)   0.0000 (  0.0%)  Basic Alias Analysis (stateless AA impl)
   0.0000 (  0.0%)   0.0000 (  0.0%)   0.0000 (  0.0%)   0.0000 (  0.0%)  Basic Alias Analysis (stateless AA impl)
   0.0000 (  0.0%)   0.0000 (  0.0%)   0.0000 (  0.0%)   0.0000 (  0.0%)  Lazy Value Information Analysis
   0.0000 (  0.0%)   0.0000 (  0.0%)   0.0000 (  0.0%)   0.0000 (  0.0%)  Eliminate dead debug information intrinsic
   0.0000 (  0.0%)   0.0000 (  0.0%)   0.0000 (  0.0%)   0.0000 (  0.0%)  Basic Alias Analysis (stateless AA impl)
   0.0000 (  0.0%)   0.0000 (  0.0%)   0.0000 (  0.0%)   0.0000 (  0.0%)  Simplify the CFG
   0.0000 (  0.0%)   0.0000 (  0.0%)   0.0000 (  0.0%)   0.0000 (  0.0%)  Infer complete unroll based on pipeline pragma
   0.0000 (  0.0%)   0.0000 (  0.0%)   0.0000 (  0.0%)   0.0000 (  0.0%)  Simplify the CFG
   0.0000 (  0.0%)   0.0000 (  0.0%)   0.0000 (  0.0%)   0.0000 (  0.0%)  Lazy Branch Probability Analysis
   0.0000 (  0.0%)   0.0000 (  0.0%)   0.0000 (  0.0%)   0.0000 (  0.0%)  Basic Alias Analysis (stateless AA impl)
   0.0000 (  0.0%)   0.0000 (  0.0%)   0.0000 (  0.0%)   0.0000 (  0.0%)  Infer nuw/nsw flags for instructions
   0.0000 (  0.0%)   0.0000 (  0.0%)   0.0000 (  0.0%)   0.0000 (  0.0%)  Resolve full load/store
   0.0000 (  0.0%)   0.0000 (  0.0%)   0.0000 (  0.0%)   0.0000 (  0.0%)  CallGraph Construction
   0.0000 (  0.0%)   0.0000 (  0.0%)   0.0000 (  0.0%)   0.0000 (  0.0%)  Basic Alias Analysis (stateless AA impl)
   0.0000 (  0.0%)   0.0000 (  0.0%)   0.0000 (  0.0%)   0.0000 (  0.0%)  Loop Access Analysis
   0.0000 (  0.0%)   0.0000 (  0.0%)   0.0000 (  0.0%)   0.0000 (  0.0%)  Infer nuw/nsw flags for instructions
   0.0000 (  0.0%)   0.0000 (  0.0%)   0.0000 (  0.0%)   0.0000 (  0.0%)  Function Alias Analysis Results
   0.0000 (  0.0%)   0.0000 (  0.0%)   0.0000 (  0.0%)   0.0000 (  0.0%)  CallGraph Construction
   0.0000 (  0.0%)   0.0000 (  0.0%)   0.0000 (  0.0%)   0.0000 (  0.0%)  Scalar Evolution Analysis
   0.0000 (  0.0%)   0.0000 (  0.0%)   0.0000 (  0.0%)   0.0000 (  0.0%)  Post-Dominator Tree Construction
   0.0000 (  0.0%)   0.0000 (  0.0%)   0.0000 (  0.0%)   0.0000 (  0.0%)  Preprocessing before loop rotation
   0.0000 (  0.0%)   0.0000 (  0.0%)   0.0000 (  0.0%)   0.0000 (  0.0%)  Simplify the CFG
   0.0000 (  0.0%)   0.0000 (  0.0%)   0.0000 (  0.0%)   0.0000 (  0.0%)  Basic Alias Analysis (stateless AA impl)
   0.0000 (  0.0%)   0.0000 (  0.0%)   0.0000 (  0.0%)   0.0000 (  0.0%)  Post-Dominator Tree Construction
   0.0000 (  0.0%)   0.0000 (  0.0%)   0.0000 (  0.0%)   0.0000 (  0.0%)  Dead Global Elimination
   0.0000 (  0.0%)   0.0000 (  0.0%)   0.0000 (  0.0%)   0.0000 (  0.0%)  Dead Argument Elimination
   0.0000 (  0.0%)   0.0000 (  0.0%)   0.0000 (  0.0%)   0.0000 (  0.0%)  CallGraph Construction
   0.0000 (  0.0%)   0.0000 (  0.0%)   0.0000 (  0.0%)   0.0000 (  0.0%)  Loop-Closed SSA Form Pass
   0.0000 (  0.0%)   0.0000 (  0.0%)   0.0000 (  0.0%)   0.0000 (  0.0%)  Eliminate dead debug information intrinsic
   0.0000 (  0.0%)   0.0000 (  0.0%)   0.0000 (  0.0%)   0.0000 (  0.0%)  CallGraph Construction
   0.0000 (  0.0%)   0.0000 (  0.0%)   0.0000 (  0.0%)   0.0000 (  0.0%)  Infer set function attributes
   0.0000 (  0.0%)   0.0000 (  0.0%)   0.0000 (  0.0%)   0.0000 (  0.0%)  Rotate Loops
   0.0000 (  0.0%)   0.0000 (  0.0%)   0.0000 (  0.0%)   0.0000 (  0.0%)  Post-Dominator Tree Construction
   0.0000 (  0.0%)   0.0000 (  0.0%)   0.0000 (  0.0%)   0.0000 (  0.0%)  Post-Dominator Tree Construction
   0.0000 (  0.0%)   0.0000 (  0.0%)   0.0000 (  0.0%)   0.0000 (  0.0%)  Assign names to anonymous instructions (structure based)
   0.0000 (  0.0%)   0.0000 (  0.0%)   0.0000 (  0.0%)   0.0000 (  0.0%)  Loop-Closed SSA Form Pass
   0.0000 (  0.0%)   0.0000 (  0.0%)   0.0000 (  0.0%)   0.0000 (  0.0%)  Dominator Tree Construction
   0.0000 (  0.0%)   0.0000 (  0.0%)   0.0000 (  0.0%)   0.0000 (  0.0%)  CallGraph Construction
   0.0000 (  0.0%)   0.0000 (  0.0%)   0.0000 (  0.0%)   0.0000 (  0.0%)  Detect single entry single exit regions
   0.0000 (  0.0%)   0.0000 (  0.0%)   0.0000 (  0.0%)   0.0000 (  0.0%)  Loop-Closed SSA Form Pass
   0.0000 (  0.0%)   0.0000 (  0.0%)   0.0000 (  0.0%)   0.0000 (  0.0%)  Dominator Tree Construction
   0.0000 (  0.0%)   0.0000 (  0.0%)   0.0000 (  0.0%)   0.0000 (  0.0%)  Eliminate dead debug information intrinsic
   0.0000 (  0.0%)   0.0000 (  0.0%)   0.0000 (  0.0%)   0.0000 (  0.0%)  Post-Dominator Tree Construction
   0.0000 (  0.0%)   0.0000 (  0.0%)   0.0000 (  0.0%)   0.0000 (  0.0%)  Post-Dominator Tree Construction
   0.0000 (  0.0%)   0.0000 (  0.0%)   0.0000 (  0.0%)   0.0000 (  0.0%)  Dominator Tree Construction
   0.0000 (  0.0%)   0.0000 (  0.0%)   0.0000 (  0.0%)   0.0000 (  0.0%)  Post-Dominator Tree Construction
   0.0000 (  0.0%)   0.0000 (  0.0%)   0.0000 (  0.0%)   0.0000 (  0.0%)  Post-Dominator Tree Construction
   0.0000 (  0.0%)   0.0000 (  0.0%)   0.0000 (  0.0%)   0.0000 (  0.0%)  Scalarize vector operations
   0.0000 (  0.0%)   0.0000 (  0.0%)   0.0000 (  0.0%)   0.0000 (  0.0%)  Remove unreachable basic blocks under switch
   0.0000 (  0.0%)   0.0000 (  0.0%)   0.0000 (  0.0%)   0.0000 (  0.0%)  Detect single entry single exit regions
   0.0000 (  0.0%)   0.0000 (  0.0%)   0.0000 (  0.0%)   0.0000 (  0.0%)  Dominator Tree Construction
   0.0000 (  0.0%)   0.0000 (  0.0%)   0.0000 (  0.0%)   0.0000 (  0.0%)  InferXCLAttrImplications - Infer XCL attribute implications
   0.0000 (  0.0%)   0.0000 (  0.0%)   0.0000 (  0.0%)   0.0000 (  0.0%)  Lazy Branch Probability Analysis
   0.0000 (  0.0%)   0.0000 (  0.0%)   0.0000 (  0.0%)   0.0000 (  0.0%)  Dominator Tree Construction
   0.0000 (  0.0%)   0.0000 (  0.0%)   0.0000 (  0.0%)   0.0000 (  0.0%)  Dominator Tree Construction
   0.0000 (  0.0%)   0.0000 (  0.0%)   0.0000 (  0.0%)   0.0000 (  0.0%)  Infer nuw/nsw flags for instructions
   0.0000 (  0.0%)   0.0000 (  0.0%)   0.0000 (  0.0%)   0.0000 (  0.0%)  Loop-Closed SSA Form Pass
   0.0000 (  0.0%)   0.0000 (  0.0%)   0.0000 (  0.0%)   0.0000 (  0.0%)  Lazy Value Information Analysis
   0.0000 (  0.0%)   0.0000 (  0.0%)   0.0000 (  0.0%)   0.0000 (  0.0%)  Infer nuw/nsw flags for instructions
   0.0000 (  0.0%)   0.0000 (  0.0%)   0.0000 (  0.0%)   0.0000 (  0.0%)  Dominator Tree Construction
   0.0000 (  0.0%)   0.0000 (  0.0%)   0.0000 (  0.0%)   0.0000 (  0.0%)  Dominator Tree Construction
   0.0000 (  0.0%)   0.0000 (  0.0%)   0.0000 (  0.0%)   0.0000 (  0.0%)  Basic Alias Analysis (stateless AA impl)
   0.0000 (  0.0%)   0.0000 (  0.0%)   0.0000 (  0.0%)   0.0000 (  0.0%)  CallGraph Construction
   0.0000 (  0.0%)   0.0000 (  0.0%)   0.0000 (  0.0%)   0.0000 (  0.0%)  Eliminate dead debug information intrinsic
   0.0000 (  0.0%)   0.0000 (  0.0%)   0.0000 (  0.0%)   0.0000 (  0.0%)  Eliminate dead debug information intrinsic
   0.0000 (  0.0%)   0.0000 (  0.0%)   0.0000 (  0.0%)   0.0000 (  0.0%)  Infer nuw/nsw flags for instructions
   0.0000 (  0.0%)   0.0000 (  0.0%)   0.0000 (  0.0%)   0.0000 (  0.0%)  Global Variable Optimizer
   0.0000 (  0.0%)   0.0000 (  0.0%)   0.0000 (  0.0%)   0.0000 (  0.0%)  Optimize multiple instructions
   0.0000 (  0.0%)   0.0000 (  0.0%)   0.0000 (  0.0%)   0.0000 (  0.0%)  Eliminate pointer selection for FIFO
   0.0000 (  0.0%)   0.0000 (  0.0%)   0.0000 (  0.0%)   0.0000 (  0.0%)  Post-Dominator Tree Construction
   0.0000 (  0.0%)   0.0000 (  0.0%)   0.0000 (  0.0%)   0.0000 (  0.0%)  Eliminate dead debug information intrinsic
   0.0000 (  0.0%)   0.0000 (  0.0%)   0.0000 (  0.0%)   0.0000 (  0.0%)  Function Alias Analysis Results
   0.0000 (  0.0%)   0.0000 (  0.0%)   0.0000 (  0.0%)   0.0000 (  0.0%)  Natural Loop Information
   0.0000 (  0.0%)   0.0000 (  0.0%)   0.0000 (  0.0%)   0.0000 (  0.0%)  Post-Dominator Tree Construction
   0.0000 (  0.0%)   0.0000 (  0.0%)   0.0000 (  0.0%)   0.0000 (  0.0%)  Post-Dominator Tree Construction
   0.0000 (  0.0%)   0.0000 (  0.0%)   0.0000 (  0.0%)   0.0000 (  0.0%)  Basic Alias Analysis (stateless AA impl)
   0.0000 (  0.0%)   0.0000 (  0.0%)   0.0000 (  0.0%)   0.0000 (  0.0%)  Dead Global Elimination
   0.0000 (  0.0%)   0.0000 (  0.0%)   0.0000 (  0.0%)   0.0000 (  0.0%)  Optimization Remark Emitter
   0.0000 (  0.0%)   0.0000 (  0.0%)   0.0000 (  0.0%)   0.0000 (  0.0%)  Basic Alias Analysis (stateless AA impl)
   0.0000 (  0.0%)   0.0000 (  0.0%)   0.0000 (  0.0%)   0.0000 (  0.0%)  Dominator Tree Construction
   0.0000 (  0.0%)   0.0000 (  0.0%)   0.0000 (  0.0%)   0.0000 (  0.0%)  SROA
   0.0000 (  0.0%)   0.0000 (  0.0%)   0.0000 (  0.0%)   0.0000 (  0.0%)  CallGraph Construction
   0.0000 (  0.0%)   0.0000 (  0.0%)   0.0000 (  0.0%)   0.0000 (  0.0%)  Lazy Branch Probability Analysis
   0.0000 (  0.0%)   0.0000 (  0.0%)   0.0000 (  0.0%)   0.0000 (  0.0%)  Inliner for always_inline functions
   0.0000 (  0.0%)   0.0000 (  0.0%)   0.0000 (  0.0%)   0.0000 (  0.0%)  LayoutTransform - Layout Transform Pragma Analysis
   0.0000 (  0.0%)   0.0000 (  0.0%)   0.0000 (  0.0%)   0.0000 (  0.0%)  Post-Dominator Tree Construction
   0.0000 (  0.0%)   0.0000 (  0.0%)   0.0000 (  0.0%)   0.0000 (  0.0%)  Post-Dominator Tree Construction
   0.0000 (  0.0%)   0.0000 (  0.0%)   0.0000 (  0.0%)   0.0000 (  0.0%)  Basic Alias Analysis (stateless AA impl)
   0.0000 (  0.0%)   0.0000 (  0.0%)   0.0000 (  0.0%)   0.0000 (  0.0%)  Loop-Closed SSA Form Pass
   0.0000 (  0.0%)   0.0000 (  0.0%)   0.0000 (  0.0%)   0.0000 (  0.0%)  Post-Dominator Tree Construction
   0.0000 (  0.0%)   0.0000 (  0.0%)   0.0000 (  0.0%)   0.0000 (  0.0%)  Post-Dominator Tree Construction
   0.0000 (  0.0%)   0.0000 (  0.0%)   0.0000 (  0.0%)   0.0000 (  0.0%)  Memory Dependence Analysis
   0.0000 (  0.0%)   0.0000 (  0.0%)   0.0000 (  0.0%)   0.0000 (  0.0%)  Lazy Value Information Analysis
   0.0000 (  0.0%)   0.0000 (  0.0%)   0.0000 (  0.0%)   0.0000 (  0.0%)  Lazy Block Frequency Analysis
   0.0000 (  0.0%)   0.0000 (  0.0%)   0.0000 (  0.0%)   0.0000 (  0.0%)  Loop-Closed SSA Form Pass
   0.0000 (  0.0%)   0.0000 (  0.0%)   0.0000 (  0.0%)   0.0000 (  0.0%)  Function Alias Analysis Results
   0.0000 (  0.0%)   0.0000 (  0.0%)   0.0000 (  0.0%)   0.0000 (  0.0%)  Post-Dominator Tree Construction
   0.0000 (  0.0%)   0.0000 (  0.0%)   0.0000 (  0.0%)   0.0000 (  0.0%)  Loop-Closed SSA Form Pass
   0.0000 (  0.0%)   0.0000 (  0.0%)   0.0000 (  0.0%)   0.0000 (  0.0%)  CallGraph Construction
   0.0000 (  0.0%)   0.0000 (  0.0%)   0.0000 (  0.0%)   0.0000 (  0.0%)  Dominator Tree Construction
   0.0000 (  0.0%)   0.0000 (  0.0%)   0.0000 (  0.0%)   0.0000 (  0.0%)  Memory Dependence Analysis
   0.0000 (  0.0%)   0.0000 (  0.0%)   0.0000 (  0.0%)   0.0000 (  0.0%)  Post-Dominator Tree Construction
   0.0000 (  0.0%)   0.0000 (  0.0%)   0.0000 (  0.0%)   0.0000 (  0.0%)  Lazy Value Information Analysis
   0.0000 (  0.0%)   0.0000 (  0.0%)   0.0000 (  0.0%)   0.0000 (  0.0%)  CallGraph Construction
   0.0000 (  0.0%)   0.0000 (  0.0%)   0.0000 (  0.0%)   0.0000 (  0.0%)  Lazy Block Frequency Analysis
   0.0000 (  0.0%)   0.0000 (  0.0%)   0.0000 (  0.0%)   0.0000 (  0.0%)  Scalar Evolution Analysis
   0.0000 (  0.0%)   0.0000 (  0.0%)   0.0000 (  0.0%)   0.0000 (  0.0%)  Optimization Remark Emitter
   0.0000 (  0.0%)   0.0000 (  0.0%)   0.0000 (  0.0%)   0.0000 (  0.0%)  Scalar Evolution Analysis
   0.0000 (  0.0%)   0.0000 (  0.0%)   0.0000 (  0.0%)   0.0000 (  0.0%)  Dataflow Process Duplication
   0.0000 (  0.0%)   0.0000 (  0.0%)   0.0000 (  0.0%)   0.0000 (  0.0%)  Memory Dependence Analysis
   0.0000 (  0.0%)   0.0000 (  0.0%)   0.0000 (  0.0%)   0.0000 (  0.0%)  Dominator Tree Construction
   0.0000 (  0.0%)   0.0000 (  0.0%)   0.0000 (  0.0%)   0.0000 (  0.0%)  Dominator Tree Construction
   0.0000 (  0.0%)   0.0000 (  0.0%)   0.0000 (  0.0%)   0.0000 (  0.0%)  Loop-Closed SSA Form Pass
   0.0000 (  0.0%)   0.0000 (  0.0%)   0.0000 (  0.0%)   0.0000 (  0.0%)  Basic Alias Analysis (stateless AA impl)
   0.0000 (  0.0%)   0.0000 (  0.0%)   0.0000 (  0.0%)   0.0000 (  0.0%)  Dead Argument Elimination
   0.0000 (  0.0%)   0.0000 (  0.0%)   0.0000 (  0.0%)   0.0000 (  0.0%)  Unswitch loops
   0.0000 (  0.0%)   0.0000 (  0.0%)   0.0000 (  0.0%)   0.0000 (  0.0%)  Scalar Evolution Analysis
   0.0000 (  0.0%)   0.0000 (  0.0%)   0.0000 (  0.0%)   0.0000 (  0.0%)  Eliminate dead debug information intrinsic
   0.0000 (  0.0%)   0.0000 (  0.0%)   0.0000 (  0.0%)   0.0000 (  0.0%)  Post-Dominator Tree Construction
   0.0000 (  0.0%)   0.0000 (  0.0%)   0.0000 (  0.0%)   0.0000 (  0.0%)  Transform SSA value on top function to variable with pointer type
   0.0000 (  0.0%)   0.0000 (  0.0%)   0.0000 (  0.0%)   0.0000 (  0.0%)  Lazy Value Information Analysis
   0.0000 (  0.0%)   0.0000 (  0.0%)   0.0000 (  0.0%)   0.0000 (  0.0%)  ShiftRegInference - Automatic Shift Register Inference
   0.0000 (  0.0%)   0.0000 (  0.0%)   0.0000 (  0.0%)   0.0000 (  0.0%)  Lazy Branch Probability Analysis
   0.0000 (  0.0%)   0.0000 (  0.0%)   0.0000 (  0.0%)   0.0000 (  0.0%)  Dominator Tree Construction
   0.0000 (  0.0%)   0.0000 (  0.0%)   0.0000 (  0.0%)   0.0000 (  0.0%)  Natural Loop Information
   0.0000 (  0.0%)   0.0000 (  0.0%)   0.0000 (  0.0%)   0.0000 (  0.0%)  Post-Dominator Tree Construction
   0.0000 (  0.0%)   0.0000 (  0.0%)   0.0000 (  0.0%)   0.0000 (  0.0%)  Scalar Evolution Analysis
   0.0000 (  0.0%)   0.0000 (  0.0%)   0.0000 (  0.0%)   0.0000 (  0.0%)  Dominator Tree Construction
   0.0000 (  0.0%)   0.0000 (  0.0%)   0.0000 (  0.0%)   0.0000 (  0.0%)  CallGraph Construction
   0.0000 (  0.0%)   0.0000 (  0.0%)   0.0000 (  0.0%)   0.0000 (  0.0%)  Lazy Value Information Analysis
   0.0000 (  0.0%)   0.0000 (  0.0%)   0.0000 (  0.0%)   0.0000 (  0.0%)  Post-Dominator Tree Construction
   0.0000 (  0.0%)   0.0000 (  0.0%)   0.0000 (  0.0%)   0.0000 (  0.0%)  Dominator Tree Construction
   0.0000 (  0.0%)   0.0000 (  0.0%)   0.0000 (  0.0%)   0.0000 (  0.0%)  Post-Dominator Tree Construction
   0.0000 (  0.0%)   0.0000 (  0.0%)   0.0000 (  0.0%)   0.0000 (  0.0%)  Post-Dominator Tree Construction
   0.0000 (  0.0%)   0.0000 (  0.0%)   0.0000 (  0.0%)   0.0000 (  0.0%)  Natural Loop Information
   0.0000 (  0.0%)   0.0000 (  0.0%)   0.0000 (  0.0%)   0.0000 (  0.0%)  Eliminate dead debug information intrinsic
   0.0000 (  0.0%)   0.0000 (  0.0%)   0.0000 (  0.0%)   0.0000 (  0.0%)  Post-Dominator Tree Construction
   0.0000 (  0.0%)   0.0000 (  0.0%)   0.0000 (  0.0%)   0.0000 (  0.0%)  Dominator Tree Construction
   0.0000 (  0.0%)   0.0000 (  0.0%)   0.0000 (  0.0%)   0.0000 (  0.0%)  Post-Dominator Tree Construction
   0.0000 (  0.0%)   0.0000 (  0.0%)   0.0000 (  0.0%)   0.0000 (  0.0%)  Lazy Value Information Analysis
   0.0000 (  0.0%)   0.0000 (  0.0%)   0.0000 (  0.0%)   0.0000 (  0.0%)  Scalar Evolution Canonicalization
   0.0000 (  0.0%)   0.0000 (  0.0%)   0.0000 (  0.0%)   0.0000 (  0.0%)  Eliminate dead debug information intrinsic
   0.0000 (  0.0%)   0.0000 (  0.0%)   0.0000 (  0.0%)   0.0000 (  0.0%)  Infer nuw/nsw flags for instructions
   0.0000 (  0.0%)   0.0000 (  0.0%)   0.0000 (  0.0%)   0.0000 (  0.0%)  Post-Dominator Tree Construction
   0.0000 (  0.0%)   0.0000 (  0.0%)   0.0000 (  0.0%)   0.0000 (  0.0%)  Post-Dominator Tree Construction
   0.0000 (  0.0%)   0.0000 (  0.0%)   0.0000 (  0.0%)   0.0000 (  0.0%)  Lazy Value Information Analysis
   0.0000 (  0.0%)   0.0000 (  0.0%)   0.0000 (  0.0%)   0.0000 (  0.0%)  Dominator Tree Construction
   0.0000 (  0.0%)   0.0000 (  0.0%)   0.0000 (  0.0%)   0.0000 (  0.0%)  CallGraph Construction
   0.0000 (  0.0%)   0.0000 (  0.0%)   0.0000 (  0.0%)   0.0000 (  0.0%)  Post-Dominator Tree Construction
   0.0000 (  0.0%)   0.0000 (  0.0%)   0.0000 (  0.0%)   0.0000 (  0.0%)  Infer nuw/nsw flags for instructions
   0.0000 (  0.0%)   0.0000 (  0.0%)   0.0000 (  0.0%)   0.0000 (  0.0%)  Scalar Evolution Analysis
   0.0000 (  0.0%)   0.0000 (  0.0%)   0.0000 (  0.0%)   0.0000 (  0.0%)  Loop-Closed SSA Form Pass
   0.0000 (  0.0%)   0.0000 (  0.0%)   0.0000 (  0.0%)   0.0000 (  0.0%)  Lazy Value Information Analysis
   0.0000 (  0.0%)   0.0000 (  0.0%)   0.0000 (  0.0%)   0.0000 (  0.0%)  Eliminate dead debug information intrinsic
   0.0000 (  0.0%)   0.0000 (  0.0%)   0.0000 (  0.0%)   0.0000 (  0.0%)  Infer nuw/nsw flags for instructions
   0.0000 (  0.0%)   0.0000 (  0.0%)   0.0000 (  0.0%)   0.0000 (  0.0%)  Dominator Tree Construction
   0.0000 (  0.0%)   0.0000 (  0.0%)   0.0000 (  0.0%)   0.0000 (  0.0%)  Post-Dominator Tree Construction
   0.0000 (  0.0%)   0.0000 (  0.0%)   0.0000 (  0.0%)   0.0000 (  0.0%)  Natural Loop Information
   0.0000 (  0.0%)   0.0000 (  0.0%)   0.0000 (  0.0%)   0.0000 (  0.0%)  Dead Global Elimination
   0.0000 (  0.0%)   0.0000 (  0.0%)   0.0000 (  0.0%)   0.0000 (  0.0%)  Post-Dominator Tree Construction
   0.0000 (  0.0%)   0.0000 (  0.0%)   0.0000 (  0.0%)   0.0000 (  0.0%)  Remove unreachable basic blocks under switch
   0.0000 (  0.0%)   0.0000 (  0.0%)   0.0000 (  0.0%)   0.0000 (  0.0%)  Basic Alias Analysis (stateless AA impl)
   0.0000 (  0.0%)   0.0000 (  0.0%)   0.0000 (  0.0%)   0.0000 (  0.0%)  CallGraph Construction
   0.0000 (  0.0%)   0.0000 (  0.0%)   0.0000 (  0.0%)   0.0000 (  0.0%)  demangle Name to normal Name
   0.0000 (  0.0%)   0.0000 (  0.0%)   0.0000 (  0.0%)   0.0000 (  0.0%)  Dominator Tree Construction
   0.0000 (  0.0%)   0.0000 (  0.0%)   0.0000 (  0.0%)   0.0000 (  0.0%)  Dominator Tree Construction
   0.0000 (  0.0%)   0.0000 (  0.0%)   0.0000 (  0.0%)   0.0000 (  0.0%)  Natural Loop Information
   0.0000 (  0.0%)   0.0000 (  0.0%)   0.0000 (  0.0%)   0.0000 (  0.0%)  Lazy Branch Probability Analysis
   0.0000 (  0.0%)   0.0000 (  0.0%)   0.0000 (  0.0%)   0.0000 (  0.0%)  Scalar Evolution Analysis
   0.0000 (  0.0%)   0.0000 (  0.0%)   0.0000 (  0.0%)   0.0000 (  0.0%)  Remove unreachable basic blocks under switch
   0.0000 (  0.0%)   0.0000 (  0.0%)   0.0000 (  0.0%)   0.0000 (  0.0%)  Dominator Tree Construction
   0.0000 (  0.0%)   0.0000 (  0.0%)   0.0000 (  0.0%)   0.0000 (  0.0%)  Memory Dependence Analysis
   0.0000 (  0.0%)   0.0000 (  0.0%)   0.0000 (  0.0%)   0.0000 (  0.0%)  Natural Loop Information
   0.0000 (  0.0%)   0.0000 (  0.0%)   0.0000 (  0.0%)   0.0000 (  0.0%)  Lazy Branch Probability Analysis
   0.0000 (  0.0%)   0.0000 (  0.0%)   0.0000 (  0.0%)   0.0000 (  0.0%)  Dominator Tree Construction
   0.0000 (  0.0%)   0.0000 (  0.0%)   0.0000 (  0.0%)   0.0000 (  0.0%)  Memory Dependence Analysis
   0.0000 (  0.0%)   0.0000 (  0.0%)   0.0001 (  0.0%)   0.0000 (  0.0%)  Post-Dominator Tree Construction
   0.0000 (  0.0%)   0.0000 (  0.0%)   0.0000 (  0.0%)   0.0000 (  0.0%)  Memory Dependence Analysis
   0.0000 (  0.0%)   0.0000 (  0.0%)   0.0000 (  0.0%)   0.0000 (  0.0%)  Dead Code Elimination
   0.0000 (  0.0%)   0.0000 (  0.0%)   0.0000 (  0.0%)   0.0000 (  0.0%)  Scalar Evolution Canonicalization
   0.0000 (  0.0%)   0.0000 (  0.0%)   0.0000 (  0.0%)   0.0000 (  0.0%)  Reduce the height of tree
   0.0000 (  0.0%)   0.0000 (  0.0%)   0.0000 (  0.0%)   0.0000 (  0.0%)  Dominator Tree Construction
   0.0000 (  0.0%)   0.0000 (  0.0%)   0.0000 (  0.0%)   0.0000 (  0.0%)  Dead Code Elimination
   0.0000 (  0.0%)   0.0000 (  0.0%)   0.0000 (  0.0%)   0.0000 (  0.0%)  Post-Dominator Tree Construction
   0.0000 (  0.0%)   0.0000 (  0.0%)   0.0000 (  0.0%)   0.0000 (  0.0%)  Scalar Evolution Canonicalization
   0.0000 (  0.0%)   0.0000 (  0.0%)   0.0000 (  0.0%)   0.0000 (  0.0%)  Basic Alias Analysis (stateless AA impl)
   0.0000 (  0.0%)   0.0000 (  0.0%)   0.0000 (  0.0%)   0.0000 (  0.0%)  Dominator Tree Construction
   0.0000 (  0.0%)   0.0000 (  0.0%)   0.0000 (  0.0%)   0.0000 (  0.0%)  Dominator Tree Construction
   0.0000 (  0.0%)   0.0000 (  0.0%)   0.0000 (  0.0%)   0.0000 (  0.0%)  CallGraph Construction
   0.0000 (  0.0%)   0.0000 (  0.0%)   0.0000 (  0.0%)   0.0000 (  0.0%)  Simplify types in the LLVM IR, redundant type hierarchy
   0.0000 (  0.0%)   0.0000 (  0.0%)   0.0000 (  0.0%)   0.0000 (  0.0%)  Natural Loop Information
   0.0000 (  0.0%)   0.0000 (  0.0%)   0.0000 (  0.0%)   0.0000 (  0.0%)  Post-Dominator Tree Construction
   0.0000 (  0.0%)   0.0000 (  0.0%)   0.0000 (  0.0%)   0.0000 (  0.0%)  Dead Global Elimination
   0.0000 (  0.0%)   0.0000 (  0.0%)   0.0000 (  0.0%)   0.0000 (  0.0%)  Normalize condition on switch-cases and muxes
   0.0000 (  0.0%)   0.0000 (  0.0%)   0.0000 (  0.0%)   0.0000 (  0.0%)  AccessGroup - Group the memory access for the same object
   0.0000 (  0.0%)   0.0000 (  0.0%)   0.0000 (  0.0%)   0.0000 (  0.0%)  Lazy Value Information Analysis
   0.0000 (  0.0%)   0.0000 (  0.0%)   0.0000 (  0.0%)   0.0000 (  0.0%)  Memory Dependence Analysis
   0.0000 (  0.0%)   0.0000 (  0.0%)   0.0000 (  0.0%)   0.0000 (  0.0%)  Natural Loop Information
   0.0000 (  0.0%)   0.0000 (  0.0%)   0.0000 (  0.0%)   0.0000 (  0.0%)  Promote Memory to Register
   0.0000 (  0.0%)   0.0000 (  0.0%)   0.0000 (  0.0%)   0.0000 (  0.0%)  LowerPredicate - Lower predicates to control-flow
   0.0000 (  0.0%)   0.0000 (  0.0%)   0.0000 (  0.0%)   0.0000 (  0.0%)  Natural Loop Information
   0.0000 (  0.0%)   0.0000 (  0.0%)   0.0000 (  0.0%)   0.0000 (  0.0%)  Dominator Tree Construction
   0.0000 (  0.0%)   0.0000 (  0.0%)   0.0000 (  0.0%)   0.0000 (  0.0%)  Dominator Tree Construction
   0.0000 (  0.0%)   0.0000 (  0.0%)   0.0000 (  0.0%)   0.0000 (  0.0%)  Natural Loop Information
   0.0000 (  0.0%)   0.0000 (  0.0%)   0.0000 (  0.0%)   0.0000 (  0.0%)  Dominator Tree Construction
   0.0000 (  0.0%)   0.0000 (  0.0%)   0.0000 (  0.0%)   0.0000 (  0.0%)  Remove unreachable basic blocks under switch
   0.0000 (  0.0%)   0.0000 (  0.0%)   0.0000 (  0.0%)   0.0000 (  0.0%)  Dominator Tree Construction
   0.0000 (  0.0%)   0.0000 (  0.0%)   0.0000 (  0.0%)   0.0000 (  0.0%)  Memory Dependence Analysis
   0.0000 (  0.0%)   0.0000 (  0.0%)   0.0000 (  0.0%)   0.0000 (  0.0%)   automatic parallel and pipeline insertion based performance constraint
   0.0000 (  0.0%)   0.0000 (  0.0%)   0.0000 (  0.0%)   0.0000 (  0.0%)  Memory Dependence Analysis
   0.0000 (  0.0%)   0.0000 (  0.0%)   0.0000 (  0.0%)   0.0000 (  0.0%)  Remove unreachable basic blocks under switch
   0.0000 (  0.0%)   0.0000 (  0.0%)   0.0000 (  0.0%)   0.0000 (  0.0%)  Memory Dependence Analysis
   0.0000 (  0.0%)   0.0000 (  0.0%)   0.0000 (  0.0%)   0.0000 (  0.0%)  Natural Loop Information
   0.0000 (  0.0%)   0.0000 (  0.0%)   0.0000 (  0.0%)   0.0000 (  0.0%)  Memory Dependence Analysis
   0.0000 (  0.0%)   0.0000 (  0.0%)   0.0000 (  0.0%)   0.0000 (  0.0%)  Basic Alias Analysis (stateless AA impl)
   0.0000 (  0.0%)   0.0000 (  0.0%)   0.0000 (  0.0%)   0.0000 (  0.0%)  Memory Dependence Analysis
   0.0000 (  0.0%)   0.0000 (  0.0%)   0.0000 (  0.0%)   0.0000 (  0.0%)  Dominator Tree Construction
   0.0000 (  0.0%)   0.0000 (  0.0%)   0.0000 (  0.0%)   0.0000 (  0.0%)  Remove unreachable basic blocks under switch
   0.0000 (  0.0%)   0.0000 (  0.0%)   0.0000 (  0.0%)   0.0000 (  0.0%)  CallGraph Construction
   0.0000 (  0.0%)   0.0000 (  0.0%)   0.0000 (  0.0%)   0.0000 (  0.0%)  CallGraph Construction
   0.0000 (  0.0%)   0.0000 (  0.0%)   0.0000 (  0.0%)   0.0000 (  0.0%)  Natural Loop Information
   0.0000 (  0.0%)   0.0000 (  0.0%)   0.0000 (  0.0%)   0.0000 (  0.0%)  Remove unreachable basic blocks under switch
   0.0000 (  0.0%)   0.0000 (  0.0%)   0.0000 (  0.0%)   0.0000 (  0.0%)  ROM inference pass
   0.0000 (  0.0%)   0.0000 (  0.0%)   0.0000 (  0.0%)   0.0000 (  0.0%)  ScalarEvolution-based Alias Analysis
   0.0000 (  0.0%)   0.0000 (  0.0%)   0.0000 (  0.0%)   0.0000 (  0.0%)  Eliminate dead debug information intrinsic
   0.0000 (  0.0%)   0.0000 (  0.0%)   0.0000 (  0.0%)   0.0000 (  0.0%)  Dominator Tree Construction
   0.0000 (  0.0%)   0.0000 (  0.0%)   0.0000 (  0.0%)   0.0000 (  0.0%)  Natural Loop Information
   0.0000 (  0.0%)   0.0000 (  0.0%)   0.0000 (  0.0%)   0.0000 (  0.0%)  Scalar Evolution Analysis
   0.0000 (  0.0%)   0.0000 (  0.0%)   0.0000 (  0.0%)   0.0000 (  0.0%)  Memory Dependence Analysis
   0.0000 (  0.0%)   0.0000 (  0.0%)   0.0000 (  0.0%)   0.0000 (  0.0%)  Dominator Tree Construction
   0.0000 (  0.0%)   0.0000 (  0.0%)   0.0000 (  0.0%)   0.0000 (  0.0%)  CallGraph Construction
   0.0000 (  0.0%)   0.0000 (  0.0%)   0.0000 (  0.0%)   0.0000 (  0.0%)  CallGraph Construction
   0.0000 (  0.0%)   0.0000 (  0.0%)   0.0000 (  0.0%)   0.0000 (  0.0%)  Infer nuw/nsw flags for instructions
   0.0000 (  0.0%)   0.0000 (  0.0%)   0.0000 (  0.0%)   0.0000 (  0.0%)  CallGraph Construction
   0.0000 (  0.0%)   0.0000 (  0.0%)   0.0000 (  0.0%)   0.0000 (  0.0%)  Scalar Evolution Analysis
   0.0000 (  0.0%)   0.0000 (  0.0%)   0.0000 (  0.0%)   0.0000 (  0.0%)  CallGraph Construction
   0.0000 (  0.0%)   0.0000 (  0.0%)   0.0000 (  0.0%)   0.0000 (  0.0%)  Dominator Tree Construction
   0.0000 (  0.0%)   0.0000 (  0.0%)   0.0000 (  0.0%)   0.0000 (  0.0%)  Natural Loop Information
   0.0000 (  0.0%)   0.0000 (  0.0%)   0.0000 (  0.0%)   0.0000 (  0.0%)  Scalar Evolution Analysis
   0.0000 (  0.0%)   0.0000 (  0.0%)   0.0000 (  0.0%)   0.0000 (  0.0%)  Natural Loop Information
   0.0000 (  0.0%)   0.0000 (  0.0%)   0.0000 (  0.0%)   0.0000 (  0.0%)  Basic Alias Analysis (stateless AA impl)
   0.0000 (  0.0%)   0.0000 (  0.0%)   0.0000 (  0.0%)   0.0000 (  0.0%)  Eliminate dead debug information intrinsic
   0.0000 (  0.0%)   0.0000 (  0.0%)   0.0000 (  0.0%)   0.0000 (  0.0%)  Dominator Tree Construction
   0.0000 (  0.0%)   0.0000 (  0.0%)   0.0000 (  0.0%)   0.0000 (  0.0%)  Post-Dominator Tree Construction
   0.0000 (  0.0%)   0.0000 (  0.0%)   0.0000 (  0.0%)   0.0000 (  0.0%)  Lazy Branch Probability Analysis
   0.0000 (  0.0%)   0.0000 (  0.0%)   0.0000 (  0.0%)   0.0000 (  0.0%)  CallGraph Construction
   0.0000 (  0.0%)   0.0000 (  0.0%)   0.0000 (  0.0%)   0.0000 (  0.0%)  Dominator Tree Construction
   0.0000 (  0.0%)   0.0000 (  0.0%)   0.0000 (  0.0%)   0.0000 (  0.0%)  Optimization Remark Emitter
   0.0000 (  0.0%)   0.0000 (  0.0%)   0.0000 (  0.0%)   0.0000 (  0.0%)  Eliminate pointer selection
   0.0000 (  0.0%)   0.0000 (  0.0%)   0.0000 (  0.0%)   0.0000 (  0.0%)  Post-Dominator Tree Construction
   0.0000 (  0.0%)   0.0000 (  0.0%)   0.0000 (  0.0%)   0.0000 (  0.0%)  CallGraph Construction
   0.0000 (  0.0%)   0.0000 (  0.0%)   0.0000 (  0.0%)   0.0000 (  0.0%)  Natural Loop Information
   0.0000 (  0.0%)   0.0000 (  0.0%)   0.0000 (  0.0%)   0.0000 (  0.0%)  Dominator Tree Construction
   0.0000 (  0.0%)   0.0000 (  0.0%)   0.0000 (  0.0%)   0.0000 (  0.0%)  Dominator Tree Construction
   0.0000 (  0.0%)   0.0000 (  0.0%)   0.0000 (  0.0%)   0.0000 (  0.0%)  Natural Loop Information
   0.0000 (  0.0%)   0.0000 (  0.0%)   0.0000 (  0.0%)   0.0000 (  0.0%)  Lazy Branch Probability Analysis
   0.0000 (  0.0%)   0.0000 (  0.0%)   0.0000 (  0.0%)   0.0000 (  0.0%)  Dominator Tree Construction
   0.0000 (  0.0%)   0.0000 (  0.0%)   0.0000 (  0.0%)   0.0000 (  0.0%)  Dominator Tree Construction
   0.0000 (  0.0%)   0.0000 (  0.0%)   0.0000 (  0.0%)   0.0000 (  0.0%)  Scalar Evolution Analysis
   0.0000 (  0.0%)   0.0000 (  0.0%)   0.0000 (  0.0%)   0.0000 (  0.0%)  Simplify types in the LLVM IR, redundant type hierarchy
   0.0000 (  0.0%)   0.0000 (  0.0%)   0.0000 (  0.0%)   0.0000 (  0.0%)  Natural Loop Information
   0.0000 (  0.0%)   0.0000 (  0.0%)   0.0000 (  0.0%)   0.0000 (  0.0%)  CallGraph Construction
   0.0000 (  0.0%)   0.0000 (  0.0%)   0.0000 (  0.0%)   0.0000 (  0.0%)  Infer PPPO for array-to-streams
   0.0000 (  0.0%)   0.0000 (  0.0%)   0.0000 (  0.0%)   0.0000 (  0.0%)  ScalarEvolution-based Alias Analysis
   0.0000 (  0.0%)   0.0000 (  0.0%)   0.0000 (  0.0%)   0.0000 (  0.0%)  CallGraph Construction
   0.0000 (  0.0%)   0.0000 (  0.0%)   0.0000 (  0.0%)   0.0000 (  0.0%)  Eliminate dead debug information intrinsic
   0.0000 (  0.0%)   0.0000 (  0.0%)   0.0000 (  0.0%)   0.0000 (  0.0%)  Memory Dependence Analysis
   0.0000 (  0.0%)   0.0000 (  0.0%)   0.0000 (  0.0%)   0.0000 (  0.0%)  Lazy Value Information Analysis
   0.0000 (  0.0%)   0.0000 (  0.0%)   0.0000 (  0.0%)   0.0000 (  0.0%)  Lazy Block Frequency Analysis
   0.0000 (  0.0%)   0.0000 (  0.0%)   0.0000 (  0.0%)   0.0000 (  0.0%)  Dominator Tree Construction
   0.0000 (  0.0%)   0.0000 (  0.0%)   0.0000 (  0.0%)   0.0000 (  0.0%)  Scalar Evolution Analysis
   0.0000 (  0.0%)   0.0000 (  0.0%)   0.0000 (  0.0%)   0.0000 (  0.0%)  Lazy Branch Probability Analysis
   0.0000 (  0.0%)   0.0000 (  0.0%)   0.0000 (  0.0%)   0.0000 (  0.0%)  Natural Loop Information
   0.0000 (  0.0%)   0.0000 (  0.0%)   0.0000 (  0.0%)   0.0000 (  0.0%)  Lazy Block Frequency Analysis
   0.0000 (  0.0%)   0.0000 (  0.0%)   0.0000 (  0.0%)   0.0000 (  0.0%)  Memory Dependence Analysis
   0.0000 (  0.0%)   0.0000 (  0.0%)   0.0000 (  0.0%)   0.0000 (  0.0%)  Scalar Evolution Analysis
   0.0000 (  0.0%)   0.0000 (  0.0%)   0.0000 (  0.0%)   0.0000 (  0.0%)  CallGraph Construction
   0.0000 (  0.0%)   0.0000 (  0.0%)   0.0000 (  0.0%)   0.0000 (  0.0%)  Eliminate dead stores globally
   0.0000 (  0.0%)   0.0000 (  0.0%)   0.0000 (  0.0%)   0.0000 (  0.0%)  Infer nuw/nsw flags for instructions
   0.0000 (  0.0%)   0.0000 (  0.0%)   0.0000 (  0.0%)   0.0000 (  0.0%)  Natural Loop Information
   0.0000 (  0.0%)   0.0000 (  0.0%)   0.0000 (  0.0%)   0.0000 (  0.0%)  Natural Loop Information
   0.0000 (  0.0%)   0.0000 (  0.0%)   0.0000 (  0.0%)   0.0000 (  0.0%)  Extract occurrence region
   0.0000 (  0.0%)   0.0000 (  0.0%)   0.0000 (  0.0%)   0.0000 (  0.0%)  Eliminate dead debug information intrinsic
   0.0000 (  0.0%)   0.0000 (  0.0%)   0.0000 (  0.0%)   0.0000 (  0.0%)  Lazy Branch Probability Analysis
   0.0000 (  0.0%)   0.0000 (  0.0%)   0.0000 (  0.0%)   0.0000 (  0.0%)  Natural Loop Information
   0.0000 (  0.0%)   0.0000 (  0.0%)   0.0000 (  0.0%)   0.0000 (  0.0%)  Remove unreachable basic blocks under switch
   0.0000 (  0.0%)   0.0000 (  0.0%)   0.0000 (  0.0%)   0.0000 (  0.0%)  Dominator Tree Construction
   0.0000 (  0.0%)   0.0000 (  0.0%)   0.0000 (  0.0%)   0.0000 (  0.0%)  Dominance Frontier Construction
   0.0000 (  0.0%)   0.0000 (  0.0%)   0.0000 (  0.0%)   0.0000 (  0.0%)  Infer nuw/nsw flags for instructions
   0.0000 (  0.0%)   0.0000 (  0.0%)   0.0000 (  0.0%)   0.0000 (  0.0%)  Optimization Remark Emitter
   0.0000 (  0.0%)   0.0000 (  0.0%)   0.0000 (  0.0%)   0.0000 (  0.0%)  Natural Loop Information
   0.0000 (  0.0%)   0.0000 (  0.0%)   0.0000 (  0.0%)   0.0000 (  0.0%)  Dominator Tree Construction
   0.0000 (  0.0%)   0.0000 (  0.0%)   0.0000 (  0.0%)   0.0000 (  0.0%)  CallGraph Construction
   0.0000 (  0.0%)   0.0000 (  0.0%)   0.0000 (  0.0%)   0.0000 (  0.0%)  CallGraph Construction
   0.0000 (  0.0%)   0.0000 (  0.0%)   0.0000 (  0.0%)   0.0000 (  0.0%)  Scalar Evolution Analysis
   0.0000 (  0.0%)   0.0000 (  0.0%)   0.0000 (  0.0%)   0.0000 (  0.0%)  LCSSA Verifier
   0.0000 (  0.0%)   0.0000 (  0.0%)   0.0000 (  0.0%)   0.0000 (  0.0%)  Remove unreachable basic blocks under switch
   0.0000 (  0.0%)   0.0000 (  0.0%)   0.0000 (  0.0%)   0.0000 (  0.0%)  Scalar Evolution Analysis
   0.0000 (  0.0%)   0.0000 (  0.0%)   0.0000 (  0.0%)   0.0000 (  0.0%)  Scalar Evolution Analysis
   0.0000 (  0.0%)   0.0000 (  0.0%)   0.0000 (  0.0%)   0.0000 (  0.0%)  Natural Loop Information
   0.0000 (  0.0%)   0.0000 (  0.0%)   0.0000 (  0.0%)   0.0000 (  0.0%)  CallGraph Construction
   0.0000 (  0.0%)   0.0000 (  0.0%)   0.0000 (  0.0%)   0.0000 (  0.0%)  Natural Loop Information
   0.0000 (  0.0%)   0.0000 (  0.0%)   0.0000 (  0.0%)   0.0000 (  0.0%)  Natural Loop Information
   0.0000 (  0.0%)   0.0000 (  0.0%)   0.0000 (  0.0%)   0.0000 (  0.0%)  Dominator Tree Construction
   0.0000 (  0.0%)   0.0000 (  0.0%)   0.0000 (  0.0%)   0.0000 (  0.0%)  Scalar Evolution Analysis
   0.0000 (  0.0%)   0.0000 (  0.0%)   0.0000 (  0.0%)   0.0000 (  0.0%)  Dead Global Elimination
   0.0000 (  0.0%)   0.0000 (  0.0%)   0.0000 (  0.0%)   0.0000 (  0.0%)  Dominator Tree Construction
   0.0000 (  0.0%)   0.0000 (  0.0%)   0.0000 (  0.0%)   0.0000 (  0.0%)  Memory Dependence Analysis
   0.0000 (  0.0%)   0.0000 (  0.0%)   0.0000 (  0.0%)   0.0000 (  0.0%)  Lazy Branch Probability Analysis
   0.0000 (  0.0%)   0.0000 (  0.0%)   0.0000 (  0.0%)   0.0000 (  0.0%)  Assign names to anonymous instructions (structure based)
   0.0000 (  0.0%)   0.0000 (  0.0%)   0.0000 (  0.0%)   0.0000 (  0.0%)  Dominator Tree Construction
   0.0000 (  0.0%)   0.0000 (  0.0%)   0.0000 (  0.0%)   0.0000 (  0.0%)  Scalar Evolution Analysis
   0.0000 (  0.0%)   0.0000 (  0.0%)   0.0000 (  0.0%)   0.0000 (  0.0%)  Automatic inliner in reflow
   0.0000 (  0.0%)   0.0000 (  0.0%)   0.0000 (  0.0%)   0.0000 (  0.0%)  Eliminate dead debug information intrinsic
   0.0000 (  0.0%)   0.0000 (  0.0%)   0.0000 (  0.0%)   0.0000 (  0.0%)  Memory Dependence Analysis
   0.0000 (  0.0%)   0.0000 (  0.0%)   0.0000 (  0.0%)   0.0000 (  0.0%)  Natural Loop Information
   0.0000 (  0.0%)   0.0000 (  0.0%)   0.0000 (  0.0%)   0.0000 (  0.0%)  Memory Dependence Analysis
   0.0000 (  0.0%)   0.0000 (  0.0%)   0.0000 (  0.0%)   0.0000 (  0.0%)  Scalar Evolution Analysis
   0.0000 (  0.0%)   0.0000 (  0.0%)   0.0000 (  0.0%)   0.0000 (  0.0%)  Dominator Tree Construction
   0.0000 (  0.0%)   0.0000 (  0.0%)   0.0000 (  0.0%)   0.0000 (  0.0%)  Natural Loop Information
   0.0000 (  0.0%)   0.0000 (  0.0%)   0.0000 (  0.0%)   0.0000 (  0.0%)  Natural Loop Information
   0.0000 (  0.0%)   0.0000 (  0.0%)   0.0000 (  0.0%)   0.0000 (  0.0%)  Remove unreachable basic blocks under switch
   0.0000 (  0.0%)   0.0000 (  0.0%)   0.0000 (  0.0%)   0.0000 (  0.0%)  Lazy Block Frequency Analysis
   0.0000 (  0.0%)   0.0000 (  0.0%)   0.0000 (  0.0%)   0.0000 (  0.0%)  Memory Dependence Analysis
   0.0000 (  0.0%)   0.0000 (  0.0%)   0.0000 (  0.0%)   0.0000 (  0.0%)  Memory Dependence Analysis
   0.0000 (  0.0%)   0.0000 (  0.0%)   0.0000 (  0.0%)   0.0000 (  0.0%)  Memory Dependence Analysis
   0.0000 (  0.0%)   0.0000 (  0.0%)   0.0000 (  0.0%)   0.0000 (  0.0%)  Lazy Branch Probability Analysis
   0.0000 (  0.0%)   0.0000 (  0.0%)   0.0000 (  0.0%)   0.0000 (  0.0%)  Disaggregation preprocessing
   0.0000 (  0.0%)   0.0000 (  0.0%)   0.0000 (  0.0%)   0.0000 (  0.0%)  Natural Loop Information
   0.0000 (  0.0%)   0.0000 (  0.0%)   0.0000 (  0.0%)   0.0000 (  0.0%)  Dominance Frontier Construction
   0.0000 (  0.0%)   0.0000 (  0.0%)   0.0000 (  0.0%)   0.0000 (  0.0%)  Memory Dependence Analysis
   0.0000 (  0.0%)   0.0000 (  0.0%)   0.0000 (  0.0%)   0.0000 (  0.0%)  Dominator Tree Construction
   0.0000 (  0.0%)   0.0000 (  0.0%)   0.0000 (  0.0%)   0.0000 (  0.0%)  Scalar Evolution Analysis
   0.0000 (  0.0%)   0.0000 (  0.0%)   0.0000 (  0.0%)   0.0000 (  0.0%)  Dead Code Elimination
   0.0000 (  0.0%)   0.0000 (  0.0%)   0.0000 (  0.0%)   0.0000 (  0.0%)  Basic Alias Analysis (stateless AA impl)
   0.0000 (  0.0%)   0.0000 (  0.0%)   0.0000 (  0.0%)   0.0000 (  0.0%)  Memory Dependence Analysis
   0.0000 (  0.0%)   0.0000 (  0.0%)   0.0000 (  0.0%)   0.0000 (  0.0%)  Memory Dependence Analysis
   0.0000 (  0.0%)   0.0000 (  0.0%)   0.0000 (  0.0%)   0.0000 (  0.0%)  Dominator Tree Construction
   0.0000 (  0.0%)   0.0000 (  0.0%)   0.0000 (  0.0%)   0.0000 (  0.0%)  Infer nuw/nsw flags for instructions
   0.0000 (  0.0%)   0.0000 (  0.0%)   0.0000 (  0.0%)   0.0000 (  0.0%)  Memory Dependence Analysis
   0.0000 (  0.0%)   0.0000 (  0.0%)   0.0000 (  0.0%)   0.0000 (  0.0%)  Scalar Evolution Analysis
   0.0000 (  0.0%)   0.0000 (  0.0%)   0.0000 (  0.0%)   0.0000 (  0.0%)  Memory Dependence Analysis
   0.0000 (  0.0%)   0.0000 (  0.0%)   0.0000 (  0.0%)   0.0000 (  0.0%)  Lazy Branch Probability Analysis
   0.0000 (  0.0%)   0.0000 (  0.0%)   0.0000 (  0.0%)   0.0000 (  0.0%)  ScalarEvolution-based Alias Analysis
   0.0000 (  0.0%)   0.0000 (  0.0%)   0.0000 (  0.0%)   0.0000 (  0.0%)  Change xcl attribute to call sideeffect
   0.0000 (  0.0%)   0.0000 (  0.0%)   0.0000 (  0.0%)   0.0000 (  0.0%)  ArrayReshape - Reshape Arrays into Wider Arrays
   0.0000 (  0.0%)   0.0000 (  0.0%)   0.0000 (  0.0%)   0.0000 (  0.0%)  Canonicalize natural loops
   0.0000 (  0.0%)   0.0000 (  0.0%)   0.0000 (  0.0%)   0.0000 (  0.0%)  Scalar Evolution Analysis
   0.0000 (  0.0%)   0.0000 (  0.0%)   0.0000 (  0.0%)   0.0000 (  0.0%)  Scalar Evolution Analysis
   0.0000 (  0.0%)   0.0000 (  0.0%)   0.0000 (  0.0%)   0.0000 (  0.0%)  verify cache pragmas
   0.0000 (  0.0%)   0.0000 (  0.0%)   0.0000 (  0.0%)   0.0000 (  0.0%)  Natural Loop Information
   0.0000 (  0.0%)   0.0000 (  0.0%)   0.0000 (  0.0%)   0.0000 (  0.0%)  Basic Alias Analysis (stateless AA impl)
   0.0000 (  0.0%)   0.0000 (  0.0%)   0.0000 (  0.0%)   0.0000 (  0.0%)  Dominator Tree Construction
   0.0000 (  0.0%)   0.0000 (  0.0%)   0.0000 (  0.0%)   0.0000 (  0.0%)  CallGraph Construction
   0.0000 (  0.0%)   0.0000 (  0.0%)   0.0000 (  0.0%)   0.0000 (  0.0%)  Memory Dependence Analysis
   0.0000 (  0.0%)   0.0000 (  0.0%)   0.0000 (  0.0%)   0.0000 (  0.0%)  Dominator Tree Construction
   0.0000 (  0.0%)   0.0000 (  0.0%)   0.0000 (  0.0%)   0.0000 (  0.0%)  CallGraph Construction
   0.0000 (  0.0%)   0.0000 (  0.0%)   0.0000 (  0.0%)   0.0000 (  0.0%)  Lazy Block Frequency Analysis
   0.0000 (  0.0%)   0.0000 (  0.0%)   0.0000 (  0.0%)   0.0000 (  0.0%)  Optimization Remark Emitter
   0.0000 (  0.0%)   0.0000 (  0.0%)   0.0000 (  0.0%)   0.0000 (  0.0%)  Post-Dominator Tree Construction
   0.0000 (  0.0%)   0.0000 (  0.0%)   0.0000 (  0.0%)   0.0000 (  0.0%)  Lazy Value Information Analysis
   0.0000 (  0.0%)   0.0000 (  0.0%)   0.0000 (  0.0%)   0.0000 (  0.0%)  Memory Dependence Analysis
   0.0000 (  0.0%)   0.0000 (  0.0%)   0.0000 (  0.0%)   0.0000 (  0.0%)  Memory Dependence Analysis
   0.0000 (  0.0%)   0.0000 (  0.0%)   0.0000 (  0.0%)   0.0000 (  0.0%)  Scalar Evolution Analysis
   0.0000 (  0.0%)   0.0000 (  0.0%)   0.0000 (  0.0%)   0.0000 (  0.0%)  Memory Dependence Analysis
   0.0000 (  0.0%)   0.0000 (  0.0%)   0.0000 (  0.0%)   0.0000 (  0.0%)  Natural Loop Information
   0.0000 (  0.0%)   0.0000 (  0.0%)   0.0000 (  0.0%)   0.0000 (  0.0%)  Natural Loop Information
   0.0000 (  0.0%)   0.0000 (  0.0%)   0.0000 (  0.0%)   0.0000 (  0.0%)  Scalar Evolution Analysis
   0.0000 (  0.0%)   0.0000 (  0.0%)   0.0000 (  0.0%)   0.0000 (  0.0%)  Predicate analysis under a loop context
   0.0000 (  0.0%)   0.0000 (  0.0%)   0.0000 (  0.0%)   0.0000 (  0.0%)  Natural Loop Information
   0.0000 (  0.0%)   0.0000 (  0.0%)   0.0000 (  0.0%)   0.0000 (  0.0%)  Dominator Tree Construction
   0.0000 (  0.0%)   0.0000 (  0.0%)   0.0000 (  0.0%)   0.0000 (  0.0%)  Scalar Evolution Analysis
   0.0000 (  0.0%)   0.0000 (  0.0%)   0.0000 (  0.0%)   0.0000 (  0.0%)  Lazy Branch Probability Analysis
   0.0000 (  0.0%)   0.0000 (  0.0%)   0.0000 (  0.0%)   0.0000 (  0.0%)  Scalar Evolution Analysis
   0.0000 (  0.0%)   0.0000 (  0.0%)   0.0000 (  0.0%)   0.0000 (  0.0%)  Dominator Tree Construction
   0.0000 (  0.0%)   0.0000 (  0.0%)   0.0000 (  0.0%)   0.0000 (  0.0%)  Eliminate pointer selection
   0.0000 (  0.0%)   0.0000 (  0.0%)   0.0000 (  0.0%)   0.0000 (  0.0%)  ScalarEvolution-based Alias Analysis
   0.0000 (  0.0%)   0.0000 (  0.0%)   0.0000 (  0.0%)   0.0000 (  0.0%)  Optimization Remark Emitter
   0.0000 (  0.0%)   0.0000 (  0.0%)   0.0000 (  0.0%)   0.0000 (  0.0%)  Memory Dependence Analysis
   0.0000 (  0.0%)   0.0000 (  0.0%)   0.0000 (  0.0%)   0.0000 (  0.0%)  Lazy Block Frequency Analysis
   0.0000 (  0.0%)   0.0000 (  0.0%)   0.0000 (  0.0%)   0.0000 (  0.0%)  Lazy Branch Probability Analysis
   0.0000 (  0.0%)   0.0000 (  0.0%)   0.0000 (  0.0%)   0.0000 (  0.0%)  Eliminate pointer selection
   0.0000 (  0.0%)   0.0000 (  0.0%)   0.0000 (  0.0%)   0.0000 (  0.0%)  Optimization Remark Emitter
   0.0000 (  0.0%)   0.0000 (  0.0%)   0.0000 (  0.0%)   0.0000 (  0.0%)  ScalarEvolution-based Alias Analysis
   0.0000 (  0.0%)   0.0000 (  0.0%)   0.0000 (  0.0%)   0.0000 (  0.0%)  Memory Dependence Analysis
   0.0000 (  0.0%)   0.0000 (  0.0%)   0.0000 (  0.0%)   0.0000 (  0.0%)  Dominator Tree Construction
   0.0000 (  0.0%)   0.0000 (  0.0%)   0.0000 (  0.0%)   0.0000 (  0.0%)  Basic Alias Analysis (stateless AA impl)
   0.0000 (  0.0%)   0.0000 (  0.0%)   0.0000 (  0.0%)   0.0000 (  0.0%)  Natural Loop Information
   0.0000 (  0.0%)   0.0000 (  0.0%)   0.0000 (  0.0%)   0.0000 (  0.0%)  Lazy Value Information Analysis
   0.0000 (  0.0%)   0.0000 (  0.0%)   0.0000 (  0.0%)   0.0000 (  0.0%)  Scalar Evolution Analysis
   0.0000 (  0.0%)   0.0000 (  0.0%)   0.0000 (  0.0%)   0.0000 (  0.0%)  Eliminate pointer selection
   0.0000 (  0.0%)   0.0000 (  0.0%)   0.0000 (  0.0%)   0.0000 (  0.0%)  Canonicalize natural loops
   0.0000 (  0.0%)   0.0000 (  0.0%)   0.0000 (  0.0%)   0.0000 (  0.0%)  Basic Alias Analysis (stateless AA impl)
   0.0000 (  0.0%)   0.0000 (  0.0%)   0.0000 (  0.0%)   0.0000 (  0.0%)  Lazy Branch Probability Analysis
   0.0000 (  0.0%)   0.0000 (  0.0%)   0.0000 (  0.0%)   0.0000 (  0.0%)  Dominator Tree Construction
   0.0000 (  0.0%)   0.0000 (  0.0%)   0.0000 (  0.0%)   0.0000 (  0.0%)  Delete dead loops
   0.0000 (  0.0%)   0.0000 (  0.0%)   0.0000 (  0.0%)   0.0000 (  0.0%)  Memory Dependence Analysis
   0.0000 (  0.0%)   0.0000 (  0.0%)   0.0000 (  0.0%)   0.0000 (  0.0%)  Delete dead loops
   0.0000 (  0.0%)   0.0000 (  0.0%)   0.0000 (  0.0%)   0.0000 (  0.0%)  Scalar Evolution Analysis
   0.0000 (  0.0%)   0.0000 (  0.0%)   0.0000 (  0.0%)   0.0000 (  0.0%)  Lazy Block Frequency Analysis
   0.0000 (  0.0%)   0.0000 (  0.0%)   0.0000 (  0.0%)   0.0000 (  0.0%)  Basic Alias Analysis (stateless AA impl)
   0.0000 (  0.0%)   0.0000 (  0.0%)   0.0000 (  0.0%)   0.0000 (  0.0%)  Optimization Remark Emitter
   0.0000 (  0.0%)   0.0000 (  0.0%)   0.0000 (  0.0%)   0.0000 (  0.0%)  Inline sub function calls recursively
   0.0000 (  0.0%)   0.0000 (  0.0%)   0.0000 (  0.0%)   0.0000 (  0.0%)  Optimization Remark Emitter
   0.0000 (  0.0%)   0.0000 (  0.0%)   0.0000 (  0.0%)   0.0000 (  0.0%)  Scalar Evolution Analysis
   0.0000 (  0.0%)   0.0000 (  0.0%)   0.0000 (  0.0%)   0.0000 (  0.0%)  Lazy Value Information Analysis
   0.0000 (  0.0%)   0.0000 (  0.0%)   0.0000 (  0.0%)   0.0000 (  0.0%)  Basic Alias Analysis (stateless AA impl)
   0.0000 (  0.0%)   0.0000 (  0.0%)   0.0000 (  0.0%)   0.0000 (  0.0%)  LayoutTransform - Layout Transform Pragma Analysis
   0.0000 (  0.0%)   0.0000 (  0.0%)   0.0000 (  0.0%)   0.0000 (  0.0%)  Optimization Remark Emitter
   0.0000 (  0.0%)   0.0000 (  0.0%)   0.0000 (  0.0%)   0.0000 (  0.0%)  Lazy Value Information Analysis
   0.0000 (  0.0%)   0.0000 (  0.0%)   0.0000 (  0.0%)   0.0000 (  0.0%)  Basic Alias Analysis (stateless AA impl)
   0.0000 (  0.0%)   0.0000 (  0.0%)   0.0000 (  0.0%)   0.0000 (  0.0%)  Memory Dependence Analysis
   0.0000 (  0.0%)   0.0000 (  0.0%)   0.0000 (  0.0%)   0.0000 (  0.0%)  Memory Dependence Analysis
   0.0000 (  0.0%)   0.0000 (  0.0%)   0.0000 (  0.0%)   0.0000 (  0.0%)  Natural Loop Information
   0.0000 (  0.0%)   0.0000 (  0.0%)   0.0000 (  0.0%)   0.0000 (  0.0%)  Memory Dependence Analysis
   0.0000 (  0.0%)   0.0000 (  0.0%)   0.0000 (  0.0%)   0.0000 (  0.0%)  Scalar Evolution Analysis
   0.0000 (  0.0%)   0.0000 (  0.0%)   0.0000 (  0.0%)   0.0000 (  0.0%)  Predicate analysis under a loop context
   0.0000 (  0.0%)   0.0000 (  0.0%)   0.0000 (  0.0%)   0.0000 (  0.0%)  CallGraph Construction
   0.0000 (  0.0%)   0.0000 (  0.0%)   0.0000 (  0.0%)   0.0000 (  0.0%)  Natural Loop Information
   0.0000 (  0.0%)   0.0000 (  0.0%)   0.0000 (  0.0%)   0.0000 (  0.0%)  Promote Memory to Register
   0.0000 (  0.0%)   0.0000 (  0.0%)   0.0000 (  0.0%)   0.0000 (  0.0%)  Natural Loop Information
   0.0000 (  0.0%)   0.0000 (  0.0%)   0.0000 (  0.0%)   0.0000 (  0.0%)  Scalar Evolution Analysis
   0.0000 (  0.0%)   0.0000 (  0.0%)   0.0000 (  0.0%)   0.0000 (  0.0%)  Memory Dependence Analysis
   0.0000 (  0.0%)   0.0000 (  0.0%)   0.0000 (  0.0%)   0.0000 (  0.0%)  CallGraph Construction
   0.0000 (  0.0%)   0.0000 (  0.0%)   0.0000 (  0.0%)   0.0000 (  0.0%)  Scalar Evolution Analysis
   0.0000 (  0.0%)   0.0000 (  0.0%)   0.0000 (  0.0%)   0.0000 (  0.0%)  Optimization Remark Emitter
   0.0000 (  0.0%)   0.0000 (  0.0%)   0.0000 (  0.0%)   0.0000 (  0.0%)  Dominator Tree Construction
   0.0000 (  0.0%)   0.0000 (  0.0%)   0.0000 (  0.0%)   0.0000 (  0.0%)  Memory Dependence Analysis
   0.0000 (  0.0%)   0.0000 (  0.0%)   0.0000 (  0.0%)   0.0000 (  0.0%)  Memory Dependence Analysis
   0.0000 (  0.0%)   0.0000 (  0.0%)   0.0000 (  0.0%)   0.0000 (  0.0%)  Natural Loop Information
   0.0000 (  0.0%)   0.0000 (  0.0%)   0.0000 (  0.0%)   0.0000 (  0.0%)  Scalar Evolution Canonicalization
   0.0000 (  0.0%)   0.0000 (  0.0%)   0.0000 (  0.0%)   0.0000 (  0.0%)  Basic Alias Analysis (stateless AA impl)
   0.0000 (  0.0%)   0.0000 (  0.0%)   0.0000 (  0.0%)   0.0000 (  0.0%)  Scalar Evolution Analysis
   0.0000 (  0.0%)   0.0000 (  0.0%)   0.0000 (  0.0%)   0.0000 (  0.0%)  Critical Path Aanlysis
   0.0000 (  0.0%)   0.0000 (  0.0%)   0.0000 (  0.0%)   0.0000 (  0.0%)  Lazy Branch Probability Analysis
   0.0000 (  0.0%)   0.0000 (  0.0%)   0.0000 (  0.0%)   0.0000 (  0.0%)  Natural Loop Information
   0.0000 (  0.0%)   0.0000 (  0.0%)   0.0000 (  0.0%)   0.0000 (  0.0%)  Scalar Evolution Analysis
   0.0000 (  0.0%)   0.0000 (  0.0%)   0.0000 (  0.0%)   0.0000 (  0.0%)  Basic Alias Analysis (stateless AA impl)
   0.0000 (  0.0%)   0.0000 (  0.0%)   0.0000 (  0.0%)   0.0000 (  0.0%)  Dead Code Elimination
   0.0000 (  0.0%)   0.0000 (  0.0%)   0.0000 (  0.0%)   0.0000 (  0.0%)  Dependence Analysis
   0.0000 (  0.0%)   0.0000 (  0.0%)   0.0000 (  0.0%)   0.0000 (  0.0%)  Dead Global Elimination
   0.0000 (  0.0%)   0.0000 (  0.0%)   0.0000 (  0.0%)   0.0000 (  0.0%)  Lazy Block Frequency Analysis
   0.0000 (  0.0%)   0.0000 (  0.0%)   0.0000 (  0.0%)   0.0000 (  0.0%)  Scalar Evolution Analysis
   0.0000 (  0.0%)   0.0000 (  0.0%)   0.0000 (  0.0%)   0.0000 (  0.0%)  Lazy Branch Probability Analysis
   0.0000 (  0.0%)   0.0000 (  0.0%)   0.0000 (  0.0%)   0.0000 (  0.0%)  Basic Alias Analysis (stateless AA impl)
   0.0000 (  0.0%)   0.0000 (  0.0%)   0.0000 (  0.0%)   0.0000 (  0.0%)  Scalar Evolution Analysis
   0.0000 (  0.0%)   0.0000 (  0.0%)   0.0000 (  0.0%)   0.0000 (  0.0%)  Lazy Branch Probability Analysis
   0.0000 (  0.0%)   0.0000 (  0.0%)   0.0000 (  0.0%)   0.0000 (  0.0%)  Lazy Block Frequency Analysis
   0.0000 (  0.0%)   0.0000 (  0.0%)   0.0000 (  0.0%)   0.0000 (  0.0%)  Basic Alias Analysis (stateless AA impl)
   0.0000 (  0.0%)   0.0000 (  0.0%)   0.0000 (  0.0%)   0.0000 (  0.0%)  Natural Loop Information
   0.0000 (  0.0%)   0.0000 (  0.0%)   0.0000 (  0.0%)   0.0000 (  0.0%)  Memory Dependence Analysis
   0.0000 (  0.0%)   0.0000 (  0.0%)   0.0000 (  0.0%)   0.0000 (  0.0%)  Lazy Value Information Analysis
   0.0000 (  0.0%)   0.0000 (  0.0%)   0.0000 (  0.0%)   0.0000 (  0.0%)  Canonicalize natural loops
   0.0000 (  0.0%)   0.0000 (  0.0%)   0.0000 (  0.0%)   0.0000 (  0.0%)  Dead Global Elimination
   0.0000 (  0.0%)   0.0000 (  0.0%)   0.0000 (  0.0%)   0.0000 (  0.0%)  Optimization Remark Emitter
   0.0000 (  0.0%)   0.0000 (  0.0%)   0.0000 (  0.0%)   0.0000 (  0.0%)  Lazy Block Frequency Analysis
   0.0000 (  0.0%)   0.0000 (  0.0%)   0.0000 (  0.0%)   0.0000 (  0.0%)  Basic Alias Analysis (stateless AA impl)
   0.0000 (  0.0%)   0.0000 (  0.0%)   0.0000 (  0.0%)   0.0000 (  0.0%)  Basic Alias Analysis (stateless AA impl)
   0.0000 (  0.0%)   0.0000 (  0.0%)   0.0000 (  0.0%)   0.0000 (  0.0%)  Memory Dependence Analysis
   0.0000 (  0.0%)   0.0000 (  0.0%)   0.0000 (  0.0%)   0.0000 (  0.0%)  Optimization Remark Emitter
   0.0000 (  0.0%)   0.0000 (  0.0%)   0.0000 (  0.0%)   0.0000 (  0.0%)  Dominator Tree Construction
   0.0000 (  0.0%)   0.0000 (  0.0%)   0.0000 (  0.0%)   0.0000 (  0.0%)  Scalar Evolution Analysis
   0.0000 (  0.0%)   0.0000 (  0.0%)   0.0000 (  0.0%)   0.0000 (  0.0%)  Analyze occurrence information
   0.0000 (  0.0%)   0.0000 (  0.0%)   0.0000 (  0.0%)   0.0000 (  0.0%)  Scalar Evolution Analysis
   0.0000 (  0.0%)   0.0000 (  0.0%)   0.0000 (  0.0%)   0.0000 (  0.0%)  Natural Loop Information
   0.0000 (  0.0%)   0.0000 (  0.0%)   0.0000 (  0.0%)   0.0000 (  0.0%)  Natural Loop Information
   0.0000 (  0.0%)   0.0000 (  0.0%)   0.0000 (  0.0%)   0.0000 (  0.0%)  Scalar Evolution Analysis
   0.0000 (  0.0%)   0.0000 (  0.0%)   0.0000 (  0.0%)   0.0000 (  0.0%)  Lazy Value Information Analysis
   0.0000 (  0.0%)   0.0000 (  0.0%)   0.0000 (  0.0%)   0.0000 (  0.0%)  Natural Loop Information
   0.0000 (  0.0%)   0.0000 (  0.0%)   0.0000 (  0.0%)   0.0000 (  0.0%)  Canonicalize natural loops
   0.0000 (  0.0%)   0.0000 (  0.0%)   0.0000 (  0.0%)   0.0000 (  0.0%)  ScalarEvolution-based Alias Analysis
   0.0000 (  0.0%)   0.0000 (  0.0%)   0.0000 (  0.0%)   0.0000 (  0.0%)  Lazy Block Frequency Analysis
   0.0000 (  0.0%)   0.0000 (  0.0%)   0.0000 (  0.0%)   0.0000 (  0.0%)  Basic Alias Analysis (stateless AA impl)
   0.0000 (  0.0%)   0.0000 (  0.0%)   0.0000 (  0.0%)   0.0000 (  0.0%)  Memory Dependence Analysis
   0.0000 (  0.0%)   0.0000 (  0.0%)   0.0000 (  0.0%)   0.0000 (  0.0%)  Natural Loop Information
   0.0000 (  0.0%)   0.0000 (  0.0%)   0.0000 (  0.0%)   0.0000 (  0.0%)  Memory Dependence Analysis
   0.0000 (  0.0%)   0.0000 (  0.0%)   0.0000 (  0.0%)   0.0000 (  0.0%)  Scalar Evolution Analysis
   0.0000 (  0.0%)   0.0000 (  0.0%)   0.0000 (  0.0%)   0.0000 (  0.0%)  Scalar Evolution Analysis
   0.0000 (  0.0%)   0.0000 (  0.0%)   0.0000 (  0.0%)   0.0000 (  0.0%)  Basic Alias Analysis (stateless AA impl)
   0.0000 (  0.0%)   0.0000 (  0.0%)   0.0000 (  0.0%)   0.0000 (  0.0%)  Predicate analysis under a loop context
   0.0000 (  0.0%)   0.0000 (  0.0%)   0.0000 (  0.0%)   0.0000 (  0.0%)  Dominator Tree Construction
   0.0000 (  0.0%)   0.0000 (  0.0%)   0.0000 (  0.0%)   0.0000 (  0.0%)  Lazy Branch Probability Analysis
   0.0000 (  0.0%)   0.0000 (  0.0%)   0.0000 (  0.0%)   0.0000 (  0.0%)  Lazy Value Information Analysis
   0.0000 (  0.0%)   0.0000 (  0.0%)   0.0000 (  0.0%)   0.0000 (  0.0%)  Basic Alias Analysis (stateless AA impl)
   0.0000 (  0.0%)   0.0000 (  0.0%)   0.0000 (  0.0%)   0.0000 (  0.0%)  Natural Loop Information
   0.0000 (  0.0%)   0.0000 (  0.0%)   0.0000 (  0.0%)   0.0000 (  0.0%)  Lazy Value Information Analysis
   0.0000 (  0.0%)   0.0000 (  0.0%)   0.0000 (  0.0%)   0.0000 (  0.0%)  Natural Loop Information
   0.0000 (  0.0%)   0.0000 (  0.0%)   0.0000 (  0.0%)   0.0000 (  0.0%)  Basic Alias Analysis (stateless AA impl)
   0.0000 (  0.0%)   0.0000 (  0.0%)   0.0000 (  0.0%)   0.0000 (  0.0%)  Lazy Value Information Analysis
   0.0000 (  0.0%)   0.0000 (  0.0%)   0.0000 (  0.0%)   0.0000 (  0.0%)  Optimization Remark Emitter
   0.0000 (  0.0%)   0.0000 (  0.0%)   0.0000 (  0.0%)   0.0000 (  0.0%)  Lazy Branch Probability Analysis
   0.0000 (  0.0%)   0.0000 (  0.0%)   0.0000 (  0.0%)   0.0000 (  0.0%)  Natural Loop Information
   0.0000 (  0.0%)   0.0000 (  0.0%)   0.0000 (  0.0%)   0.0000 (  0.0%)  Optimization Remark Emitter
   0.0000 (  0.0%)   0.0000 (  0.0%)   0.0000 (  0.0%)   0.0000 (  0.0%)  Lazy Block Frequency Analysis
   0.0000 (  0.0%)   0.0000 (  0.0%)   0.0000 (  0.0%)   0.0000 (  0.0%)  Basic Alias Analysis (stateless AA impl)
   0.0000 (  0.0%)   0.0000 (  0.0%)   0.0000 (  0.0%)   0.0000 (  0.0%)  SROA
   0.0000 (  0.0%)   0.0000 (  0.0%)   0.0000 (  0.0%)   0.0000 (  0.0%)  Lazy Branch Probability Analysis
   0.0000 (  0.0%)   0.0000 (  0.0%)   0.0000 (  0.0%)   0.0000 (  0.0%)  Basic Alias Analysis (stateless AA impl)
   0.0000 (  0.0%)   0.0000 (  0.0%)   0.0000 (  0.0%)   0.0000 (  0.0%)  Lazy Branch Probability Analysis
   0.0000 (  0.0%)   0.0000 (  0.0%)   0.0000 (  0.0%)   0.0000 (  0.0%)  Scalar Evolution Canonicalization
   0.0000 (  0.0%)   0.0000 (  0.0%)   0.0000 (  0.0%)   0.0000 (  0.0%)  Eliminate dead stores globally
   0.0000 (  0.0%)   0.0000 (  0.0%)   0.0000 (  0.0%)   0.0000 (  0.0%)  Lazy Branch Probability Analysis
   0.0000 (  0.0%)   0.0000 (  0.0%)   0.0000 (  0.0%)   0.0000 (  0.0%)  Lazy Branch Probability Analysis
   0.0000 (  0.0%)   0.0000 (  0.0%)   0.0000 (  0.0%)   0.0000 (  0.0%)  Memory Dependence Analysis
   0.0000 (  0.0%)   0.0000 (  0.0%)   0.0000 (  0.0%)   0.0000 (  0.0%)  Lazy Branch Probability Analysis
   0.0000 (  0.0%)   0.0000 (  0.0%)   0.0000 (  0.0%)   0.0000 (  0.0%)  Scalar Evolution Canonicalization
   0.0000 (  0.0%)   0.0000 (  0.0%)   0.0000 (  0.0%)   0.0000 (  0.0%)  ScalarEvolution-based Alias Analysis
   0.0000 (  0.0%)   0.0000 (  0.0%)   0.0000 (  0.0%)   0.0000 (  0.0%)  Scalar Evolution Analysis
   0.0000 (  0.0%)   0.0000 (  0.0%)   0.0000 (  0.0%)   0.0000 (  0.0%)  Natural Loop Information
   0.0000 (  0.0%)   0.0000 (  0.0%)   0.0000 (  0.0%)   0.0000 (  0.0%)  Lazy Block Frequency Analysis
   0.0000 (  0.0%)   0.0000 (  0.0%)   0.0000 (  0.0%)   0.0000 (  0.0%)  Basic Alias Analysis (stateless AA impl)
   0.0000 (  0.0%)   0.0000 (  0.0%)   0.0000 (  0.0%)   0.0000 (  0.0%)  Dominator Tree Construction
   0.0000 (  0.0%)   0.0000 (  0.0%)   0.0000 (  0.0%)   0.0000 (  0.0%)  CallGraph Construction
   0.0000 (  0.0%)   0.0000 (  0.0%)   0.0000 (  0.0%)   0.0000 (  0.0%)  ScalarEvolution-based Alias Analysis
   0.0000 (  0.0%)   0.0000 (  0.0%)   0.0000 (  0.0%)   0.0000 (  0.0%)  ScalarEvolution-based Alias Analysis
   0.0000 (  0.0%)   0.0000 (  0.0%)   0.0000 (  0.0%)   0.0000 (  0.0%)  Lazy Block Frequency Analysis
   0.0000 (  0.0%)   0.0000 (  0.0%)   0.0000 (  0.0%)   0.0000 (  0.0%)  Optimization Remark Emitter
   0.0000 (  0.0%)   0.0000 (  0.0%)   0.0000 (  0.0%)   0.0000 (  0.0%)  Basic Alias Analysis (stateless AA impl)
   0.0000 (  0.0%)   0.0000 (  0.0%)   0.0000 (  0.0%)   0.0000 (  0.0%)  Basic Alias Analysis (stateless AA impl)
   0.0000 (  0.0%)   0.0000 (  0.0%)   0.0000 (  0.0%)   0.0000 (  0.0%)  Memory Dependence Analysis
   0.0000 (  0.0%)   0.0000 (  0.0%)   0.0000 (  0.0%)   0.0000 (  0.0%)  Lazy Value Information Analysis
   0.0000 (  0.0%)   0.0000 (  0.0%)   0.0000 (  0.0%)   0.0000 (  0.0%)  Lazy Branch Probability Analysis
   0.0000 (  0.0%)   0.0000 (  0.0%)   0.0000 (  0.0%)   0.0000 (  0.0%)  Lazy Value Information Analysis
   0.0000 (  0.0%)   0.0000 (  0.0%)   0.0000 (  0.0%)   0.0000 (  0.0%)  Lazy Branch Probability Analysis
   0.0000 (  0.0%)   0.0000 (  0.0%)   0.0000 (  0.0%)   0.0000 (  0.0%)  Lazy Branch Probability Analysis
   0.0000 (  0.0%)   0.0000 (  0.0%)   0.0000 (  0.0%)   0.0000 (  0.0%)  Dominator Tree Construction
   0.0000 (  0.0%)   0.0000 (  0.0%)   0.0000 (  0.0%)   0.0000 (  0.0%)  ScalarEvolution-based Alias Analysis
   0.0000 (  0.0%)   0.0000 (  0.0%)   0.0000 (  0.0%)   0.0000 (  0.0%)  Normalize condition on switch-cases and muxes
   0.0000 (  0.0%)   0.0000 (  0.0%)   0.0000 (  0.0%)   0.0000 (  0.0%)  Basic Alias Analysis (stateless AA impl)
   0.0000 (  0.0%)   0.0000 (  0.0%)   0.0000 (  0.0%)   0.0000 (  0.0%)  Basic Alias Analysis (stateless AA impl)
   0.0000 (  0.0%)   0.0000 (  0.0%)   0.0000 (  0.0%)   0.0000 (  0.0%)  Basic Alias Analysis (stateless AA impl)
   0.0000 (  0.0%)   0.0000 (  0.0%)   0.0000 (  0.0%)   0.0000 (  0.0%)  Basic Alias Analysis (stateless AA impl)
   0.0000 (  0.0%)   0.0000 (  0.0%)   0.0000 (  0.0%)   0.0000 (  0.0%)  Scalar Evolution Canonicalization
   0.0000 (  0.0%)   0.0000 (  0.0%)   0.0000 (  0.0%)   0.0000 (  0.0%)  Memory Dependence Analysis
   0.0000 (  0.0%)   0.0000 (  0.0%)   0.0000 (  0.0%)   0.0000 (  0.0%)  CallGraph Construction
   0.0000 (  0.0%)   0.0000 (  0.0%)   0.0000 (  0.0%)   0.0000 (  0.0%)  Natural Loop Information
   0.0000 (  0.0%)   0.0000 (  0.0%)   0.0000 (  0.0%)   0.0000 (  0.0%)  Basic Alias Analysis (stateless AA impl)
   0.0000 (  0.0%)   0.0000 (  0.0%)   0.0000 (  0.0%)   0.0000 (  0.0%)  Lazy Block Frequency Analysis
   0.0000 (  0.0%)   0.0000 (  0.0%)   0.0000 (  0.0%)   0.0000 (  0.0%)  Simplify types in the LLVM IR, redundant type hierarchy
   0.0000 (  0.0%)   0.0000 (  0.0%)   0.0000 (  0.0%)   0.0000 (  0.0%)  ScalarEvolution-based Alias Analysis
   0.0000 (  0.0%)   0.0000 (  0.0%)   0.0000 (  0.0%)   0.0000 (  0.0%)  Scalar Evolution Canonicalization
   0.0000 (  0.0%)   0.0000 (  0.0%)   0.0000 (  0.0%)   0.0000 (  0.0%)  Natural Loop Information
   0.0000 (  0.0%)   0.0000 (  0.0%)   0.0000 (  0.0%)   0.0000 (  0.0%)  Optimization Remark Emitter
   0.0000 (  0.0%)   0.0000 (  0.0%)   0.0000 (  0.0%)   0.0000 (  0.0%)  Scalar Evolution Analysis
   0.0000 (  0.0%)   0.0000 (  0.0%)   0.0000 (  0.0%)   0.0000 (  0.0%)  Promote Memory to Register
   0.0000 (  0.0%)   0.0000 (  0.0%)   0.0000 (  0.0%)   0.0000 (  0.0%)  Simplify loop CFG
   0.0000 (  0.0%)   0.0000 (  0.0%)   0.0000 (  0.0%)   0.0000 (  0.0%)  CallGraph Construction
   0.0000 (  0.0%)   0.0000 (  0.0%)   0.0000 (  0.0%)   0.0000 (  0.0%)  Lazy Value Information Analysis
   0.0000 (  0.0%)   0.0000 (  0.0%)   0.0000 (  0.0%)   0.0000 (  0.0%)  Lazy Branch Probability Analysis
   0.0000 (  0.0%)   0.0000 (  0.0%)   0.0000 (  0.0%)   0.0000 (  0.0%)  Lazy Branch Probability Analysis
   0.0000 (  0.0%)   0.0000 (  0.0%)   0.0000 (  0.0%)   0.0000 (  0.0%)  SeqAccessesInference - Infer Sequential accesses for HLS C/C++
   0.0000 (  0.0%)   0.0000 (  0.0%)   0.0000 (  0.0%)   0.0000 (  0.0%)  Scalar Evolution Analysis
   0.0000 (  0.0%)   0.0000 (  0.0%)   0.0000 (  0.0%)   0.0000 (  0.0%)  Memory Dependence Analysis
   0.0000 (  0.0%)   0.0000 (  0.0%)   0.0000 (  0.0%)   0.0000 (  0.0%)  Scalar Evolution Canonicalization
   0.0000 (  0.0%)   0.0000 (  0.0%)   0.0000 (  0.0%)   0.0000 (  0.0%)  Dominator Tree Construction
   0.0000 (  0.0%)   0.0000 (  0.0%)   0.0000 (  0.0%)   0.0000 (  0.0%)  Infer direct input/output accesses
   0.0000 (  0.0%)   0.0000 (  0.0%)   0.0000 (  0.0%)   0.0000 (  0.0%)  Basic Alias Analysis (stateless AA impl)
   0.0000 (  0.0%)   0.0000 (  0.0%)   0.0000 (  0.0%)   0.0000 (  0.0%)  Optimization Remark Emitter
   0.0000 (  0.0%)   0.0000 (  0.0%)   0.0000 (  0.0%)   0.0000 (  0.0%)  Lazy Block Frequency Analysis
   0.0000 (  0.0%)   0.0000 (  0.0%)   0.0000 (  0.0%)   0.0000 (  0.0%)  Basic Alias Analysis (stateless AA impl)
   0.0000 (  0.0%)   0.0000 (  0.0%)   0.0000 (  0.0%)   0.0000 (  0.0%)  Optimization Remark Emitter
   0.0000 (  0.0%)   0.0000 (  0.0%)   0.0000 (  0.0%)   0.0000 (  0.0%)  Lazy Branch Probability Analysis
   0.0000 (  0.0%)   0.0000 (  0.0%)   0.0000 (  0.0%)   0.0000 (  0.0%)  Optimization Remark Emitter
   0.0000 (  0.0%)   0.0000 (  0.0%)   0.0000 (  0.0%)   0.0000 (  0.0%)  Lazy Block Frequency Analysis
   0.0000 (  0.0%)   0.0000 (  0.0%)   0.0000 (  0.0%)   0.0000 (  0.0%)  Reflow auto unroll loops
   0.0000 (  0.0%)   0.0000 (  0.0%)   0.0000 (  0.0%)   0.0000 (  0.0%)  Lazy Value Information Analysis
   0.0000 (  0.0%)   0.0000 (  0.0%)   0.0000 (  0.0%)   0.0000 (  0.0%)  Dominator Tree Construction
   0.0000 (  0.0%)   0.0000 (  0.0%)   0.0000 (  0.0%)   0.0000 (  0.0%)  Lazy Block Frequency Analysis
   0.0000 (  0.0%)   0.0000 (  0.0%)   0.0000 (  0.0%)   0.0000 (  0.0%)  Eliminate dead stores globally
   0.0000 (  0.0%)   0.0000 (  0.0%)   0.0000 (  0.0%)   0.0000 (  0.0%)  Lazy Value Information Analysis
   0.0000 (  0.0%)   0.0000 (  0.0%)   0.0000 (  0.0%)   0.0000 (  0.0%)  Dominator Tree Construction
   0.0000 (  0.0%)   0.0000 (  0.0%)   0.0000 (  0.0%)   0.0000 (  0.0%)  Lazy Block Frequency Analysis
   0.0000 (  0.0%)   0.0000 (  0.0%)   0.0000 (  0.0%)   0.0000 (  0.0%)  Lazy Branch Probability Analysis
   0.0000 (  0.0%)   0.0000 (  0.0%)   0.0000 (  0.0%)   0.0000 (  0.0%)  Lazy Branch Probability Analysis
   0.0000 (  0.0%)   0.0000 (  0.0%)   0.0000 (  0.0%)   0.0000 (  0.0%)  Basic Alias Analysis (stateless AA impl)
   0.0000 (  0.0%)   0.0000 (  0.0%)   0.0000 (  0.0%)   0.0000 (  0.0%)  CallGraph Construction
   0.0000 (  0.0%)   0.0000 (  0.0%)   0.0000 (  0.0%)   0.0000 (  0.0%)  Natural Loop Information
   0.0000 (  0.0%)   0.0000 (  0.0%)   0.0000 (  0.0%)   0.0000 (  0.0%)  Optimization Remark Emitter
   0.0000 (  0.0%)   0.0000 (  0.0%)   0.0000 (  0.0%)   0.0000 (  0.0%)  Basic Alias Analysis (stateless AA impl)
   0.0000 (  0.0%)   0.0000 (  0.0%)   0.0000 (  0.0%)   0.0000 (  0.0%)  ScalarEvolution-based Alias Analysis
   0.0000 (  0.0%)   0.0000 (  0.0%)   0.0000 (  0.0%)   0.0000 (  0.0%)  Lazy Block Frequency Analysis
   0.0000 (  0.0%)   0.0000 (  0.0%)   0.0000 (  0.0%)   0.0000 (  0.0%)  Canonicalize natural loops
   0.0000 (  0.0%)   0.0000 (  0.0%)   0.0000 (  0.0%)   0.0000 (  0.0%)  LCSSA Verifier
   0.0000 (  0.0%)   0.0000 (  0.0%)   0.0000 (  0.0%)   0.0000 (  0.0%)  Optimization Remark Emitter
   0.0000 (  0.0%)   0.0000 (  0.0%)   0.0000 (  0.0%)   0.0000 (  0.0%)  Lazy Block Frequency Analysis
   0.0000 (  0.0%)   0.0000 (  0.0%)   0.0000 (  0.0%)   0.0000 (  0.0%)  Lazy Branch Probability Analysis
   0.0000 (  0.0%)   0.0000 (  0.0%)   0.0000 (  0.0%)   0.0000 (  0.0%)  Lazy Block Frequency Analysis
   0.0000 (  0.0%)   0.0000 (  0.0%)   0.0000 (  0.0%)   0.0000 (  0.0%)  Basic Alias Analysis (stateless AA impl)
   0.0000 (  0.0%)   0.0000 (  0.0%)   0.0000 (  0.0%)   0.0000 (  0.0%)  Memory Dependence Analysis
   0.0000 (  0.0%)   0.0000 (  0.0%)   0.0000 (  0.0%)   0.0000 (  0.0%)  Optimization Remark Emitter
   0.0000 (  0.0%)   0.0000 (  0.0%)   0.0000 (  0.0%)   0.0000 (  0.0%)  Dominator Tree Construction
   0.0000 (  0.0%)   0.0000 (  0.0%)   0.0000 (  0.0%)   0.0000 (  0.0%)  Optimization Remark Emitter
   0.0000 (  0.0%)   0.0000 (  0.0%)   0.0000 (  0.0%)   0.0000 (  0.0%)  Promote Memory to Register
   0.0000 (  0.0%)   0.0000 (  0.0%)   0.0000 (  0.0%)   0.0000 (  0.0%)  CallGraph Construction
   0.0000 (  0.0%)   0.0000 (  0.0%)   0.0000 (  0.0%)   0.0000 (  0.0%)  Scalar Evolution Analysis
   0.0000 (  0.0%)   0.0000 (  0.0%)   0.0000 (  0.0%)   0.0000 (  0.0%)  Lazy Branch Probability Analysis
   0.0000 (  0.0%)   0.0000 (  0.0%)   0.0000 (  0.0%)   0.0000 (  0.0%)  Scalar Evolution Canonicalization
   0.0000 (  0.0%)   0.0000 (  0.0%)   0.0000 (  0.0%)   0.0000 (  0.0%)  Optimization Remark Emitter
   0.0000 (  0.0%)   0.0000 (  0.0%)   0.0000 (  0.0%)   0.0000 (  0.0%)  Optimization Remark Emitter
   0.0000 (  0.0%)   0.0000 (  0.0%)   0.0000 (  0.0%)   0.0000 (  0.0%)  Optimization Remark Emitter
   0.0000 (  0.0%)   0.0000 (  0.0%)   0.0000 (  0.0%)   0.0000 (  0.0%)  Lazy Value Information Analysis
   0.0000 (  0.0%)   0.0000 (  0.0%)   0.0000 (  0.0%)   0.0000 (  0.0%)  Scalar Evolution Analysis
   0.0000 (  0.0%)   0.0000 (  0.0%)   0.0000 (  0.0%)   0.0000 (  0.0%)  Optimization Remark Emitter
   0.0000 (  0.0%)   0.0000 (  0.0%)   0.0000 (  0.0%)   0.0000 (  0.0%)  Dominator Tree Construction
   0.0000 (  0.0%)   0.0000 (  0.0%)   0.0000 (  0.0%)   0.0000 (  0.0%)  Optimization Remark Emitter
   0.0000 (  0.0%)   0.0000 (  0.0%)   0.0000 (  0.0%)   0.0000 (  0.0%)  Scalar Evolution Analysis
   0.0000 (  0.0%)   0.0000 (  0.0%)   0.0000 (  0.0%)   0.0000 (  0.0%)  CallGraph Construction
   0.0000 (  0.0%)   0.0000 (  0.0%)   0.0000 (  0.0%)   0.0000 (  0.0%)  Lazy Block Frequency Analysis
   0.0000 (  0.0%)   0.0000 (  0.0%)   0.0000 (  0.0%)   0.0000 (  0.0%)  Lazy Block Frequency Analysis
   0.0000 (  0.0%)   0.0000 (  0.0%)   0.0000 (  0.0%)   0.0000 (  0.0%)  Optimization Remark Emitter
   0.0000 (  0.0%)   0.0000 (  0.0%)   0.0000 (  0.0%)   0.0000 (  0.0%)  Lazy Branch Probability Analysis
   0.0000 (  0.0%)   0.0000 (  0.0%)   0.0000 (  0.0%)   0.0000 (  0.0%)  Lazy Branch Probability Analysis
   0.0000 (  0.0%)   0.0000 (  0.0%)   0.0000 (  0.0%)   0.0000 (  0.0%)  Lazy Block Frequency Analysis
   0.0000 (  0.0%)   0.0000 (  0.0%)   0.0000 (  0.0%)   0.0000 (  0.0%)  Optimization Remark Emitter
   0.0000 (  0.0%)   0.0000 (  0.0%)   0.0000 (  0.0%)   0.0000 (  0.0%)  Optimization Remark Emitter
   0.0000 (  0.0%)   0.0000 (  0.0%)   0.0000 (  0.0%)   0.0000 (  0.0%)  Lazy Block Frequency Analysis
   0.0000 (  0.0%)   0.0000 (  0.0%)   0.0000 (  0.0%)   0.0000 (  0.0%)  Dominator Tree Construction
   0.0000 (  0.0%)   0.0000 (  0.0%)   0.0000 (  0.0%)   0.0000 (  0.0%)  Optimization Remark Emitter
   0.0000 (  0.0%)   0.0000 (  0.0%)   0.0000 (  0.0%)   0.0000 (  0.0%)  Lazy Value Information Analysis
   0.0000 (  0.0%)   0.0000 (  0.0%)   0.0000 (  0.0%)   0.0000 (  0.0%)  Basic Alias Analysis (stateless AA impl)
   0.0000 (  0.0%)   0.0000 (  0.0%)   0.0000 (  0.0%)   0.0000 (  0.0%)  Lazy Value Information Analysis
   0.0000 (  0.0%)   0.0000 (  0.0%)   0.0000 (  0.0%)   0.0000 (  0.0%)  Optimization Remark Emitter
   0.0000 (  0.0%)   0.0000 (  0.0%)   0.0000 (  0.0%)   0.0000 (  0.0%)  CallGraph Construction
   0.0000 (  0.0%)   0.0000 (  0.0%)   0.0000 (  0.0%)   0.0000 (  0.0%)  Lazy Branch Probability Analysis
   0.0000 (  0.0%)   0.0000 (  0.0%)   0.0000 (  0.0%)   0.0000 (  0.0%)  ScalarEvolution-based Alias Analysis
   0.0000 (  0.0%)   0.0000 (  0.0%)   0.0000 (  0.0%)   0.0000 (  0.0%)  Lazy Block Frequency Analysis
   0.0000 (  0.0%)   0.0000 (  0.0%)   0.0000 (  0.0%)   0.0000 (  0.0%)  Lazy Branch Probability Analysis
   0.0000 (  0.0%)   0.0000 (  0.0%)   0.0000 (  0.0%)   0.0000 (  0.0%)  Optimization Remark Emitter
   0.0000 (  0.0%)   0.0000 (  0.0%)   0.0000 (  0.0%)   0.0000 (  0.0%)  ScalarEvolution-based Alias Analysis
   0.0000 (  0.0%)   0.0000 (  0.0%)   0.0000 (  0.0%)   0.0000 (  0.0%)  Canonicalize natural loops
   0.0000 (  0.0%)   0.0000 (  0.0%)   0.0000 (  0.0%)   0.0000 (  0.0%)  Memory Dependence Analysis
   0.0000 (  0.0%)   0.0000 (  0.0%)   0.0000 (  0.0%)   0.0000 (  0.0%)  Lazy Branch Probability Analysis
   0.0000 (  0.0%)   0.0000 (  0.0%)   0.0000 (  0.0%)   0.0000 (  0.0%)  Optimization Remark Emitter
   0.0000 (  0.0%)   0.0000 (  0.0%)   0.0000 (  0.0%)   0.0000 (  0.0%)  Lazy Value Information Analysis
   0.0000 (  0.0%)   0.0000 (  0.0%)   0.0000 (  0.0%)   0.0000 (  0.0%)  Lazy Block Frequency Analysis
   0.0000 (  0.0%)   0.0000 (  0.0%)   0.0000 (  0.0%)   0.0000 (  0.0%)  Lazy Branch Probability Analysis
   0.0000 (  0.0%)   0.0000 (  0.0%)   0.0000 (  0.0%)   0.0000 (  0.0%)  ScalarEvolution-based Alias Analysis
   0.0000 (  0.0%)   0.0000 (  0.0%)   0.0000 (  0.0%)   0.0000 (  0.0%)  Lazy Block Frequency Analysis
   0.0000 (  0.0%)   0.0000 (  0.0%)   0.0000 (  0.0%)   0.0000 (  0.0%)  Basic Alias Analysis (stateless AA impl)
   0.0000 (  0.0%)   0.0000 (  0.0%)   0.0000 (  0.0%)   0.0000 (  0.0%)  Lazy Block Frequency Analysis
   0.0000 (  0.0%)   0.0000 (  0.0%)   0.0000 (  0.0%)   0.0000 (  0.0%)  Lazy Value Information Analysis
   0.0000 (  0.0%)   0.0000 (  0.0%)   0.0000 (  0.0%)   0.0000 (  0.0%)  Dominator Tree Construction
   0.0000 (  0.0%)   0.0000 (  0.0%)   0.0000 (  0.0%)   0.0000 (  0.0%)  Memory Dependence Analysis
   0.0000 (  0.0%)   0.0000 (  0.0%)   0.0000 (  0.0%)   0.0000 (  0.0%)  ScalarEvolution-based Alias Analysis
   0.0000 (  0.0%)   0.0000 (  0.0%)   0.0000 (  0.0%)   0.0000 (  0.0%)  Critical Path Aanlysis
   0.0000 (  0.0%)   0.0000 (  0.0%)   0.0000 (  0.0%)   0.0000 (  0.0%)  Simplify loop CFG
   0.0000 (  0.0%)   0.0000 (  0.0%)   0.0000 (  0.0%)   0.0000 (  0.0%)  CallGraph Construction
   0.0000 (  0.0%)   0.0000 (  0.0%)   0.0000 (  0.0%)   0.0000 (  0.0%)  ScalarEvolution-based Alias Analysis
   0.0000 (  0.0%)   0.0000 (  0.0%)   0.0000 (  0.0%)   0.0000 (  0.0%)  Dominator Tree Construction
   0.0000 (  0.0%)   0.0000 (  0.0%)   0.0000 (  0.0%)   0.0000 (  0.0%)  Scalar Evolution Canonicalization
   0.0000 (  0.0%)   0.0000 (  0.0%)   0.0000 (  0.0%)   0.0000 (  0.0%)  Dominator Tree Construction
   0.0000 (  0.0%)   0.0000 (  0.0%)   0.0000 (  0.0%)   0.0000 (  0.0%)  Lazy Value Information Analysis
   0.0000 (  0.0%)   0.0000 (  0.0%)   0.0000 (  0.0%)   0.0000 (  0.0%)  Lazy Value Information Analysis
   0.0000 (  0.0%)   0.0000 (  0.0%)   0.0000 (  0.0%)   0.0000 (  0.0%)  Optimization Remark Emitter
   0.0000 (  0.0%)   0.0000 (  0.0%)   0.0000 (  0.0%)   0.0000 (  0.0%)  Optimization Remark Emitter
   0.0000 (  0.0%)   0.0000 (  0.0%)   0.0000 (  0.0%)   0.0000 (  0.0%)  Natural Loop Information
   0.0000 (  0.0%)   0.0000 (  0.0%)   0.0000 (  0.0%)   0.0000 (  0.0%)  Lazy Block Frequency Analysis
   0.0000 (  0.0%)   0.0000 (  0.0%)   0.0000 (  0.0%)   0.0000 (  0.0%)  Lazy Value Information Analysis
   0.0000 (  0.0%)   0.0000 (  0.0%)   0.0000 (  0.0%)   0.0000 (  0.0%)  Critical Path Aanlysis
   0.0000 (  0.0%)   0.0000 (  0.0%)   0.0000 (  0.0%)   0.0000 (  0.0%)  Lazy Block Frequency Analysis
   0.0000 (  0.0%)   0.0000 (  0.0%)   0.0000 (  0.0%)   0.0000 (  0.0%)  Optimization Remark Emitter
   0.0000 (  0.0%)   0.0000 (  0.0%)   0.0000 (  0.0%)   0.0000 (  0.0%)  Infer nuw/nsw flags for instructions
   0.0000 (  0.0%)   0.0000 (  0.0%)   0.0000 (  0.0%)   0.0000 (  0.0%)  Lazy Block Frequency Analysis
   0.0000 (  0.0%)   0.0000 (  0.0%)   0.0000 (  0.0%)   0.0000 (  0.0%)  SROA
   0.0000 (  0.0%)   0.0000 (  0.0%)   0.0000 (  0.0%)   0.0000 (  0.0%)  Lazy Block Frequency Analysis
   0.0000 (  0.0%)   0.0000 (  0.0%)   0.0000 (  0.0%)   0.0000 (  0.0%)  Optimization Remark Emitter
   0.0000 (  0.0%)   0.0000 (  0.0%)   0.0000 (  0.0%)   0.0000 (  0.0%)  Lazy Branch Probability Analysis
   0.0000 (  0.0%)   0.0000 (  0.0%)   0.0000 (  0.0%)   0.0000 (  0.0%)  Optimization Remark Emitter
   0.0000 (  0.0%)   0.0000 (  0.0%)   0.0000 (  0.0%)   0.0000 (  0.0%)  Lazy Value Information Analysis
   0.0000 (  0.0%)   0.0000 (  0.0%)   0.0000 (  0.0%)   0.0000 (  0.0%)  Optimization Remark Emitter
   0.0000 (  0.0%)   0.0000 (  0.0%)   0.0000 (  0.0%)   0.0000 (  0.0%)  Lazy Block Frequency Analysis
   0.0000 (  0.0%)   0.0000 (  0.0%)   0.0000 (  0.0%)   0.0000 (  0.0%)  ScalarEvolution-based Alias Analysis
   0.0000 (  0.0%)   0.0000 (  0.0%)   0.0000 (  0.0%)   0.0000 (  0.0%)  Lazy Block Frequency Analysis
   0.0000 (  0.0%)   0.0000 (  0.0%)   0.0000 (  0.0%)   0.0000 (  0.0%)  Dominator Tree Construction
   0.0000 (  0.0%)   0.0000 (  0.0%)   0.0000 (  0.0%)   0.0000 (  0.0%)  Scalar Evolution Analysis
   0.0000 (  0.0%)   0.0000 (  0.0%)   0.0000 (  0.0%)   0.0000 (  0.0%)  Critical Path Aanlysis
   0.0000 (  0.0%)   0.0000 (  0.0%)   0.0000 (  0.0%)   0.0000 (  0.0%)  Optimization Remark Emitter
   0.0000 (  0.0%)   0.0000 (  0.0%)   0.0000 (  0.0%)   0.0000 (  0.0%)  Optimization Remark Emitter
   0.0000 (  0.0%)   0.0000 (  0.0%)   0.0000 (  0.0%)   0.0000 (  0.0%)  Lazy Branch Probability Analysis
   0.0000 (  0.0%)   0.0000 (  0.0%)   0.0000 (  0.0%)   0.0000 (  0.0%)  Lazy Block Frequency Analysis
   0.0000 (  0.0%)   0.0000 (  0.0%)   0.0000 (  0.0%)   0.0000 (  0.0%)  Lazy Block Frequency Analysis
   0.0000 (  0.0%)   0.0000 (  0.0%)   0.0000 (  0.0%)   0.0000 (  0.0%)  Lazy Block Frequency Analysis
   0.0000 (  0.0%)   0.0000 (  0.0%)   0.0000 (  0.0%)   0.0000 (  0.0%)  Optimization Remark Emitter
   0.0000 (  0.0%)   0.0000 (  0.0%)   0.0000 (  0.0%)   0.0000 (  0.0%)  Dominator Tree Construction
   0.0000 (  0.0%)   0.0000 (  0.0%)   0.0000 (  0.0%)   0.0000 (  0.0%)  Optimization Remark Emitter
   0.0000 (  0.0%)   0.0000 (  0.0%)   0.0000 (  0.0%)   0.0000 (  0.0%)  Lazy Value Information Analysis
   0.0000 (  0.0%)   0.0000 (  0.0%)   0.0000 (  0.0%)   0.0000 (  0.0%)  Basic Alias Analysis (stateless AA impl)
   0.0000 (  0.0%)   0.0000 (  0.0%)   0.0000 (  0.0%)   0.0000 (  0.0%)  Optimization Remark Emitter
   0.0000 (  0.0%)   0.0000 (  0.0%)   0.0000 (  0.0%)   0.0000 (  0.0%)  Dominator Tree Construction
   0.0000 (  0.0%)   0.0000 (  0.0%)   0.0000 (  0.0%)   0.0000 (  0.0%)  ScalarEvolution-based Alias Analysis
   0.0000 (  0.0%)   0.0000 (  0.0%)   0.0000 (  0.0%)   0.0000 (  0.0%)  Optimization Remark Emitter
   0.0000 (  0.0%)   0.0000 (  0.0%)   0.0000 (  0.0%)   0.0000 (  0.0%)  Critical Path Aanlysis
   0.0000 (  0.0%)   0.0000 (  0.0%)   0.0000 (  0.0%)   0.0000 (  0.0%)  Lazy Block Frequency Analysis
   0.0000 (  0.0%)   0.0000 (  0.0%)   0.0000 (  0.0%)   0.0000 (  0.0%)  Optimization Remark Emitter
   0.0000 (  0.0%)   0.0000 (  0.0%)   0.0000 (  0.0%)   0.0000 (  0.0%)  Optimization Remark Emitter
   0.0000 (  0.0%)   0.0000 (  0.0%)   0.0000 (  0.0%)   0.0000 (  0.0%)  Optimization Remark Emitter
   0.0000 (  0.0%)   0.0000 (  0.0%)   0.0000 (  0.0%)   0.0000 (  0.0%)  Lazy Block Frequency Analysis
   0.0000 (  0.0%)   0.0000 (  0.0%)   0.0000 (  0.0%)   0.0000 (  0.0%)  Lazy Branch Probability Analysis
   0.0000 (  0.0%)   0.0000 (  0.0%)   0.0000 (  0.0%)   0.0000 (  0.0%)  LCSSA Verifier
   0.0000 (  0.0%)   0.0000 (  0.0%)   0.0000 (  0.0%)   0.0000 (  0.0%)  Canonicalize natural loops
   0.0000 (  0.0%)   0.0000 (  0.0%)   0.0000 (  0.0%)   0.0000 (  0.0%)  Lazy Branch Probability Analysis
   0.0000 (  0.0%)   0.0000 (  0.0%)   0.0000 (  0.0%)   0.0000 (  0.0%)  Lazy Block Frequency Analysis
   0.0000 (  0.0%)   0.0000 (  0.0%)   0.0000 (  0.0%)   0.0000 (  0.0%)  Optimization Remark Emitter
   0.0000 (  0.0%)   0.0000 (  0.0%)   0.0000 (  0.0%)   0.0000 (  0.0%)  Lazy Block Frequency Analysis
   0.0000 (  0.0%)   0.0000 (  0.0%)   0.0000 (  0.0%)   0.0000 (  0.0%)  Lazy Value Information Analysis
   0.0000 (  0.0%)   0.0000 (  0.0%)   0.0000 (  0.0%)   0.0000 (  0.0%)  Lazy Value Information Analysis
   0.0000 (  0.0%)   0.0000 (  0.0%)   0.0000 (  0.0%)   0.0000 (  0.0%)  Optimization Remark Emitter
   0.0000 (  0.0%)   0.0000 (  0.0%)   0.0000 (  0.0%)   0.0000 (  0.0%)  ScalarEvolution-based Alias Analysis
   0.0000 (  0.0%)   0.0000 (  0.0%)   0.0000 (  0.0%)   0.0000 (  0.0%)  Optimization Remark Emitter
   0.0000 (  0.0%)   0.0000 (  0.0%)   0.0000 (  0.0%)   0.0000 (  0.0%)  LCSSA Verifier
   0.0000 (  0.0%)   0.0000 (  0.0%)   0.0000 (  0.0%)   0.0000 (  0.0%)  Dead Global Elimination
   0.0000 (  0.0%)   0.0000 (  0.0%)   0.0000 (  0.0%)   0.0000 (  0.0%)  Optimization Remark Emitter
   0.0000 (  0.0%)   0.0000 (  0.0%)   0.0000 (  0.0%)   0.0000 (  0.0%)  Dominator Tree Construction
   0.0000 (  0.0%)   0.0000 (  0.0%)   0.0000 (  0.0%)   0.0000 (  0.0%)  Natural Loop Information
   0.0000 (  0.0%)   0.0000 (  0.0%)   0.0000 (  0.0%)   0.0000 (  0.0%)  CallGraph Construction
   0.0000 (  0.0%)   0.0000 (  0.0%)   0.0000 (  0.0%)   0.0000 (  0.0%)  Dominator Tree Construction
   0.0000 (  0.0%)   0.0000 (  0.0%)   0.0000 (  0.0%)   0.0000 (  0.0%)  LCSSA Verifier
   0.0000 (  0.0%)   0.0000 (  0.0%)   0.0000 (  0.0%)   0.0000 (  0.0%)  Lazy Block Frequency Analysis
   0.0000 (  0.0%)   0.0000 (  0.0%)   0.0000 (  0.0%)   0.0000 (  0.0%)  Natural Loop Information
   0.0000 (  0.0%)   0.0000 (  0.0%)   0.0000 (  0.0%)   0.0000 (  0.0%)  Optimization Remark Emitter
   0.0000 (  0.0%)   0.0000 (  0.0%)   0.0000 (  0.0%)   0.0000 (  0.0%)  LCSSA Verifier
   0.0000 (  0.0%)   0.0000 (  0.0%)   0.0000 (  0.0%)   0.0000 (  0.0%)  CallGraph Construction
   0.0000 (  0.0%)   0.0000 (  0.0%)   0.0000 (  0.0%)   0.0000 (  0.0%)  Basic Alias Analysis (stateless AA impl)
   0.0000 (  0.0%)   0.0000 (  0.0%)   0.0000 (  0.0%)   0.0000 (  0.0%)  Optimization Remark Emitter
   0.0000 (  0.0%)   0.0000 (  0.0%)   0.0000 (  0.0%)   0.0000 (  0.0%)  Optimization Remark Emitter
   0.0000 (  0.0%)   0.0000 (  0.0%)   0.0000 (  0.0%)   0.0000 (  0.0%)  Basic Alias Analysis (stateless AA impl)
   0.0000 (  0.0%)   0.0000 (  0.0%)   0.0000 (  0.0%)   0.0000 (  0.0%)  Generate Loops to iterate over workitems
   0.0000 (  0.0%)   0.0000 (  0.0%)   0.0000 (  0.0%)   0.0000 (  0.0%)  Lazy Block Frequency Analysis
   0.0000 (  0.0%)   0.0000 (  0.0%)   0.0000 (  0.0%)   0.0000 (  0.0%)  Scalar Evolution Canonicalization
   0.0000 (  0.0%)   0.0000 (  0.0%)   0.0000 (  0.0%)   0.0000 (  0.0%)  CallGraph Construction
   0.0000 (  0.0%)   0.0000 (  0.0%)   0.0000 (  0.0%)   0.0000 (  0.0%)  Optimization Remark Emitter
   0.0000 (  0.0%)   0.0000 (  0.0%)   0.0000 (  0.0%)   0.0000 (  0.0%)  LCSSA Verifier
   0.0000 (  0.0%)   0.0000 (  0.0%)   0.0000 (  0.0%)   0.0000 (  0.0%)  LCSSA Verifier
   0.0000 (  0.0%)   0.0000 (  0.0%)   0.0000 (  0.0%)   0.0000 (  0.0%)  Scalar Evolution Canonicalization
   0.0000 (  0.0%)   0.0000 (  0.0%)   0.0000 (  0.0%)   0.0000 (  0.0%)  Natural Loop Information
   0.0000 (  0.0%)   0.0000 (  0.0%)   0.0000 (  0.0%)   0.0000 (  0.0%)  Natural Loop Information
   0.0000 (  0.0%)   0.0000 (  0.0%)   0.0000 (  0.0%)   0.0000 (  0.0%)  CallGraph Construction
   0.0000 (  0.0%)   0.0000 (  0.0%)   0.0000 (  0.0%)   0.0000 (  0.0%)  Scalar Evolution Analysis
   0.0000 (  0.0%)   0.0000 (  0.0%)   0.0000 (  0.0%)   0.0000 (  0.0%)  CallGraph Construction
   0.0000 (  0.0%)   0.0000 (  0.0%)   0.0000 (  0.0%)   0.0000 (  0.0%)  CallGraph Construction
   0.0000 (  0.0%)   0.0000 (  0.0%)   0.0000 (  0.0%)   0.0000 (  0.0%)  Dead Global Elimination
   0.0000 (  0.0%)   0.0000 (  0.0%)   0.0000 (  0.0%)   0.0000 (  0.0%)  Dominator Tree Construction
   0.0000 (  0.0%)   0.0000 (  0.0%)   0.0000 (  0.0%)   0.0000 (  0.0%)  Memory Dependence Analysis
   0.0000 (  0.0%)   0.0000 (  0.0%)   0.0000 (  0.0%)   0.0000 (  0.0%)  Simplify loop CFG
   0.0000 (  0.0%)   0.0000 (  0.0%)   0.0000 (  0.0%)   0.0000 (  0.0%)  Struct object aggregation
   0.0000 (  0.0%)   0.0000 (  0.0%)   0.0000 (  0.0%)   0.0000 (  0.0%)  Remove unreachable basic blocks under switch
   0.0000 (  0.0%)   0.0000 (  0.0%)   0.0000 (  0.0%)   0.0000 (  0.0%)  Dead Global Elimination
   0.0000 (  0.0%)   0.0000 (  0.0%)   0.0000 (  0.0%)   0.0000 (  0.0%)  CallGraph Construction
   0.0000 (  0.0%)   0.0000 (  0.0%)   0.0000 (  0.0%)   0.0000 (  0.0%)  Remove unreachable basic blocks under switch
   0.0000 (  0.0%)   0.0000 (  0.0%)   0.0000 (  0.0%)   0.0000 (  0.0%)  CallGraph Construction
   0.0000 (  0.0%)   0.0000 (  0.0%)   0.0000 (  0.0%)   0.0000 (  0.0%)  Post-Dominator Tree Construction
   0.0000 (  0.0%)   0.0000 (  0.0%)   0.0000 (  0.0%)   0.0000 (  0.0%)  Remove unreachable basic blocks under switch
   0.0000 (  0.0%)   0.0000 (  0.0%)   0.0000 (  0.0%)   0.0000 (  0.0%)  Dead Argument Elimination
   0.0000 (  0.0%)   0.0000 (  0.0%)   0.0000 (  0.0%)   0.0000 (  0.0%)  Canonicalize natural loops
   0.0000 (  0.0%)   0.0000 (  0.0%)   0.0000 (  0.0%)   0.0000 (  0.0%)  Dominator Tree Construction
   0.0000 (  0.0%)   0.0000 (  0.0%)   0.0000 (  0.0%)   0.0000 (  0.0%)  Natural Loop Information
   0.0000 (  0.0%)   0.0000 (  0.0%)   0.0000 (  0.0%)   0.0000 (  0.0%)  Post-Dominator Tree Construction
   0.0000 (  0.0%)   0.0000 (  0.0%)   0.0000 (  0.0%)   0.0000 (  0.0%)  Remove unreachable basic blocks under switch
   0.0000 (  0.0%)   0.0000 (  0.0%)   0.0000 (  0.0%)   0.0000 (  0.0%)  Dominator Tree Construction
   0.0000 (  0.0%)   0.0000 (  0.0%)   0.0000 (  0.0%)   0.0000 (  0.0%)  Natural Loop Information
   0.0000 (  0.0%)   0.0000 (  0.0%)   0.0000 (  0.0%)   0.0000 (  0.0%)  Remove unreachable basic blocks under switch
   0.0000 (  0.0%)   0.0000 (  0.0%)   0.0000 (  0.0%)   0.0000 (  0.0%)  Remove unreachable basic blocks under switch
   0.0000 (  0.0%)   0.0000 (  0.0%)   0.0000 (  0.0%)   0.0000 (  0.0%)  Dominator Tree Construction
   0.0000 (  0.0%)   0.0000 (  0.0%)   0.0000 (  0.0%)   0.0000 (  0.0%)  Infer nuw/nsw flags for instructions
   0.0000 (  0.0%)   0.0000 (  0.0%)   0.0000 (  0.0%)   0.0000 (  0.0%)  Remove unreachable basic blocks under switch
   0.0000 (  0.0%)   0.0000 (  0.0%)   0.0000 (  0.0%)   0.0000 (  0.0%)  Collect basic metrics for FE reflow
   0.0000 (  0.0%)   0.0000 (  0.0%)   0.0000 (  0.0%)   0.0000 (  0.0%)  CallGraph Construction
   0.0000 (  0.0%)   0.0000 (  0.0%)   0.0000 (  0.0%)   0.0000 (  0.0%)  Infer nuw/nsw flags for instructions
   0.0000 (  0.0%)   0.0000 (  0.0%)   0.0000 (  0.0%)   0.0000 (  0.0%)  Canonicalize natural loops
   0.0000 (  0.0%)   0.0000 (  0.0%)   0.0000 (  0.0%)   0.0000 (  0.0%)  Basic Alias Analysis (stateless AA impl)
   0.0000 (  0.0%)   0.0000 (  0.0%)   0.0000 (  0.0%)   0.0000 (  0.0%)  Dominator Tree Construction
   0.0000 (  0.0%)   0.0000 (  0.0%)   0.0000 (  0.0%)   0.0000 (  0.0%)  Dominator Tree Construction
   0.0000 (  0.0%)   0.0000 (  0.0%)   0.0000 (  0.0%)   0.0000 (  0.0%)  Remove unreachable basic blocks under switch
   0.0000 (  0.0%)   0.0000 (  0.0%)   0.0000 (  0.0%)   0.0000 (  0.0%)  Remove unreachable basic blocks under switch
   0.0000 (  0.0%)   0.0000 (  0.0%)   0.0000 (  0.0%)   0.0000 (  0.0%)  ShiftRegInference - Automatic Shift Register Inference
   0.0000 (  0.0%)   0.0000 (  0.0%)   0.0000 (  0.0%)   0.0000 (  0.0%)  Dominator Tree Construction
   0.0000 (  0.0%)   0.0000 (  0.0%)   0.0000 (  0.0%)   0.0000 (  0.0%)  Dominator Tree Construction
   0.0000 (  0.0%)   0.0000 (  0.0%)   0.0000 (  0.0%)   0.0000 (  0.0%)  Remove unreachable basic blocks under switch
   0.0000 (  0.0%)   0.0000 (  0.0%)   0.0000 (  0.0%)   0.0000 (  0.0%)  Memory Dependence Analysis
   0.0000 (  0.0%)   0.0000 (  0.0%)   0.0000 (  0.0%)   0.0000 (  0.0%)  CallGraph Construction
   0.0000 (  0.0%)   0.0000 (  0.0%)   0.0000 (  0.0%)   0.0000 (  0.0%)  Remove unreachable basic blocks under switch
   0.0000 (  0.0%)   0.0000 (  0.0%)   0.0000 (  0.0%)   0.0000 (  0.0%)  Dominator Tree Construction
   0.0000 (  0.0%)   0.0000 (  0.0%)   0.0000 (  0.0%)   0.0000 (  0.0%)  Natural Loop Information
   0.0000 (  0.0%)   0.0000 (  0.0%)   0.0000 (  0.0%)   0.0000 (  0.0%)  Dominator Tree Construction
   0.0000 (  0.0%)   0.0000 (  0.0%)   0.0000 (  0.0%)   0.0000 (  0.0%)  Natural Loop Information
   0.0000 (  0.0%)   0.0000 (  0.0%)   0.0000 (  0.0%)   0.0000 (  0.0%)  Detect single entry single exit regions
   0.0000 (  0.0%)   0.0000 (  0.0%)   0.0000 (  0.0%)   0.0000 (  0.0%)  CallGraph Construction
   0.0000 (  0.0%)   0.0000 (  0.0%)   0.0000 (  0.0%)   0.0000 (  0.0%)  Memory Dependence Analysis
   0.0000 (  0.0%)   0.0000 (  0.0%)   0.0000 (  0.0%)   0.0000 (  0.0%)  Eliminate pointer selection
   0.0000 (  0.0%)   0.0000 (  0.0%)   0.0000 (  0.0%)   0.0000 (  0.0%)  Natural Loop Information
   0.0000 (  0.0%)   0.0000 (  0.0%)   0.0000 (  0.0%)   0.0000 (  0.0%)  Memory Dependence Analysis
   0.0000 (  0.0%)   0.0000 (  0.0%)   0.0000 (  0.0%)   0.0000 (  0.0%)  Infer direct input/output accesses
   0.0000 (  0.0%)   0.0000 (  0.0%)   0.0000 (  0.0%)   0.0000 (  0.0%)  Dominator Tree Construction
   0.0000 (  0.0%)   0.0000 (  0.0%)   0.0000 (  0.0%)   0.0000 (  0.0%)  Natural Loop Information
   0.0000 (  0.0%)   0.0000 (  0.0%)   0.0000 (  0.0%)   0.0000 (  0.0%)  Memory Dependence Analysis
   0.0000 (  0.0%)   0.0000 (  0.0%)   0.0000 (  0.0%)   0.0000 (  0.0%)  ArrayPartition - Partition Arrays into Banks
   0.0000 (  0.0%)   0.0000 (  0.0%)   0.0000 (  0.0%)   0.0000 (  0.0%)  Memory Dependence Analysis
   0.0000 (  0.0%)   0.0000 (  0.0%)   0.0000 (  0.0%)   0.0000 (  0.0%)  Dominator Tree Construction
   0.0000 (  0.0%)   0.0000 (  0.0%)   0.0000 (  0.0%)   0.0000 (  0.0%)  Post-Dominator Tree Construction
   0.0000 (  0.0%)   0.0000 (  0.0%)   0.0000 (  0.0%)   0.0000 (  0.0%)  Lower BINDOP scope bundle
   0.0000 (  0.0%)   0.0000 (  0.0%)   0.0000 (  0.0%)   0.0000 (  0.0%)  CallGraph Construction
   0.0000 (  0.0%)   0.0000 (  0.0%)   0.0000 (  0.0%)   0.0000 (  0.0%)  Remove unreachable basic blocks under switch
   0.0000 (  0.0%)   0.0000 (  0.0%)   0.0000 (  0.0%)   0.0000 (  0.0%)  Post-Dominator Tree Construction
   0.0000 (  0.0%)   0.0000 (  0.0%)   0.0000 (  0.0%)   0.0000 (  0.0%)  Post-Dominator Tree Construction
   0.0000 (  0.0%)   0.0000 (  0.0%)   0.0000 (  0.0%)   0.0000 (  0.0%)  Dominator Tree Construction
   0.0000 (  0.0%)   0.0000 (  0.0%)   0.0000 (  0.0%)   0.0000 (  0.0%)  Post-Dominator Tree Construction
   0.0000 (  0.0%)   0.0000 (  0.0%)   0.0000 (  0.0%)   0.0000 (  0.0%)  Dominator Tree Construction
   0.0000 (  0.0%)   0.0000 (  0.0%)   0.0000 (  0.0%)   0.0000 (  0.0%)  Natural Loop Information
   0.0000 (  0.0%)   0.0000 (  0.0%)   0.0000 (  0.0%)   0.0000 (  0.0%)  Memory Dependence Analysis
   0.0000 (  0.0%)   0.0000 (  0.0%)   0.0000 (  0.0%)   0.0000 (  0.0%)  Dominator Tree Construction
   0.0000 (  0.0%)   0.0000 (  0.0%)   0.0000 (  0.0%)   0.0000 (  0.0%)  Dominator Tree Construction
   0.0000 (  0.0%)   0.0000 (  0.0%)   0.0000 (  0.0%)   0.0000 (  0.0%)  Loop-Closed SSA Form Pass
   0.0000 (  0.0%)   0.0000 (  0.0%)   0.0000 (  0.0%)   0.0000 (  0.0%)  Dead Argument Elimination
   0.0000 (  0.0%)   0.0000 (  0.0%)   0.0000 (  0.0%)   0.0000 (  0.0%)  Memory Dependence Analysis
   0.0000 (  0.0%)   0.0000 (  0.0%)   0.0000 (  0.0%)   0.0000 (  0.0%)  Natural Loop Information
   0.0000 (  0.0%)   0.0000 (  0.0%)   0.0000 (  0.0%)   0.0000 (  0.0%)  Natural Loop Information
   0.0000 (  0.0%)   0.0000 (  0.0%)   0.0000 (  0.0%)   0.0000 (  0.0%)  Dominator Tree Construction
   0.0000 (  0.0%)   0.0000 (  0.0%)   0.0000 (  0.0%)   0.0000 (  0.0%)  Promote Memory to Register
   0.0000 (  0.0%)   0.0000 (  0.0%)   0.0000 (  0.0%)   0.0000 (  0.0%)  CallGraph Construction
   0.0000 (  0.0%)   0.0000 (  0.0%)   0.0000 (  0.0%)   0.0000 (  0.0%)  Dominator Tree Construction
   0.0000 (  0.0%)   0.0000 (  0.0%)   0.0000 (  0.0%)   0.0000 (  0.0%)  Dead Global Elimination
   0.0000 (  0.0%)   0.0000 (  0.0%)   0.0000 (  0.0%)   0.0000 (  0.0%)  Natural Loop Information
   0.0000 (  0.0%)   0.0000 (  0.0%)   0.0000 (  0.0%)   0.0000 (  0.0%)  Memory Dependence Analysis
   0.0000 (  0.0%)   0.0000 (  0.0%)   0.0000 (  0.0%)   0.0000 (  0.0%)  Natural Loop Information
   0.0000 (  0.0%)   0.0000 (  0.0%)   0.0000 (  0.0%)   0.0000 (  0.0%)  Memory Dependence Analysis
   0.0000 (  0.0%)   0.0000 (  0.0%)   0.0000 (  0.0%)   0.0000 (  0.0%)  Dominator Tree Construction
   0.0000 (  0.0%)   0.0000 (  0.0%)   0.0000 (  0.0%)   0.0000 (  0.0%)  Natural Loop Information
   0.0000 (  0.0%)   0.0000 (  0.0%)   0.0000 (  0.0%)   0.0000 (  0.0%)  Promote Memory to Register
   0.0000 (  0.0%)   0.0000 (  0.0%)   0.0000 (  0.0%)   0.0000 (  0.0%)  SimplifyPredicate - Simplify predicate
   0.0000 (  0.0%)   0.0000 (  0.0%)   0.0000 (  0.0%)   0.0000 (  0.0%)  Memory Dependence Analysis
   0.0000 (  0.0%)   0.0000 (  0.0%)   0.0000 (  0.0%)   0.0000 (  0.0%)  SROA
   0.0000 (  0.0%)   0.0000 (  0.0%)   0.0000 (  0.0%)   0.0000 (  0.0%)  Lower fence group
   0.0000 (  0.0%)   0.0000 (  0.0%)   0.0000 (  0.0%)   0.0000 (  0.0%)  Memory Dependence Analysis
   0.0000 (  0.0%)   0.0000 (  0.0%)   0.0000 (  0.0%)   0.0000 (  0.0%)  Delete dead loops
   0.0000 (  0.0%)   0.0000 (  0.0%)   0.0000 (  0.0%)   0.0000 (  0.0%)  Post-Dominator Tree Construction
   0.0000 (  0.0%)   0.0000 (  0.0%)   0.0000 (  0.0%)   0.0000 (  0.0%)  Memory Dependence Analysis
   0.0000 (  0.0%)   0.0000 (  0.0%)   0.0000 (  0.0%)   0.0000 (  0.0%)  ProduceBurstMessages - Produce Burst Messages
   0.0000 (  0.0%)   0.0000 (  0.0%)   0.0000 (  0.0%)   0.0000 (  0.0%)  Memory Dependence Analysis
   0.0000 (  0.0%)   0.0000 (  0.0%)   0.0000 (  0.0%)   0.0000 (  0.0%)  Loop-Closed SSA Form Pass
   0.0000 (  0.0%)   0.0000 (  0.0%)   0.0000 (  0.0%)   0.0000 (  0.0%)  normalize array partition result to reduce redundant sub array arguments
   0.0000 (  0.0%)   0.0000 (  0.0%)   0.0000 (  0.0%)   0.0000 (  0.0%)  Natural Loop Information
   0.0000 (  0.0%)   0.0000 (  0.0%)   0.0000 (  0.0%)   0.0000 (  0.0%)  Memory Dependence Analysis
   0.0000 (  0.0%)   0.0000 (  0.0%)   0.0000 (  0.0%)   0.0000 (  0.0%)  Natural Loop Information
   0.0000 (  0.0%)   0.0000 (  0.0%)   0.0000 (  0.0%)   0.0000 (  0.0%)  Function duplication
   0.0000 (  0.0%)   0.0000 (  0.0%)   0.0000 (  0.0%)   0.0000 (  0.0%)  Lazy Value Information Analysis
   0.0000 (  0.0%)   0.0000 (  0.0%)   0.0000 (  0.0%)   0.0000 (  0.0%)  Dominator Tree Construction
   0.0000 (  0.0%)   0.0000 (  0.0%)   0.0000 (  0.0%)   0.0000 (  0.0%)  Memory Dependence Analysis
   0.0000 (  0.0%)   0.0000 (  0.0%)   0.0000 (  0.0%)   0.0000 (  0.0%)  Post-Dominator Tree Construction
   0.0000 (  0.0%)   0.0000 (  0.0%)   0.0000 (  0.0%)   0.0000 (  0.0%)  CallGraph Construction
   0.0000 (  0.0%)   0.0000 (  0.0%)   0.0000 (  0.0%)   0.0000 (  0.0%)  Memory Dependence Analysis
   0.0000 (  0.0%)   0.0000 (  0.0%)   0.0000 (  0.0%)   0.0000 (  0.0%)  Post-Dominator Tree Construction
   0.0000 (  0.0%)   0.0000 (  0.0%)   0.0000 (  0.0%)   0.0000 (  0.0%)  Dominator Tree Construction
   0.0000 (  0.0%)   0.0000 (  0.0%)   0.0000 (  0.0%)   0.0000 (  0.0%)  Dominator Tree Construction
   0.0000 (  0.0%)   0.0000 (  0.0%)   0.0000 (  0.0%)   0.0000 (  0.0%)  Post-Dominator Tree Construction
   0.0000 (  0.0%)   0.0000 (  0.0%)   0.0000 (  0.0%)   0.0000 (  0.0%)  Memory Dependence Analysis
   0.0000 (  0.0%)   0.0000 (  0.0%)   0.0000 (  0.0%)   0.0000 (  0.0%)  Basic Alias Analysis (stateless AA impl)
   0.0000 (  0.0%)   0.0000 (  0.0%)   0.0000 (  0.0%)   0.0000 (  0.0%)  Memory Dependence Analysis
   0.0000 (  0.0%)   0.0000 (  0.0%)   0.0000 (  0.0%)   0.0000 (  0.0%)  Delete dead loops
   0.0000 (  0.0%)   0.0000 (  0.0%)   0.0000 (  0.0%)   0.0000 (  0.0%)  SROA
   0.0000 (  0.0%)   0.0000 (  0.0%)   0.0000 (  0.0%)   0.0000 (  0.0%)  Memory Dependence Analysis
   0.0000 (  0.0%)   0.0000 (  0.0%)   0.0000 (  0.0%)   0.0000 (  0.0%)  Lazy Branch Probability Analysis
   0.0000 (  0.0%)   0.0000 (  0.0%)   0.0000 (  0.0%)   0.0000 (  0.0%)  Dominator Tree Construction
   0.0000 (  0.0%)   0.0000 (  0.0%)   0.0000 (  0.0%)   0.0000 (  0.0%)  Dominator Tree Construction
   0.0000 (  0.0%)   0.0000 (  0.0%)   0.0000 (  0.0%)   0.0000 (  0.0%)  Post-Dominator Tree Construction
   0.0000 (  0.0%)   0.0000 (  0.0%)   0.0000 (  0.0%)   0.0000 (  0.0%)  Lazy Branch Probability Analysis
   0.0000 (  0.0%)   0.0000 (  0.0%)   0.0000 (  0.0%)   0.0000 (  0.0%)  Memory Dependence Analysis
   0.0000 (  0.0%)   0.0000 (  0.0%)   0.0000 (  0.0%)   0.0000 (  0.0%)  Infer nuw/nsw flags for instructions
   0.0000 (  0.0%)   0.0000 (  0.0%)   0.0000 (  0.0%)   0.0000 (  0.0%)  Natural Loop Information
   0.0000 (  0.0%)   0.0000 (  0.0%)   0.0000 (  0.0%)   0.0000 (  0.0%)  Infer nuw/nsw flags for instructions
   0.0000 (  0.0%)   0.0000 (  0.0%)   0.0000 (  0.0%)   0.0000 (  0.0%)  Basic Alias Analysis (stateless AA impl)
   0.0000 (  0.0%)   0.0000 (  0.0%)   0.0000 (  0.0%)   0.0000 (  0.0%)  Post-Dominator Tree Construction
   0.0000 (  0.0%)   0.0000 (  0.0%)   0.0000 (  0.0%)   0.0000 (  0.0%)  Lazy Branch Probability Analysis
   0.0000 (  0.0%)   0.0000 (  0.0%)   0.0000 (  0.0%)   0.0000 (  0.0%)  Basic Alias Analysis (stateless AA impl)
   0.0000 (  0.0%)   0.0000 (  0.0%)   0.0000 (  0.0%)   0.0000 (  0.0%)  Dominator Tree Construction
   0.0000 (  0.0%)   0.0000 (  0.0%)   0.0000 (  0.0%)   0.0000 (  0.0%)  Basic Alias Analysis (stateless AA impl)
   0.0000 (  0.0%)   0.0000 (  0.0%)   0.0000 (  0.0%)   0.0000 (  0.0%)  Optimization Remark Emitter
   0.0000 (  0.0%)   0.0000 (  0.0%)   0.0000 (  0.0%)   0.0000 (  0.0%)  Memory Dependence Analysis
   0.0000 (  0.0%)   0.0000 (  0.0%)   0.0000 (  0.0%)   0.0000 (  0.0%)  Optimization Remark Emitter
   0.0000 (  0.0%)   0.0000 (  0.0%)   0.0000 (  0.0%)   0.0000 (  0.0%)  Basic Alias Analysis (stateless AA impl)
   0.0000 (  0.0%)   0.0000 (  0.0%)   0.0000 (  0.0%)   0.0000 (  0.0%)  Memory Dependence Analysis
   0.0000 (  0.0%)   0.0000 (  0.0%)   0.0000 (  0.0%)   0.0000 (  0.0%)  Memory Dependence Analysis
   0.0000 (  0.0%)   0.0000 (  0.0%)   0.0000 (  0.0%)   0.0000 (  0.0%)  Natural Loop Information
   0.0000 (  0.0%)   0.0000 (  0.0%)   0.0000 (  0.0%)   0.0000 (  0.0%)  Dominator Tree Construction
   0.0000 (  0.0%)   0.0000 (  0.0%)   0.0000 (  0.0%)   0.0000 (  0.0%)  Natural Loop Information
   0.0000 (  0.0%)   0.0000 (  0.0%)   0.0000 (  0.0%)   0.0000 (  0.0%)  Promote Memory to Register
   0.0000 (  0.0%)   0.0000 (  0.0%)   0.0000 (  0.0%)   0.0000 (  0.0%)  Basic Alias Analysis (stateless AA impl)
   0.0000 (  0.0%)   0.0000 (  0.0%)   0.0000 (  0.0%)   0.0000 (  0.0%)  Basic Alias Analysis (stateless AA impl)
   0.0000 (  0.0%)   0.0000 (  0.0%)   0.0000 (  0.0%)   0.0000 (  0.0%)  Basic Alias Analysis (stateless AA impl)
   0.0000 (  0.0%)   0.0000 (  0.0%)   0.0000 (  0.0%)   0.0000 (  0.0%)  Memory Dependence Analysis
   0.0000 (  0.0%)   0.0000 (  0.0%)   0.0000 (  0.0%)   0.0000 (  0.0%)  Infer nuw/nsw flags for instructions
   0.0000 (  0.0%)   0.0000 (  0.0%)   0.0000 (  0.0%)   0.0000 (  0.0%)  Lazy Block Frequency Analysis
   0.0000 (  0.0%)   0.0000 (  0.0%)   0.0000 (  0.0%)   0.0000 (  0.0%)  Basic Alias Analysis (stateless AA impl)
   0.0000 (  0.0%)   0.0000 (  0.0%)   0.0000 (  0.0%)   0.0000 (  0.0%)  Memory Dependence Analysis
   0.0000 (  0.0%)   0.0000 (  0.0%)   0.0000 (  0.0%)   0.0000 (  0.0%)  Remove unreachable basic blocks under switch
   0.0000 (  0.0%)   0.0000 (  0.0%)   0.0000 (  0.0%)   0.0000 (  0.0%)  Memory Dependence Analysis
   0.0000 (  0.0%)   0.0000 (  0.0%)   0.0000 (  0.0%)   0.0000 (  0.0%)  Natural Loop Information
   0.0000 (  0.0%)   0.0000 (  0.0%)   0.0000 (  0.0%)   0.0000 (  0.0%)  Performance Evaluation
   0.0000 (  0.0%)   0.0000 (  0.0%)   0.0000 (  0.0%)   0.0000 (  0.0%)  Lazy Block Frequency Analysis
   0.0000 (  0.0%)   0.0000 (  0.0%)   0.0000 (  0.0%)   0.0000 (  0.0%)  Dominator Tree Construction
   0.0000 (  0.0%)   0.0000 (  0.0%)   0.0000 (  0.0%)   0.0000 (  0.0%)  Natural Loop Information
   0.0000 (  0.0%)   0.0000 (  0.0%)   0.0000 (  0.0%)   0.0000 (  0.0%)  Basic Alias Analysis (stateless AA impl)
   0.0000 (  0.0%)   0.0000 (  0.0%)   0.0000 (  0.0%)   0.0000 (  0.0%)  Canonicalize natural loops
   0.0000 (  0.0%)   0.0000 (  0.0%)   0.0000 (  0.0%)   0.0000 (  0.0%)  Unify function exit nodes
   0.0000 (  0.0%)   0.0000 (  0.0%)   0.0000 (  0.0%)   0.0000 (  0.0%)  Delete dead loops
   0.0000 (  0.0%)   0.0000 (  0.0%)   0.0000 (  0.0%)   0.0000 (  0.0%)  ScalarEvolution-based Alias Analysis
   0.0000 (  0.0%)   0.0000 (  0.0%)   0.0000 (  0.0%)   0.0000 (  0.0%)  ScalarEvolution-based Alias Analysis
   0.0000 (  0.0%)   0.0000 (  0.0%)   0.0000 (  0.0%)   0.0000 (  0.0%)  Remove unreachable basic blocks under switch
   0.0000 (  0.0%)   0.0000 (  0.0%)   0.0000 (  0.0%)   0.0000 (  0.0%)  Lazy Branch Probability Analysis
   0.0000 (  0.0%)   0.0000 (  0.0%)   0.0000 (  0.0%)   0.0000 (  0.0%)  Basic Alias Analysis (stateless AA impl)
   0.0000 (  0.0%)   0.0000 (  0.0%)   0.0000 (  0.0%)   0.0000 (  0.0%)  Lazy Branch Probability Analysis
   0.0000 (  0.0%)   0.0000 (  0.0%)   0.0000 (  0.0%)   0.0000 (  0.0%)  Natural Loop Information
   0.0000 (  0.0%)   0.0000 (  0.0%)   0.0000 (  0.0%)   0.0000 (  0.0%)  Lazy Block Frequency Analysis
   0.0000 (  0.0%)   0.0000 (  0.0%)   0.0000 (  0.0%)   0.0000 (  0.0%)  Lazy Branch Probability Analysis
   0.0000 (  0.0%)   0.0000 (  0.0%)   0.0000 (  0.0%)   0.0000 (  0.0%)  Basic Alias Analysis (stateless AA impl)
   0.0000 (  0.0%)   0.0000 (  0.0%)   0.0000 (  0.0%)   0.0000 (  0.0%)  Lazy Value Information Analysis
   0.0000 (  0.0%)   0.0000 (  0.0%)   0.0000 (  0.0%)   0.0000 (  0.0%)  Lazy Block Frequency Analysis
   0.0000 (  0.0%)   0.0000 (  0.0%)   0.0000 (  0.0%)   0.0000 (  0.0%)  Dead Argument Elimination
   0.0000 (  0.0%)   0.0000 (  0.0%)   0.0000 (  0.0%)   0.0000 (  0.0%)  Natural Loop Information
   0.0000 (  0.0%)   0.0000 (  0.0%)   0.0000 (  0.0%)   0.0000 (  0.0%)  Basic Alias Analysis (stateless AA impl)
   0.0000 (  0.0%)   0.0000 (  0.0%)   0.0000 (  0.0%)   0.0000 (  0.0%)  Dominator Tree Construction
   0.0000 (  0.0%)   0.0000 (  0.0%)   0.0000 (  0.0%)   0.0000 (  0.0%)  Lower llvm.assume to _ssdm_AssertFail
   0.0000 (  0.0%)   0.0000 (  0.0%)   0.0000 (  0.0%)   0.0000 (  0.0%)  Natural Loop Information
   0.0000 (  0.0%)   0.0000 (  0.0%)   0.0000 (  0.0%)   0.0000 (  0.0%)  Basic Alias Analysis (stateless AA impl)
   0.0000 (  0.0%)   0.0000 (  0.0%)   0.0000 (  0.0%)   0.0000 (  0.0%)  Basic Alias Analysis (stateless AA impl)
   0.0000 (  0.0%)   0.0000 (  0.0%)   0.0000 (  0.0%)   0.0000 (  0.0%)  Lazy Branch Probability Analysis
   0.0000 (  0.0%)   0.0000 (  0.0%)   0.0000 (  0.0%)   0.0000 (  0.0%)  Remove unreachable basic blocks under switch
   0.0000 (  0.0%)   0.0000 (  0.0%)   0.0000 (  0.0%)   0.0000 (  0.0%)  Memory Dependence Analysis
   0.0000 (  0.0%)   0.0000 (  0.0%)   0.0000 (  0.0%)   0.0000 (  0.0%)  Basic Alias Analysis (stateless AA impl)
   0.0000 (  0.0%)   0.0000 (  0.0%)   0.0000 (  0.0%)   0.0000 (  0.0%)  Natural Loop Information
   0.0000 (  0.0%)   0.0000 (  0.0%)   0.0000 (  0.0%)   0.0000 (  0.0%)  Memory Dependence Analysis
   0.0000 (  0.0%)   0.0000 (  0.0%)   0.0000 (  0.0%)   0.0000 (  0.0%)  Basic Alias Analysis (stateless AA impl)
   0.0000 (  0.0%)   0.0000 (  0.0%)   0.0000 (  0.0%)   0.0000 (  0.0%)  Dominator Tree Construction
   0.0000 (  0.0%)   0.0000 (  0.0%)   0.0000 (  0.0%)   0.0000 (  0.0%)  Build Synchronization Regions in SPMD program
   0.0000 (  0.0%)   0.0000 (  0.0%)   0.0000 (  0.0%)   0.0000 (  0.0%)  Lazy Branch Probability Analysis
   0.0000 (  0.0%)   0.0000 (  0.0%)   0.0000 (  0.0%)   0.0000 (  0.0%)  Scalar Evolution Canonicalization
   0.0000 (  0.0%)   0.0000 (  0.0%)   0.0000 (  0.0%)   0.0000 (  0.0%)  Basic Alias Analysis (stateless AA impl)
   0.0000 (  0.0%)   0.0000 (  0.0%)   0.0000 (  0.0%)   0.0000 (  0.0%)  Remove unreachable basic blocks under switch
   0.0000 (  0.0%)   0.0000 (  0.0%)   0.0000 (  0.0%)   0.0000 (  0.0%)  Optimization Remark Emitter
   0.0000 (  0.0%)   0.0000 (  0.0%)   0.0000 (  0.0%)   0.0000 (  0.0%)  Memory Dependence Analysis
   0.0000 (  0.0%)   0.0000 (  0.0%)   0.0000 (  0.0%)   0.0000 (  0.0%)  Lazy Branch Probability Analysis
   0.0000 (  0.0%)   0.0000 (  0.0%)   0.0000 (  0.0%)   0.0000 (  0.0%)  Lazy Branch Probability Analysis
   0.0000 (  0.0%)   0.0000 (  0.0%)   0.0000 (  0.0%)   0.0000 (  0.0%)  Dominator Tree Construction
   0.0000 (  0.0%)   0.0000 (  0.0%)   0.0000 (  0.0%)   0.0000 (  0.0%)  Lazy Value Information Analysis
   0.0000 (  0.0%)   0.0000 (  0.0%)   0.0000 (  0.0%)   0.0000 (  0.0%)  Lazy Block Frequency Analysis
   0.0000 (  0.0%)   0.0000 (  0.0%)   0.0000 (  0.0%)   0.0000 (  0.0%)  Memory Dependence Analysis
   0.0000 (  0.0%)   0.0000 (  0.0%)   0.0000 (  0.0%)   0.0000 (  0.0%)  Basic Alias Analysis (stateless AA impl)
   0.0000 (  0.0%)   0.0000 (  0.0%)   0.0000 (  0.0%)   0.0000 (  0.0%)  Basic Alias Analysis (stateless AA impl)
   0.0000 (  0.0%)   0.0000 (  0.0%)   0.0000 (  0.0%)   0.0000 (  0.0%)  ScalarEvolution-based Alias Analysis
   0.0000 (  0.0%)   0.0000 (  0.0%)   0.0000 (  0.0%)   0.0000 (  0.0%)  ScalarEvolution-based Alias Analysis
   0.0000 (  0.0%)   0.0000 (  0.0%)   0.0000 (  0.0%)   0.0000 (  0.0%)  Scalar Evolution Canonicalization
   0.0000 (  0.0%)   0.0000 (  0.0%)   0.0000 (  0.0%)   0.0000 (  0.0%)  Basic Alias Analysis (stateless AA impl)
   0.0000 (  0.0%)   0.0000 (  0.0%)   0.0000 (  0.0%)   0.0000 (  0.0%)  Optimization Remark Emitter
   0.0000 (  0.0%)   0.0000 (  0.0%)   0.0000 (  0.0%)   0.0000 (  0.0%)  Optimization Remark Emitter
   0.0000 (  0.0%)   0.0000 (  0.0%)   0.0000 (  0.0%)   0.0000 (  0.0%)  Optimization Remark Emitter
   0.0000 (  0.0%)   0.0000 (  0.0%)   0.0000 (  0.0%)   0.0000 (  0.0%)  Natural Loop Information
   0.0000 (  0.0%)   0.0000 (  0.0%)   0.0000 (  0.0%)   0.0000 (  0.0%)  Dominator Tree Construction
   0.0000 (  0.0%)   0.0000 (  0.0%)   0.0000 (  0.0%)   0.0000 (  0.0%)  Lazy Branch Probability Analysis
   0.0000 (  0.0%)   0.0000 (  0.0%)   0.0000 (  0.0%)   0.0000 (  0.0%)  Lazy Block Frequency Analysis
   0.0000 (  0.0%)   0.0000 (  0.0%)   0.0000 (  0.0%)   0.0000 (  0.0%)  Basic Alias Analysis (stateless AA impl)
   0.0000 (  0.0%)   0.0000 (  0.0%)   0.0000 (  0.0%)   0.0000 (  0.0%)  Optimization Remark Emitter
   0.0000 (  0.0%)   0.0000 (  0.0%)   0.0000 (  0.0%)   0.0000 (  0.0%)  Basic Alias Analysis (stateless AA impl)
   0.0000 (  0.0%)   0.0000 (  0.0%)   0.0000 (  0.0%)   0.0000 (  0.0%)  Optimization Remark Emitter
   0.0000 (  0.0%)   0.0000 (  0.0%)   0.0000 (  0.0%)   0.0000 (  0.0%)  Optimization Remark Emitter
   0.0000 (  0.0%)   0.0000 (  0.0%)   0.0000 (  0.0%)   0.0000 (  0.0%)  Lazy Branch Probability Analysis
   0.0000 (  0.0%)   0.0000 (  0.0%)   0.0000 (  0.0%)   0.0000 (  0.0%)  Lazy Block Frequency Analysis
   0.0000 (  0.0%)   0.0000 (  0.0%)   0.0000 (  0.0%)   0.0000 (  0.0%)  Basic Alias Analysis (stateless AA impl)
   0.0000 (  0.0%)   0.0000 (  0.0%)   0.0000 (  0.0%)   0.0000 (  0.0%)  ScalarEvolution-based Alias Analysis
   0.0000 (  0.0%)   0.0000 (  0.0%)   0.0000 (  0.0%)   0.0000 (  0.0%)  Basic Alias Analysis (stateless AA impl)
   0.0000 (  0.0%)   0.0000 (  0.0%)   0.0000 (  0.0%)   0.0000 (  0.0%)  Scalar Evolution Analysis
   0.0000 (  0.0%)   0.0000 (  0.0%)   0.0000 (  0.0%)   0.0000 (  0.0%)  Optimization Remark Emitter
   0.0000 (  0.0%)   0.0000 (  0.0%)   0.0000 (  0.0%)   0.0000 (  0.0%)  Natural Loop Information
   0.0000 (  0.0%)   0.0000 (  0.0%)   0.0000 (  0.0%)   0.0000 (  0.0%)  Lazy Branch Probability Analysis
   0.0000 (  0.0%)   0.0000 (  0.0%)   0.0000 (  0.0%)   0.0000 (  0.0%)  Optimization Remark Emitter
   0.0000 (  0.0%)   0.0000 (  0.0%)   0.0000 (  0.0%)   0.0000 (  0.0%)  Memory Dependence Analysis
   0.0000 (  0.0%)   0.0000 (  0.0%)   0.0000 (  0.0%)   0.0000 (  0.0%)  Scalar Evolution Analysis
   0.0000 (  0.0%)   0.0000 (  0.0%)   0.0000 (  0.0%)   0.0000 (  0.0%)  Optimization Remark Emitter
   0.0000 (  0.0%)   0.0000 (  0.0%)   0.0000 (  0.0%)   0.0000 (  0.0%)  Lazy Value Information Analysis
   0.0000 (  0.0%)   0.0000 (  0.0%)   0.0000 (  0.0%)   0.0000 (  0.0%)  Lazy Branch Probability Analysis
   0.0000 (  0.0%)   0.0000 (  0.0%)   0.0000 (  0.0%)   0.0000 (  0.0%)  Scalar Evolution Analysis
   0.0000 (  0.0%)   0.0000 (  0.0%)   0.0000 (  0.0%)   0.0000 (  0.0%)  Lazy Block Frequency Analysis
   0.0000 (  0.0%)   0.0000 (  0.0%)   0.0000 (  0.0%)   0.0000 (  0.0%)  Lazy Branch Probability Analysis
   0.0000 (  0.0%)   0.0000 (  0.0%)   0.0000 (  0.0%)   0.0000 (  0.0%)  Infer workgroup size for opencl Kernel
   0.0000 (  0.0%)   0.0000 (  0.0%)   0.0000 (  0.0%)   0.0000 (  0.0%)  Lazy Branch Probability Analysis
   0.0000 (  0.0%)   0.0000 (  0.0%)   0.0000 (  0.0%)   0.0000 (  0.0%)  Lazy Branch Probability Analysis
   0.0000 (  0.0%)   0.0000 (  0.0%)   0.0000 (  0.0%)   0.0000 (  0.0%)  Basic Alias Analysis (stateless AA impl)
   0.0000 (  0.0%)   0.0000 (  0.0%)   0.0000 (  0.0%)   0.0000 (  0.0%)  Memory Dependence Analysis
   0.0000 (  0.0%)   0.0000 (  0.0%)   0.0000 (  0.0%)   0.0000 (  0.0%)  ScalarEvolution-based Alias Analysis
   0.0000 (  0.0%)   0.0000 (  0.0%)   0.0000 (  0.0%)   0.0000 (  0.0%)  Optimization Remark Emitter
   0.0000 (  0.0%)   0.0000 (  0.0%)   0.0000 (  0.0%)   0.0000 (  0.0%)  Optimization Remark Emitter
   0.0000 (  0.0%)   0.0000 (  0.0%)   0.0000 (  0.0%)   0.0000 (  0.0%)  Simplify loop CFG
   0.0000 (  0.0%)   0.0000 (  0.0%)   0.0000 (  0.0%)   0.0000 (  0.0%)  Optimization Remark Emitter
   0.0000 (  0.0%)   0.0000 (  0.0%)   0.0000 (  0.0%)   0.0000 (  0.0%)  Basic Alias Analysis (stateless AA impl)
   0.0000 (  0.0%)   0.0000 (  0.0%)   0.0000 (  0.0%)   0.0000 (  0.0%)  Basic Alias Analysis (stateless AA impl)
   0.0000 (  0.0%)   0.0000 (  0.0%)   0.0000 (  0.0%)   0.0000 (  0.0%)  ScalarEvolution-based Alias Analysis
   0.0000 (  0.0%)   0.0000 (  0.0%)   0.0000 (  0.0%)   0.0000 (  0.0%)  Dominator Tree Construction
   0.0000 (  0.0%)   0.0000 (  0.0%)   0.0000 (  0.0%)   0.0000 (  0.0%)  Optimization Remark Emitter
   0.0000 (  0.0%)   0.0000 (  0.0%)   0.0000 (  0.0%)   0.0000 (  0.0%)  Predicate SPIR Kernels
   0.0000 (  0.0%)   0.0000 (  0.0%)   0.0000 (  0.0%)   0.0000 (  0.0%)  Basic Alias Analysis (stateless AA impl)
   0.0000 (  0.0%)   0.0000 (  0.0%)   0.0000 (  0.0%)   0.0000 (  0.0%)  Lazy Branch Probability Analysis
   0.0000 (  0.0%)   0.0000 (  0.0%)   0.0000 (  0.0%)   0.0000 (  0.0%)  Optimization Remark Emitter
   0.0000 (  0.0%)   0.0000 (  0.0%)   0.0000 (  0.0%)   0.0000 (  0.0%)  ScalarEvolution-based Alias Analysis
   0.0000 (  0.0%)   0.0000 (  0.0%)   0.0000 (  0.0%)   0.0000 (  0.0%)  Lazy Branch Probability Analysis
   0.0000 (  0.0%)   0.0000 (  0.0%)   0.0000 (  0.0%)   0.0000 (  0.0%)  Vectorize the SPMD regions
   0.0000 (  0.0%)   0.0000 (  0.0%)   0.0000 (  0.0%)   0.0000 (  0.0%)  ScalarEvolution-based Alias Analysis
   0.0000 (  0.0%)   0.0000 (  0.0%)   0.0000 (  0.0%)   0.0000 (  0.0%)  Interprocedural constant propagation
   0.0000 (  0.0%)   0.0000 (  0.0%)   0.0000 (  0.0%)   0.0000 (  0.0%)  Lazy Branch Probability Analysis
   0.0000 (  0.0%)   0.0000 (  0.0%)   0.0000 (  0.0%)   0.0000 (  0.0%)  Basic Alias Analysis (stateless AA impl)
   0.0000 (  0.0%)   0.0000 (  0.0%)   0.0000 (  0.0%)   0.0000 (  0.0%)  ScalarEvolution-based Alias Analysis
   0.0000 (  0.0%)   0.0000 (  0.0%)   0.0000 (  0.0%)   0.0000 (  0.0%)  Natural Loop Information
   0.0000 (  0.0%)   0.0000 (  0.0%)   0.0000 (  0.0%)   0.0000 (  0.0%)  Lazy Branch Probability Analysis
   0.0000 (  0.0%)   0.0000 (  0.0%)   0.0000 (  0.0%)   0.0000 (  0.0%)  Dead Argument Elimination
   0.0000 (  0.0%)   0.0000 (  0.0%)   0.0000 (  0.0%)   0.0000 (  0.0%)  Dominator Tree Construction
   0.0000 (  0.0%)   0.0000 (  0.0%)   0.0000 (  0.0%)   0.0000 (  0.0%)  Basic Alias Analysis (stateless AA impl)
   0.0000 (  0.0%)   0.0000 (  0.0%)   0.0000 (  0.0%)   0.0000 (  0.0%)  Lower HLS related intrinsics
   0.0000 (  0.0%)   0.0000 (  0.0%)   0.0000 (  0.0%)   0.0000 (  0.0%)  ScalarEvolution-based Alias Analysis
   0.0000 (  0.0%)   0.0000 (  0.0%)   0.0000 (  0.0%)   0.0000 (  0.0%)  Natural Loop Information
   0.0000 (  0.0%)   0.0000 (  0.0%)   0.0000 (  0.0%)   0.0000 (  0.0%)  Lazy Block Frequency Analysis
   0.0000 (  0.0%)   0.0000 (  0.0%)   0.0000 (  0.0%)   0.0000 (  0.0%)  Optimization Remark Emitter
   0.0000 (  0.0%)   0.0000 (  0.0%)   0.0000 (  0.0%)   0.0000 (  0.0%)  Optimization Remark Emitter
   0.0000 (  0.0%)   0.0000 (  0.0%)   0.0000 (  0.0%)   0.0000 (  0.0%)  Lazy Block Frequency Analysis
   0.0000 (  0.0%)   0.0000 (  0.0%)   0.0000 (  0.0%)   0.0000 (  0.0%)  Dominator Tree Construction
   0.0000 (  0.0%)   0.0000 (  0.0%)   0.0000 (  0.0%)   0.0000 (  0.0%)  Lazy Block Frequency Analysis
   0.0000 (  0.0%)   0.0000 (  0.0%)   0.0000 (  0.0%)   0.0000 (  0.0%)  LCSSA Verifier
   0.0000 (  0.0%)   0.0000 (  0.0%)   0.0000 (  0.0%)   0.0000 (  0.0%)  Basic Alias Analysis (stateless AA impl)
   0.0000 (  0.0%)   0.0000 (  0.0%)   0.0000 (  0.0%)   0.0000 (  0.0%)  Lazy Branch Probability Analysis
   0.0000 (  0.0%)   0.0000 (  0.0%)   0.0000 (  0.0%)   0.0000 (  0.0%)  Optimization Remark Emitter
   0.0000 (  0.0%)   0.0000 (  0.0%)   0.0000 (  0.0%)   0.0000 (  0.0%)  ScalarEvolution-based Alias Analysis
   0.0000 (  0.0%)   0.0000 (  0.0%)   0.0000 (  0.0%)   0.0000 (  0.0%)  Lazy Branch Probability Analysis
   0.0000 (  0.0%)   0.0000 (  0.0%)   0.0000 (  0.0%)   0.0000 (  0.0%)  SROA
   0.0000 (  0.0%)   0.0000 (  0.0%)   0.0000 (  0.0%)   0.0000 (  0.0%)  Lazy Block Frequency Analysis
   0.0000 (  0.0%)   0.0000 (  0.0%)   0.0000 (  0.0%)   0.0000 (  0.0%)  Basic Alias Analysis (stateless AA impl)
   0.0000 (  0.0%)   0.0000 (  0.0%)   0.0000 (  0.0%)   0.0000 (  0.0%)  ScalarEvolution-based Alias Analysis
   0.0000 (  0.0%)   0.0000 (  0.0%)   0.0000 (  0.0%)   0.0000 (  0.0%)  Lazy Branch Probability Analysis
   0.0000 (  0.0%)   0.0000 (  0.0%)   0.0000 (  0.0%)   0.0000 (  0.0%)  Optimization Remark Emitter
   0.0000 (  0.0%)   0.0000 (  0.0%)   0.0000 (  0.0%)   0.0000 (  0.0%)  Expand private memory for each workitem in SPMD program
   0.0000 (  0.0%)   0.0000 (  0.0%)   0.0000 (  0.0%)   0.0000 (  0.0%)  Lazy Branch Probability Analysis
   0.0000 (  0.0%)   0.0000 (  0.0%)   0.0000 (  0.0%)   0.0000 (  0.0%)  Lazy Branch Probability Analysis
   0.0000 (  0.0%)   0.0000 (  0.0%)   0.0000 (  0.0%)   0.0000 (  0.0%)  Canonicalize natural loops
   0.0000 (  0.0%)   0.0000 (  0.0%)   0.0000 (  0.0%)   0.0000 (  0.0%)  Memory Dependence Analysis
   0.0000 (  0.0%)   0.0000 (  0.0%)   0.0000 (  0.0%)   0.0000 (  0.0%)  Dominance Frontier Construction
   0.0000 (  0.0%)   0.0000 (  0.0%)   0.0000 (  0.0%)   0.0000 (  0.0%)  Dominator Tree Construction
   0.0000 (  0.0%)   0.0000 (  0.0%)   0.0000 (  0.0%)   0.0000 (  0.0%)  LCSSA Verifier
   0.0000 (  0.0%)   0.0000 (  0.0%)   0.0000 (  0.0%)   0.0000 (  0.0%)  Lazy Value Information Analysis
   0.0000 (  0.0%)   0.0000 (  0.0%)   0.0000 (  0.0%)   0.0000 (  0.0%)  ScalarEvolution-based Alias Analysis
   0.0000 (  0.0%)   0.0000 (  0.0%)   0.0000 (  0.0%)   0.0000 (  0.0%)  Optimization Remark Emitter
   0.0000 (  0.0%)   0.0000 (  0.0%)   0.0000 (  0.0%)   0.0000 (  0.0%)  Shrink Synchronization Regions in SPMD program to reduce CFG complexity
   0.0000 (  0.0%)   0.0000 (  0.0%)   0.0000 (  0.0%)   0.0000 (  0.0%)  Delete dead loops
   0.0000 (  0.0%)   0.0000 (  0.0%)   0.0000 (  0.0%)   0.0000 (  0.0%)  Lazy Branch Probability Analysis
   0.0000 (  0.0%)   0.0000 (  0.0%)   0.0000 (  0.0%)   0.0000 (  0.0%)  Optimization Remark Emitter
   0.0000 (  0.0%)   0.0000 (  0.0%)   0.0000 (  0.0%)   0.0000 (  0.0%)  Lazy Block Frequency Analysis
   0.0000 (  0.0%)   0.0000 (  0.0%)   0.0000 (  0.0%)   0.0000 (  0.0%)  Scalar Evolution Analysis
   0.0000 (  0.0%)   0.0000 (  0.0%)   0.0000 (  0.0%)   0.0000 (  0.0%)  Stream object marker
   0.0000 (  0.0%)   0.0000 (  0.0%)   0.0000 (  0.0%)   0.0000 (  0.0%)  Dominator Tree Construction
   0.0000 (  0.0%)   0.0000 (  0.0%)   0.0000 (  0.0%)   0.0000 (  0.0%)  Lazy Block Frequency Analysis
   0.0000 (  0.0%)   0.0000 (  0.0%)   0.0000 (  0.0%)   0.0000 (  0.0%)  SPIRUpdateIntrRange - Update SPIR Intrinsics Metadata
   0.0000 (  0.0%)   0.0000 (  0.0%)   0.0000 (  0.0%)   0.0000 (  0.0%)  Simplify loop CFG
   0.0000 (  0.0%)   0.0000 (  0.0%)   0.0000 (  0.0%)   0.0000 (  0.0%)  Lazy Value Information Analysis
   0.0000 (  0.0%)   0.0000 (  0.0%)   0.0000 (  0.0%)   0.0000 (  0.0%)  Optimization Remark Emitter
   0.0000 (  0.0%)   0.0000 (  0.0%)   0.0000 (  0.0%)   0.0000 (  0.0%)  Optimization Remark Emitter
   0.0000 (  0.0%)   0.0000 (  0.0%)   0.0000 (  0.0%)   0.0000 (  0.0%)  LCSSA Verifier
   0.0000 (  0.0%)   0.0000 (  0.0%)   0.0000 (  0.0%)   0.0000 (  0.0%)  Optimization Remark Emitter
   0.0000 (  0.0%)   0.0000 (  0.0%)   0.0000 (  0.0%)   0.0000 (  0.0%)  Scalar Evolution Analysis
   0.0000 (  0.0%)   0.0000 (  0.0%)   0.0000 (  0.0%)   0.0000 (  0.0%)  Dominator Tree Construction
   0.0000 (  0.0%)   0.0000 (  0.0%)   0.0000 (  0.0%)   0.0000 (  0.0%)  Optimization Remark Emitter
   0.0000 (  0.0%)   0.0000 (  0.0%)   0.0000 (  0.0%)   0.0000 (  0.0%)  Lazy Block Frequency Analysis
   0.0000 (  0.0%)   0.0000 (  0.0%)   0.0000 (  0.0%)   0.0000 (  0.0%)  Dominator Tree Construction
   0.0000 (  0.0%)   0.0000 (  0.0%)   0.0000 (  0.0%)   0.0000 (  0.0%)  Lazy Block Frequency Analysis
   0.0000 (  0.0%)   0.0000 (  0.0%)   0.0000 (  0.0%)   0.0000 (  0.0%)  Post-Dominator Tree Construction
   0.0000 (  0.0%)   0.0000 (  0.0%)   0.0000 (  0.0%)   0.0000 (  0.0%)  Lazy Block Frequency Analysis
   0.0000 (  0.0%)   0.0000 (  0.0%)   0.0000 (  0.0%)   0.0000 (  0.0%)  Basic Alias Analysis (stateless AA impl)
   0.0000 (  0.0%)   0.0000 (  0.0%)   0.0000 (  0.0%)   0.0000 (  0.0%)  Optimization Remark Emitter
   0.0000 (  0.0%)   0.0000 (  0.0%)   0.0000 (  0.0%)   0.0000 (  0.0%)  Optimization Remark Emitter
   0.0000 (  0.0%)   0.0000 (  0.0%)   0.0000 (  0.0%)   0.0000 (  0.0%)  Optimization Remark Emitter
   0.0000 (  0.0%)   0.0000 (  0.0%)   0.0000 (  0.0%)   0.0000 (  0.0%)  Lazy Block Frequency Analysis
   0.0000 (  0.0%)   0.0000 (  0.0%)   0.0000 (  0.0%)   0.0000 (  0.0%)  Eliminate dead stores globally
   0.0000 (  0.0%)   0.0000 (  0.0%)   0.0000 (  0.0%)   0.0000 (  0.0%)  Natural Loop Information
   0.0000 (  0.0%)   0.0000 (  0.0%)   0.0000 (  0.0%)   0.0000 (  0.0%)  LCSSA Verifier
   0.0000 (  0.0%)   0.0000 (  0.0%)   0.0000 (  0.0%)   0.0000 (  0.0%)  LCSSA Verifier
   0.0000 (  0.0%)   0.0000 (  0.0%)   0.0000 (  0.0%)   0.0000 (  0.0%)  Lazy Block Frequency Analysis
   0.0000 (  0.0%)   0.0000 (  0.0%)   0.0000 (  0.0%)   0.0000 (  0.0%)  Lazy Block Frequency Analysis
   0.0000 (  0.0%)   0.0000 (  0.0%)   0.0000 (  0.0%)   0.0000 (  0.0%)  Lazy Block Frequency Analysis
   0.0000 (  0.0%)   0.0000 (  0.0%)   0.0000 (  0.0%)   0.0000 (  0.0%)  Optimization Remark Emitter
   0.0000 (  0.0%)   0.0000 (  0.0%)   0.0000 (  0.0%)   0.0000 (  0.0%)  Natural Loop Information
   0.0000 (  0.0%)   0.0000 (  0.0%)   0.0000 (  0.0%)   0.0000 (  0.0%)  Optimization Remark Emitter
   0.0000 (  0.0%)   0.0000 (  0.0%)   0.0000 (  0.0%)   0.0000 (  0.0%)  Optimization Remark Emitter
   0.0000 (  0.0%)   0.0000 (  0.0%)   0.0000 (  0.0%)   0.0000 (  0.0%)  Optimization Remark Emitter
   0.0000 (  0.0%)   0.0000 (  0.0%)   0.0000 (  0.0%)   0.0000 (  0.0%)  Dominator Tree Construction
   0.0000 (  0.0%)   0.0000 (  0.0%)   0.0000 (  0.0%)   0.0000 (  0.0%)  LCSSA Verifier
   0.0000 (  0.0%)   0.0000 (  0.0%)   0.0000 (  0.0%)   0.0000 (  0.0%)  LCSSA Verifier
   0.0000 (  0.0%)   0.0000 (  0.0%)   0.0000 (  0.0%)   0.0000 (  0.0%)  ScalarEvolution-based Alias Analysis
   0.0000 (  0.0%)   0.0000 (  0.0%)   0.0000 (  0.0%)   0.0000 (  0.0%)  Canonicalize natural loops
   0.0000 (  0.0%)   0.0000 (  0.0%)   0.0000 (  0.0%)   0.0000 (  0.0%)  Natural Loop Information
   0.0000 (  0.0%)   0.0000 (  0.0%)   0.0000 (  0.0%)   0.0000 (  0.0%)  LCSSA Verifier
   0.0000 (  0.0%)   0.0000 (  0.0%)   0.0000 (  0.0%)   0.0000 (  0.0%)  Lazy Value Information Analysis
   0.0000 (  0.0%)   0.0000 (  0.0%)   0.0000 (  0.0%)   0.0000 (  0.0%)  Scalar Evolution Analysis
   0.0000 (  0.0%)   0.0000 (  0.0%)   0.0000 (  0.0%)   0.0000 (  0.0%)  Optimization Remark Emitter
   0.0000 (  0.0%)   0.0000 (  0.0%)   0.0000 (  0.0%)   0.0000 (  0.0%)  ScalarEvolution-based Alias Analysis
   0.0000 (  0.0%)   0.0000 (  0.0%)   0.0000 (  0.0%)   0.0000 (  0.0%)  LCSSA Verifier
   0.0000 (  0.0%)   0.0000 (  0.0%)   0.0000 (  0.0%)   0.0000 (  0.0%)  Lazy Block Frequency Analysis
   0.0000 (  0.0%)   0.0000 (  0.0%)   0.0000 (  0.0%)   0.0000 (  0.0%)  Lazy Block Frequency Analysis
   0.0000 (  0.0%)   0.0000 (  0.0%)   0.0000 (  0.0%)   0.0000 (  0.0%)  Optimization Remark Emitter
   0.0000 (  0.0%)   0.0000 (  0.0%)   0.0000 (  0.0%)   0.0000 (  0.0%)  Natural Loop Information
   0.0000 (  0.0%)   0.0000 (  0.0%)   0.0000 (  0.0%)   0.0000 (  0.0%)  Lazy Block Frequency Analysis
   0.0000 (  0.0%)   0.0000 (  0.0%)   0.0000 (  0.0%)   0.0000 (  0.0%)  Canonicalize natural loops
   0.0000 (  0.0%)   0.0000 (  0.0%)   0.0000 (  0.0%)   0.0000 (  0.0%)  Lazy Block Frequency Analysis
   0.0000 (  0.0%)   0.0000 (  0.0%)   0.0000 (  0.0%)   0.0000 (  0.0%)  Natural Loop Information
   0.0000 (  0.0%)   0.0000 (  0.0%)   0.0000 (  0.0%)   0.0000 (  0.0%)  DeSPMD - Insert barriers into uniform loops
   0.0000 (  0.0%)   0.0000 (  0.0%)   0.0000 (  0.0%)   0.0000 (  0.0%)  Scalar Evolution Analysis
   0.0000 (  0.0%)   0.0000 (  0.0%)   0.0000 (  0.0%)   0.0000 (  0.0%)  LCSSA Verifier
   0.0000 (  0.0%)   0.0000 (  0.0%)   0.0000 (  0.0%)   0.0000 (  0.0%)  LCSSA Verifier
   0.0000 (  0.0%)   0.0000 (  0.0%)   0.0000 (  0.0%)   0.0000 (  0.0%)  LCSSA Verifier
   0.0000 (  0.0%)   0.0000 (  0.0%)   0.0000 (  0.0%)   0.0000 (  0.0%)  Optimization Remark Emitter
   0.0000 (  0.0%)   0.0000 (  0.0%)   0.0000 (  0.0%)   0.0000 (  0.0%)  Post-Dominator Tree Construction
   0.0000 (  0.0%)   0.0000 (  0.0%)   0.0000 (  0.0%)   0.0000 (  0.0%)  Optimization Remark Emitter
   0.0000 (  0.0%)   0.0000 (  0.0%)   0.0000 (  0.0%)   0.0000 (  0.0%)  Optimization Remark Emitter
   0.0000 (  0.0%)   0.0000 (  0.0%)   0.0000 (  0.0%)   0.0000 (  0.0%)  Scalar Evolution Analysis
   0.0000 (  0.0%)   0.0000 (  0.0%)   0.0000 (  0.0%)   0.0000 (  0.0%)  Dominator Tree Construction
   0.0000 (  0.0%)   0.0000 (  0.0%)   0.0000 (  0.0%)   0.0000 (  0.0%)  Optimization Remark Emitter
   0.0000 (  0.0%)   0.0000 (  0.0%)   0.0000 (  0.0%)   0.0000 (  0.0%)  LCSSA Verifier
   0.0000 (  0.0%)   0.0000 (  0.0%)   0.0000 (  0.0%)   0.0000 (  0.0%)  Scalar Evolution Analysis
   0.0000 (  0.0%)   0.0000 (  0.0%)   0.0000 (  0.0%)   0.0000 (  0.0%)  Scalar Evolution Analysis
   0.0000 (  0.0%)   0.0000 (  0.0%)   0.0000 (  0.0%)   0.0000 (  0.0%)  Lazy Block Frequency Analysis
   0.0000 (  0.0%)   0.0000 (  0.0%)   0.0000 (  0.0%)   0.0000 (  0.0%)  Lazy Block Frequency Analysis
   0.0000 (  0.0%)   0.0000 (  0.0%)   0.0000 (  0.0%)   0.0000 (  0.0%)  ScalarEvolution-based Alias Analysis
   0.0000 (  0.0%)   0.0000 (  0.0%)   0.0000 (  0.0%)   0.0000 (  0.0%)  LCSSA Verifier
   0.0000 (  0.0%)   0.0000 (  0.0%)   0.0000 (  0.0%)   0.0000 (  0.0%)  Scalar Evolution Analysis
   0.0000 (  0.0%)   0.0000 (  0.0%)   0.0000 (  0.0%)   0.0000 (  0.0%)  SPIRUpdateIntrRange - Update SPIR Intrinsics Metadata
   0.0000 (  0.0%)   0.0000 (  0.0%)   0.0000 (  0.0%)   0.0000 (  0.0%)  Scalar Evolution Analysis
   0.0000 (  0.0%)   0.0000 (  0.0%)   0.0000 (  0.0%)   0.0000 (  0.0%)  Canonicalize natural loops
   0.0000 (  0.0%)   0.0000 (  0.0%)   0.0000 (  0.0%)   0.0000 (  0.0%)  Natural Loop Information
   0.0000 (  0.0%)   0.0000 (  0.0%)   0.0000 (  0.0%)   0.0000 (  0.0%)  Scalar Evolution Analysis
   0.0000 (  0.0%)   0.0000 (  0.0%)   0.0000 (  0.0%)   0.0000 (  0.0%)  Scalar Evolution Analysis
   0.0000 (  0.0%)   0.0000 (  0.0%)   0.0000 (  0.0%)   0.0000 (  0.0%)  Scalar Evolution Analysis
   0.0000 (  0.0%)   0.0000 (  0.0%)   0.0000 (  0.0%)   0.0000 (  0.0%)  Basic Alias Analysis (stateless AA impl)
   0.0000 (  0.0%)   0.0000 (  0.0%)   0.0000 (  0.0%)   0.0000 (  0.0%)  Scalar Evolution Analysis
   0.0000 (  0.0%)   0.0000 (  0.0%)   0.0000 (  0.0%)   0.0000 (  0.0%)  Delinearization
   0.0000 (  0.0%)   0.0000 (  0.0%)   0.0000 (  0.0%)   0.0000 (  0.0%)  Canonicalize natural loops
   0.0000 (  0.0%)   0.0000 (  0.0%)   0.0000 (  0.0%)   0.0000 (  0.0%)  Lazy Value Information Analysis
   0.0000 (  0.0%)   0.0000 (  0.0%)   0.0000 (  0.0%)   0.0000 (  0.0%)  Natural Loop Information
   0.0000 (  0.0%)   0.0000 (  0.0%)   0.0000 (  0.0%)   0.0000 (  0.0%)  dataflow canonicalization
   0.0000 (  0.0%)   0.0000 (  0.0%)   0.0000 (  0.0%)   0.0000 (  0.0%)  Scalar Evolution Analysis
   0.0000 (  0.0%)   0.0000 (  0.0%)   0.0000 (  0.0%)   0.0000 (  0.0%)  Scalar Evolution Analysis
   0.0000 (  0.0%)   0.0000 (  0.0%)   0.0000 (  0.0%)   0.0000 (  0.0%)  Dominator Tree Construction
   0.0000 (  0.0%)   0.0000 (  0.0%)   0.0000 (  0.0%)   0.0000 (  0.0%)  Dominator Tree Construction
   0.0000 (  0.0%)   0.0000 (  0.0%)   0.0000 (  0.0%)   0.0000 (  0.0%)  Scalar Evolution Analysis
   0.0000 (  0.0%)   0.0000 (  0.0%)   0.0000 (  0.0%)   0.0000 (  0.0%)  Normalize loop index
   0.0000 (  0.0%)   0.0000 (  0.0%)   0.0000 (  0.0%)   0.0000 (  0.0%)  Scalar Evolution Analysis
   0.0000 (  0.0%)   0.0000 (  0.0%)   0.0000 (  0.0%)   0.0000 (  0.0%)  Scalar Evolution Analysis
   0.0000 (  0.0%)   0.0000 (  0.0%)   0.0000 (  0.0%)   0.0000 (  0.0%)  Scalar Evolution Analysis
   0.0000 (  0.0%)   0.0000 (  0.0%)   0.0000 (  0.0%)   0.0000 (  0.0%)  Achieval II estimation - estimate acheival II lower bound according to constraint
   0.0000 (  0.0%)   0.0000 (  0.0%)   0.0000 (  0.0%)   0.0000 (  0.0%)  Dominator Tree Construction
   0.0000 (  0.0%)   0.0000 (  0.0%)   0.0000 (  0.0%)   0.0000 (  0.0%)  Lazy Value Information Analysis
   0.0000 (  0.0%)   0.0000 (  0.0%)   0.0000 (  0.0%)   0.0000 (  0.0%)  Dominator Tree Construction
   0.0000 (  0.0%)   0.0000 (  0.0%)   0.0000 (  0.0%)   0.0000 (  0.0%)  Scalar Evolution Analysis
   0.0000 (  0.0%)   0.0000 (  0.0%)   0.0000 (  0.0%)   0.0000 (  0.0%)  Dominator Tree Construction
   0.0000 (  0.0%)   0.0000 (  0.0%)   0.0000 (  0.0%)   0.0000 (  0.0%)  Lazy Value Information Analysis
   0.0000 (  0.0%)   0.0000 (  0.0%)   0.0000 (  0.0%)   0.0000 (  0.0%)  Simplify loop CFG
   0.0000 (  0.0%)   0.0000 (  0.0%)   0.0000 (  0.0%)   0.0000 (  0.0%)  Dominator Tree Construction
   0.0000 (  0.0%)   0.0000 (  0.0%)   0.0000 (  0.0%)   0.0000 (  0.0%)  Simplify loop CFG
   0.0000 (  0.0%)   0.0000 (  0.0%)   0.0000 (  0.0%)   0.0000 (  0.0%)  Dominator Tree Construction
   0.0000 (  0.0%)   0.0000 (  0.0%)   0.0000 (  0.0%)   0.0000 (  0.0%)  Dominator Tree Construction
   0.0000 (  0.0%)   0.0000 (  0.0%)   0.0000 (  0.0%)   0.0000 (  0.0%)  Achieval II estimation - estimate acheival II lower bound according to constraint
   0.0000 (  0.0%)   0.0000 (  0.0%)   0.0000 (  0.0%)   0.0000 (  0.0%)  Dominator Tree Construction
   0.0000 (  0.0%)   0.0000 (  0.0%)   0.0000 (  0.0%)   0.0000 (  0.0%)  Lazy Value Information Analysis
   0.0000 (  0.0%)   0.0000 (  0.0%)   0.0000 (  0.0%)   0.0000 (  0.0%)  Lazy Value Information Analysis
   0.0000 (  0.0%)   0.0000 (  0.0%)   0.0000 (  0.0%)   0.0000 (  0.0%)  Dominator Tree Construction
   0.0000 (  0.0%)   0.0000 (  0.0%)   0.0000 (  0.0%)   0.0000 (  0.0%)  Natural Loop Information
   0.0000 (  0.0%)   0.0000 (  0.0%)   0.0000 (  0.0%)   0.0000 (  0.0%)  Scalar Evolution Analysis
   0.0000 (  0.0%)   0.0000 (  0.0%)   0.0000 (  0.0%)   0.0000 (  0.0%)  Scalar Evolution Analysis
   0.0000 (  0.0%)   0.0000 (  0.0%)   0.0000 (  0.0%)   0.0000 (  0.0%)  Interprocedural constant propagation
   0.0000 (  0.0%)   0.0000 (  0.0%)   0.0000 (  0.0%)   0.0000 (  0.0%)  Basic Alias Analysis (stateless AA impl)
   0.0000 (  0.0%)   0.0000 (  0.0%)   0.0000 (  0.0%)   0.0000 (  0.0%)  Function Alias Analysis Results
   0.0000 (  0.0%)   0.0000 (  0.0%)   0.0000 (  0.0%)   0.0000 (  0.0%)  Basic Alias Analysis (stateless AA impl)
   0.0000 (  0.0%)   0.0000 (  0.0%)   0.0000 (  0.0%)   0.0000 (  0.0%)  Memory Dependence Analysis
   0.0000 (  0.0%)   0.0000 (  0.0%)   0.0000 (  0.0%)   0.0000 (  0.0%)  Lower HLS related intrinsics
   0.0000 (  0.0%)   0.0000 (  0.0%)   0.0000 (  0.0%)   0.0000 (  0.0%)  Entirety access check on array-to-stream
   0.0000 (  0.0%)   0.0000 (  0.0%)   0.0000 (  0.0%)   0.0000 (  0.0%)  Lower HLS related intrinsics
   0.0000 (  0.0%)   0.0000 (  0.0%)   0.0000 (  0.0%)   0.0000 (  0.0%)  Function Alias Analysis Results
   0.0000 (  0.0%)   0.0000 (  0.0%)   0.0000 (  0.0%)   0.0000 (  0.0%)  Dominator Tree Construction
   0.0000 (  0.0%)   0.0000 (  0.0%)   0.0000 (  0.0%)   0.0000 (  0.0%)  Memory Dependence Analysis
   0.0000 (  0.0%)   0.0000 (  0.0%)   0.0000 (  0.0%)   0.0000 (  0.0%)  Memory Dependence Analysis
   0.0000 (  0.0%)   0.0000 (  0.0%)   0.0000 (  0.0%)   0.0000 (  0.0%)  Dominator Tree Construction
   0.0000 (  0.0%)   0.0000 (  0.0%)   0.0000 (  0.0%)   0.0000 (  0.0%)  Revert PPPO for array-to-stream
   0.0000 (  0.0%)   0.0000 (  0.0%)   0.0000 (  0.0%)   0.0000 (  0.0%)  Aggressive dead store elimination
   0.0000 (  0.0%)   0.0000 (  0.0%)   0.0000 (  0.0%)   0.0000 (  0.0%)  Memory Dependence Analysis
   0.0000 (  0.0%)   0.0000 (  0.0%)   0.0000 (  0.0%)   0.0000 (  0.0%)  Basic Alias Analysis (stateless AA impl)
   0.0000 (  0.0%)   0.0000 (  0.0%)   0.0000 (  0.0%)   0.0000 (  0.0%)  Eliminate guard varible
   0.0000 (  0.0%)   0.0000 (  0.0%)   0.0000 (  0.0%)   0.0000 (  0.0%)  Interprocedural constant propagation
   0.0000 (  0.0%)   0.0000 (  0.0%)   0.0000 (  0.0%)   0.0000 (  0.0%)  Basic Alias Analysis (stateless AA impl)
   0.0000 (  0.0%)   0.0000 (  0.0%)   0.0000 (  0.0%)   0.0000 (  0.0%)  Lower intrinsics for FPGAs
   0.0000 (  0.0%)   0.0000 (  0.0%)   0.0000 (  0.0%)   0.0000 (  0.0%)  Function Alias Analysis Results
   0.0000 (  0.0%)   0.0000 (  0.0%)   0.0000 (  0.0%)   0.0000 (  0.0%)  Lower intrinsics for FPGAs
   0.0000 (  0.0%)   0.0000 (  0.0%)   0.0000 (  0.0%)   0.0000 (  0.0%)  Memory Dependence Analysis
   0.0000 (  0.0%)   0.0000 (  0.0%)   0.0000 (  0.0%)   0.0000 (  0.0%)  Interface Analysis
   0.0000 (  0.0%)   0.0000 (  0.0%)   0.0000 (  0.0%)   0.0000 (  0.0%)  Function Alias Analysis Results
   0.0000 (  0.0%)   0.0000 (  0.0%)   0.0000 (  0.0%)   0.0000 (  0.0%)  Interface Analysis
   0.0000 (  0.0%)   0.0000 (  0.0%)   0.0000 (  0.0%)   0.0000 (  0.0%)  Basic Alias Analysis (stateless AA impl)
   0.0000 (  0.0%)   0.0000 (  0.0%)   0.0000 (  0.0%)   0.0000 (  0.0%)  Interface Analysis
   0.0000 (  0.0%)   0.0000 (  0.0%)   0.0000 (  0.0%)   0.0000 (  0.0%)  Interface Analysis
   0.0000 (  0.0%)   0.0000 (  0.0%)   0.0000 (  0.0%)   0.0000 (  0.0%)  Lower memory intrinsic
   0.0000 (  0.0%)   0.0000 (  0.0%)   0.0000 (  0.0%)   0.0000 (  0.0%)  Interface Analysis
   0.0000 (  0.0%)   0.0000 (  0.0%)   0.0000 (  0.0%)   0.0000 (  0.0%)  Interface Analysis
   0.0000 (  0.0%)   0.0000 (  0.0%)   0.0000 (  0.0%)   0.0000 (  0.0%)  Lazy Value Information Analysis
   0.0000 (  0.0%)   0.0000 (  0.0%)   0.0000 (  0.0%)   0.0000 (  0.0%)  Revert PPPO for array-to-stream
   0.0000 (  0.0%)   0.0000 (  0.0%)   0.0000 (  0.0%)   0.0000 (  0.0%)  Interface Analysis
   0.0000 (  0.0%)   0.0000 (  0.0%)   0.0000 (  0.0%)   0.0000 (  0.0%)  top function attribute attaching
   0.0000 (  0.0%)   0.0000 (  0.0%)   0.0000 (  0.0%)   0.0000 (  0.0%)  Interface Analysis
   0.0000 (  0.0%)   0.0000 (  0.0%)   0.0000 (  0.0%)   0.0000 (  0.0%)  Interface Analysis
   0.0000 (  0.0%)   0.0000 (  0.0%)   0.0000 (  0.0%)   0.0000 (  0.0%)  Lazy Block Frequency Analysis
   0.0000 (  0.0%)   0.0000 (  0.0%)   0.0000 (  0.0%)   0.0000 (  0.0%)  Structure Decomposition
   0.0000 (  0.0%)   0.0000 (  0.0%)   0.0000 (  0.0%)   0.0000 (  0.0%)  Interprocedural constant propagation
   0.0000 (  0.0%)   0.0000 (  0.0%)   0.0000 (  0.0%)   0.0000 (  0.0%)  Function Alias Analysis Results
   0.0000 (  0.0%)   0.0000 (  0.0%)   0.0000 (  0.0%)   0.0000 (  0.0%)  Interface Analysis
   0.0000 (  0.0%)   0.0000 (  0.0%)   0.0000 (  0.0%)   0.0000 (  0.0%)  Interface Analysis
   0.0000 (  0.0%)   0.0000 (  0.0%)   0.0000 (  0.0%)   0.0000 (  0.0%)  Interface Analysis
   0.0000 (  0.0%)   0.0000 (  0.0%)   0.0000 (  0.0%)   0.0000 (  0.0%)  Interface Analysis
   0.0000 (  0.0%)   0.0000 (  0.0%)   0.0000 (  0.0%)   0.0000 (  0.0%)  Interface Analysis
   0.0000 (  0.0%)   0.0000 (  0.0%)   0.0000 (  0.0%)   0.0000 (  0.0%)  Lower intrinsics for FPGAs
   0.0000 (  0.0%)   0.0000 (  0.0%)   0.0000 (  0.0%)   0.0000 (  0.0%)  Promote Memory to Register
   0.0000 (  0.0%)   0.0000 (  0.0%)   0.0000 (  0.0%)   0.0000 (  0.0%)  Memory Dependence Analysis
   0.0000 (  0.0%)   0.0000 (  0.0%)   0.0000 (  0.0%)   0.0000 (  0.0%)  Basic Alias Analysis (stateless AA impl)
   0.0000 (  0.0%)   0.0000 (  0.0%)   0.0000 (  0.0%)   0.0000 (  0.0%)  Assumption Cache Tracker
   0.0000 (  0.0%)   0.0000 (  0.0%)   0.0000 (  0.0%)   0.0000 (  0.0%)  Function Alias Analysis Results
   0.0000 (  0.0%)   0.0000 (  0.0%)   0.0000 (  0.0%)   0.0000 (  0.0%)  Basic Alias Analysis (stateless AA impl)
   0.0000 (  0.0%)   0.0000 (  0.0%)   0.0000 (  0.0%)   0.0000 (  0.0%)  Interface Analysis
   0.0000 (  0.0%)   0.0000 (  0.0%)   0.0000 (  0.0%)   0.0000 (  0.0%)  Memory Dependence Analysis
   0.0000 (  0.0%)   0.0000 (  0.0%)   0.0000 (  0.0%)   0.0000 (  0.0%)  Interface Analysis
   0.0000 (  0.0%)   0.0000 (  0.0%)   0.0000 (  0.0%)   0.0000 (  0.0%)  Interface Analysis
   0.0000 (  0.0%)   0.0000 (  0.0%)   0.0000 (  0.0%)   0.0000 (  0.0%)  Interface Analysis
   0.0000 (  0.0%)   0.0000 (  0.0%)   0.0000 (  0.0%)   0.0000 (  0.0%)  Lazy Value Information Analysis
   0.0000 (  0.0%)   0.0000 (  0.0%)   0.0000 (  0.0%)   0.0000 (  0.0%)  Memory Dependence Analysis
   0.0000 (  0.0%)   0.0000 (  0.0%)   0.0000 (  0.0%)   0.0000 (  0.0%)  Lazy Branch Probability Analysis
   0.0000 (  0.0%)   0.0000 (  0.0%)   0.0000 (  0.0%)   0.0000 (  0.0%)  Interface Analysis
   0.0000 (  0.0%)   0.0000 (  0.0%)   0.0000 (  0.0%)   0.0000 (  0.0%)  Array Access Range Analysis
   0.0000 (  0.0%)   0.0000 (  0.0%)   0.0000 (  0.0%)   0.0000 (  0.0%)  Interface Analysis
   0.0000 (  0.0%)   0.0000 (  0.0%)   0.0000 (  0.0%)   0.0000 (  0.0%)  Memory Dependence Analysis
   0.0000 (  0.0%)   0.0000 (  0.0%)   0.0000 (  0.0%)   0.0000 (  0.0%)  Interface Analysis
   0.0000 (  0.0%)   0.0000 (  0.0%)   0.0000 (  0.0%)   0.0000 (  0.0%)  Lazy Branch Probability Analysis
   0.0000 (  0.0%)   0.0000 (  0.0%)   0.0000 (  0.0%)   0.0000 (  0.0%)  Scalar Evolution Canonicalization
   0.0000 (  0.0%)   0.0000 (  0.0%)   0.0000 (  0.0%)   0.0000 (  0.0%)  Lazy Branch Probability Analysis
   0.0000 (  0.0%)   0.0000 (  0.0%)   0.0000 (  0.0%)   0.0000 (  0.0%)  Basic Alias Analysis (stateless AA impl)
   0.0000 (  0.0%)   0.0000 (  0.0%)   0.0000 (  0.0%)   0.0000 (  0.0%)  Interface Analysis
   0.0000 (  0.0%)   0.0000 (  0.0%)   0.0000 (  0.0%)   0.0000 (  0.0%)  Eliminate guard varible
   0.0000 (  0.0%)   0.0000 (  0.0%)   0.0000 (  0.0%)   0.0000 (  0.0%)  Interface Analysis
   0.0000 (  0.0%)   0.0000 (  0.0%)   0.0000 (  0.0%)   0.0000 (  0.0%)  Memory Dependence Analysis
   0.0000 (  0.0%)   0.0000 (  0.0%)   0.0000 (  0.0%)   0.0000 (  0.0%)  Interface Analysis
   0.0000 (  0.0%)   0.0000 (  0.0%)   0.0000 (  0.0%)   0.0000 (  0.0%)  Outline pipeline stages
   0.0000 (  0.0%)   0.0000 (  0.0%)   0.0000 (  0.0%)   0.0000 (  0.0%)  Interface Analysis
   0.0000 (  0.0%)   0.0000 (  0.0%)   0.0000 (  0.0%)   0.0000 (  0.0%)  Memory Dependence Analysis
   0.0000 (  0.0%)   0.0000 (  0.0%)   0.0000 (  0.0%)   0.0000 (  0.0%)  Interface Analysis
   0.0000 (  0.0%)   0.0000 (  0.0%)   0.0000 (  0.0%)   0.0000 (  0.0%)  Lazy Branch Probability Analysis
   0.0000 (  0.0%)   0.0000 (  0.0%)   0.0000 (  0.0%)   0.0000 (  0.0%)  LCSSA Verifier
   0.0000 (  0.0%)   0.0000 (  0.0%)   0.0000 (  0.0%)   0.0000 (  0.0%)  Revert direct input/output accesses
   0.0000 (  0.0%)   0.0000 (  0.0%)   0.0000 (  0.0%)   0.0000 (  0.0%)  Interface Analysis
   0.0000 (  0.0%)   0.0000 (  0.0%)   0.0000 (  0.0%)   0.0000 (  0.0%)  Basic Alias Analysis (stateless AA impl)
   0.0000 (  0.0%)   0.0000 (  0.0%)   0.0000 (  0.0%)   0.0000 (  0.0%)  LCSSA Verifier
   0.0000 (  0.0%)   0.0000 (  0.0%)   0.0000 (  0.0%)   0.0000 (  0.0%)  Interface Analysis
   0.0000 (  0.0%)   0.0000 (  0.0%)   0.0000 (  0.0%)   0.0000 (  0.0%)  LCSSA Verifier
   0.0000 (  0.0%)   0.0000 (  0.0%)   0.0000 (  0.0%)   0.0000 (  0.0%)  Basic Alias Analysis (stateless AA impl)
   0.0000 (  0.0%)   0.0000 (  0.0%)   0.0000 (  0.0%)   0.0000 (  0.0%)  Lazy Branch Probability Analysis
   0.0000 (  0.0%)   0.0000 (  0.0%)   0.0000 (  0.0%)   0.0000 (  0.0%)  Interface Analysis
   0.0000 (  0.0%)   0.0000 (  0.0%)   0.0000 (  0.0%)   0.0000 (  0.0%)  Lazy Branch Probability Analysis
   0.0000 (  0.0%)   0.0000 (  0.0%)   0.0000 (  0.0%)   0.0000 (  0.0%)  Basic Alias Analysis (stateless AA impl)
   0.0000 (  0.0%)   0.0000 (  0.0%)   0.0000 (  0.0%)   0.0000 (  0.0%)  A No-Op Barrier Pass
   0.0000 (  0.0%)   0.0000 (  0.0%)   0.0000 (  0.0%)   0.0000 (  0.0%)  Lazy Block Frequency Analysis
   0.0000 (  0.0%)   0.0000 (  0.0%)   0.0000 (  0.0%)   0.0000 (  0.0%)  Lazy Branch Probability Analysis
   0.0000 (  0.0%)   0.0000 (  0.0%)   0.0000 (  0.0%)   0.0000 (  0.0%)  Interface Analysis
   0.0000 (  0.0%)   0.0000 (  0.0%)   0.0000 (  0.0%)   0.0000 (  0.0%)  A No-Op Barrier Pass
   0.0000 (  0.0%)   0.0000 (  0.0%)   0.0000 (  0.0%)   0.0000 (  0.0%)  LCSSA Verifier
   0.0000 (  0.0%)   0.0000 (  0.0%)   0.0000 (  0.0%)   0.0000 (  0.0%)  Interface Analysis
   0.0000 (  0.0%)   0.0000 (  0.0%)   0.0000 (  0.0%)   0.0000 (  0.0%)  Lazy Branch Probability Analysis
   0.0000 (  0.0%)   0.0000 (  0.0%)   0.0000 (  0.0%)   0.0000 (  0.0%)  Interface Analysis
   0.0000 (  0.0%)   0.0000 (  0.0%)   0.0000 (  0.0%)   0.0000 (  0.0%)  LCSSA Verifier
   0.0000 (  0.0%)   0.0000 (  0.0%)   0.0000 (  0.0%)   0.0000 (  0.0%)  Revert direct input/output accesses
   0.0000 (  0.0%)   0.0000 (  0.0%)   0.0000 (  0.0%)   0.0000 (  0.0%)  Lower intrinsics for FPGAs
   0.0000 (  0.0%)   0.0000 (  0.0%)   0.0000 (  0.0%)   0.0000 (  0.0%)  Interface Analysis
   0.0000 (  0.0%)   0.0000 (  0.0%)   0.0000 (  0.0%)   0.0000 (  0.0%)  LCSSA Verifier
   0.0000 (  0.0%)   0.0000 (  0.0%)   0.0000 (  0.0%)   0.0000 (  0.0%)  Interface Analysis
   0.0000 (  0.0%)   0.0000 (  0.0%)   0.0000 (  0.0%)   0.0000 (  0.0%)  Optimization Remark Emitter
   0.0000 (  0.0%)   0.0000 (  0.0%)   0.0000 (  0.0%)   0.0000 (  0.0%)  Optimization Remark Emitter
   0.0000 (  0.0%)   0.0000 (  0.0%)   0.0000 (  0.0%)   0.0000 (  0.0%)  Interface Analysis
   0.0000 (  0.0%)   0.0000 (  0.0%)   0.0000 (  0.0%)   0.0000 (  0.0%)  Lazy Block Frequency Analysis
   0.0000 (  0.0%)   0.0000 (  0.0%)   0.0000 (  0.0%)   0.0000 (  0.0%)  Lazy Block Frequency Analysis
   0.0000 (  0.0%)   0.0000 (  0.0%)   0.0000 (  0.0%)   0.0000 (  0.0%)  Optimization Remark Emitter
   0.0000 (  0.0%)   0.0000 (  0.0%)   0.0000 (  0.0%)   0.0000 (  0.0%)  Lazy Block Frequency Analysis
   0.0000 (  0.0%)   0.0000 (  0.0%)   0.0000 (  0.0%)   0.0000 (  0.0%)  LCSSA Verifier
   0.0000 (  0.0%)   0.0000 (  0.0%)   0.0000 (  0.0%)   0.0000 (  0.0%)  Entirety access check on array-to-stream
   0.0000 (  0.0%)   0.0000 (  0.0%)   0.0000 (  0.0%)   0.0000 (  0.0%)  Optimization Remark Emitter
   0.0000 (  0.0%)   0.0000 (  0.0%)   0.0000 (  0.0%)   0.0000 (  0.0%)  Optimization Remark Emitter
   0.0000 (  0.0%)   0.0000 (  0.0%)   0.0000 (  0.0%)   0.0000 (  0.0%)  Evaluate _ssdm_string2bits
   0.0000 (  0.0%)   0.0000 (  0.0%)   0.0000 (  0.0%)   0.0000 (  0.0%)  Optimization Remark Emitter
   0.0000 (  0.0%)   0.0000 (  0.0%)   0.0000 (  0.0%)   0.0000 (  0.0%)  Lazy Block Frequency Analysis
   0.0000 (  0.0%)   0.0000 (  0.0%)   0.0000 (  0.0%)   0.0000 (  0.0%)  LCSSA Verifier
   0.0000 (  0.0%)   0.0000 (  0.0%)   0.0000 (  0.0%)   0.0000 (  0.0%)  Basic Alias Analysis (stateless AA impl)
   0.0000 (  0.0%)   0.0000 (  0.0%)   0.0000 (  0.0%)   0.0000 (  0.0%)  Lazy Branch Probability Analysis
   0.0000 (  0.0%)   0.0000 (  0.0%)   0.0000 (  0.0%)   0.0000 (  0.0%)  Lazy Branch Probability Analysis
   0.0000 (  0.0%)   0.0000 (  0.0%)   0.0000 (  0.0%)   0.0000 (  0.0%)  Revert PPPO for array-to-stream
   0.0000 (  0.0%)   0.0000 (  0.0%)   0.0000 (  0.0%)   0.0000 (  0.0%)  Revert PPPO for array-to-stream
   0.0000 (  0.0%)   0.0000 (  0.0%)   0.0000 (  0.0%)   0.0000 (  0.0%)  LCSSA Verifier
   0.0000 (  0.0%)   0.0000 (  0.0%)   0.0000 (  0.0%)   0.0000 (  0.0%)  Lazy Block Frequency Analysis
   0.0000 (  0.0%)   0.0000 (  0.0%)   0.0000 (  0.0%)   0.0000 (  0.0%)  Basic Alias Analysis (stateless AA impl)
   0.0000 (  0.0%)   0.0000 (  0.0%)   0.0000 (  0.0%)   0.0000 (  0.0%)  Lazy Block Frequency Analysis
   0.0000 (  0.0%)   0.0000 (  0.0%)   0.0000 (  0.0%)   0.0000 (  0.0%)  A No-Op Barrier Pass
   0.0000 (  0.0%)   0.0000 (  0.0%)   0.0000 (  0.0%)   0.0000 (  0.0%)  Interface Analysis
   0.0000 (  0.0%)   0.0000 (  0.0%)   0.0000 (  0.0%)   0.0000 (  0.0%)  Lazy Block Frequency Analysis
   0.0000 (  0.0%)   0.0000 (  0.0%)   0.0000 (  0.0%)   0.0000 (  0.0%)  Interface Analysis
   0.0000 (  0.0%)   0.0000 (  0.0%)   0.0000 (  0.0%)   0.0000 (  0.0%)  Lazy Value Information Analysis
   0.0000 (  0.0%)   0.0000 (  0.0%)   0.0000 (  0.0%)   0.0000 (  0.0%)  Basic Alias Analysis (stateless AA impl)
   0.0000 (  0.0%)   0.0000 (  0.0%)   0.0000 (  0.0%)   0.0000 (  0.0%)  LCSSA Verifier
   0.0000 (  0.0%)   0.0000 (  0.0%)   0.0000 (  0.0%)   0.0000 (  0.0%)  ScalarEvolution-based Alias Analysis
   0.0000 (  0.0%)   0.0000 (  0.0%)   0.0000 (  0.0%)   0.0000 (  0.0%)  ScalarEvolution-based Alias Analysis
   0.0000 (  0.0%)   0.0000 (  0.0%)   0.0000 (  0.0%)   0.0000 (  0.0%)  Optimization Remark Emitter
   0.0000 (  0.0%)   0.0000 (  0.0%)   0.0000 (  0.0%)   0.0000 (  0.0%)  ScalarEvolution-based Alias Analysis
   0.0000 (  0.0%)   0.0000 (  0.0%)   0.0000 (  0.0%)   0.0000 (  0.0%)  Optimization Remark Emitter
   0.0000 (  0.0%)   0.0000 (  0.0%)   0.0000 (  0.0%)   0.0000 (  0.0%)  Optimization Remark Emitter
   0.0000 (  0.0%)   0.0000 (  0.0%)   0.0000 (  0.0%)   0.0000 (  0.0%)  LCSSA Verifier
   0.0000 (  0.0%)   0.0000 (  0.0%)   0.0000 (  0.0%)   0.0000 (  0.0%)  Lazy Branch Probability Analysis
   0.0000 (  0.0%)   0.0000 (  0.0%)   0.0000 (  0.0%)   0.0000 (  0.0%)  Basic Alias Analysis (stateless AA impl)
   0.0000 (  0.0%)   0.0000 (  0.0%)   0.0000 (  0.0%)   0.0000 (  0.0%)  LCSSA Verifier
   0.0000 (  0.0%)   0.0000 (  0.0%)   0.0000 (  0.0%)   0.0000 (  0.0%)  Lazy Branch Probability Analysis
   0.0000 (  0.0%)   0.0000 (  0.0%)   0.0000 (  0.0%)   0.0000 (  0.0%)  Lazy Block Frequency Analysis
   0.0000 (  0.0%)   0.0000 (  0.0%)   0.0000 (  0.0%)   0.0000 (  0.0%)  A No-Op Barrier Pass
   0.0000 (  0.0%)   0.0000 (  0.0%)   0.0000 (  0.0%)   0.0000 (  0.0%)  Basic Alias Analysis (stateless AA impl)
   0.0000 (  0.0%)   0.0000 (  0.0%)   0.0000 (  0.0%)   0.0000 (  0.0%)  Lazy Block Frequency Analysis
   0.0000 (  0.0%)   0.0000 (  0.0%)   0.0000 (  0.0%)   0.0000 (  0.0%)  Optimization Remark Emitter
   0.0000 (  0.0%)   0.0000 (  0.0%)   0.0000 (  0.0%)   0.0000 (  0.0%)  Optimization Remark Emitter
   0.0000 (  0.0%)   0.0000 (  0.0%)   0.0000 (  0.0%)   0.0000 (  0.0%)  ScalarEvolution-based Alias Analysis
   0.0000 (  0.0%)   0.0000 (  0.0%)   0.0000 (  0.0%)   0.0000 (  0.0%)  Revert direct input/output accesses
   0.0000 (  0.0%)   0.0000 (  0.0%)   0.0000 (  0.0%)   0.0000 (  0.0%)  LCSSA Verifier
   0.0000 (  0.0%)   0.0000 (  0.0%)   0.0000 (  0.0%)   0.0000 (  0.0%)  Basic Alias Analysis (stateless AA impl)
   0.0000 (  0.0%)   0.0000 (  0.0%)   0.0000 (  0.0%)   0.0000 (  0.0%)  Lazy Block Frequency Analysis
   0.0000 (  0.0%)   0.0000 (  0.0%)   0.0000 (  0.0%)   0.0000 (  0.0%)  LCSSA Verifier
   0.0000 (  0.0%)   0.0000 (  0.0%)   0.0000 (  0.0%)   0.0000 (  0.0%)  Optimization Remark Emitter
   0.0000 (  0.0%)   0.0000 (  0.0%)   0.0000 (  0.0%)   0.0000 (  0.0%)  Basic Alias Analysis (stateless AA impl)
   0.0000 (  0.0%)   0.0000 (  0.0%)   0.0000 (  0.0%)   0.0000 (  0.0%)  Optimization Remark Emitter
   0.0000 (  0.0%)   0.0000 (  0.0%)   0.0000 (  0.0%)   0.0000 (  0.0%)  Optimization Remark Emitter
   0.0000 (  0.0%)   0.0000 (  0.0%)   0.0000 (  0.0%)   0.0000 (  0.0%)  ScalarEvolution-based Alias Analysis
   0.0000 (  0.0%)   0.0000 (  0.0%)   0.0000 (  0.0%)   0.0000 (  0.0%)  Optimization Remark Emitter
   0.0000 (  0.0%)   0.0000 (  0.0%)   0.0000 (  0.0%)   0.0000 (  0.0%)  Optimization Remark Emitter
   0.0000 (  0.0%)   0.0000 (  0.0%)   0.0000 (  0.0%)   0.0000 (  0.0%)  LCSSA Verifier
   0.0000 (  0.0%)   0.0000 (  0.0%)   0.0000 (  0.0%)   0.0000 (  0.0%)  Target Library Information
   0.0000 (  0.0%)   0.0000 (  0.0%)   0.0000 (  0.0%)   0.0000 (  0.0%)  Optimization Remark Emitter
   0.0000 (  0.0%)   0.0000 (  0.0%)   0.0000 (  0.0%)   0.0000 (  0.0%)  Profile summary info
   0.0000 (  0.0%)   0.0000 (  0.0%)   0.0000 (  0.0%)   0.0000 (  0.0%)  Interface Analysis
   0.0000 (  0.0%)   0.0000 (  0.0%)   0.0000 (  0.0%)   0.0000 (  0.0%)  Target Transform Information
   0.9093 (100.0%)   0.0712 (100.0%)   0.9805 (100.0%)   1.0317 (100.0%)  Total

===-------------------------------------------------------------------------===
                                LLVM IR Parsing
===-------------------------------------------------------------------------===
  Total Execution Time: 0.0037 seconds (0.0040 wall clock)

   ---User Time---   --System Time--   --User+System--   ---Wall Time---  --- Name ---
   0.0020 (100.0%)   0.0017 (100.0%)   0.0037 (100.0%)   0.0040 (100.0%)  Parse IR
   0.0020 (100.0%)   0.0017 (100.0%)   0.0037 (100.0%)   0.0040 (100.0%)  Total

===-------------------------------------------------------------------------===
                          Clang front-end time report
===-------------------------------------------------------------------------===
  Total Execution Time: 1.0678 seconds (1.1226 wall clock)

   ---User Time---   --System Time--   --User+System--   ---Wall Time---  --- Name ---
   0.9909 (100.0%)   0.0769 (100.0%)   1.0678 (100.0%)   1.1226 (100.0%)  Clang front-end timer
   0.9909 (100.0%)   0.0769 (100.0%)   1.0678 (100.0%)   1.1226 (100.0%)  Total

