

================================================================
== Vitis HLS Report for 'dft'
================================================================
* Date:           Fri Nov  7 20:22:22 2025

* Version:        2024.2 (Build 5238294 on Nov  8 2024)
* Project:        dft_1024_opt
* Solution:       hls (Vivado IP Flow Target)
* Product family: zynq
* Target device:  xc7z020-clg400-1


================================================================
== Performance Estimates
================================================================
+ Timing: 
    * Summary: 
    +--------+----------+----------+------------+
    |  Clock |  Target  | Estimated| Uncertainty|
    +--------+----------+----------+------------+
    |ap_clk  |  10.00 ns|  7.256 ns|     2.70 ns|
    +--------+----------+----------+------------+

+ Latency: 
    * Summary: 
    +---------+---------+----------+----------+--------+--------+---------+
    |  Latency (cycles) |  Latency (absolute) |     Interval    | Pipeline|
    |   min   |   max   |    min   |    max   |   min  |   max  |   Type  |
    +---------+---------+----------+----------+--------+--------+---------+
    |   152577|   152577|  1.526 ms|  1.526 ms|  152578|  152578|       no|
    +---------+---------+----------+----------+--------+--------+---------+

    + Detail: 
        * Instance: 
        +-------------------------------------+--------------------------+---------+---------+----------+----------+-----+-----+------------------------------------------------+
        |                                     |                          |  Latency (cycles) |  Latency (absolute) |  Interval |                    Pipeline                    |
        |               Instance              |          Module          |   min   |   max   |    min   |    max   | min | max |                      Type                      |
        +-------------------------------------+--------------------------+---------+---------+----------+----------+-----+-----+------------------------------------------------+
        |grp_dft_Pipeline_INNER_LOOP_fu_148   |dft_Pipeline_INNER_LOOP   |      146|      146|  1.460 us|  1.460 us|  129|  129|  loop auto-rewind stp (delay=0 clock cycles(s))|
        |grp_dft_Pipeline_INNER_LOOP1_fu_191  |dft_Pipeline_INNER_LOOP1  |      146|      146|  1.460 us|  1.460 us|  129|  129|  loop auto-rewind stp (delay=0 clock cycles(s))|
        +-------------------------------------+--------------------------+---------+---------+----------+----------+-----+-----+------------------------------------------------+

        * Loop: 
        +--------------+---------+---------+----------+-----------+-----------+------+----------+
        |              |  Latency (cycles) | Iteration|  Initiation Interval  | Trip |          |
        |   Loop Name  |   min   |   max   |  Latency |  achieved |   target  | Count| Pipelined|
        +--------------+---------+---------+----------+-----------+-----------+------+----------+
        |- OUTER_LOOP  |   152576|   152576|       298|          -|          -|   512|        no|
        +--------------+---------+---------+----------+-----------+-----------+------+----------+



================================================================
== Utilization Estimates
================================================================
* Summary: 
+-----------------+---------+-----+--------+-------+-----+
|       Name      | BRAM_18K| DSP |   FF   |  LUT  | URAM|
+-----------------+---------+-----+--------+-------+-----+
|DSP              |        -|    -|       -|      -|    -|
|Expression       |        -|    -|       0|     12|    -|
|FIFO             |        -|    -|       -|      -|    -|
|Instance         |        -|  160|   19946|  24948|    -|
|Memory           |       16|    -|       0|      0|    -|
|Multiplexer      |        -|    -|       0|   4531|    -|
|Register         |        -|    -|     313|      -|    -|
+-----------------+---------+-----+--------+-------+-----+
|Total            |       16|  160|   20259|  29491|    0|
+-----------------+---------+-----+--------+-------+-----+
|Available        |      280|  220|  106400|  53200|    0|
+-----------------+---------+-----+--------+-------+-----+
|Utilization (%)  |        5|   72|      19|     55|    0|
+-----------------+---------+-----+--------+-------+-----+

+ Detail: 
    * Instance: 
    +-------------------------------------+--------------------------------+---------+----+------+------+-----+
    |               Instance              |             Module             | BRAM_18K| DSP|  FF  |  LUT | URAM|
    +-------------------------------------+--------------------------------+---------+----+------+------+-----+
    |grp_dft_Pipeline_INNER_LOOP_fu_148   |dft_Pipeline_INNER_LOOP         |        0|   0|  4405|  1098|    0|
    |grp_dft_Pipeline_INNER_LOOP1_fu_191  |dft_Pipeline_INNER_LOOP1        |        0|   0|  4405|  1098|    0|
    |fadd_32ns_32ns_32_5_full_dsp_1_U189  |fadd_32ns_32ns_32_5_full_dsp_1  |        0|   2|   205|   390|    0|
    |fadd_32ns_32ns_32_5_full_dsp_1_U191  |fadd_32ns_32ns_32_5_full_dsp_1  |        0|   2|   205|   390|    0|
    |fadd_32ns_32ns_32_5_full_dsp_1_U193  |fadd_32ns_32ns_32_5_full_dsp_1  |        0|   2|   205|   390|    0|
    |fadd_32ns_32ns_32_5_full_dsp_1_U195  |fadd_32ns_32ns_32_5_full_dsp_1  |        0|   2|   205|   390|    0|
    |fadd_32ns_32ns_32_5_full_dsp_1_U197  |fadd_32ns_32ns_32_5_full_dsp_1  |        0|   2|   205|   390|    0|
    |fadd_32ns_32ns_32_5_full_dsp_1_U199  |fadd_32ns_32ns_32_5_full_dsp_1  |        0|   2|   205|   390|    0|
    |fadd_32ns_32ns_32_5_full_dsp_1_U201  |fadd_32ns_32ns_32_5_full_dsp_1  |        0|   2|   205|   390|    0|
    |fadd_32ns_32ns_32_5_full_dsp_1_U203  |fadd_32ns_32ns_32_5_full_dsp_1  |        0|   2|   205|   390|    0|
    |fadd_32ns_32ns_32_5_full_dsp_1_U204  |fadd_32ns_32ns_32_5_full_dsp_1  |        0|   2|   205|   390|    0|
    |fadd_32ns_32ns_32_5_full_dsp_1_U205  |fadd_32ns_32ns_32_5_full_dsp_1  |        0|   2|   205|   390|    0|
    |fadd_32ns_32ns_32_5_full_dsp_1_U206  |fadd_32ns_32ns_32_5_full_dsp_1  |        0|   2|   205|   390|    0|
    |fadd_32ns_32ns_32_5_full_dsp_1_U207  |fadd_32ns_32ns_32_5_full_dsp_1  |        0|   2|   205|   390|    0|
    |fadd_32ns_32ns_32_5_full_dsp_1_U208  |fadd_32ns_32ns_32_5_full_dsp_1  |        0|   2|   205|   390|    0|
    |fadd_32ns_32ns_32_5_full_dsp_1_U209  |fadd_32ns_32ns_32_5_full_dsp_1  |        0|   2|   205|   390|    0|
    |fadd_32ns_32ns_32_5_full_dsp_1_U210  |fadd_32ns_32ns_32_5_full_dsp_1  |        0|   2|   205|   390|    0|
    |fadd_32ns_32ns_32_5_full_dsp_1_U211  |fadd_32ns_32ns_32_5_full_dsp_1  |        0|   2|   205|   390|    0|
    |fadd_32ns_32ns_32_5_full_dsp_1_U212  |fadd_32ns_32ns_32_5_full_dsp_1  |        0|   2|   205|   390|    0|
    |fadd_32ns_32ns_32_5_full_dsp_1_U213  |fadd_32ns_32ns_32_5_full_dsp_1  |        0|   2|   205|   390|    0|
    |fadd_32ns_32ns_32_5_full_dsp_1_U214  |fadd_32ns_32ns_32_5_full_dsp_1  |        0|   2|   205|   390|    0|
    |fadd_32ns_32ns_32_5_full_dsp_1_U215  |fadd_32ns_32ns_32_5_full_dsp_1  |        0|   2|   205|   390|    0|
    |fadd_32ns_32ns_32_5_full_dsp_1_U216  |fadd_32ns_32ns_32_5_full_dsp_1  |        0|   2|   205|   390|    0|
    |fadd_32ns_32ns_32_5_full_dsp_1_U217  |fadd_32ns_32ns_32_5_full_dsp_1  |        0|   2|   205|   390|    0|
    |fadd_32ns_32ns_32_5_full_dsp_1_U218  |fadd_32ns_32ns_32_5_full_dsp_1  |        0|   2|   205|   390|    0|
    |fadd_32ns_32ns_32_5_full_dsp_1_U219  |fadd_32ns_32ns_32_5_full_dsp_1  |        0|   2|   205|   390|    0|
    |fmul_32ns_32ns_32_4_max_dsp_1_U220   |fmul_32ns_32ns_32_4_max_dsp_1   |        0|   3|   143|   321|    0|
    |fmul_32ns_32ns_32_4_max_dsp_1_U221   |fmul_32ns_32ns_32_4_max_dsp_1   |        0|   3|   143|   321|    0|
    |fmul_32ns_32ns_32_4_max_dsp_1_U222   |fmul_32ns_32ns_32_4_max_dsp_1   |        0|   3|   143|   321|    0|
    |fmul_32ns_32ns_32_4_max_dsp_1_U223   |fmul_32ns_32ns_32_4_max_dsp_1   |        0|   3|   143|   321|    0|
    |fmul_32ns_32ns_32_4_max_dsp_1_U224   |fmul_32ns_32ns_32_4_max_dsp_1   |        0|   3|   143|   321|    0|
    |fmul_32ns_32ns_32_4_max_dsp_1_U225   |fmul_32ns_32ns_32_4_max_dsp_1   |        0|   3|   143|   321|    0|
    |fmul_32ns_32ns_32_4_max_dsp_1_U226   |fmul_32ns_32ns_32_4_max_dsp_1   |        0|   3|   143|   321|    0|
    |fmul_32ns_32ns_32_4_max_dsp_1_U227   |fmul_32ns_32ns_32_4_max_dsp_1   |        0|   3|   143|   321|    0|
    |fmul_32ns_32ns_32_4_max_dsp_1_U228   |fmul_32ns_32ns_32_4_max_dsp_1   |        0|   3|   143|   321|    0|
    |fmul_32ns_32ns_32_4_max_dsp_1_U229   |fmul_32ns_32ns_32_4_max_dsp_1   |        0|   3|   143|   321|    0|
    |fmul_32ns_32ns_32_4_max_dsp_1_U230   |fmul_32ns_32ns_32_4_max_dsp_1   |        0|   3|   143|   321|    0|
    |fmul_32ns_32ns_32_4_max_dsp_1_U231   |fmul_32ns_32ns_32_4_max_dsp_1   |        0|   3|   143|   321|    0|
    |fmul_32ns_32ns_32_4_max_dsp_1_U232   |fmul_32ns_32ns_32_4_max_dsp_1   |        0|   3|   143|   321|    0|
    |fmul_32ns_32ns_32_4_max_dsp_1_U233   |fmul_32ns_32ns_32_4_max_dsp_1   |        0|   3|   143|   321|    0|
    |fmul_32ns_32ns_32_4_max_dsp_1_U234   |fmul_32ns_32ns_32_4_max_dsp_1   |        0|   3|   143|   321|    0|
    |fmul_32ns_32ns_32_4_max_dsp_1_U235   |fmul_32ns_32ns_32_4_max_dsp_1   |        0|   3|   143|   321|    0|
    |fmul_32ns_32ns_32_4_max_dsp_1_U236   |fmul_32ns_32ns_32_4_max_dsp_1   |        0|   3|   143|   321|    0|
    |fmul_32ns_32ns_32_4_max_dsp_1_U237   |fmul_32ns_32ns_32_4_max_dsp_1   |        0|   3|   143|   321|    0|
    |fmul_32ns_32ns_32_4_max_dsp_1_U238   |fmul_32ns_32ns_32_4_max_dsp_1   |        0|   3|   143|   321|    0|
    |fmul_32ns_32ns_32_4_max_dsp_1_U239   |fmul_32ns_32ns_32_4_max_dsp_1   |        0|   3|   143|   321|    0|
    |fmul_32ns_32ns_32_4_max_dsp_1_U240   |fmul_32ns_32ns_32_4_max_dsp_1   |        0|   3|   143|   321|    0|
    |fmul_32ns_32ns_32_4_max_dsp_1_U241   |fmul_32ns_32ns_32_4_max_dsp_1   |        0|   3|   143|   321|    0|
    |fmul_32ns_32ns_32_4_max_dsp_1_U242   |fmul_32ns_32ns_32_4_max_dsp_1   |        0|   3|   143|   321|    0|
    |fmul_32ns_32ns_32_4_max_dsp_1_U243   |fmul_32ns_32ns_32_4_max_dsp_1   |        0|   3|   143|   321|    0|
    |fmul_32ns_32ns_32_4_max_dsp_1_U244   |fmul_32ns_32ns_32_4_max_dsp_1   |        0|   3|   143|   321|    0|
    |fmul_32ns_32ns_32_4_max_dsp_1_U245   |fmul_32ns_32ns_32_4_max_dsp_1   |        0|   3|   143|   321|    0|
    |fmul_32ns_32ns_32_4_max_dsp_1_U246   |fmul_32ns_32ns_32_4_max_dsp_1   |        0|   3|   143|   321|    0|
    |fmul_32ns_32ns_32_4_max_dsp_1_U247   |fmul_32ns_32ns_32_4_max_dsp_1   |        0|   3|   143|   321|    0|
    |fmul_32ns_32ns_32_4_max_dsp_1_U248   |fmul_32ns_32ns_32_4_max_dsp_1   |        0|   3|   143|   321|    0|
    |fmul_32ns_32ns_32_4_max_dsp_1_U249   |fmul_32ns_32ns_32_4_max_dsp_1   |        0|   3|   143|   321|    0|
    |fmul_32ns_32ns_32_4_max_dsp_1_U250   |fmul_32ns_32ns_32_4_max_dsp_1   |        0|   3|   143|   321|    0|
    |fmul_32ns_32ns_32_4_max_dsp_1_U251   |fmul_32ns_32ns_32_4_max_dsp_1   |        0|   3|   143|   321|    0|
    |fsub_32ns_32ns_32_5_full_dsp_1_U188  |fsub_32ns_32ns_32_5_full_dsp_1  |        0|   2|   205|   390|    0|
    |fsub_32ns_32ns_32_5_full_dsp_1_U190  |fsub_32ns_32ns_32_5_full_dsp_1  |        0|   2|   205|   390|    0|
    |fsub_32ns_32ns_32_5_full_dsp_1_U192  |fsub_32ns_32ns_32_5_full_dsp_1  |        0|   2|   205|   390|    0|
    |fsub_32ns_32ns_32_5_full_dsp_1_U194  |fsub_32ns_32ns_32_5_full_dsp_1  |        0|   2|   205|   390|    0|
    |fsub_32ns_32ns_32_5_full_dsp_1_U196  |fsub_32ns_32ns_32_5_full_dsp_1  |        0|   2|   205|   390|    0|
    |fsub_32ns_32ns_32_5_full_dsp_1_U198  |fsub_32ns_32ns_32_5_full_dsp_1  |        0|   2|   205|   390|    0|
    |fsub_32ns_32ns_32_5_full_dsp_1_U200  |fsub_32ns_32ns_32_5_full_dsp_1  |        0|   2|   205|   390|    0|
    |fsub_32ns_32ns_32_5_full_dsp_1_U202  |fsub_32ns_32ns_32_5_full_dsp_1  |        0|   2|   205|   390|    0|
    +-------------------------------------+--------------------------------+---------+----+------+------+-----+
    |Total                                |                                |        0| 160| 19946| 24948|    0|
    +-------------------------------------+--------------------------------+---------+----+------+------+-----+

    * DSP: 
    N/A

    * Memory: 
    +--------------------------+------------------------------------+---------+---+----+-----+------+-----+------+-------------+
    |          Memory          |               Module               | BRAM_18K| FF| LUT| URAM| Words| Bits| Banks| W*Bits*Banks|
    +--------------------------+------------------------------------+---------+---+----+-----+------+-----+------+-------------+
    |cos_coefficients_table_U  |cos_coefficients_table_ROM_AUTO_1R  |        8|  0|   0|    0|  1024|   32|     1|        32768|
    |sin_coefficients_table_U  |sin_coefficients_table_ROM_AUTO_1R  |        8|  0|   0|    0|  1024|   32|     1|        32768|
    +--------------------------+------------------------------------+---------+---+----+-----+------+-----+------+-------------+
    |Total                     |                                    |       16|  0|   0|    0|  2048|   64|     2|        65536|
    +--------------------------+------------------------------------+---------+---+----+-----+------+-----+------+-------------+

    * FIFO: 
    N/A

    * Expression: 
    +--------------------+----------+----+---+----+------------+------------+
    |    Variable Name   | Operation| DSP| FF| LUT| Bitwidth P0| Bitwidth P1|
    +--------------------+----------+----+---+----+------------+------------+
    |add_ln14_fu_270_p2  |         +|   0|  0|  12|          11|           2|
    +--------------------+----------+----+---+----+------------+------------+
    |Total               |          |   0|  0|  12|          11|           2|
    +--------------------+----------+----+---+----+------------+------------+

    * Multiplexer: 
    +---------------------------------+----+-----------+-----+-----------+
    |               Name              | LUT| Input Size| Bits| Total Bits|
    +---------------------------------+----+-----------+-----+-----------+
    |ap_NS_fsm                        |  42|          8|    1|          8|
    |cos_coefficients_table_address0  |  14|          3|   10|         30|
    |cos_coefficients_table_address1  |  14|          3|   10|         30|
    |cos_coefficients_table_address2  |  14|          3|   10|         30|
    |cos_coefficients_table_address3  |  14|          3|   10|         30|
    |cos_coefficients_table_address4  |  14|          3|   10|         30|
    |cos_coefficients_table_address5  |  14|          3|   10|         30|
    |cos_coefficients_table_address6  |  14|          3|   10|         30|
    |cos_coefficients_table_address7  |  14|          3|   10|         30|
    |cos_coefficients_table_ce0       |  14|          3|    1|          3|
    |cos_coefficients_table_ce1       |  14|          3|    1|          3|
    |cos_coefficients_table_ce2       |  14|          3|    1|          3|
    |cos_coefficients_table_ce3       |  14|          3|    1|          3|
    |cos_coefficients_table_ce4       |  14|          3|    1|          3|
    |cos_coefficients_table_ce5       |  14|          3|    1|          3|
    |cos_coefficients_table_ce6       |  14|          3|    1|          3|
    |cos_coefficients_table_ce7       |  14|          3|    1|          3|
    |grp_fu_396_ce                    |  14|          3|    1|          3|
    |grp_fu_396_p0                    |  14|          3|   32|         96|
    |grp_fu_396_p1                    |  14|          3|   32|         96|
    |grp_fu_400_ce                    |  14|          3|    1|          3|
    |grp_fu_400_p0                    |  14|          3|   32|         96|
    |grp_fu_400_p1                    |  14|          3|   32|         96|
    |grp_fu_404_ce                    |  14|          3|    1|          3|
    |grp_fu_404_p0                    |  14|          3|   32|         96|
    |grp_fu_404_p1                    |  14|          3|   32|         96|
    |grp_fu_408_ce                    |  14|          3|    1|          3|
    |grp_fu_408_p0                    |  14|          3|   32|         96|
    |grp_fu_408_p1                    |  14|          3|   32|         96|
    |grp_fu_412_ce                    |  14|          3|    1|          3|
    |grp_fu_412_p0                    |  14|          3|   32|         96|
    |grp_fu_412_p1                    |  14|          3|   32|         96|
    |grp_fu_416_ce                    |  14|          3|    1|          3|
    |grp_fu_416_p0                    |  14|          3|   32|         96|
    |grp_fu_416_p1                    |  14|          3|   32|         96|
    |grp_fu_420_ce                    |  14|          3|    1|          3|
    |grp_fu_420_p0                    |  14|          3|   32|         96|
    |grp_fu_420_p1                    |  14|          3|   32|         96|
    |grp_fu_424_ce                    |  14|          3|    1|          3|
    |grp_fu_424_p0                    |  14|          3|   32|         96|
    |grp_fu_424_p1                    |  14|          3|   32|         96|
    |grp_fu_428_ce                    |  14|          3|    1|          3|
    |grp_fu_428_p0                    |  14|          3|   32|         96|
    |grp_fu_428_p1                    |  14|          3|   32|         96|
    |grp_fu_432_ce                    |  14|          3|    1|          3|
    |grp_fu_432_p0                    |  14|          3|   32|         96|
    |grp_fu_432_p1                    |  14|          3|   32|         96|
    |grp_fu_436_ce                    |  14|          3|    1|          3|
    |grp_fu_436_p0                    |  14|          3|   32|         96|
    |grp_fu_436_p1                    |  14|          3|   32|         96|
    |grp_fu_440_ce                    |  14|          3|    1|          3|
    |grp_fu_440_p0                    |  14|          3|   32|         96|
    |grp_fu_440_p1                    |  14|          3|   32|         96|
    |grp_fu_444_ce                    |  14|          3|    1|          3|
    |grp_fu_444_p0                    |  14|          3|   32|         96|
    |grp_fu_444_p1                    |  14|          3|   32|         96|
    |grp_fu_448_ce                    |  14|          3|    1|          3|
    |grp_fu_448_p0                    |  14|          3|   32|         96|
    |grp_fu_448_p1                    |  14|          3|   32|         96|
    |grp_fu_452_ce                    |  14|          3|    1|          3|
    |grp_fu_452_p0                    |  14|          3|   32|         96|
    |grp_fu_452_p1                    |  14|          3|   32|         96|
    |grp_fu_456_ce                    |  14|          3|    1|          3|
    |grp_fu_456_p0                    |  14|          3|   32|         96|
    |grp_fu_456_p1                    |  14|          3|   32|         96|
    |grp_fu_460_ce                    |  14|          3|    1|          3|
    |grp_fu_460_p0                    |  14|          3|   32|         96|
    |grp_fu_460_p1                    |  14|          3|   32|         96|
    |grp_fu_464_ce                    |  14|          3|    1|          3|
    |grp_fu_464_p0                    |  14|          3|   32|         96|
    |grp_fu_464_p1                    |  14|          3|   32|         96|
    |grp_fu_468_ce                    |  14|          3|    1|          3|
    |grp_fu_468_p0                    |  14|          3|   32|         96|
    |grp_fu_468_p1                    |  14|          3|   32|         96|
    |grp_fu_472_ce                    |  14|          3|    1|          3|
    |grp_fu_472_p0                    |  14|          3|   32|         96|
    |grp_fu_472_p1                    |  14|          3|   32|         96|
    |grp_fu_476_ce                    |  14|          3|    1|          3|
    |grp_fu_476_p0                    |  14|          3|   32|         96|
    |grp_fu_476_p1                    |  14|          3|   32|         96|
    |grp_fu_480_ce                    |  14|          3|    1|          3|
    |grp_fu_480_p0                    |  14|          3|   32|         96|
    |grp_fu_480_p1                    |  14|          3|   32|         96|
    |grp_fu_484_ce                    |  14|          3|    1|          3|
    |grp_fu_484_p0                    |  14|          3|   32|         96|
    |grp_fu_484_p1                    |  14|          3|   32|         96|
    |grp_fu_488_ce                    |  14|          3|    1|          3|
    |grp_fu_488_p0                    |  14|          3|   32|         96|
    |grp_fu_488_p1                    |  14|          3|   32|         96|
    |grp_fu_492_ce                    |  14|          3|    1|          3|
    |grp_fu_492_p0                    |  14|          3|   32|         96|
    |grp_fu_492_p1                    |  14|          3|   32|         96|
    |grp_fu_496_ce                    |  14|          3|    1|          3|
    |grp_fu_496_p0                    |  14|          3|   32|         96|
    |grp_fu_496_p1                    |  14|          3|   32|         96|
    |grp_fu_500_ce                    |  14|          3|    1|          3|
    |grp_fu_500_p0                    |  14|          3|   32|         96|
    |grp_fu_500_p1                    |  14|          3|   32|         96|
    |grp_fu_504_ce                    |  14|          3|    1|          3|
    |grp_fu_504_p0                    |  14|          3|   32|         96|
    |grp_fu_504_p1                    |  14|          3|   32|         96|
    |grp_fu_508_ce                    |  14|          3|    1|          3|
    |grp_fu_508_p0                    |  14|          3|   32|         96|
    |grp_fu_508_p1                    |  14|          3|   32|         96|
    |grp_fu_512_ce                    |  14|          3|    1|          3|
    |grp_fu_512_p0                    |  14|          3|   32|         96|
    |grp_fu_512_p1                    |  14|          3|   32|         96|
    |grp_fu_516_ce                    |  14|          3|    1|          3|
    |grp_fu_516_p0                    |  14|          3|   32|         96|
    |grp_fu_516_p1                    |  14|          3|   32|         96|
    |grp_fu_520_ce                    |  14|          3|    1|          3|
    |grp_fu_520_p0                    |  14|          3|   32|         96|
    |grp_fu_520_p1                    |  14|          3|   32|         96|
    |grp_fu_524_ce                    |  14|          3|    1|          3|
    |grp_fu_524_p0                    |  14|          3|   32|         96|
    |grp_fu_524_p1                    |  14|          3|   32|         96|
    |grp_fu_528_ce                    |  14|          3|    1|          3|
    |grp_fu_528_p0                    |  14|          3|   32|         96|
    |grp_fu_528_p1                    |  14|          3|   32|         96|
    |grp_fu_532_ce                    |  14|          3|    1|          3|
    |grp_fu_532_p0                    |  14|          3|   32|         96|
    |grp_fu_532_p1                    |  14|          3|   32|         96|
    |grp_fu_536_ce                    |  14|          3|    1|          3|
    |grp_fu_536_p0                    |  14|          3|   32|         96|
    |grp_fu_536_p1                    |  14|          3|   32|         96|
    |grp_fu_540_ce                    |  14|          3|    1|          3|
    |grp_fu_540_p0                    |  14|          3|   32|         96|
    |grp_fu_540_p1                    |  14|          3|   32|         96|
    |grp_fu_544_ce                    |  14|          3|    1|          3|
    |grp_fu_544_p0                    |  14|          3|   32|         96|
    |grp_fu_544_p1                    |  14|          3|   32|         96|
    |grp_fu_548_ce                    |  14|          3|    1|          3|
    |grp_fu_548_p0                    |  14|          3|   32|         96|
    |grp_fu_548_p1                    |  14|          3|   32|         96|
    |grp_fu_552_ce                    |  14|          3|    1|          3|
    |grp_fu_552_p0                    |  14|          3|   32|         96|
    |grp_fu_552_p1                    |  14|          3|   32|         96|
    |grp_fu_556_ce                    |  14|          3|    1|          3|
    |grp_fu_556_p0                    |  14|          3|   32|         96|
    |grp_fu_556_p1                    |  14|          3|   32|         96|
    |grp_fu_560_ce                    |  14|          3|    1|          3|
    |grp_fu_560_p0                    |  14|          3|   32|         96|
    |grp_fu_560_p1                    |  14|          3|   32|         96|
    |grp_fu_564_ce                    |  14|          3|    1|          3|
    |grp_fu_564_p0                    |  14|          3|   32|         96|
    |grp_fu_564_p1                    |  14|          3|   32|         96|
    |grp_fu_568_ce                    |  14|          3|    1|          3|
    |grp_fu_568_p0                    |  14|          3|   32|         96|
    |grp_fu_568_p1                    |  14|          3|   32|         96|
    |grp_fu_572_ce                    |  14|          3|    1|          3|
    |grp_fu_572_p0                    |  14|          3|   32|         96|
    |grp_fu_572_p1                    |  14|          3|   32|         96|
    |grp_fu_576_ce                    |  14|          3|    1|          3|
    |grp_fu_576_p0                    |  14|          3|   32|         96|
    |grp_fu_576_p1                    |  14|          3|   32|         96|
    |grp_fu_580_ce                    |  14|          3|    1|          3|
    |grp_fu_580_p0                    |  14|          3|   32|         96|
    |grp_fu_580_p1                    |  14|          3|   32|         96|
    |grp_fu_584_ce                    |  14|          3|    1|          3|
    |grp_fu_584_p0                    |  14|          3|   32|         96|
    |grp_fu_584_p1                    |  14|          3|   32|         96|
    |grp_fu_588_ce                    |  14|          3|    1|          3|
    |grp_fu_588_p0                    |  14|          3|   32|         96|
    |grp_fu_588_p1                    |  14|          3|   32|         96|
    |grp_fu_592_ce                    |  14|          3|    1|          3|
    |grp_fu_592_p0                    |  14|          3|   32|         96|
    |grp_fu_592_p1                    |  14|          3|   32|         96|
    |grp_fu_596_ce                    |  14|          3|    1|          3|
    |grp_fu_596_p0                    |  14|          3|   32|         96|
    |grp_fu_596_p1                    |  14|          3|   32|         96|
    |grp_fu_600_ce                    |  14|          3|    1|          3|
    |grp_fu_600_p0                    |  14|          3|   32|         96|
    |grp_fu_600_p1                    |  14|          3|   32|         96|
    |grp_fu_604_ce                    |  14|          3|    1|          3|
    |grp_fu_604_p0                    |  14|          3|   32|         96|
    |grp_fu_604_p1                    |  14|          3|   32|         96|
    |grp_fu_608_ce                    |  14|          3|    1|          3|
    |grp_fu_608_p0                    |  14|          3|   32|         96|
    |grp_fu_608_p1                    |  14|          3|   32|         96|
    |grp_fu_612_ce                    |  14|          3|    1|          3|
    |grp_fu_612_p0                    |  14|          3|   32|         96|
    |grp_fu_612_p1                    |  14|          3|   32|         96|
    |grp_fu_616_ce                    |  14|          3|    1|          3|
    |grp_fu_616_p0                    |  14|          3|   32|         96|
    |grp_fu_616_p1                    |  14|          3|   32|         96|
    |grp_fu_620_ce                    |  14|          3|    1|          3|
    |grp_fu_620_p0                    |  14|          3|   32|         96|
    |grp_fu_620_p1                    |  14|          3|   32|         96|
    |grp_fu_624_ce                    |  14|          3|    1|          3|
    |grp_fu_624_p0                    |  14|          3|   32|         96|
    |grp_fu_624_p1                    |  14|          3|   32|         96|
    |grp_fu_628_ce                    |  14|          3|    1|          3|
    |grp_fu_628_p0                    |  14|          3|   32|         96|
    |grp_fu_628_p1                    |  14|          3|   32|         96|
    |grp_fu_632_ce                    |  14|          3|    1|          3|
    |grp_fu_632_p0                    |  14|          3|   32|         96|
    |grp_fu_632_p1                    |  14|          3|   32|         96|
    |grp_fu_636_ce                    |  14|          3|    1|          3|
    |grp_fu_636_p0                    |  14|          3|   32|         96|
    |grp_fu_636_p1                    |  14|          3|   32|         96|
    |grp_fu_640_ce                    |  14|          3|    1|          3|
    |grp_fu_640_p0                    |  14|          3|   32|         96|
    |grp_fu_640_p1                    |  14|          3|   32|         96|
    |grp_fu_644_ce                    |  14|          3|    1|          3|
    |grp_fu_644_p0                    |  14|          3|   32|         96|
    |grp_fu_644_p1                    |  14|          3|   32|         96|
    |grp_fu_648_ce                    |  14|          3|    1|          3|
    |grp_fu_648_p0                    |  14|          3|   32|         96|
    |grp_fu_648_p1                    |  14|          3|   32|         96|
    |imag_op_0_address0               |  14|          3|    7|         21|
    |imag_op_0_address1               |  14|          3|    7|         21|
    |imag_op_0_ce0                    |  14|          3|    1|          3|
    |imag_op_0_ce1                    |  14|          3|    1|          3|
    |imag_op_0_d0                     |  14|          3|   32|         96|
    |imag_op_0_we0                    |  14|          3|    1|          3|
    |imag_op_1_address0               |  14|          3|    7|         21|
    |imag_op_1_address1               |  14|          3|    7|         21|
    |imag_op_1_ce0                    |  14|          3|    1|          3|
    |imag_op_1_ce1                    |  14|          3|    1|          3|
    |imag_op_1_d0                     |  14|          3|   32|         96|
    |imag_op_1_we0                    |  14|          3|    1|          3|
    |imag_op_2_address0               |  14|          3|    7|         21|
    |imag_op_2_address1               |  14|          3|    7|         21|
    |imag_op_2_ce0                    |  14|          3|    1|          3|
    |imag_op_2_ce1                    |  14|          3|    1|          3|
    |imag_op_2_d0                     |  14|          3|   32|         96|
    |imag_op_2_we0                    |  14|          3|    1|          3|
    |imag_op_3_address0               |  14|          3|    7|         21|
    |imag_op_3_address1               |  14|          3|    7|         21|
    |imag_op_3_ce0                    |  14|          3|    1|          3|
    |imag_op_3_ce1                    |  14|          3|    1|          3|
    |imag_op_3_d0                     |  14|          3|   32|         96|
    |imag_op_3_we0                    |  14|          3|    1|          3|
    |imag_op_4_address0               |  14|          3|    7|         21|
    |imag_op_4_address1               |  14|          3|    7|         21|
    |imag_op_4_ce0                    |  14|          3|    1|          3|
    |imag_op_4_ce1                    |  14|          3|    1|          3|
    |imag_op_4_d0                     |  14|          3|   32|         96|
    |imag_op_4_we0                    |  14|          3|    1|          3|
    |imag_op_5_address0               |  14|          3|    7|         21|
    |imag_op_5_address1               |  14|          3|    7|         21|
    |imag_op_5_ce0                    |  14|          3|    1|          3|
    |imag_op_5_ce1                    |  14|          3|    1|          3|
    |imag_op_5_d0                     |  14|          3|   32|         96|
    |imag_op_5_we0                    |  14|          3|    1|          3|
    |imag_op_6_address0               |  14|          3|    7|         21|
    |imag_op_6_address1               |  14|          3|    7|         21|
    |imag_op_6_ce0                    |  14|          3|    1|          3|
    |imag_op_6_ce1                    |  14|          3|    1|          3|
    |imag_op_6_d0                     |  14|          3|   32|         96|
    |imag_op_6_we0                    |  14|          3|    1|          3|
    |imag_op_7_address0               |  14|          3|    7|         21|
    |imag_op_7_address1               |  14|          3|    7|         21|
    |imag_op_7_ce0                    |  14|          3|    1|          3|
    |imag_op_7_ce1                    |  14|          3|    1|          3|
    |imag_op_7_d0                     |  14|          3|   32|         96|
    |imag_op_7_we0                    |  14|          3|    1|          3|
    |j_fu_92                          |   9|          2|   11|         22|
    |real_op_0_address0               |  14|          3|    7|         21|
    |real_op_0_address1               |  14|          3|    7|         21|
    |real_op_0_ce0                    |  14|          3|    1|          3|
    |real_op_0_ce1                    |  14|          3|    1|          3|
    |real_op_0_d0                     |  14|          3|   32|         96|
    |real_op_0_we0                    |  14|          3|    1|          3|
    |real_op_1_address0               |  14|          3|    7|         21|
    |real_op_1_address1               |  14|          3|    7|         21|
    |real_op_1_ce0                    |  14|          3|    1|          3|
    |real_op_1_ce1                    |  14|          3|    1|          3|
    |real_op_1_d0                     |  14|          3|   32|         96|
    |real_op_1_we0                    |  14|          3|    1|          3|
    |real_op_2_address0               |  14|          3|    7|         21|
    |real_op_2_address1               |  14|          3|    7|         21|
    |real_op_2_ce0                    |  14|          3|    1|          3|
    |real_op_2_ce1                    |  14|          3|    1|          3|
    |real_op_2_d0                     |  14|          3|   32|         96|
    |real_op_2_we0                    |  14|          3|    1|          3|
    |real_op_3_address0               |  14|          3|    7|         21|
    |real_op_3_address1               |  14|          3|    7|         21|
    |real_op_3_ce0                    |  14|          3|    1|          3|
    |real_op_3_ce1                    |  14|          3|    1|          3|
    |real_op_3_d0                     |  14|          3|   32|         96|
    |real_op_3_we0                    |  14|          3|    1|          3|
    |real_op_4_address0               |  14|          3|    7|         21|
    |real_op_4_address1               |  14|          3|    7|         21|
    |real_op_4_ce0                    |  14|          3|    1|          3|
    |real_op_4_ce1                    |  14|          3|    1|          3|
    |real_op_4_d0                     |  14|          3|   32|         96|
    |real_op_4_we0                    |  14|          3|    1|          3|
    |real_op_5_address0               |  14|          3|    7|         21|
    |real_op_5_address1               |  14|          3|    7|         21|
    |real_op_5_ce0                    |  14|          3|    1|          3|
    |real_op_5_ce1                    |  14|          3|    1|          3|
    |real_op_5_d0                     |  14|          3|   32|         96|
    |real_op_5_we0                    |  14|          3|    1|          3|
    |real_op_6_address0               |  14|          3|    7|         21|
    |real_op_6_address1               |  14|          3|    7|         21|
    |real_op_6_ce0                    |  14|          3|    1|          3|
    |real_op_6_ce1                    |  14|          3|    1|          3|
    |real_op_6_d0                     |  14|          3|   32|         96|
    |real_op_6_we0                    |  14|          3|    1|          3|
    |real_op_7_address0               |  14|          3|    7|         21|
    |real_op_7_address1               |  14|          3|    7|         21|
    |real_op_7_ce0                    |  14|          3|    1|          3|
    |real_op_7_ce1                    |  14|          3|    1|          3|
    |real_op_7_d0                     |  14|          3|   32|         96|
    |real_op_7_we0                    |  14|          3|    1|          3|
    |sin_coefficients_table_address0  |  14|          3|   10|         30|
    |sin_coefficients_table_address1  |  14|          3|   10|         30|
    |sin_coefficients_table_address2  |  14|          3|   10|         30|
    |sin_coefficients_table_address3  |  14|          3|   10|         30|
    |sin_coefficients_table_address4  |  14|          3|   10|         30|
    |sin_coefficients_table_address5  |  14|          3|   10|         30|
    |sin_coefficients_table_address6  |  14|          3|   10|         30|
    |sin_coefficients_table_address7  |  14|          3|   10|         30|
    |sin_coefficients_table_ce0       |  14|          3|    1|          3|
    |sin_coefficients_table_ce1       |  14|          3|    1|          3|
    |sin_coefficients_table_ce2       |  14|          3|    1|          3|
    |sin_coefficients_table_ce3       |  14|          3|    1|          3|
    |sin_coefficients_table_ce4       |  14|          3|    1|          3|
    |sin_coefficients_table_ce5       |  14|          3|    1|          3|
    |sin_coefficients_table_ce6       |  14|          3|    1|          3|
    |sin_coefficients_table_ce7       |  14|          3|    1|          3|
    +---------------------------------+----+-----------+-----+-----------+
    |Total                            |4531|        970| 5132|      15390|
    +---------------------------------+----+-----------+-----+-----------+

    * Register: 
    +--------------------------------------------------+----+----+-----+-----------+
    |                       Name                       | FF | LUT| Bits| Const Bits|
    +--------------------------------------------------+----+----+-----+-----------+
    |ap_CS_fsm                                         |   7|   0|    7|          0|
    |grp_dft_Pipeline_INNER_LOOP1_fu_191_ap_start_reg  |   1|   0|    1|          0|
    |grp_dft_Pipeline_INNER_LOOP_fu_148_ap_start_reg   |   1|   0|    1|          0|
    |imag_sample_0_load_reg_346                        |  32|   0|   32|          0|
    |imag_sample_1_load_reg_376                        |  32|   0|   32|          0|
    |is_1_reg_386                                      |  32|   0|   32|          0|
    |is_reg_356                                        |  32|   0|   32|          0|
    |j_fu_92                                           |  11|   0|   11|          0|
    |lshr_ln_reg_320                                   |   9|   0|    9|          0|
    |or_ln29_7_reg_391                                 |   9|   0|   10|          1|
    |real_sample_0_load_reg_341                        |  32|   0|   32|          0|
    |real_sample_1_load_reg_371                        |  32|   0|   32|          0|
    |rs_1_reg_381                                      |  32|   0|   32|          0|
    |rs_reg_351                                        |  32|   0|   32|          0|
    |trunc_ln14_reg_315                                |  10|   0|   10|          0|
    |zext_ln14_reg_325                                 |   9|   0|   64|         55|
    +--------------------------------------------------+----+----+-----+-----------+
    |Total                                             | 313|   0|  369|         56|
    +--------------------------------------------------+----+----+-----+-----------+



================================================================
== Interface
================================================================
* Summary: 
+------------------------+-----+-----+------------+---------------+--------------+
|        RTL Ports       | Dir | Bits|  Protocol  | Source Object |    C Type    |
+------------------------+-----+-----+------------+---------------+--------------+
|ap_clk                  |   in|    1|  ap_ctrl_hs|            dft|  return value|
|ap_rst                  |   in|    1|  ap_ctrl_hs|            dft|  return value|
|ap_start                |   in|    1|  ap_ctrl_hs|            dft|  return value|
|ap_done                 |  out|    1|  ap_ctrl_hs|            dft|  return value|
|ap_idle                 |  out|    1|  ap_ctrl_hs|            dft|  return value|
|ap_ready                |  out|    1|  ap_ctrl_hs|            dft|  return value|
|real_sample_0_address0  |  out|    9|   ap_memory|  real_sample_0|         array|
|real_sample_0_ce0       |  out|    1|   ap_memory|  real_sample_0|         array|
|real_sample_0_q0        |   in|   32|   ap_memory|  real_sample_0|         array|
|real_sample_1_address0  |  out|    9|   ap_memory|  real_sample_1|         array|
|real_sample_1_ce0       |  out|    1|   ap_memory|  real_sample_1|         array|
|real_sample_1_q0        |   in|   32|   ap_memory|  real_sample_1|         array|
|imag_sample_0_address0  |  out|    9|   ap_memory|  imag_sample_0|         array|
|imag_sample_0_ce0       |  out|    1|   ap_memory|  imag_sample_0|         array|
|imag_sample_0_q0        |   in|   32|   ap_memory|  imag_sample_0|         array|
|imag_sample_1_address0  |  out|    9|   ap_memory|  imag_sample_1|         array|
|imag_sample_1_ce0       |  out|    1|   ap_memory|  imag_sample_1|         array|
|imag_sample_1_q0        |   in|   32|   ap_memory|  imag_sample_1|         array|
|real_op_0_address0      |  out|    7|   ap_memory|      real_op_0|         array|
|real_op_0_ce0           |  out|    1|   ap_memory|      real_op_0|         array|
|real_op_0_we0           |  out|    1|   ap_memory|      real_op_0|         array|
|real_op_0_d0            |  out|   32|   ap_memory|      real_op_0|         array|
|real_op_0_address1      |  out|    7|   ap_memory|      real_op_0|         array|
|real_op_0_ce1           |  out|    1|   ap_memory|      real_op_0|         array|
|real_op_0_q1            |   in|   32|   ap_memory|      real_op_0|         array|
|real_op_1_address0      |  out|    7|   ap_memory|      real_op_1|         array|
|real_op_1_ce0           |  out|    1|   ap_memory|      real_op_1|         array|
|real_op_1_we0           |  out|    1|   ap_memory|      real_op_1|         array|
|real_op_1_d0            |  out|   32|   ap_memory|      real_op_1|         array|
|real_op_1_address1      |  out|    7|   ap_memory|      real_op_1|         array|
|real_op_1_ce1           |  out|    1|   ap_memory|      real_op_1|         array|
|real_op_1_q1            |   in|   32|   ap_memory|      real_op_1|         array|
|real_op_2_address0      |  out|    7|   ap_memory|      real_op_2|         array|
|real_op_2_ce0           |  out|    1|   ap_memory|      real_op_2|         array|
|real_op_2_we0           |  out|    1|   ap_memory|      real_op_2|         array|
|real_op_2_d0            |  out|   32|   ap_memory|      real_op_2|         array|
|real_op_2_address1      |  out|    7|   ap_memory|      real_op_2|         array|
|real_op_2_ce1           |  out|    1|   ap_memory|      real_op_2|         array|
|real_op_2_q1            |   in|   32|   ap_memory|      real_op_2|         array|
|real_op_3_address0      |  out|    7|   ap_memory|      real_op_3|         array|
|real_op_3_ce0           |  out|    1|   ap_memory|      real_op_3|         array|
|real_op_3_we0           |  out|    1|   ap_memory|      real_op_3|         array|
|real_op_3_d0            |  out|   32|   ap_memory|      real_op_3|         array|
|real_op_3_address1      |  out|    7|   ap_memory|      real_op_3|         array|
|real_op_3_ce1           |  out|    1|   ap_memory|      real_op_3|         array|
|real_op_3_q1            |   in|   32|   ap_memory|      real_op_3|         array|
|real_op_4_address0      |  out|    7|   ap_memory|      real_op_4|         array|
|real_op_4_ce0           |  out|    1|   ap_memory|      real_op_4|         array|
|real_op_4_we0           |  out|    1|   ap_memory|      real_op_4|         array|
|real_op_4_d0            |  out|   32|   ap_memory|      real_op_4|         array|
|real_op_4_address1      |  out|    7|   ap_memory|      real_op_4|         array|
|real_op_4_ce1           |  out|    1|   ap_memory|      real_op_4|         array|
|real_op_4_q1            |   in|   32|   ap_memory|      real_op_4|         array|
|real_op_5_address0      |  out|    7|   ap_memory|      real_op_5|         array|
|real_op_5_ce0           |  out|    1|   ap_memory|      real_op_5|         array|
|real_op_5_we0           |  out|    1|   ap_memory|      real_op_5|         array|
|real_op_5_d0            |  out|   32|   ap_memory|      real_op_5|         array|
|real_op_5_address1      |  out|    7|   ap_memory|      real_op_5|         array|
|real_op_5_ce1           |  out|    1|   ap_memory|      real_op_5|         array|
|real_op_5_q1            |   in|   32|   ap_memory|      real_op_5|         array|
|real_op_6_address0      |  out|    7|   ap_memory|      real_op_6|         array|
|real_op_6_ce0           |  out|    1|   ap_memory|      real_op_6|         array|
|real_op_6_we0           |  out|    1|   ap_memory|      real_op_6|         array|
|real_op_6_d0            |  out|   32|   ap_memory|      real_op_6|         array|
|real_op_6_address1      |  out|    7|   ap_memory|      real_op_6|         array|
|real_op_6_ce1           |  out|    1|   ap_memory|      real_op_6|         array|
|real_op_6_q1            |   in|   32|   ap_memory|      real_op_6|         array|
|real_op_7_address0      |  out|    7|   ap_memory|      real_op_7|         array|
|real_op_7_ce0           |  out|    1|   ap_memory|      real_op_7|         array|
|real_op_7_we0           |  out|    1|   ap_memory|      real_op_7|         array|
|real_op_7_d0            |  out|   32|   ap_memory|      real_op_7|         array|
|real_op_7_address1      |  out|    7|   ap_memory|      real_op_7|         array|
|real_op_7_ce1           |  out|    1|   ap_memory|      real_op_7|         array|
|real_op_7_q1            |   in|   32|   ap_memory|      real_op_7|         array|
|imag_op_0_address0      |  out|    7|   ap_memory|      imag_op_0|         array|
|imag_op_0_ce0           |  out|    1|   ap_memory|      imag_op_0|         array|
|imag_op_0_we0           |  out|    1|   ap_memory|      imag_op_0|         array|
|imag_op_0_d0            |  out|   32|   ap_memory|      imag_op_0|         array|
|imag_op_0_address1      |  out|    7|   ap_memory|      imag_op_0|         array|
|imag_op_0_ce1           |  out|    1|   ap_memory|      imag_op_0|         array|
|imag_op_0_q1            |   in|   32|   ap_memory|      imag_op_0|         array|
|imag_op_1_address0      |  out|    7|   ap_memory|      imag_op_1|         array|
|imag_op_1_ce0           |  out|    1|   ap_memory|      imag_op_1|         array|
|imag_op_1_we0           |  out|    1|   ap_memory|      imag_op_1|         array|
|imag_op_1_d0            |  out|   32|   ap_memory|      imag_op_1|         array|
|imag_op_1_address1      |  out|    7|   ap_memory|      imag_op_1|         array|
|imag_op_1_ce1           |  out|    1|   ap_memory|      imag_op_1|         array|
|imag_op_1_q1            |   in|   32|   ap_memory|      imag_op_1|         array|
|imag_op_2_address0      |  out|    7|   ap_memory|      imag_op_2|         array|
|imag_op_2_ce0           |  out|    1|   ap_memory|      imag_op_2|         array|
|imag_op_2_we0           |  out|    1|   ap_memory|      imag_op_2|         array|
|imag_op_2_d0            |  out|   32|   ap_memory|      imag_op_2|         array|
|imag_op_2_address1      |  out|    7|   ap_memory|      imag_op_2|         array|
|imag_op_2_ce1           |  out|    1|   ap_memory|      imag_op_2|         array|
|imag_op_2_q1            |   in|   32|   ap_memory|      imag_op_2|         array|
|imag_op_3_address0      |  out|    7|   ap_memory|      imag_op_3|         array|
|imag_op_3_ce0           |  out|    1|   ap_memory|      imag_op_3|         array|
|imag_op_3_we0           |  out|    1|   ap_memory|      imag_op_3|         array|
|imag_op_3_d0            |  out|   32|   ap_memory|      imag_op_3|         array|
|imag_op_3_address1      |  out|    7|   ap_memory|      imag_op_3|         array|
|imag_op_3_ce1           |  out|    1|   ap_memory|      imag_op_3|         array|
|imag_op_3_q1            |   in|   32|   ap_memory|      imag_op_3|         array|
|imag_op_4_address0      |  out|    7|   ap_memory|      imag_op_4|         array|
|imag_op_4_ce0           |  out|    1|   ap_memory|      imag_op_4|         array|
|imag_op_4_we0           |  out|    1|   ap_memory|      imag_op_4|         array|
|imag_op_4_d0            |  out|   32|   ap_memory|      imag_op_4|         array|
|imag_op_4_address1      |  out|    7|   ap_memory|      imag_op_4|         array|
|imag_op_4_ce1           |  out|    1|   ap_memory|      imag_op_4|         array|
|imag_op_4_q1            |   in|   32|   ap_memory|      imag_op_4|         array|
|imag_op_5_address0      |  out|    7|   ap_memory|      imag_op_5|         array|
|imag_op_5_ce0           |  out|    1|   ap_memory|      imag_op_5|         array|
|imag_op_5_we0           |  out|    1|   ap_memory|      imag_op_5|         array|
|imag_op_5_d0            |  out|   32|   ap_memory|      imag_op_5|         array|
|imag_op_5_address1      |  out|    7|   ap_memory|      imag_op_5|         array|
|imag_op_5_ce1           |  out|    1|   ap_memory|      imag_op_5|         array|
|imag_op_5_q1            |   in|   32|   ap_memory|      imag_op_5|         array|
|imag_op_6_address0      |  out|    7|   ap_memory|      imag_op_6|         array|
|imag_op_6_ce0           |  out|    1|   ap_memory|      imag_op_6|         array|
|imag_op_6_we0           |  out|    1|   ap_memory|      imag_op_6|         array|
|imag_op_6_d0            |  out|   32|   ap_memory|      imag_op_6|         array|
|imag_op_6_address1      |  out|    7|   ap_memory|      imag_op_6|         array|
|imag_op_6_ce1           |  out|    1|   ap_memory|      imag_op_6|         array|
|imag_op_6_q1            |   in|   32|   ap_memory|      imag_op_6|         array|
|imag_op_7_address0      |  out|    7|   ap_memory|      imag_op_7|         array|
|imag_op_7_ce0           |  out|    1|   ap_memory|      imag_op_7|         array|
|imag_op_7_we0           |  out|    1|   ap_memory|      imag_op_7|         array|
|imag_op_7_d0            |  out|   32|   ap_memory|      imag_op_7|         array|
|imag_op_7_address1      |  out|    7|   ap_memory|      imag_op_7|         array|
|imag_op_7_ce1           |  out|    1|   ap_memory|      imag_op_7|         array|
|imag_op_7_q1            |   in|   32|   ap_memory|      imag_op_7|         array|
+------------------------+-----+-----+------------+---------------+--------------+

============================================================
+ Verbose Summary: Synthesis Manager
============================================================
InlineROM: 1
ExposeGlobal: 0
============================================================
+ Verbose Summary: CDFG Model
============================================================
IsTopModel: 1
ResetActiveHigh: 1
IsCombinational: 2
IsDatapathOnly: 2
HasWiredReturn: 1
HasMFsm: 0
HasVarLatency: 1
IsPipeline: 0
IsRtlPipelined: 0
IsInstanceOverlapped: 0
IsDontTouch: 0
HasImplIP: 0
IsGatedGlobalClock: 0


============================================================
+ Verbose Summary: Schedule
============================================================
* Number of FSM states : 7
* Pipeline : 0
* Dataflow Pipeline: 0

* FSM state transitions: 
1 --> 2 
2 --> 3 
3 --> 4 
4 --> 5 
5 --> 6 
6 --> 7 
7 --> 2 

* FSM state operations: 

State 1 <SV = 0> <Delay = 1.58>
ST_1 : Operation 8 [1/1] (0.00ns)   --->   "%j = alloca i32 1" [../dft.cpp:14]   --->   Operation 8 'alloca' 'j' <Predicate = true> <Delay = 0.00>
ST_1 : Operation 9 [1/1] (0.00ns)   --->   "%spectopmodule_ln5 = spectopmodule void @_ssdm_op_SpecTopModule, void @empty_1" [../dft.cpp:5]   --->   Operation 9 'spectopmodule' 'spectopmodule_ln5' <Predicate = true> <Delay = 0.00>
ST_1 : Operation 10 [1/1] (0.00ns)   --->   "%specinterface_ln0 = specinterface void @_ssdm_op_SpecInterface, i32 %real_sample_0, void @empty, i32 0, i32 0, void @empty_0, i32 4294967295, i32 0, void @empty_0, void @empty_0, void @empty_0, i32 0, i32 0, i32 0, i32 0, void @empty_0, void @empty_0, i32 4294967295, i32 0, i32 0"   --->   Operation 10 'specinterface' 'specinterface_ln0' <Predicate = true> <Delay = 0.00>
ST_1 : Operation 11 [1/1] (0.00ns)   --->   "%specbitsmap_ln0 = specbitsmap void @_ssdm_op_SpecBitsMap, i32 %real_sample_0"   --->   Operation 11 'specbitsmap' 'specbitsmap_ln0' <Predicate = true> <Delay = 0.00>
ST_1 : Operation 12 [1/1] (0.00ns)   --->   "%specinterface_ln0 = specinterface void @_ssdm_op_SpecInterface, i32 %real_sample_1, void @empty, i32 0, i32 0, void @empty_0, i32 4294967295, i32 0, void @empty_0, void @empty_0, void @empty_0, i32 0, i32 0, i32 0, i32 0, void @empty_0, void @empty_0, i32 4294967295, i32 0, i32 0"   --->   Operation 12 'specinterface' 'specinterface_ln0' <Predicate = true> <Delay = 0.00>
ST_1 : Operation 13 [1/1] (0.00ns)   --->   "%specbitsmap_ln0 = specbitsmap void @_ssdm_op_SpecBitsMap, i32 %real_sample_1"   --->   Operation 13 'specbitsmap' 'specbitsmap_ln0' <Predicate = true> <Delay = 0.00>
ST_1 : Operation 14 [1/1] (0.00ns)   --->   "%specinterface_ln0 = specinterface void @_ssdm_op_SpecInterface, i32 %imag_sample_0, void @empty, i32 0, i32 0, void @empty_0, i32 4294967295, i32 0, void @empty_0, void @empty_0, void @empty_0, i32 0, i32 0, i32 0, i32 0, void @empty_0, void @empty_0, i32 4294967295, i32 0, i32 0"   --->   Operation 14 'specinterface' 'specinterface_ln0' <Predicate = true> <Delay = 0.00>
ST_1 : Operation 15 [1/1] (0.00ns)   --->   "%specbitsmap_ln0 = specbitsmap void @_ssdm_op_SpecBitsMap, i32 %imag_sample_0"   --->   Operation 15 'specbitsmap' 'specbitsmap_ln0' <Predicate = true> <Delay = 0.00>
ST_1 : Operation 16 [1/1] (0.00ns)   --->   "%specinterface_ln0 = specinterface void @_ssdm_op_SpecInterface, i32 %imag_sample_1, void @empty, i32 0, i32 0, void @empty_0, i32 4294967295, i32 0, void @empty_0, void @empty_0, void @empty_0, i32 0, i32 0, i32 0, i32 0, void @empty_0, void @empty_0, i32 4294967295, i32 0, i32 0"   --->   Operation 16 'specinterface' 'specinterface_ln0' <Predicate = true> <Delay = 0.00>
ST_1 : Operation 17 [1/1] (0.00ns)   --->   "%specbitsmap_ln0 = specbitsmap void @_ssdm_op_SpecBitsMap, i32 %imag_sample_1"   --->   Operation 17 'specbitsmap' 'specbitsmap_ln0' <Predicate = true> <Delay = 0.00>
ST_1 : Operation 18 [1/1] (0.00ns)   --->   "%specinterface_ln0 = specinterface void @_ssdm_op_SpecInterface, i32 %real_op_0, void @empty, i32 0, i32 0, void @empty_0, i32 4294967295, i32 0, void @empty_0, void @empty_0, void @empty_0, i32 0, i32 0, i32 0, i32 0, void @empty_0, void @empty_0, i32 4294967295, i32 0, i32 0"   --->   Operation 18 'specinterface' 'specinterface_ln0' <Predicate = true> <Delay = 0.00>
ST_1 : Operation 19 [1/1] (0.00ns)   --->   "%specbitsmap_ln0 = specbitsmap void @_ssdm_op_SpecBitsMap, i32 %real_op_0"   --->   Operation 19 'specbitsmap' 'specbitsmap_ln0' <Predicate = true> <Delay = 0.00>
ST_1 : Operation 20 [1/1] (0.00ns)   --->   "%specinterface_ln0 = specinterface void @_ssdm_op_SpecInterface, i32 %real_op_1, void @empty, i32 0, i32 0, void @empty_0, i32 4294967295, i32 0, void @empty_0, void @empty_0, void @empty_0, i32 0, i32 0, i32 0, i32 0, void @empty_0, void @empty_0, i32 4294967295, i32 0, i32 0"   --->   Operation 20 'specinterface' 'specinterface_ln0' <Predicate = true> <Delay = 0.00>
ST_1 : Operation 21 [1/1] (0.00ns)   --->   "%specbitsmap_ln0 = specbitsmap void @_ssdm_op_SpecBitsMap, i32 %real_op_1"   --->   Operation 21 'specbitsmap' 'specbitsmap_ln0' <Predicate = true> <Delay = 0.00>
ST_1 : Operation 22 [1/1] (0.00ns)   --->   "%specinterface_ln0 = specinterface void @_ssdm_op_SpecInterface, i32 %real_op_2, void @empty, i32 0, i32 0, void @empty_0, i32 4294967295, i32 0, void @empty_0, void @empty_0, void @empty_0, i32 0, i32 0, i32 0, i32 0, void @empty_0, void @empty_0, i32 4294967295, i32 0, i32 0"   --->   Operation 22 'specinterface' 'specinterface_ln0' <Predicate = true> <Delay = 0.00>
ST_1 : Operation 23 [1/1] (0.00ns)   --->   "%specbitsmap_ln0 = specbitsmap void @_ssdm_op_SpecBitsMap, i32 %real_op_2"   --->   Operation 23 'specbitsmap' 'specbitsmap_ln0' <Predicate = true> <Delay = 0.00>
ST_1 : Operation 24 [1/1] (0.00ns)   --->   "%specinterface_ln0 = specinterface void @_ssdm_op_SpecInterface, i32 %real_op_3, void @empty, i32 0, i32 0, void @empty_0, i32 4294967295, i32 0, void @empty_0, void @empty_0, void @empty_0, i32 0, i32 0, i32 0, i32 0, void @empty_0, void @empty_0, i32 4294967295, i32 0, i32 0"   --->   Operation 24 'specinterface' 'specinterface_ln0' <Predicate = true> <Delay = 0.00>
ST_1 : Operation 25 [1/1] (0.00ns)   --->   "%specbitsmap_ln0 = specbitsmap void @_ssdm_op_SpecBitsMap, i32 %real_op_3"   --->   Operation 25 'specbitsmap' 'specbitsmap_ln0' <Predicate = true> <Delay = 0.00>
ST_1 : Operation 26 [1/1] (0.00ns)   --->   "%specinterface_ln0 = specinterface void @_ssdm_op_SpecInterface, i32 %real_op_4, void @empty, i32 0, i32 0, void @empty_0, i32 4294967295, i32 0, void @empty_0, void @empty_0, void @empty_0, i32 0, i32 0, i32 0, i32 0, void @empty_0, void @empty_0, i32 4294967295, i32 0, i32 0"   --->   Operation 26 'specinterface' 'specinterface_ln0' <Predicate = true> <Delay = 0.00>
ST_1 : Operation 27 [1/1] (0.00ns)   --->   "%specbitsmap_ln0 = specbitsmap void @_ssdm_op_SpecBitsMap, i32 %real_op_4"   --->   Operation 27 'specbitsmap' 'specbitsmap_ln0' <Predicate = true> <Delay = 0.00>
ST_1 : Operation 28 [1/1] (0.00ns)   --->   "%specinterface_ln0 = specinterface void @_ssdm_op_SpecInterface, i32 %real_op_5, void @empty, i32 0, i32 0, void @empty_0, i32 4294967295, i32 0, void @empty_0, void @empty_0, void @empty_0, i32 0, i32 0, i32 0, i32 0, void @empty_0, void @empty_0, i32 4294967295, i32 0, i32 0"   --->   Operation 28 'specinterface' 'specinterface_ln0' <Predicate = true> <Delay = 0.00>
ST_1 : Operation 29 [1/1] (0.00ns)   --->   "%specbitsmap_ln0 = specbitsmap void @_ssdm_op_SpecBitsMap, i32 %real_op_5"   --->   Operation 29 'specbitsmap' 'specbitsmap_ln0' <Predicate = true> <Delay = 0.00>
ST_1 : Operation 30 [1/1] (0.00ns)   --->   "%specinterface_ln0 = specinterface void @_ssdm_op_SpecInterface, i32 %real_op_6, void @empty, i32 0, i32 0, void @empty_0, i32 4294967295, i32 0, void @empty_0, void @empty_0, void @empty_0, i32 0, i32 0, i32 0, i32 0, void @empty_0, void @empty_0, i32 4294967295, i32 0, i32 0"   --->   Operation 30 'specinterface' 'specinterface_ln0' <Predicate = true> <Delay = 0.00>
ST_1 : Operation 31 [1/1] (0.00ns)   --->   "%specbitsmap_ln0 = specbitsmap void @_ssdm_op_SpecBitsMap, i32 %real_op_6"   --->   Operation 31 'specbitsmap' 'specbitsmap_ln0' <Predicate = true> <Delay = 0.00>
ST_1 : Operation 32 [1/1] (0.00ns)   --->   "%specinterface_ln0 = specinterface void @_ssdm_op_SpecInterface, i32 %real_op_7, void @empty, i32 0, i32 0, void @empty_0, i32 4294967295, i32 0, void @empty_0, void @empty_0, void @empty_0, i32 0, i32 0, i32 0, i32 0, void @empty_0, void @empty_0, i32 4294967295, i32 0, i32 0"   --->   Operation 32 'specinterface' 'specinterface_ln0' <Predicate = true> <Delay = 0.00>
ST_1 : Operation 33 [1/1] (0.00ns)   --->   "%specbitsmap_ln0 = specbitsmap void @_ssdm_op_SpecBitsMap, i32 %real_op_7"   --->   Operation 33 'specbitsmap' 'specbitsmap_ln0' <Predicate = true> <Delay = 0.00>
ST_1 : Operation 34 [1/1] (0.00ns)   --->   "%specinterface_ln0 = specinterface void @_ssdm_op_SpecInterface, i32 %imag_op_0, void @empty, i32 0, i32 0, void @empty_0, i32 4294967295, i32 0, void @empty_0, void @empty_0, void @empty_0, i32 0, i32 0, i32 0, i32 0, void @empty_0, void @empty_0, i32 4294967295, i32 0, i32 0"   --->   Operation 34 'specinterface' 'specinterface_ln0' <Predicate = true> <Delay = 0.00>
ST_1 : Operation 35 [1/1] (0.00ns)   --->   "%specbitsmap_ln0 = specbitsmap void @_ssdm_op_SpecBitsMap, i32 %imag_op_0"   --->   Operation 35 'specbitsmap' 'specbitsmap_ln0' <Predicate = true> <Delay = 0.00>
ST_1 : Operation 36 [1/1] (0.00ns)   --->   "%specinterface_ln0 = specinterface void @_ssdm_op_SpecInterface, i32 %imag_op_1, void @empty, i32 0, i32 0, void @empty_0, i32 4294967295, i32 0, void @empty_0, void @empty_0, void @empty_0, i32 0, i32 0, i32 0, i32 0, void @empty_0, void @empty_0, i32 4294967295, i32 0, i32 0"   --->   Operation 36 'specinterface' 'specinterface_ln0' <Predicate = true> <Delay = 0.00>
ST_1 : Operation 37 [1/1] (0.00ns)   --->   "%specbitsmap_ln0 = specbitsmap void @_ssdm_op_SpecBitsMap, i32 %imag_op_1"   --->   Operation 37 'specbitsmap' 'specbitsmap_ln0' <Predicate = true> <Delay = 0.00>
ST_1 : Operation 38 [1/1] (0.00ns)   --->   "%specinterface_ln0 = specinterface void @_ssdm_op_SpecInterface, i32 %imag_op_2, void @empty, i32 0, i32 0, void @empty_0, i32 4294967295, i32 0, void @empty_0, void @empty_0, void @empty_0, i32 0, i32 0, i32 0, i32 0, void @empty_0, void @empty_0, i32 4294967295, i32 0, i32 0"   --->   Operation 38 'specinterface' 'specinterface_ln0' <Predicate = true> <Delay = 0.00>
ST_1 : Operation 39 [1/1] (0.00ns)   --->   "%specbitsmap_ln0 = specbitsmap void @_ssdm_op_SpecBitsMap, i32 %imag_op_2"   --->   Operation 39 'specbitsmap' 'specbitsmap_ln0' <Predicate = true> <Delay = 0.00>
ST_1 : Operation 40 [1/1] (0.00ns)   --->   "%specinterface_ln0 = specinterface void @_ssdm_op_SpecInterface, i32 %imag_op_3, void @empty, i32 0, i32 0, void @empty_0, i32 4294967295, i32 0, void @empty_0, void @empty_0, void @empty_0, i32 0, i32 0, i32 0, i32 0, void @empty_0, void @empty_0, i32 4294967295, i32 0, i32 0"   --->   Operation 40 'specinterface' 'specinterface_ln0' <Predicate = true> <Delay = 0.00>
ST_1 : Operation 41 [1/1] (0.00ns)   --->   "%specbitsmap_ln0 = specbitsmap void @_ssdm_op_SpecBitsMap, i32 %imag_op_3"   --->   Operation 41 'specbitsmap' 'specbitsmap_ln0' <Predicate = true> <Delay = 0.00>
ST_1 : Operation 42 [1/1] (0.00ns)   --->   "%specinterface_ln0 = specinterface void @_ssdm_op_SpecInterface, i32 %imag_op_4, void @empty, i32 0, i32 0, void @empty_0, i32 4294967295, i32 0, void @empty_0, void @empty_0, void @empty_0, i32 0, i32 0, i32 0, i32 0, void @empty_0, void @empty_0, i32 4294967295, i32 0, i32 0"   --->   Operation 42 'specinterface' 'specinterface_ln0' <Predicate = true> <Delay = 0.00>
ST_1 : Operation 43 [1/1] (0.00ns)   --->   "%specbitsmap_ln0 = specbitsmap void @_ssdm_op_SpecBitsMap, i32 %imag_op_4"   --->   Operation 43 'specbitsmap' 'specbitsmap_ln0' <Predicate = true> <Delay = 0.00>
ST_1 : Operation 44 [1/1] (0.00ns)   --->   "%specinterface_ln0 = specinterface void @_ssdm_op_SpecInterface, i32 %imag_op_5, void @empty, i32 0, i32 0, void @empty_0, i32 4294967295, i32 0, void @empty_0, void @empty_0, void @empty_0, i32 0, i32 0, i32 0, i32 0, void @empty_0, void @empty_0, i32 4294967295, i32 0, i32 0"   --->   Operation 44 'specinterface' 'specinterface_ln0' <Predicate = true> <Delay = 0.00>
ST_1 : Operation 45 [1/1] (0.00ns)   --->   "%specbitsmap_ln0 = specbitsmap void @_ssdm_op_SpecBitsMap, i32 %imag_op_5"   --->   Operation 45 'specbitsmap' 'specbitsmap_ln0' <Predicate = true> <Delay = 0.00>
ST_1 : Operation 46 [1/1] (0.00ns)   --->   "%specinterface_ln0 = specinterface void @_ssdm_op_SpecInterface, i32 %imag_op_6, void @empty, i32 0, i32 0, void @empty_0, i32 4294967295, i32 0, void @empty_0, void @empty_0, void @empty_0, i32 0, i32 0, i32 0, i32 0, void @empty_0, void @empty_0, i32 4294967295, i32 0, i32 0"   --->   Operation 46 'specinterface' 'specinterface_ln0' <Predicate = true> <Delay = 0.00>
ST_1 : Operation 47 [1/1] (0.00ns)   --->   "%specbitsmap_ln0 = specbitsmap void @_ssdm_op_SpecBitsMap, i32 %imag_op_6"   --->   Operation 47 'specbitsmap' 'specbitsmap_ln0' <Predicate = true> <Delay = 0.00>
ST_1 : Operation 48 [1/1] (0.00ns)   --->   "%specinterface_ln0 = specinterface void @_ssdm_op_SpecInterface, i32 %imag_op_7, void @empty, i32 0, i32 0, void @empty_0, i32 4294967295, i32 0, void @empty_0, void @empty_0, void @empty_0, i32 0, i32 0, i32 0, i32 0, void @empty_0, void @empty_0, i32 4294967295, i32 0, i32 0"   --->   Operation 48 'specinterface' 'specinterface_ln0' <Predicate = true> <Delay = 0.00>
ST_1 : Operation 49 [1/1] (0.00ns)   --->   "%specbitsmap_ln0 = specbitsmap void @_ssdm_op_SpecBitsMap, i32 %imag_op_7"   --->   Operation 49 'specbitsmap' 'specbitsmap_ln0' <Predicate = true> <Delay = 0.00>
ST_1 : Operation 50 [1/1] (1.58ns)   --->   "%store_ln14 = store i11 0, i11 %j" [../dft.cpp:14]   --->   Operation 50 'store' 'store_ln14' <Predicate = true> <Delay = 1.58>
ST_1 : Operation 51 [1/1] (0.00ns)   --->   "%br_ln14 = br void %INNER_LOOP" [../dft.cpp:14]   --->   Operation 51 'br' 'br_ln14' <Predicate = true> <Delay = 0.00>

State 2 <SV = 1> <Delay = 3.25>
ST_2 : Operation 52 [1/1] (0.00ns)   --->   "%j_1 = load i11 %j" [../dft.cpp:14]   --->   Operation 52 'load' 'j_1' <Predicate = true> <Delay = 0.00>
ST_2 : Operation 53 [1/1] (0.00ns)   --->   "%tmp = bitselect i1 @_ssdm_op_BitSelect.i1.i11.i32, i11 %j_1, i32 10" [../dft.cpp:14]   --->   Operation 53 'bitselect' 'tmp' <Predicate = true> <Delay = 0.00>
ST_2 : Operation 54 [1/1] (0.00ns)   --->   "%br_ln14 = br i1 %tmp, void %INNER_LOOP.split, void %for.end23" [../dft.cpp:14]   --->   Operation 54 'br' 'br_ln14' <Predicate = true> <Delay = 0.00>
ST_2 : Operation 55 [1/1] (0.00ns)   --->   "%trunc_ln14 = trunc i11 %j_1" [../dft.cpp:14]   --->   Operation 55 'trunc' 'trunc_ln14' <Predicate = (!tmp)> <Delay = 0.00>
ST_2 : Operation 56 [1/1] (0.00ns)   --->   "%lshr_ln = partselect i9 @_ssdm_op_PartSelect.i9.i11.i32.i32, i11 %j_1, i32 1, i32 9" [../dft.cpp:14]   --->   Operation 56 'partselect' 'lshr_ln' <Predicate = (!tmp)> <Delay = 0.00>
ST_2 : Operation 57 [1/1] (0.00ns)   --->   "%zext_ln14 = zext i9 %lshr_ln" [../dft.cpp:14]   --->   Operation 57 'zext' 'zext_ln14' <Predicate = (!tmp)> <Delay = 0.00>
ST_2 : Operation 58 [1/1] (0.00ns)   --->   "%real_sample_0_addr = getelementptr i32 %real_sample_0, i64 0, i64 %zext_ln14" [../dft.cpp:18]   --->   Operation 58 'getelementptr' 'real_sample_0_addr' <Predicate = (!tmp)> <Delay = 0.00>
ST_2 : Operation 59 [2/2] (3.25ns)   --->   "%real_sample_0_load = load i9 %real_sample_0_addr" [../dft.cpp:18]   --->   Operation 59 'load' 'real_sample_0_load' <Predicate = (!tmp)> <Delay = 3.25> <CoreInst = "RAM">   --->   Core 81 'RAM' <Latency = 1> <II = 1> <Delay = 3.25> <Storage> <Opcode : 'load' 'store'> <Ports = 2> <Width = 32> <Depth = 512> <RAM>
ST_2 : Operation 60 [1/1] (0.00ns)   --->   "%imag_sample_0_addr = getelementptr i32 %imag_sample_0, i64 0, i64 %zext_ln14" [../dft.cpp:19]   --->   Operation 60 'getelementptr' 'imag_sample_0_addr' <Predicate = (!tmp)> <Delay = 0.00>
ST_2 : Operation 61 [2/2] (3.25ns)   --->   "%imag_sample_0_load = load i9 %imag_sample_0_addr" [../dft.cpp:19]   --->   Operation 61 'load' 'imag_sample_0_load' <Predicate = (!tmp)> <Delay = 3.25> <CoreInst = "RAM">   --->   Core 81 'RAM' <Latency = 1> <II = 1> <Delay = 3.25> <Storage> <Opcode : 'load' 'store'> <Ports = 2> <Width = 32> <Depth = 512> <RAM>
ST_2 : Operation 62 [1/1] (1.63ns)   --->   "%add_ln14 = add i11 %j_1, i11 2" [../dft.cpp:14]   --->   Operation 62 'add' 'add_ln14' <Predicate = (!tmp)> <Delay = 1.63> <CoreInst = "Adder">   --->   Core 1 'Adder' <Latency = 0> <II = 1> <Delay = 1.63> <FuncUnit> <Opcode : 'add' 'sub'> <InPorts = 2> <OutPorts = 1>
ST_2 : Operation 63 [1/1] (1.58ns)   --->   "%store_ln14 = store i11 %add_ln14, i11 %j" [../dft.cpp:14]   --->   Operation 63 'store' 'store_ln14' <Predicate = (!tmp)> <Delay = 1.58>
ST_2 : Operation 64 [1/1] (0.00ns)   --->   "%ret_ln75 = ret" [../dft.cpp:75]   --->   Operation 64 'ret' 'ret_ln75' <Predicate = (tmp)> <Delay = 0.00>

State 3 <SV = 2> <Delay = 3.25>
ST_3 : Operation 65 [1/2] ( I:3.25ns O:3.25ns )   --->   "%real_sample_0_load = load i9 %real_sample_0_addr" [../dft.cpp:18]   --->   Operation 65 'load' 'real_sample_0_load' <Predicate = true> <Delay = 3.25> <CoreInst = "RAM">   --->   Core 81 'RAM' <Latency = 1> <II = 1> <Delay = 3.25> <Storage> <Opcode : 'load' 'store'> <Ports = 2> <Width = 32> <Depth = 512> <RAM>
ST_3 : Operation 66 [1/2] ( I:3.25ns O:3.25ns )   --->   "%imag_sample_0_load = load i9 %imag_sample_0_addr" [../dft.cpp:19]   --->   Operation 66 'load' 'imag_sample_0_load' <Predicate = true> <Delay = 3.25> <CoreInst = "RAM">   --->   Core 81 'RAM' <Latency = 1> <II = 1> <Delay = 3.25> <Storage> <Opcode : 'load' 'store'> <Ports = 2> <Width = 32> <Depth = 512> <RAM>

State 4 <SV = 3> <Delay = 4.52>
ST_4 : Operation 67 [1/1] (0.00ns)   --->   "%rs = bitcast i32 %real_sample_0_load" [../dft.cpp:18]   --->   Operation 67 'bitcast' 'rs' <Predicate = true> <Delay = 0.00>
ST_4 : Operation 68 [1/1] (0.00ns)   --->   "%is = bitcast i32 %imag_sample_0_load" [../dft.cpp:19]   --->   Operation 68 'bitcast' 'is' <Predicate = true> <Delay = 0.00>
ST_4 : Operation 69 [2/2] (4.52ns)   --->   "%call_ln14 = call void @dft_Pipeline_INNER_LOOP, i32 %imag_op_7, i32 %imag_op_6, i32 %imag_op_5, i32 %imag_op_4, i32 %imag_op_3, i32 %imag_op_2, i32 %imag_op_1, i32 %imag_op_0, i32 %real_op_7, i32 %real_op_6, i32 %real_op_5, i32 %real_op_4, i32 %real_op_3, i32 %real_op_2, i32 %real_op_1, i32 %real_op_0, i10 %trunc_ln14, i32 %rs, i32 %is, i32 %cos_coefficients_table, i32 %sin_coefficients_table" [../dft.cpp:14]   --->   Operation 69 'call' 'call_ln14' <Predicate = true> <Delay = 4.52> <CoreType = "Generic">   --->   Generic Core
ST_4 : Operation 70 [1/1] (0.00ns)   --->   "%real_sample_1_addr = getelementptr i32 %real_sample_1, i64 0, i64 %zext_ln14" [../dft.cpp:18]   --->   Operation 70 'getelementptr' 'real_sample_1_addr' <Predicate = true> <Delay = 0.00>
ST_4 : Operation 71 [2/2] (3.25ns)   --->   "%real_sample_1_load = load i9 %real_sample_1_addr" [../dft.cpp:18]   --->   Operation 71 'load' 'real_sample_1_load' <Predicate = true> <Delay = 3.25> <CoreInst = "RAM">   --->   Core 81 'RAM' <Latency = 1> <II = 1> <Delay = 3.25> <Storage> <Opcode : 'load' 'store'> <Ports = 2> <Width = 32> <Depth = 512> <RAM>
ST_4 : Operation 72 [1/1] (0.00ns)   --->   "%imag_sample_1_addr = getelementptr i32 %imag_sample_1, i64 0, i64 %zext_ln14" [../dft.cpp:19]   --->   Operation 72 'getelementptr' 'imag_sample_1_addr' <Predicate = true> <Delay = 0.00>
ST_4 : Operation 73 [2/2] (3.25ns)   --->   "%imag_sample_1_load = load i9 %imag_sample_1_addr" [../dft.cpp:19]   --->   Operation 73 'load' 'imag_sample_1_load' <Predicate = true> <Delay = 3.25> <CoreInst = "RAM">   --->   Core 81 'RAM' <Latency = 1> <II = 1> <Delay = 3.25> <Storage> <Opcode : 'load' 'store'> <Ports = 2> <Width = 32> <Depth = 512> <RAM>

State 5 <SV = 4> <Delay = 3.25>
ST_5 : Operation 74 [1/2] (0.00ns)   --->   "%call_ln14 = call void @dft_Pipeline_INNER_LOOP, i32 %imag_op_7, i32 %imag_op_6, i32 %imag_op_5, i32 %imag_op_4, i32 %imag_op_3, i32 %imag_op_2, i32 %imag_op_1, i32 %imag_op_0, i32 %real_op_7, i32 %real_op_6, i32 %real_op_5, i32 %real_op_4, i32 %real_op_3, i32 %real_op_2, i32 %real_op_1, i32 %real_op_0, i10 %trunc_ln14, i32 %rs, i32 %is, i32 %cos_coefficients_table, i32 %sin_coefficients_table" [../dft.cpp:14]   --->   Operation 74 'call' 'call_ln14' <Predicate = true> <Delay = 0.00> <CoreType = "Generic">   --->   Generic Core
ST_5 : Operation 75 [1/2] ( I:3.25ns O:3.25ns )   --->   "%real_sample_1_load = load i9 %real_sample_1_addr" [../dft.cpp:18]   --->   Operation 75 'load' 'real_sample_1_load' <Predicate = true> <Delay = 3.25> <CoreInst = "RAM">   --->   Core 81 'RAM' <Latency = 1> <II = 1> <Delay = 3.25> <Storage> <Opcode : 'load' 'store'> <Ports = 2> <Width = 32> <Depth = 512> <RAM>
ST_5 : Operation 76 [1/2] ( I:3.25ns O:3.25ns )   --->   "%imag_sample_1_load = load i9 %imag_sample_1_addr" [../dft.cpp:19]   --->   Operation 76 'load' 'imag_sample_1_load' <Predicate = true> <Delay = 3.25> <CoreInst = "RAM">   --->   Core 81 'RAM' <Latency = 1> <II = 1> <Delay = 3.25> <Storage> <Opcode : 'load' 'store'> <Ports = 2> <Width = 32> <Depth = 512> <RAM>

State 6 <SV = 5> <Delay = 4.52>
ST_6 : Operation 77 [1/1] (0.00ns)   --->   "%rs_1 = bitcast i32 %real_sample_1_load" [../dft.cpp:18]   --->   Operation 77 'bitcast' 'rs_1' <Predicate = true> <Delay = 0.00>
ST_6 : Operation 78 [1/1] (0.00ns)   --->   "%is_1 = bitcast i32 %imag_sample_1_load" [../dft.cpp:19]   --->   Operation 78 'bitcast' 'is_1' <Predicate = true> <Delay = 0.00>
ST_6 : Operation 79 [1/1] (0.00ns)   --->   "%or_ln29_7 = bitconcatenate i10 @_ssdm_op_BitConcatenate.i10.i9.i1, i9 %lshr_ln, i1 1" [../dft.cpp:29]   --->   Operation 79 'bitconcatenate' 'or_ln29_7' <Predicate = true> <Delay = 0.00>
ST_6 : Operation 80 [2/2] (4.52ns)   --->   "%call_ln29 = call void @dft_Pipeline_INNER_LOOP1, i32 %imag_op_7, i32 %imag_op_6, i32 %imag_op_5, i32 %imag_op_4, i32 %imag_op_3, i32 %imag_op_2, i32 %imag_op_1, i32 %imag_op_0, i32 %real_op_7, i32 %real_op_6, i32 %real_op_5, i32 %real_op_4, i32 %real_op_3, i32 %real_op_2, i32 %real_op_1, i32 %real_op_0, i10 %or_ln29_7, i32 %rs_1, i32 %is_1, i32 %cos_coefficients_table, i32 %sin_coefficients_table" [../dft.cpp:29]   --->   Operation 80 'call' 'call_ln29' <Predicate = true> <Delay = 4.52> <CoreType = "Generic">   --->   Generic Core

State 7 <SV = 6> <Delay = 0.00>
ST_7 : Operation 81 [1/1] (0.00ns)   --->   "%speclooptripcount_ln15 = speclooptripcount void @_ssdm_op_SpecLoopTripCount, i64 512, i64 512, i64 512" [../dft.cpp:15]   --->   Operation 81 'speclooptripcount' 'speclooptripcount_ln15' <Predicate = true> <Delay = 0.00>
ST_7 : Operation 82 [1/1] (0.00ns)   --->   "%specloopname_ln14 = specloopname void @_ssdm_op_SpecLoopName, void @empty_3" [../dft.cpp:14]   --->   Operation 82 'specloopname' 'specloopname_ln14' <Predicate = true> <Delay = 0.00>
ST_7 : Operation 83 [1/2] (0.00ns)   --->   "%call_ln29 = call void @dft_Pipeline_INNER_LOOP1, i32 %imag_op_7, i32 %imag_op_6, i32 %imag_op_5, i32 %imag_op_4, i32 %imag_op_3, i32 %imag_op_2, i32 %imag_op_1, i32 %imag_op_0, i32 %real_op_7, i32 %real_op_6, i32 %real_op_5, i32 %real_op_4, i32 %real_op_3, i32 %real_op_2, i32 %real_op_1, i32 %real_op_0, i10 %or_ln29_7, i32 %rs_1, i32 %is_1, i32 %cos_coefficients_table, i32 %sin_coefficients_table" [../dft.cpp:29]   --->   Operation 83 'call' 'call_ln29' <Predicate = true> <Delay = 0.00> <CoreType = "Generic">   --->   Generic Core
ST_7 : Operation 84 [1/1] (0.00ns)   --->   "%br_ln14 = br void %INNER_LOOP" [../dft.cpp:14]   --->   Operation 84 'br' 'br_ln14' <Predicate = true> <Delay = 0.00>


============================================================
+ Verbose Summary: Binding
============================================================
STG Binding: 
---------------- STG Properties BEGIN ----------------
- Is combinational: 0
- Is one-state seq: 0
- Is datapath-only: 0
- Is pipelined: 0
- Is top level: 1
Port [ Return ] is wired: 1; IO mode=ap_ctrl_hs:ce=0
Port [ real_sample_0]:  wired=1; compound=1; hidden=0; nouse=0; global=0; static=0; extern=0; dir=0; type=1; pingpong=0; private_global=0; MemPort=[13]; IO mode=ap_memory:ce=0
Port [ real_sample_1]:  wired=1; compound=1; hidden=0; nouse=0; global=0; static=0; extern=0; dir=0; type=1; pingpong=0; private_global=0; MemPort=[13]; IO mode=ap_memory:ce=0
Port [ imag_sample_0]:  wired=1; compound=1; hidden=0; nouse=0; global=0; static=0; extern=0; dir=0; type=1; pingpong=0; private_global=0; MemPort=[13]; IO mode=ap_memory:ce=0
Port [ imag_sample_1]:  wired=1; compound=1; hidden=0; nouse=0; global=0; static=0; extern=0; dir=0; type=1; pingpong=0; private_global=0; MemPort=[13]; IO mode=ap_memory:ce=0
Port [ real_op_0]:  wired=1; compound=1; hidden=0; nouse=0; global=0; static=0; extern=0; dir=2; type=1; pingpong=0; private_global=0; MemPort=[01]; IO mode=ap_memory:ce=0
Port [ real_op_1]:  wired=1; compound=1; hidden=0; nouse=0; global=0; static=0; extern=0; dir=2; type=1; pingpong=0; private_global=0; MemPort=[01]; IO mode=ap_memory:ce=0
Port [ real_op_2]:  wired=1; compound=1; hidden=0; nouse=0; global=0; static=0; extern=0; dir=2; type=1; pingpong=0; private_global=0; MemPort=[01]; IO mode=ap_memory:ce=0
Port [ real_op_3]:  wired=1; compound=1; hidden=0; nouse=0; global=0; static=0; extern=0; dir=2; type=1; pingpong=0; private_global=0; MemPort=[01]; IO mode=ap_memory:ce=0
Port [ real_op_4]:  wired=1; compound=1; hidden=0; nouse=0; global=0; static=0; extern=0; dir=2; type=1; pingpong=0; private_global=0; MemPort=[01]; IO mode=ap_memory:ce=0
Port [ real_op_5]:  wired=1; compound=1; hidden=0; nouse=0; global=0; static=0; extern=0; dir=2; type=1; pingpong=0; private_global=0; MemPort=[01]; IO mode=ap_memory:ce=0
Port [ real_op_6]:  wired=1; compound=1; hidden=0; nouse=0; global=0; static=0; extern=0; dir=2; type=1; pingpong=0; private_global=0; MemPort=[01]; IO mode=ap_memory:ce=0
Port [ real_op_7]:  wired=1; compound=1; hidden=0; nouse=0; global=0; static=0; extern=0; dir=2; type=1; pingpong=0; private_global=0; MemPort=[01]; IO mode=ap_memory:ce=0
Port [ imag_op_0]:  wired=1; compound=1; hidden=0; nouse=0; global=0; static=0; extern=0; dir=2; type=1; pingpong=0; private_global=0; MemPort=[01]; IO mode=ap_memory:ce=0
Port [ imag_op_1]:  wired=1; compound=1; hidden=0; nouse=0; global=0; static=0; extern=0; dir=2; type=1; pingpong=0; private_global=0; MemPort=[01]; IO mode=ap_memory:ce=0
Port [ imag_op_2]:  wired=1; compound=1; hidden=0; nouse=0; global=0; static=0; extern=0; dir=2; type=1; pingpong=0; private_global=0; MemPort=[01]; IO mode=ap_memory:ce=0
Port [ imag_op_3]:  wired=1; compound=1; hidden=0; nouse=0; global=0; static=0; extern=0; dir=2; type=1; pingpong=0; private_global=0; MemPort=[01]; IO mode=ap_memory:ce=0
Port [ imag_op_4]:  wired=1; compound=1; hidden=0; nouse=0; global=0; static=0; extern=0; dir=2; type=1; pingpong=0; private_global=0; MemPort=[01]; IO mode=ap_memory:ce=0
Port [ imag_op_5]:  wired=1; compound=1; hidden=0; nouse=0; global=0; static=0; extern=0; dir=2; type=1; pingpong=0; private_global=0; MemPort=[01]; IO mode=ap_memory:ce=0
Port [ imag_op_6]:  wired=1; compound=1; hidden=0; nouse=0; global=0; static=0; extern=0; dir=2; type=1; pingpong=0; private_global=0; MemPort=[01]; IO mode=ap_memory:ce=0
Port [ imag_op_7]:  wired=1; compound=1; hidden=0; nouse=0; global=0; static=0; extern=0; dir=2; type=1; pingpong=0; private_global=0; MemPort=[01]; IO mode=ap_memory:ce=0
Port [ cos_coefficients_table]:  wired=0; compound=1; hidden=1; nouse=0; global=1; static=1; extern=0; dir=0; type=1; pingpong=0; private_global=1; MemPort=[11111111]; IO mode=ap_memory:ce=0
Port [ sin_coefficients_table]:  wired=0; compound=1; hidden=1; nouse=0; global=1; static=1; extern=0; dir=0; type=1; pingpong=0; private_global=1; MemPort=[11111111]; IO mode=ap_memory:ce=0
---------------- STG Properties END ------------------

---------------- Datapath Model BEGIN ----------------

<LifeTime>
<method=bitvector/>
j                      (alloca           ) [ 01111111]
spectopmodule_ln5      (spectopmodule    ) [ 00000000]
specinterface_ln0      (specinterface    ) [ 00000000]
specbitsmap_ln0        (specbitsmap      ) [ 00000000]
specinterface_ln0      (specinterface    ) [ 00000000]
specbitsmap_ln0        (specbitsmap      ) [ 00000000]
specinterface_ln0      (specinterface    ) [ 00000000]
specbitsmap_ln0        (specbitsmap      ) [ 00000000]
specinterface_ln0      (specinterface    ) [ 00000000]
specbitsmap_ln0        (specbitsmap      ) [ 00000000]
specinterface_ln0      (specinterface    ) [ 00000000]
specbitsmap_ln0        (specbitsmap      ) [ 00000000]
specinterface_ln0      (specinterface    ) [ 00000000]
specbitsmap_ln0        (specbitsmap      ) [ 00000000]
specinterface_ln0      (specinterface    ) [ 00000000]
specbitsmap_ln0        (specbitsmap      ) [ 00000000]
specinterface_ln0      (specinterface    ) [ 00000000]
specbitsmap_ln0        (specbitsmap      ) [ 00000000]
specinterface_ln0      (specinterface    ) [ 00000000]
specbitsmap_ln0        (specbitsmap      ) [ 00000000]
specinterface_ln0      (specinterface    ) [ 00000000]
specbitsmap_ln0        (specbitsmap      ) [ 00000000]
specinterface_ln0      (specinterface    ) [ 00000000]
specbitsmap_ln0        (specbitsmap      ) [ 00000000]
specinterface_ln0      (specinterface    ) [ 00000000]
specbitsmap_ln0        (specbitsmap      ) [ 00000000]
specinterface_ln0      (specinterface    ) [ 00000000]
specbitsmap_ln0        (specbitsmap      ) [ 00000000]
specinterface_ln0      (specinterface    ) [ 00000000]
specbitsmap_ln0        (specbitsmap      ) [ 00000000]
specinterface_ln0      (specinterface    ) [ 00000000]
specbitsmap_ln0        (specbitsmap      ) [ 00000000]
specinterface_ln0      (specinterface    ) [ 00000000]
specbitsmap_ln0        (specbitsmap      ) [ 00000000]
specinterface_ln0      (specinterface    ) [ 00000000]
specbitsmap_ln0        (specbitsmap      ) [ 00000000]
specinterface_ln0      (specinterface    ) [ 00000000]
specbitsmap_ln0        (specbitsmap      ) [ 00000000]
specinterface_ln0      (specinterface    ) [ 00000000]
specbitsmap_ln0        (specbitsmap      ) [ 00000000]
specinterface_ln0      (specinterface    ) [ 00000000]
specbitsmap_ln0        (specbitsmap      ) [ 00000000]
store_ln14             (store            ) [ 00000000]
br_ln14                (br               ) [ 00000000]
j_1                    (load             ) [ 00000000]
tmp                    (bitselect        ) [ 00111111]
br_ln14                (br               ) [ 00000000]
trunc_ln14             (trunc            ) [ 00011100]
lshr_ln                (partselect       ) [ 00011110]
zext_ln14              (zext             ) [ 00011000]
real_sample_0_addr     (getelementptr    ) [ 00010000]
imag_sample_0_addr     (getelementptr    ) [ 00010000]
add_ln14               (add              ) [ 00000000]
store_ln14             (store            ) [ 00000000]
ret_ln75               (ret              ) [ 00000000]
real_sample_0_load     (load             ) [ 00001000]
imag_sample_0_load     (load             ) [ 00001000]
rs                     (bitcast          ) [ 00000100]
is                     (bitcast          ) [ 00000100]
real_sample_1_addr     (getelementptr    ) [ 00000100]
imag_sample_1_addr     (getelementptr    ) [ 00000100]
call_ln14              (call             ) [ 00000000]
real_sample_1_load     (load             ) [ 00000010]
imag_sample_1_load     (load             ) [ 00000010]
rs_1                   (bitcast          ) [ 00000001]
is_1                   (bitcast          ) [ 00000001]
or_ln29_7              (bitconcatenate   ) [ 00000001]
speclooptripcount_ln15 (speclooptripcount) [ 00000000]
specloopname_ln14      (specloopname     ) [ 00000000]
call_ln29              (call             ) [ 00000000]
br_ln14                (br               ) [ 00000000]
</LifeTime>

<model>

<comp_list>
<comp id="0" class="1000" name="real_sample_0">
<pin_list>
<pin id="1" dir="1" index="0" bw="1" slack="0"/>
</pin_list>
<bind>
<StgValue><ssdm name="real_sample_0"/><MemPortTyVec>1 3 </MemPortTyVec>
</StgValue>
</bind>
</comp>

<comp id="2" class="1000" name="real_sample_1">
<pin_list>
<pin id="3" dir="1" index="0" bw="1" slack="0"/>
</pin_list>
<bind>
<StgValue><ssdm name="real_sample_1"/><MemPortTyVec>1 3 </MemPortTyVec>
</StgValue>
</bind>
</comp>

<comp id="4" class="1000" name="imag_sample_0">
<pin_list>
<pin id="5" dir="1" index="0" bw="1" slack="0"/>
</pin_list>
<bind>
<StgValue><ssdm name="imag_sample_0"/><MemPortTyVec>1 3 </MemPortTyVec>
</StgValue>
</bind>
</comp>

<comp id="6" class="1000" name="imag_sample_1">
<pin_list>
<pin id="7" dir="1" index="0" bw="1" slack="0"/>
</pin_list>
<bind>
<StgValue><ssdm name="imag_sample_1"/><MemPortTyVec>1 3 </MemPortTyVec>
</StgValue>
</bind>
</comp>

<comp id="8" class="1000" name="real_op_0">
<pin_list>
<pin id="9" dir="1" index="0" bw="1" slack="0"/>
</pin_list>
<bind>
<StgValue><ssdm name="real_op_0"/><MemPortTyVec>0 1 </MemPortTyVec>
</StgValue>
</bind>
</comp>

<comp id="10" class="1000" name="real_op_1">
<pin_list>
<pin id="11" dir="1" index="0" bw="1" slack="0"/>
</pin_list>
<bind>
<StgValue><ssdm name="real_op_1"/><MemPortTyVec>0 1 </MemPortTyVec>
</StgValue>
</bind>
</comp>

<comp id="12" class="1000" name="real_op_2">
<pin_list>
<pin id="13" dir="1" index="0" bw="1" slack="0"/>
</pin_list>
<bind>
<StgValue><ssdm name="real_op_2"/><MemPortTyVec>0 1 </MemPortTyVec>
</StgValue>
</bind>
</comp>

<comp id="14" class="1000" name="real_op_3">
<pin_list>
<pin id="15" dir="1" index="0" bw="1" slack="0"/>
</pin_list>
<bind>
<StgValue><ssdm name="real_op_3"/><MemPortTyVec>0 1 </MemPortTyVec>
</StgValue>
</bind>
</comp>

<comp id="16" class="1000" name="real_op_4">
<pin_list>
<pin id="17" dir="1" index="0" bw="1" slack="0"/>
</pin_list>
<bind>
<StgValue><ssdm name="real_op_4"/><MemPortTyVec>0 1 </MemPortTyVec>
</StgValue>
</bind>
</comp>

<comp id="18" class="1000" name="real_op_5">
<pin_list>
<pin id="19" dir="1" index="0" bw="1" slack="0"/>
</pin_list>
<bind>
<StgValue><ssdm name="real_op_5"/><MemPortTyVec>0 1 </MemPortTyVec>
</StgValue>
</bind>
</comp>

<comp id="20" class="1000" name="real_op_6">
<pin_list>
<pin id="21" dir="1" index="0" bw="1" slack="0"/>
</pin_list>
<bind>
<StgValue><ssdm name="real_op_6"/><MemPortTyVec>0 1 </MemPortTyVec>
</StgValue>
</bind>
</comp>

<comp id="22" class="1000" name="real_op_7">
<pin_list>
<pin id="23" dir="1" index="0" bw="1" slack="0"/>
</pin_list>
<bind>
<StgValue><ssdm name="real_op_7"/><MemPortTyVec>0 1 </MemPortTyVec>
</StgValue>
</bind>
</comp>

<comp id="24" class="1000" name="imag_op_0">
<pin_list>
<pin id="25" dir="1" index="0" bw="1" slack="0"/>
</pin_list>
<bind>
<StgValue><ssdm name="imag_op_0"/><MemPortTyVec>0 1 </MemPortTyVec>
</StgValue>
</bind>
</comp>

<comp id="26" class="1000" name="imag_op_1">
<pin_list>
<pin id="27" dir="1" index="0" bw="1" slack="0"/>
</pin_list>
<bind>
<StgValue><ssdm name="imag_op_1"/><MemPortTyVec>0 1 </MemPortTyVec>
</StgValue>
</bind>
</comp>

<comp id="28" class="1000" name="imag_op_2">
<pin_list>
<pin id="29" dir="1" index="0" bw="1" slack="0"/>
</pin_list>
<bind>
<StgValue><ssdm name="imag_op_2"/><MemPortTyVec>0 1 </MemPortTyVec>
</StgValue>
</bind>
</comp>

<comp id="30" class="1000" name="imag_op_3">
<pin_list>
<pin id="31" dir="1" index="0" bw="1" slack="0"/>
</pin_list>
<bind>
<StgValue><ssdm name="imag_op_3"/><MemPortTyVec>0 1 </MemPortTyVec>
</StgValue>
</bind>
</comp>

<comp id="32" class="1000" name="imag_op_4">
<pin_list>
<pin id="33" dir="1" index="0" bw="1" slack="0"/>
</pin_list>
<bind>
<StgValue><ssdm name="imag_op_4"/><MemPortTyVec>0 1 </MemPortTyVec>
</StgValue>
</bind>
</comp>

<comp id="34" class="1000" name="imag_op_5">
<pin_list>
<pin id="35" dir="1" index="0" bw="1" slack="0"/>
</pin_list>
<bind>
<StgValue><ssdm name="imag_op_5"/><MemPortTyVec>0 1 </MemPortTyVec>
</StgValue>
</bind>
</comp>

<comp id="36" class="1000" name="imag_op_6">
<pin_list>
<pin id="37" dir="1" index="0" bw="1" slack="0"/>
</pin_list>
<bind>
<StgValue><ssdm name="imag_op_6"/><MemPortTyVec>0 1 </MemPortTyVec>
</StgValue>
</bind>
</comp>

<comp id="38" class="1000" name="imag_op_7">
<pin_list>
<pin id="39" dir="1" index="0" bw="1" slack="0"/>
</pin_list>
<bind>
<StgValue><ssdm name="imag_op_7"/><MemPortTyVec>0 1 </MemPortTyVec>
</StgValue>
</bind>
</comp>

<comp id="40" class="1000" name="cos_coefficients_table">
<pin_list>
<pin id="41" dir="1" index="0" bw="1" slack="0"/>
</pin_list>
<bind>
<StgValue><ssdm name="cos_coefficients_table"/><MemPortTyVec>1 1 1 1 1 1 1 1 </MemPortTyVec>
</StgValue>
</bind>
</comp>

<comp id="42" class="1000" name="sin_coefficients_table">
<pin_list>
<pin id="43" dir="1" index="0" bw="1" slack="0"/>
</pin_list>
<bind>
<StgValue><ssdm name="sin_coefficients_table"/><MemPortTyVec>1 1 1 1 1 1 1 1 </MemPortTyVec>
</StgValue>
</bind>
</comp>

<comp id="44" class="1001" name="const_44">
<pin_list>
<pin id="45" dir="1" index="0" bw="1" slack="0"/>
</pin_list>
<bind>
<StgValue><ssdm name=""/></StgValue>
</bind>
</comp>

<comp id="46" class="1001" name="const_46">
<pin_list>
<pin id="47" dir="1" index="0" bw="1" slack="2147483647"/>
</pin_list>
<bind>
<StgValue><ssdm name="_ssdm_op_SpecTopModule"/></StgValue>
</bind>
</comp>

<comp id="48" class="1001" name="const_48">
<pin_list>
<pin id="49" dir="1" index="0" bw="1" slack="2147483647"/>
</pin_list>
<bind>
<StgValue><ssdm name="empty_1"/></StgValue>
</bind>
</comp>

<comp id="50" class="1001" name="const_50">
<pin_list>
<pin id="51" dir="1" index="0" bw="1" slack="2147483647"/>
</pin_list>
<bind>
<StgValue><ssdm name="_ssdm_op_SpecInterface"/></StgValue>
</bind>
</comp>

<comp id="52" class="1001" name="const_52">
<pin_list>
<pin id="53" dir="1" index="0" bw="1" slack="2147483647"/>
</pin_list>
<bind>
<StgValue><ssdm name="empty"/></StgValue>
</bind>
</comp>

<comp id="54" class="1001" name="const_54">
<pin_list>
<pin id="55" dir="1" index="0" bw="1" slack="2147483647"/>
</pin_list>
<bind>
<StgValue><ssdm name=""/></StgValue>
</bind>
</comp>

<comp id="56" class="1001" name="const_56">
<pin_list>
<pin id="57" dir="1" index="0" bw="1" slack="2147483647"/>
</pin_list>
<bind>
<StgValue><ssdm name="empty_0"/></StgValue>
</bind>
</comp>

<comp id="58" class="1001" name="const_58">
<pin_list>
<pin id="59" dir="1" index="0" bw="1" slack="2147483647"/>
</pin_list>
<bind>
<StgValue><ssdm name=""/></StgValue>
</bind>
</comp>

<comp id="60" class="1001" name="const_60">
<pin_list>
<pin id="61" dir="1" index="0" bw="1" slack="2147483647"/>
</pin_list>
<bind>
<StgValue><ssdm name="_ssdm_op_SpecBitsMap"/></StgValue>
</bind>
</comp>

<comp id="62" class="1001" name="const_62">
<pin_list>
<pin id="63" dir="1" index="0" bw="1" slack="0"/>
</pin_list>
<bind>
<StgValue><ssdm name=""/></StgValue>
</bind>
</comp>

<comp id="64" class="1001" name="const_64">
<pin_list>
<pin id="65" dir="1" index="0" bw="1" slack="0"/>
</pin_list>
<bind>
<StgValue><ssdm name="_ssdm_op_BitSelect.i1.i11.i32"/></StgValue>
</bind>
</comp>

<comp id="66" class="1001" name="const_66">
<pin_list>
<pin id="67" dir="1" index="0" bw="1" slack="0"/>
</pin_list>
<bind>
<StgValue><ssdm name=""/></StgValue>
</bind>
</comp>

<comp id="68" class="1001" name="const_68">
<pin_list>
<pin id="69" dir="1" index="0" bw="1" slack="0"/>
</pin_list>
<bind>
<StgValue><ssdm name="_ssdm_op_PartSelect.i9.i11.i32.i32"/></StgValue>
</bind>
</comp>

<comp id="70" class="1001" name="const_70">
<pin_list>
<pin id="71" dir="1" index="0" bw="1" slack="0"/>
</pin_list>
<bind>
<StgValue><ssdm name=""/></StgValue>
</bind>
</comp>

<comp id="72" class="1001" name="const_72">
<pin_list>
<pin id="73" dir="1" index="0" bw="1" slack="0"/>
</pin_list>
<bind>
<StgValue><ssdm name=""/></StgValue>
</bind>
</comp>

<comp id="74" class="1001" name="const_74">
<pin_list>
<pin id="75" dir="1" index="0" bw="1" slack="0"/>
</pin_list>
<bind>
<StgValue><ssdm name=""/></StgValue>
</bind>
</comp>

<comp id="76" class="1001" name="const_76">
<pin_list>
<pin id="77" dir="1" index="0" bw="1" slack="0"/>
</pin_list>
<bind>
<StgValue><ssdm name="dft_Pipeline_INNER_LOOP"/></StgValue>
</bind>
</comp>

<comp id="78" class="1001" name="const_78">
<pin_list>
<pin id="79" dir="1" index="0" bw="1" slack="0"/>
</pin_list>
<bind>
<StgValue><ssdm name="_ssdm_op_BitConcatenate.i10.i9.i1"/></StgValue>
</bind>
</comp>

<comp id="80" class="1001" name="const_80">
<pin_list>
<pin id="81" dir="1" index="0" bw="1" slack="0"/>
</pin_list>
<bind>
<StgValue><ssdm name=""/></StgValue>
</bind>
</comp>

<comp id="82" class="1001" name="const_82">
<pin_list>
<pin id="83" dir="1" index="0" bw="1" slack="0"/>
</pin_list>
<bind>
<StgValue><ssdm name="dft_Pipeline_INNER_LOOP1"/></StgValue>
</bind>
</comp>

<comp id="84" class="1001" name="const_84">
<pin_list>
<pin id="85" dir="1" index="0" bw="1" slack="2147483647"/>
</pin_list>
<bind>
<StgValue><ssdm name="_ssdm_op_SpecLoopTripCount"/></StgValue>
</bind>
</comp>

<comp id="86" class="1001" name="const_86">
<pin_list>
<pin id="87" dir="1" index="0" bw="1" slack="2147483647"/>
</pin_list>
<bind>
<StgValue><ssdm name=""/></StgValue>
</bind>
</comp>

<comp id="88" class="1001" name="const_88">
<pin_list>
<pin id="89" dir="1" index="0" bw="1" slack="2147483647"/>
</pin_list>
<bind>
<StgValue><ssdm name="_ssdm_op_SpecLoopName"/></StgValue>
</bind>
</comp>

<comp id="90" class="1001" name="const_90">
<pin_list>
<pin id="91" dir="1" index="0" bw="1" slack="2147483647"/>
</pin_list>
<bind>
<StgValue><ssdm name="empty_3"/></StgValue>
</bind>
</comp>

<comp id="92" class="1004" name="j_fu_92">
<pin_list>
<pin id="93" dir="0" index="0" bw="1" slack="0"/>
<pin id="94" dir="1" index="1" bw="11" slack="0"/>
</pin_list>
<bind>
<opcode="alloca(26) " fcode="alloca"/>
<opset="j/1 "/>
</bind>
</comp>

<comp id="96" class="1004" name="real_sample_0_addr_gep_fu_96">
<pin_list>
<pin id="97" dir="0" index="0" bw="32" slack="0"/>
<pin id="98" dir="0" index="1" bw="1" slack="0"/>
<pin id="99" dir="0" index="2" bw="9" slack="0"/>
<pin id="100" dir="1" index="3" bw="9" slack="0"/>
</pin_list>
<bind>
<opcode="getelementptr(29) " fcode="getelementptr"/>
<opset="real_sample_0_addr/2 "/>
</bind>
</comp>

<comp id="103" class="1004" name="grp_access_fu_103">
<pin_list>
<pin id="104" dir="0" index="0" bw="9" slack="0"/>
<pin id="105" dir="0" index="1" bw="32" slack="2147483647"/>
<pin id="106" dir="0" index="2" bw="0" slack="2147483647"/>
<pin id="107" dir="1" index="3" bw="32" slack="1"/>
</pin_list>
<bind>
<opcode="load(27) " fcode="load"/>
<opset="real_sample_0_load/2 "/>
</bind>
</comp>

<comp id="109" class="1004" name="imag_sample_0_addr_gep_fu_109">
<pin_list>
<pin id="110" dir="0" index="0" bw="32" slack="0"/>
<pin id="111" dir="0" index="1" bw="1" slack="0"/>
<pin id="112" dir="0" index="2" bw="9" slack="0"/>
<pin id="113" dir="1" index="3" bw="9" slack="0"/>
</pin_list>
<bind>
<opcode="getelementptr(29) " fcode="getelementptr"/>
<opset="imag_sample_0_addr/2 "/>
</bind>
</comp>

<comp id="116" class="1004" name="grp_access_fu_116">
<pin_list>
<pin id="117" dir="0" index="0" bw="9" slack="0"/>
<pin id="118" dir="0" index="1" bw="32" slack="2147483647"/>
<pin id="119" dir="0" index="2" bw="0" slack="2147483647"/>
<pin id="120" dir="1" index="3" bw="32" slack="1"/>
</pin_list>
<bind>
<opcode="load(27) " fcode="load"/>
<opset="imag_sample_0_load/2 "/>
</bind>
</comp>

<comp id="122" class="1004" name="real_sample_1_addr_gep_fu_122">
<pin_list>
<pin id="123" dir="0" index="0" bw="32" slack="0"/>
<pin id="124" dir="0" index="1" bw="1" slack="0"/>
<pin id="125" dir="0" index="2" bw="9" slack="2"/>
<pin id="126" dir="1" index="3" bw="9" slack="0"/>
</pin_list>
<bind>
<opcode="getelementptr(29) " fcode="getelementptr"/>
<opset="real_sample_1_addr/4 "/>
</bind>
</comp>

<comp id="129" class="1004" name="grp_access_fu_129">
<pin_list>
<pin id="130" dir="0" index="0" bw="9" slack="0"/>
<pin id="131" dir="0" index="1" bw="32" slack="2147483647"/>
<pin id="132" dir="0" index="2" bw="0" slack="2147483647"/>
<pin id="133" dir="1" index="3" bw="32" slack="1"/>
</pin_list>
<bind>
<opcode="load(27) " fcode="load"/>
<opset="real_sample_1_load/4 "/>
</bind>
</comp>

<comp id="135" class="1004" name="imag_sample_1_addr_gep_fu_135">
<pin_list>
<pin id="136" dir="0" index="0" bw="32" slack="0"/>
<pin id="137" dir="0" index="1" bw="1" slack="0"/>
<pin id="138" dir="0" index="2" bw="9" slack="2"/>
<pin id="139" dir="1" index="3" bw="9" slack="0"/>
</pin_list>
<bind>
<opcode="getelementptr(29) " fcode="getelementptr"/>
<opset="imag_sample_1_addr/4 "/>
</bind>
</comp>

<comp id="142" class="1004" name="grp_access_fu_142">
<pin_list>
<pin id="143" dir="0" index="0" bw="9" slack="0"/>
<pin id="144" dir="0" index="1" bw="32" slack="2147483647"/>
<pin id="145" dir="0" index="2" bw="0" slack="2147483647"/>
<pin id="146" dir="1" index="3" bw="32" slack="1"/>
</pin_list>
<bind>
<opcode="load(27) " fcode="load"/>
<opset="imag_sample_1_load/4 "/>
</bind>
</comp>

<comp id="148" class="1004" name="grp_dft_Pipeline_INNER_LOOP_fu_148">
<pin_list>
<pin id="149" dir="0" index="0" bw="0" slack="0"/>
<pin id="150" dir="0" index="1" bw="32" slack="0"/>
<pin id="151" dir="0" index="2" bw="32" slack="0"/>
<pin id="152" dir="0" index="3" bw="32" slack="0"/>
<pin id="153" dir="0" index="4" bw="32" slack="0"/>
<pin id="154" dir="0" index="5" bw="32" slack="0"/>
<pin id="155" dir="0" index="6" bw="32" slack="0"/>
<pin id="156" dir="0" index="7" bw="32" slack="0"/>
<pin id="157" dir="0" index="8" bw="32" slack="0"/>
<pin id="158" dir="0" index="9" bw="32" slack="0"/>
<pin id="159" dir="0" index="10" bw="32" slack="0"/>
<pin id="160" dir="0" index="11" bw="32" slack="0"/>
<pin id="161" dir="0" index="12" bw="32" slack="0"/>
<pin id="162" dir="0" index="13" bw="32" slack="0"/>
<pin id="163" dir="0" index="14" bw="32" slack="0"/>
<pin id="164" dir="0" index="15" bw="32" slack="0"/>
<pin id="165" dir="0" index="16" bw="32" slack="0"/>
<pin id="166" dir="0" index="17" bw="10" slack="2"/>
<pin id="167" dir="0" index="18" bw="32" slack="0"/>
<pin id="168" dir="0" index="19" bw="32" slack="0"/>
<pin id="169" dir="0" index="20" bw="32" slack="0"/>
<pin id="170" dir="0" index="21" bw="32" slack="0"/>
<pin id="171" dir="1" index="22" bw="0" slack="2147483647"/>
</pin_list>
<bind>
<opcode="call(48) " fcode="call"/>
<opset="call_ln14/4 "/>
</bind>
</comp>

<comp id="191" class="1004" name="grp_dft_Pipeline_INNER_LOOP1_fu_191">
<pin_list>
<pin id="192" dir="0" index="0" bw="0" slack="0"/>
<pin id="193" dir="0" index="1" bw="32" slack="0"/>
<pin id="194" dir="0" index="2" bw="32" slack="0"/>
<pin id="195" dir="0" index="3" bw="32" slack="0"/>
<pin id="196" dir="0" index="4" bw="32" slack="0"/>
<pin id="197" dir="0" index="5" bw="32" slack="0"/>
<pin id="198" dir="0" index="6" bw="32" slack="0"/>
<pin id="199" dir="0" index="7" bw="32" slack="0"/>
<pin id="200" dir="0" index="8" bw="32" slack="0"/>
<pin id="201" dir="0" index="9" bw="32" slack="0"/>
<pin id="202" dir="0" index="10" bw="32" slack="0"/>
<pin id="203" dir="0" index="11" bw="32" slack="0"/>
<pin id="204" dir="0" index="12" bw="32" slack="0"/>
<pin id="205" dir="0" index="13" bw="32" slack="0"/>
<pin id="206" dir="0" index="14" bw="32" slack="0"/>
<pin id="207" dir="0" index="15" bw="32" slack="0"/>
<pin id="208" dir="0" index="16" bw="32" slack="0"/>
<pin id="209" dir="0" index="17" bw="10" slack="0"/>
<pin id="210" dir="0" index="18" bw="32" slack="0"/>
<pin id="211" dir="0" index="19" bw="32" slack="0"/>
<pin id="212" dir="0" index="20" bw="32" slack="0"/>
<pin id="213" dir="0" index="21" bw="32" slack="0"/>
<pin id="214" dir="1" index="22" bw="0" slack="2147483647"/>
</pin_list>
<bind>
<opcode="call(48) " fcode="call"/>
<opset="call_ln29/6 "/>
</bind>
</comp>

<comp id="234" class="1004" name="store_ln14_store_fu_234">
<pin_list>
<pin id="235" dir="0" index="0" bw="1" slack="0"/>
<pin id="236" dir="0" index="1" bw="11" slack="0"/>
<pin id="237" dir="1" index="2" bw="0" slack="2147483647"/>
</pin_list>
<bind>
<opcode="store(28) " fcode="store"/>
<opset="store_ln14/1 "/>
</bind>
</comp>

<comp id="239" class="1004" name="j_1_load_fu_239">
<pin_list>
<pin id="240" dir="0" index="0" bw="11" slack="1"/>
<pin id="241" dir="1" index="1" bw="11" slack="0"/>
</pin_list>
<bind>
<opcode="load(27) " fcode="load"/>
<opset="j_1/2 "/>
</bind>
</comp>

<comp id="242" class="1004" name="tmp_fu_242">
<pin_list>
<pin id="243" dir="0" index="0" bw="1" slack="0"/>
<pin id="244" dir="0" index="1" bw="11" slack="0"/>
<pin id="245" dir="0" index="2" bw="5" slack="0"/>
<pin id="246" dir="1" index="3" bw="1" slack="2147483647"/>
</pin_list>
<bind>
<opcode="bitselect(1000) " fcode="bitselect"/>
<opset="tmp/2 "/>
</bind>
</comp>

<comp id="250" class="1004" name="trunc_ln14_fu_250">
<pin_list>
<pin id="251" dir="0" index="0" bw="11" slack="0"/>
<pin id="252" dir="1" index="1" bw="10" slack="2"/>
</pin_list>
<bind>
<opcode="trunc(33) " fcode="trunc"/>
<opset="trunc_ln14/2 "/>
</bind>
</comp>

<comp id="254" class="1004" name="lshr_ln_fu_254">
<pin_list>
<pin id="255" dir="0" index="0" bw="9" slack="0"/>
<pin id="256" dir="0" index="1" bw="11" slack="0"/>
<pin id="257" dir="0" index="2" bw="1" slack="0"/>
<pin id="258" dir="0" index="3" bw="5" slack="0"/>
<pin id="259" dir="1" index="4" bw="9" slack="0"/>
</pin_list>
<bind>
<opcode="partselect(1002) " fcode="partselect"/>
<opset="lshr_ln/2 "/>
</bind>
</comp>

<comp id="264" class="1004" name="zext_ln14_fu_264">
<pin_list>
<pin id="265" dir="0" index="0" bw="9" slack="0"/>
<pin id="266" dir="1" index="1" bw="64" slack="0"/>
</pin_list>
<bind>
<opcode="zext(34) " fcode="zext"/>
<opset="zext_ln14/2 "/>
</bind>
</comp>

<comp id="270" class="1004" name="add_ln14_fu_270">
<pin_list>
<pin id="271" dir="0" index="0" bw="11" slack="0"/>
<pin id="272" dir="0" index="1" bw="3" slack="0"/>
<pin id="273" dir="1" index="2" bw="11" slack="0"/>
</pin_list>
<bind>
<opcode="add(8) " fcode="add"/>
<opset="add_ln14/2 "/>
</bind>
</comp>

<comp id="276" class="1004" name="store_ln14_store_fu_276">
<pin_list>
<pin id="277" dir="0" index="0" bw="11" slack="0"/>
<pin id="278" dir="0" index="1" bw="11" slack="1"/>
<pin id="279" dir="1" index="2" bw="0" slack="2147483647"/>
</pin_list>
<bind>
<opcode="store(28) " fcode="store"/>
<opset="store_ln14/2 "/>
</bind>
</comp>

<comp id="281" class="1004" name="rs_fu_281">
<pin_list>
<pin id="282" dir="0" index="0" bw="32" slack="1"/>
<pin id="283" dir="1" index="1" bw="32" slack="0"/>
</pin_list>
<bind>
<opcode="bitcast(44) " fcode="bitcast"/>
<opset="rs/4 "/>
</bind>
</comp>

<comp id="285" class="1004" name="is_fu_285">
<pin_list>
<pin id="286" dir="0" index="0" bw="32" slack="1"/>
<pin id="287" dir="1" index="1" bw="32" slack="0"/>
</pin_list>
<bind>
<opcode="bitcast(44) " fcode="bitcast"/>
<opset="is/4 "/>
</bind>
</comp>

<comp id="289" class="1004" name="rs_1_fu_289">
<pin_list>
<pin id="290" dir="0" index="0" bw="32" slack="1"/>
<pin id="291" dir="1" index="1" bw="32" slack="0"/>
</pin_list>
<bind>
<opcode="bitcast(44) " fcode="bitcast"/>
<opset="rs_1/6 "/>
</bind>
</comp>

<comp id="293" class="1004" name="is_1_fu_293">
<pin_list>
<pin id="294" dir="0" index="0" bw="32" slack="1"/>
<pin id="295" dir="1" index="1" bw="32" slack="0"/>
</pin_list>
<bind>
<opcode="bitcast(44) " fcode="bitcast"/>
<opset="is_1/6 "/>
</bind>
</comp>

<comp id="297" class="1004" name="or_ln29_7_fu_297">
<pin_list>
<pin id="298" dir="0" index="0" bw="10" slack="0"/>
<pin id="299" dir="0" index="1" bw="9" slack="4"/>
<pin id="300" dir="0" index="2" bw="1" slack="0"/>
<pin id="301" dir="1" index="3" bw="10" slack="0"/>
</pin_list>
<bind>
<opcode="bitconcatenate(1004) " fcode="bitconcatenate"/>
<opset="or_ln29_7/6 "/>
</bind>
</comp>

<comp id="305" class="1005" name="j_reg_305">
<pin_list>
<pin id="306" dir="0" index="0" bw="11" slack="0"/>
<pin id="307" dir="1" index="1" bw="11" slack="0"/>
</pin_list>
<bind>
<opset="j "/>
</bind>
</comp>

<comp id="315" class="1005" name="trunc_ln14_reg_315">
<pin_list>
<pin id="316" dir="0" index="0" bw="10" slack="2"/>
<pin id="317" dir="1" index="1" bw="10" slack="2"/>
</pin_list>
<bind>
<opset="trunc_ln14 "/>
</bind>
</comp>

<comp id="320" class="1005" name="lshr_ln_reg_320">
<pin_list>
<pin id="321" dir="0" index="0" bw="9" slack="4"/>
<pin id="322" dir="1" index="1" bw="9" slack="4"/>
</pin_list>
<bind>
<opset="lshr_ln "/>
</bind>
</comp>

<comp id="325" class="1005" name="zext_ln14_reg_325">
<pin_list>
<pin id="326" dir="0" index="0" bw="64" slack="2"/>
<pin id="327" dir="1" index="1" bw="64" slack="2"/>
</pin_list>
<bind>
<opset="zext_ln14 "/>
</bind>
</comp>

<comp id="331" class="1005" name="real_sample_0_addr_reg_331">
<pin_list>
<pin id="332" dir="0" index="0" bw="9" slack="1"/>
<pin id="333" dir="1" index="1" bw="9" slack="1"/>
</pin_list>
<bind>
<opset="real_sample_0_addr "/>
</bind>
</comp>

<comp id="336" class="1005" name="imag_sample_0_addr_reg_336">
<pin_list>
<pin id="337" dir="0" index="0" bw="9" slack="1"/>
<pin id="338" dir="1" index="1" bw="9" slack="1"/>
</pin_list>
<bind>
<opset="imag_sample_0_addr "/>
</bind>
</comp>

<comp id="341" class="1005" name="real_sample_0_load_reg_341">
<pin_list>
<pin id="342" dir="0" index="0" bw="32" slack="1"/>
<pin id="343" dir="1" index="1" bw="32" slack="1"/>
</pin_list>
<bind>
<opset="real_sample_0_load "/>
</bind>
</comp>

<comp id="346" class="1005" name="imag_sample_0_load_reg_346">
<pin_list>
<pin id="347" dir="0" index="0" bw="32" slack="1"/>
<pin id="348" dir="1" index="1" bw="32" slack="1"/>
</pin_list>
<bind>
<opset="imag_sample_0_load "/>
</bind>
</comp>

<comp id="351" class="1005" name="rs_reg_351">
<pin_list>
<pin id="352" dir="0" index="0" bw="32" slack="1"/>
<pin id="353" dir="1" index="1" bw="32" slack="1"/>
</pin_list>
<bind>
<opset="rs "/>
</bind>
</comp>

<comp id="356" class="1005" name="is_reg_356">
<pin_list>
<pin id="357" dir="0" index="0" bw="32" slack="1"/>
<pin id="358" dir="1" index="1" bw="32" slack="1"/>
</pin_list>
<bind>
<opset="is "/>
</bind>
</comp>

<comp id="361" class="1005" name="real_sample_1_addr_reg_361">
<pin_list>
<pin id="362" dir="0" index="0" bw="9" slack="1"/>
<pin id="363" dir="1" index="1" bw="9" slack="1"/>
</pin_list>
<bind>
<opset="real_sample_1_addr "/>
</bind>
</comp>

<comp id="366" class="1005" name="imag_sample_1_addr_reg_366">
<pin_list>
<pin id="367" dir="0" index="0" bw="9" slack="1"/>
<pin id="368" dir="1" index="1" bw="9" slack="1"/>
</pin_list>
<bind>
<opset="imag_sample_1_addr "/>
</bind>
</comp>

<comp id="371" class="1005" name="real_sample_1_load_reg_371">
<pin_list>
<pin id="372" dir="0" index="0" bw="32" slack="1"/>
<pin id="373" dir="1" index="1" bw="32" slack="1"/>
</pin_list>
<bind>
<opset="real_sample_1_load "/>
</bind>
</comp>

<comp id="376" class="1005" name="imag_sample_1_load_reg_376">
<pin_list>
<pin id="377" dir="0" index="0" bw="32" slack="1"/>
<pin id="378" dir="1" index="1" bw="32" slack="1"/>
</pin_list>
<bind>
<opset="imag_sample_1_load "/>
</bind>
</comp>

<comp id="381" class="1005" name="rs_1_reg_381">
<pin_list>
<pin id="382" dir="0" index="0" bw="32" slack="1"/>
<pin id="383" dir="1" index="1" bw="32" slack="1"/>
</pin_list>
<bind>
<opset="rs_1 "/>
</bind>
</comp>

<comp id="386" class="1005" name="is_1_reg_386">
<pin_list>
<pin id="387" dir="0" index="0" bw="32" slack="1"/>
<pin id="388" dir="1" index="1" bw="32" slack="1"/>
</pin_list>
<bind>
<opset="is_1 "/>
</bind>
</comp>

<comp id="391" class="1005" name="or_ln29_7_reg_391">
<pin_list>
<pin id="392" dir="0" index="0" bw="10" slack="1"/>
<pin id="393" dir="1" index="1" bw="10" slack="1"/>
</pin_list>
<bind>
<opset="or_ln29_7 "/>
</bind>
</comp>

<comp id="396" class="1004" name="grp_fu_396">
<pin_list>
<pin id="397" dir="0" index="0" bw="32" slack="2147483647"/>
<pin id="398" dir="0" index="1" bw="32" slack="2147483647"/>
<pin id="399" dir="1" index="2" bw="32" slack="2147483647"/>
</pin_list>
<bind>
<opcode="fsub(11) " fcode="fadd"/>
<opset="real_result/8 real_result/8 "/>
</bind>
</comp>

<comp id="400" class="1004" name="grp_fu_400">
<pin_list>
<pin id="401" dir="0" index="0" bw="32" slack="2147483647"/>
<pin id="402" dir="0" index="1" bw="32" slack="2147483647"/>
<pin id="403" dir="1" index="2" bw="32" slack="2147483647"/>
</pin_list>
<bind>
<opcode="fadd(9) " fcode="fadd"/>
<opset="imag_result/8 imag_result/8 "/>
</bind>
</comp>

<comp id="404" class="1004" name="grp_fu_404">
<pin_list>
<pin id="405" dir="0" index="0" bw="32" slack="2147483647"/>
<pin id="406" dir="0" index="1" bw="32" slack="2147483647"/>
<pin id="407" dir="1" index="2" bw="32" slack="2147483647"/>
</pin_list>
<bind>
<opcode="fsub(11) " fcode="fadd"/>
<opset="real_result_1/8 real_result_1/8 "/>
</bind>
</comp>

<comp id="408" class="1004" name="grp_fu_408">
<pin_list>
<pin id="409" dir="0" index="0" bw="32" slack="2147483647"/>
<pin id="410" dir="0" index="1" bw="32" slack="2147483647"/>
<pin id="411" dir="1" index="2" bw="32" slack="2147483647"/>
</pin_list>
<bind>
<opcode="fadd(9) " fcode="fadd"/>
<opset="imag_result_1/8 imag_result_1/8 "/>
</bind>
</comp>

<comp id="412" class="1004" name="grp_fu_412">
<pin_list>
<pin id="413" dir="0" index="0" bw="32" slack="2147483647"/>
<pin id="414" dir="0" index="1" bw="32" slack="2147483647"/>
<pin id="415" dir="1" index="2" bw="32" slack="2147483647"/>
</pin_list>
<bind>
<opcode="fsub(11) " fcode="fadd"/>
<opset="real_result_2/8 real_result_2/8 "/>
</bind>
</comp>

<comp id="416" class="1004" name="grp_fu_416">
<pin_list>
<pin id="417" dir="0" index="0" bw="32" slack="2147483647"/>
<pin id="418" dir="0" index="1" bw="32" slack="2147483647"/>
<pin id="419" dir="1" index="2" bw="32" slack="2147483647"/>
</pin_list>
<bind>
<opcode="fadd(9) " fcode="fadd"/>
<opset="imag_result_2/8 imag_result_2/8 "/>
</bind>
</comp>

<comp id="420" class="1004" name="grp_fu_420">
<pin_list>
<pin id="421" dir="0" index="0" bw="32" slack="2147483647"/>
<pin id="422" dir="0" index="1" bw="32" slack="2147483647"/>
<pin id="423" dir="1" index="2" bw="32" slack="2147483647"/>
</pin_list>
<bind>
<opcode="fsub(11) " fcode="fadd"/>
<opset="real_result_3/8 real_result_3/8 "/>
</bind>
</comp>

<comp id="424" class="1004" name="grp_fu_424">
<pin_list>
<pin id="425" dir="0" index="0" bw="32" slack="2147483647"/>
<pin id="426" dir="0" index="1" bw="32" slack="2147483647"/>
<pin id="427" dir="1" index="2" bw="32" slack="2147483647"/>
</pin_list>
<bind>
<opcode="fadd(9) " fcode="fadd"/>
<opset="imag_result_3/8 imag_result_3/8 "/>
</bind>
</comp>

<comp id="428" class="1004" name="grp_fu_428">
<pin_list>
<pin id="429" dir="0" index="0" bw="32" slack="2147483647"/>
<pin id="430" dir="0" index="1" bw="32" slack="2147483647"/>
<pin id="431" dir="1" index="2" bw="32" slack="2147483647"/>
</pin_list>
<bind>
<opcode="fsub(11) " fcode="fadd"/>
<opset="real_result_4/8 real_result_4/8 "/>
</bind>
</comp>

<comp id="432" class="1004" name="grp_fu_432">
<pin_list>
<pin id="433" dir="0" index="0" bw="32" slack="2147483647"/>
<pin id="434" dir="0" index="1" bw="32" slack="2147483647"/>
<pin id="435" dir="1" index="2" bw="32" slack="2147483647"/>
</pin_list>
<bind>
<opcode="fadd(9) " fcode="fadd"/>
<opset="imag_result_4/8 imag_result_4/8 "/>
</bind>
</comp>

<comp id="436" class="1004" name="grp_fu_436">
<pin_list>
<pin id="437" dir="0" index="0" bw="32" slack="2147483647"/>
<pin id="438" dir="0" index="1" bw="32" slack="2147483647"/>
<pin id="439" dir="1" index="2" bw="32" slack="2147483647"/>
</pin_list>
<bind>
<opcode="fsub(11) " fcode="fadd"/>
<opset="real_result_5/8 real_result_5/8 "/>
</bind>
</comp>

<comp id="440" class="1004" name="grp_fu_440">
<pin_list>
<pin id="441" dir="0" index="0" bw="32" slack="2147483647"/>
<pin id="442" dir="0" index="1" bw="32" slack="2147483647"/>
<pin id="443" dir="1" index="2" bw="32" slack="2147483647"/>
</pin_list>
<bind>
<opcode="fadd(9) " fcode="fadd"/>
<opset="imag_result_5/8 imag_result_5/8 "/>
</bind>
</comp>

<comp id="444" class="1004" name="grp_fu_444">
<pin_list>
<pin id="445" dir="0" index="0" bw="32" slack="2147483647"/>
<pin id="446" dir="0" index="1" bw="32" slack="2147483647"/>
<pin id="447" dir="1" index="2" bw="32" slack="2147483647"/>
</pin_list>
<bind>
<opcode="fsub(11) " fcode="fadd"/>
<opset="real_result_6/8 real_result_6/8 "/>
</bind>
</comp>

<comp id="448" class="1004" name="grp_fu_448">
<pin_list>
<pin id="449" dir="0" index="0" bw="32" slack="2147483647"/>
<pin id="450" dir="0" index="1" bw="32" slack="2147483647"/>
<pin id="451" dir="1" index="2" bw="32" slack="2147483647"/>
</pin_list>
<bind>
<opcode="fadd(9) " fcode="fadd"/>
<opset="imag_result_6/8 imag_result_6/8 "/>
</bind>
</comp>

<comp id="452" class="1004" name="grp_fu_452">
<pin_list>
<pin id="453" dir="0" index="0" bw="32" slack="2147483647"/>
<pin id="454" dir="0" index="1" bw="32" slack="2147483647"/>
<pin id="455" dir="1" index="2" bw="32" slack="2147483647"/>
</pin_list>
<bind>
<opcode="fsub(11) " fcode="fadd"/>
<opset="real_result_7/8 real_result_7/8 "/>
</bind>
</comp>

<comp id="456" class="1004" name="grp_fu_456">
<pin_list>
<pin id="457" dir="0" index="0" bw="32" slack="2147483647"/>
<pin id="458" dir="0" index="1" bw="32" slack="2147483647"/>
<pin id="459" dir="1" index="2" bw="32" slack="2147483647"/>
</pin_list>
<bind>
<opcode="fadd(9) " fcode="fadd"/>
<opset="imag_result_7/8 imag_result_7/8 "/>
</bind>
</comp>

<comp id="460" class="1004" name="grp_fu_460">
<pin_list>
<pin id="461" dir="0" index="0" bw="32" slack="2147483647"/>
<pin id="462" dir="0" index="1" bw="32" slack="2147483647"/>
<pin id="463" dir="1" index="2" bw="32" slack="2147483647"/>
</pin_list>
<bind>
<opcode="fadd(9) " fcode="fadd"/>
<opset="add/13 add17_1/13 "/>
</bind>
</comp>

<comp id="464" class="1004" name="grp_fu_464">
<pin_list>
<pin id="465" dir="0" index="0" bw="32" slack="2147483647"/>
<pin id="466" dir="0" index="1" bw="32" slack="2147483647"/>
<pin id="467" dir="1" index="2" bw="32" slack="2147483647"/>
</pin_list>
<bind>
<opcode="fadd(9) " fcode="fadd"/>
<opset="add1/13 add20_1/13 "/>
</bind>
</comp>

<comp id="468" class="1004" name="grp_fu_468">
<pin_list>
<pin id="469" dir="0" index="0" bw="32" slack="2147483647"/>
<pin id="470" dir="0" index="1" bw="32" slack="2147483647"/>
<pin id="471" dir="1" index="2" bw="32" slack="2147483647"/>
</pin_list>
<bind>
<opcode="fadd(9) " fcode="fadd"/>
<opset="add17_s/13 add17_1_1/13 "/>
</bind>
</comp>

<comp id="472" class="1004" name="grp_fu_472">
<pin_list>
<pin id="473" dir="0" index="0" bw="32" slack="2147483647"/>
<pin id="474" dir="0" index="1" bw="32" slack="2147483647"/>
<pin id="475" dir="1" index="2" bw="32" slack="2147483647"/>
</pin_list>
<bind>
<opcode="fadd(9) " fcode="fadd"/>
<opset="add20_s/13 add20_1_1/13 "/>
</bind>
</comp>

<comp id="476" class="1004" name="grp_fu_476">
<pin_list>
<pin id="477" dir="0" index="0" bw="32" slack="2147483647"/>
<pin id="478" dir="0" index="1" bw="32" slack="2147483647"/>
<pin id="479" dir="1" index="2" bw="32" slack="2147483647"/>
</pin_list>
<bind>
<opcode="fadd(9) " fcode="fadd"/>
<opset="add17_2/13 add17_1_2/13 "/>
</bind>
</comp>

<comp id="480" class="1004" name="grp_fu_480">
<pin_list>
<pin id="481" dir="0" index="0" bw="32" slack="2147483647"/>
<pin id="482" dir="0" index="1" bw="32" slack="2147483647"/>
<pin id="483" dir="1" index="2" bw="32" slack="2147483647"/>
</pin_list>
<bind>
<opcode="fadd(9) " fcode="fadd"/>
<opset="add20_2/13 add20_1_2/13 "/>
</bind>
</comp>

<comp id="484" class="1004" name="grp_fu_484">
<pin_list>
<pin id="485" dir="0" index="0" bw="32" slack="2147483647"/>
<pin id="486" dir="0" index="1" bw="32" slack="2147483647"/>
<pin id="487" dir="1" index="2" bw="32" slack="2147483647"/>
</pin_list>
<bind>
<opcode="fadd(9) " fcode="fadd"/>
<opset="add17_3/13 add17_1_3/13 "/>
</bind>
</comp>

<comp id="488" class="1004" name="grp_fu_488">
<pin_list>
<pin id="489" dir="0" index="0" bw="32" slack="2147483647"/>
<pin id="490" dir="0" index="1" bw="32" slack="2147483647"/>
<pin id="491" dir="1" index="2" bw="32" slack="2147483647"/>
</pin_list>
<bind>
<opcode="fadd(9) " fcode="fadd"/>
<opset="add20_3/13 add20_1_3/13 "/>
</bind>
</comp>

<comp id="492" class="1004" name="grp_fu_492">
<pin_list>
<pin id="493" dir="0" index="0" bw="32" slack="2147483647"/>
<pin id="494" dir="0" index="1" bw="32" slack="2147483647"/>
<pin id="495" dir="1" index="2" bw="32" slack="2147483647"/>
</pin_list>
<bind>
<opcode="fadd(9) " fcode="fadd"/>
<opset="add17_4/13 add17_1_4/13 "/>
</bind>
</comp>

<comp id="496" class="1004" name="grp_fu_496">
<pin_list>
<pin id="497" dir="0" index="0" bw="32" slack="2147483647"/>
<pin id="498" dir="0" index="1" bw="32" slack="2147483647"/>
<pin id="499" dir="1" index="2" bw="32" slack="2147483647"/>
</pin_list>
<bind>
<opcode="fadd(9) " fcode="fadd"/>
<opset="add20_4/13 add20_1_4/13 "/>
</bind>
</comp>

<comp id="500" class="1004" name="grp_fu_500">
<pin_list>
<pin id="501" dir="0" index="0" bw="32" slack="2147483647"/>
<pin id="502" dir="0" index="1" bw="32" slack="2147483647"/>
<pin id="503" dir="1" index="2" bw="32" slack="2147483647"/>
</pin_list>
<bind>
<opcode="fadd(9) " fcode="fadd"/>
<opset="add17_5/13 add17_1_5/13 "/>
</bind>
</comp>

<comp id="504" class="1004" name="grp_fu_504">
<pin_list>
<pin id="505" dir="0" index="0" bw="32" slack="2147483647"/>
<pin id="506" dir="0" index="1" bw="32" slack="2147483647"/>
<pin id="507" dir="1" index="2" bw="32" slack="2147483647"/>
</pin_list>
<bind>
<opcode="fadd(9) " fcode="fadd"/>
<opset="add20_5/13 add20_1_5/13 "/>
</bind>
</comp>

<comp id="508" class="1004" name="grp_fu_508">
<pin_list>
<pin id="509" dir="0" index="0" bw="32" slack="2147483647"/>
<pin id="510" dir="0" index="1" bw="32" slack="2147483647"/>
<pin id="511" dir="1" index="2" bw="32" slack="2147483647"/>
</pin_list>
<bind>
<opcode="fadd(9) " fcode="fadd"/>
<opset="add17_6/13 add17_1_6/13 "/>
</bind>
</comp>

<comp id="512" class="1004" name="grp_fu_512">
<pin_list>
<pin id="513" dir="0" index="0" bw="32" slack="2147483647"/>
<pin id="514" dir="0" index="1" bw="32" slack="2147483647"/>
<pin id="515" dir="1" index="2" bw="32" slack="2147483647"/>
</pin_list>
<bind>
<opcode="fadd(9) " fcode="fadd"/>
<opset="add20_6/13 add20_1_6/13 "/>
</bind>
</comp>

<comp id="516" class="1004" name="grp_fu_516">
<pin_list>
<pin id="517" dir="0" index="0" bw="32" slack="2147483647"/>
<pin id="518" dir="0" index="1" bw="32" slack="2147483647"/>
<pin id="519" dir="1" index="2" bw="32" slack="2147483647"/>
</pin_list>
<bind>
<opcode="fadd(9) " fcode="fadd"/>
<opset="add17_7/13 add17_1_7/13 "/>
</bind>
</comp>

<comp id="520" class="1004" name="grp_fu_520">
<pin_list>
<pin id="521" dir="0" index="0" bw="32" slack="2147483647"/>
<pin id="522" dir="0" index="1" bw="32" slack="2147483647"/>
<pin id="523" dir="1" index="2" bw="32" slack="2147483647"/>
</pin_list>
<bind>
<opcode="fadd(9) " fcode="fadd"/>
<opset="add20_7/13 add20_1_7/13 "/>
</bind>
</comp>

<comp id="524" class="1004" name="grp_fu_524">
<pin_list>
<pin id="525" dir="0" index="0" bw="32" slack="2147483647"/>
<pin id="526" dir="0" index="1" bw="32" slack="2147483647"/>
<pin id="527" dir="1" index="2" bw="32" slack="2147483647"/>
</pin_list>
<bind>
<opcode="fmul(13) " fcode="fmul"/>
<opset="t1/4 t1/4 "/>
</bind>
</comp>

<comp id="528" class="1004" name="grp_fu_528">
<pin_list>
<pin id="529" dir="0" index="0" bw="32" slack="2147483647"/>
<pin id="530" dir="0" index="1" bw="32" slack="2147483647"/>
<pin id="531" dir="1" index="2" bw="32" slack="2147483647"/>
</pin_list>
<bind>
<opcode="fmul(13) " fcode="fmul"/>
<opset="t2/4 t2/4 "/>
</bind>
</comp>

<comp id="532" class="1004" name="grp_fu_532">
<pin_list>
<pin id="533" dir="0" index="0" bw="32" slack="2147483647"/>
<pin id="534" dir="0" index="1" bw="32" slack="2147483647"/>
<pin id="535" dir="1" index="2" bw="32" slack="2147483647"/>
</pin_list>
<bind>
<opcode="fmul(13) " fcode="fmul"/>
<opset="t3/4 t3/4 "/>
</bind>
</comp>

<comp id="536" class="1004" name="grp_fu_536">
<pin_list>
<pin id="537" dir="0" index="0" bw="32" slack="2147483647"/>
<pin id="538" dir="0" index="1" bw="32" slack="2147483647"/>
<pin id="539" dir="1" index="2" bw="32" slack="2147483647"/>
</pin_list>
<bind>
<opcode="fmul(13) " fcode="fmul"/>
<opset="t4/4 t4/4 "/>
</bind>
</comp>

<comp id="540" class="1004" name="grp_fu_540">
<pin_list>
<pin id="541" dir="0" index="0" bw="32" slack="2147483647"/>
<pin id="542" dir="0" index="1" bw="32" slack="2147483647"/>
<pin id="543" dir="1" index="2" bw="32" slack="2147483647"/>
</pin_list>
<bind>
<opcode="fmul(13) " fcode="fmul"/>
<opset="t1_1/4 t1_1/4 "/>
</bind>
</comp>

<comp id="544" class="1004" name="grp_fu_544">
<pin_list>
<pin id="545" dir="0" index="0" bw="32" slack="2147483647"/>
<pin id="546" dir="0" index="1" bw="32" slack="2147483647"/>
<pin id="547" dir="1" index="2" bw="32" slack="2147483647"/>
</pin_list>
<bind>
<opcode="fmul(13) " fcode="fmul"/>
<opset="t2_1/4 t2_1/4 "/>
</bind>
</comp>

<comp id="548" class="1004" name="grp_fu_548">
<pin_list>
<pin id="549" dir="0" index="0" bw="32" slack="2147483647"/>
<pin id="550" dir="0" index="1" bw="32" slack="2147483647"/>
<pin id="551" dir="1" index="2" bw="32" slack="2147483647"/>
</pin_list>
<bind>
<opcode="fmul(13) " fcode="fmul"/>
<opset="t3_1/4 t3_1/4 "/>
</bind>
</comp>

<comp id="552" class="1004" name="grp_fu_552">
<pin_list>
<pin id="553" dir="0" index="0" bw="32" slack="2147483647"/>
<pin id="554" dir="0" index="1" bw="32" slack="2147483647"/>
<pin id="555" dir="1" index="2" bw="32" slack="2147483647"/>
</pin_list>
<bind>
<opcode="fmul(13) " fcode="fmul"/>
<opset="t4_1/4 t4_1/4 "/>
</bind>
</comp>

<comp id="556" class="1004" name="grp_fu_556">
<pin_list>
<pin id="557" dir="0" index="0" bw="32" slack="2147483647"/>
<pin id="558" dir="0" index="1" bw="32" slack="2147483647"/>
<pin id="559" dir="1" index="2" bw="32" slack="2147483647"/>
</pin_list>
<bind>
<opcode="fmul(13) " fcode="fmul"/>
<opset="t1_2/4 t1_2/4 "/>
</bind>
</comp>

<comp id="560" class="1004" name="grp_fu_560">
<pin_list>
<pin id="561" dir="0" index="0" bw="32" slack="2147483647"/>
<pin id="562" dir="0" index="1" bw="32" slack="2147483647"/>
<pin id="563" dir="1" index="2" bw="32" slack="2147483647"/>
</pin_list>
<bind>
<opcode="fmul(13) " fcode="fmul"/>
<opset="t2_2/4 t2_2/4 "/>
</bind>
</comp>

<comp id="564" class="1004" name="grp_fu_564">
<pin_list>
<pin id="565" dir="0" index="0" bw="32" slack="2147483647"/>
<pin id="566" dir="0" index="1" bw="32" slack="2147483647"/>
<pin id="567" dir="1" index="2" bw="32" slack="2147483647"/>
</pin_list>
<bind>
<opcode="fmul(13) " fcode="fmul"/>
<opset="t3_2/4 t3_2/4 "/>
</bind>
</comp>

<comp id="568" class="1004" name="grp_fu_568">
<pin_list>
<pin id="569" dir="0" index="0" bw="32" slack="2147483647"/>
<pin id="570" dir="0" index="1" bw="32" slack="2147483647"/>
<pin id="571" dir="1" index="2" bw="32" slack="2147483647"/>
</pin_list>
<bind>
<opcode="fmul(13) " fcode="fmul"/>
<opset="t4_2/4 t4_2/4 "/>
</bind>
</comp>

<comp id="572" class="1004" name="grp_fu_572">
<pin_list>
<pin id="573" dir="0" index="0" bw="32" slack="2147483647"/>
<pin id="574" dir="0" index="1" bw="32" slack="2147483647"/>
<pin id="575" dir="1" index="2" bw="32" slack="2147483647"/>
</pin_list>
<bind>
<opcode="fmul(13) " fcode="fmul"/>
<opset="t1_3/4 t1_3/4 "/>
</bind>
</comp>

<comp id="576" class="1004" name="grp_fu_576">
<pin_list>
<pin id="577" dir="0" index="0" bw="32" slack="2147483647"/>
<pin id="578" dir="0" index="1" bw="32" slack="2147483647"/>
<pin id="579" dir="1" index="2" bw="32" slack="2147483647"/>
</pin_list>
<bind>
<opcode="fmul(13) " fcode="fmul"/>
<opset="t2_3/4 t2_3/4 "/>
</bind>
</comp>

<comp id="580" class="1004" name="grp_fu_580">
<pin_list>
<pin id="581" dir="0" index="0" bw="32" slack="2147483647"/>
<pin id="582" dir="0" index="1" bw="32" slack="2147483647"/>
<pin id="583" dir="1" index="2" bw="32" slack="2147483647"/>
</pin_list>
<bind>
<opcode="fmul(13) " fcode="fmul"/>
<opset="t3_3/4 t3_3/4 "/>
</bind>
</comp>

<comp id="584" class="1004" name="grp_fu_584">
<pin_list>
<pin id="585" dir="0" index="0" bw="32" slack="2147483647"/>
<pin id="586" dir="0" index="1" bw="32" slack="2147483647"/>
<pin id="587" dir="1" index="2" bw="32" slack="2147483647"/>
</pin_list>
<bind>
<opcode="fmul(13) " fcode="fmul"/>
<opset="t4_3/4 t4_3/4 "/>
</bind>
</comp>

<comp id="588" class="1004" name="grp_fu_588">
<pin_list>
<pin id="589" dir="0" index="0" bw="32" slack="2147483647"/>
<pin id="590" dir="0" index="1" bw="32" slack="2147483647"/>
<pin id="591" dir="1" index="2" bw="32" slack="2147483647"/>
</pin_list>
<bind>
<opcode="fmul(13) " fcode="fmul"/>
<opset="t1_4/4 t1_4/4 "/>
</bind>
</comp>

<comp id="592" class="1004" name="grp_fu_592">
<pin_list>
<pin id="593" dir="0" index="0" bw="32" slack="2147483647"/>
<pin id="594" dir="0" index="1" bw="32" slack="2147483647"/>
<pin id="595" dir="1" index="2" bw="32" slack="2147483647"/>
</pin_list>
<bind>
<opcode="fmul(13) " fcode="fmul"/>
<opset="t2_4/4 t2_4/4 "/>
</bind>
</comp>

<comp id="596" class="1004" name="grp_fu_596">
<pin_list>
<pin id="597" dir="0" index="0" bw="32" slack="2147483647"/>
<pin id="598" dir="0" index="1" bw="32" slack="2147483647"/>
<pin id="599" dir="1" index="2" bw="32" slack="2147483647"/>
</pin_list>
<bind>
<opcode="fmul(13) " fcode="fmul"/>
<opset="t3_4/4 t3_4/4 "/>
</bind>
</comp>

<comp id="600" class="1004" name="grp_fu_600">
<pin_list>
<pin id="601" dir="0" index="0" bw="32" slack="2147483647"/>
<pin id="602" dir="0" index="1" bw="32" slack="2147483647"/>
<pin id="603" dir="1" index="2" bw="32" slack="2147483647"/>
</pin_list>
<bind>
<opcode="fmul(13) " fcode="fmul"/>
<opset="t4_4/4 t4_4/4 "/>
</bind>
</comp>

<comp id="604" class="1004" name="grp_fu_604">
<pin_list>
<pin id="605" dir="0" index="0" bw="32" slack="2147483647"/>
<pin id="606" dir="0" index="1" bw="32" slack="2147483647"/>
<pin id="607" dir="1" index="2" bw="32" slack="2147483647"/>
</pin_list>
<bind>
<opcode="fmul(13) " fcode="fmul"/>
<opset="t1_5/4 t1_5/4 "/>
</bind>
</comp>

<comp id="608" class="1004" name="grp_fu_608">
<pin_list>
<pin id="609" dir="0" index="0" bw="32" slack="2147483647"/>
<pin id="610" dir="0" index="1" bw="32" slack="2147483647"/>
<pin id="611" dir="1" index="2" bw="32" slack="2147483647"/>
</pin_list>
<bind>
<opcode="fmul(13) " fcode="fmul"/>
<opset="t2_5/4 t2_5/4 "/>
</bind>
</comp>

<comp id="612" class="1004" name="grp_fu_612">
<pin_list>
<pin id="613" dir="0" index="0" bw="32" slack="2147483647"/>
<pin id="614" dir="0" index="1" bw="32" slack="2147483647"/>
<pin id="615" dir="1" index="2" bw="32" slack="2147483647"/>
</pin_list>
<bind>
<opcode="fmul(13) " fcode="fmul"/>
<opset="t3_5/4 t3_5/4 "/>
</bind>
</comp>

<comp id="616" class="1004" name="grp_fu_616">
<pin_list>
<pin id="617" dir="0" index="0" bw="32" slack="2147483647"/>
<pin id="618" dir="0" index="1" bw="32" slack="2147483647"/>
<pin id="619" dir="1" index="2" bw="32" slack="2147483647"/>
</pin_list>
<bind>
<opcode="fmul(13) " fcode="fmul"/>
<opset="t4_5/4 t4_5/4 "/>
</bind>
</comp>

<comp id="620" class="1004" name="grp_fu_620">
<pin_list>
<pin id="621" dir="0" index="0" bw="32" slack="2147483647"/>
<pin id="622" dir="0" index="1" bw="32" slack="2147483647"/>
<pin id="623" dir="1" index="2" bw="32" slack="2147483647"/>
</pin_list>
<bind>
<opcode="fmul(13) " fcode="fmul"/>
<opset="t1_6/4 t1_6/4 "/>
</bind>
</comp>

<comp id="624" class="1004" name="grp_fu_624">
<pin_list>
<pin id="625" dir="0" index="0" bw="32" slack="2147483647"/>
<pin id="626" dir="0" index="1" bw="32" slack="2147483647"/>
<pin id="627" dir="1" index="2" bw="32" slack="2147483647"/>
</pin_list>
<bind>
<opcode="fmul(13) " fcode="fmul"/>
<opset="t2_6/4 t2_6/4 "/>
</bind>
</comp>

<comp id="628" class="1004" name="grp_fu_628">
<pin_list>
<pin id="629" dir="0" index="0" bw="32" slack="2147483647"/>
<pin id="630" dir="0" index="1" bw="32" slack="2147483647"/>
<pin id="631" dir="1" index="2" bw="32" slack="2147483647"/>
</pin_list>
<bind>
<opcode="fmul(13) " fcode="fmul"/>
<opset="t3_6/4 t3_6/4 "/>
</bind>
</comp>

<comp id="632" class="1004" name="grp_fu_632">
<pin_list>
<pin id="633" dir="0" index="0" bw="32" slack="2147483647"/>
<pin id="634" dir="0" index="1" bw="32" slack="2147483647"/>
<pin id="635" dir="1" index="2" bw="32" slack="2147483647"/>
</pin_list>
<bind>
<opcode="fmul(13) " fcode="fmul"/>
<opset="t4_6/4 t4_6/4 "/>
</bind>
</comp>

<comp id="636" class="1004" name="grp_fu_636">
<pin_list>
<pin id="637" dir="0" index="0" bw="32" slack="2147483647"/>
<pin id="638" dir="0" index="1" bw="32" slack="2147483647"/>
<pin id="639" dir="1" index="2" bw="32" slack="2147483647"/>
</pin_list>
<bind>
<opcode="fmul(13) " fcode="fmul"/>
<opset="t1_7/4 t1_7/4 "/>
</bind>
</comp>

<comp id="640" class="1004" name="grp_fu_640">
<pin_list>
<pin id="641" dir="0" index="0" bw="32" slack="2147483647"/>
<pin id="642" dir="0" index="1" bw="32" slack="2147483647"/>
<pin id="643" dir="1" index="2" bw="32" slack="2147483647"/>
</pin_list>
<bind>
<opcode="fmul(13) " fcode="fmul"/>
<opset="t2_7/4 t2_7/4 "/>
</bind>
</comp>

<comp id="644" class="1004" name="grp_fu_644">
<pin_list>
<pin id="645" dir="0" index="0" bw="32" slack="2147483647"/>
<pin id="646" dir="0" index="1" bw="32" slack="2147483647"/>
<pin id="647" dir="1" index="2" bw="32" slack="2147483647"/>
</pin_list>
<bind>
<opcode="fmul(13) " fcode="fmul"/>
<opset="t3_7/4 t3_7/4 "/>
</bind>
</comp>

<comp id="648" class="1004" name="grp_fu_648">
<pin_list>
<pin id="649" dir="0" index="0" bw="32" slack="2147483647"/>
<pin id="650" dir="0" index="1" bw="32" slack="2147483647"/>
<pin id="651" dir="1" index="2" bw="32" slack="2147483647"/>
</pin_list>
<bind>
<opcode="fmul(13) " fcode="fmul"/>
<opset="t4_7/4 t4_7/4 "/>
</bind>
</comp>

</comp_list>

<net_list>
<net id="95"><net_src comp="44" pin="0"/><net_sink comp="92" pin=0"/></net>

<net id="101"><net_src comp="0" pin="0"/><net_sink comp="96" pin=0"/></net>

<net id="102"><net_src comp="72" pin="0"/><net_sink comp="96" pin=1"/></net>

<net id="108"><net_src comp="96" pin="3"/><net_sink comp="103" pin=0"/></net>

<net id="114"><net_src comp="4" pin="0"/><net_sink comp="109" pin=0"/></net>

<net id="115"><net_src comp="72" pin="0"/><net_sink comp="109" pin=1"/></net>

<net id="121"><net_src comp="109" pin="3"/><net_sink comp="116" pin=0"/></net>

<net id="127"><net_src comp="2" pin="0"/><net_sink comp="122" pin=0"/></net>

<net id="128"><net_src comp="72" pin="0"/><net_sink comp="122" pin=1"/></net>

<net id="134"><net_src comp="122" pin="3"/><net_sink comp="129" pin=0"/></net>

<net id="140"><net_src comp="6" pin="0"/><net_sink comp="135" pin=0"/></net>

<net id="141"><net_src comp="72" pin="0"/><net_sink comp="135" pin=1"/></net>

<net id="147"><net_src comp="135" pin="3"/><net_sink comp="142" pin=0"/></net>

<net id="172"><net_src comp="76" pin="0"/><net_sink comp="148" pin=0"/></net>

<net id="173"><net_src comp="38" pin="0"/><net_sink comp="148" pin=1"/></net>

<net id="174"><net_src comp="36" pin="0"/><net_sink comp="148" pin=2"/></net>

<net id="175"><net_src comp="34" pin="0"/><net_sink comp="148" pin=3"/></net>

<net id="176"><net_src comp="32" pin="0"/><net_sink comp="148" pin=4"/></net>

<net id="177"><net_src comp="30" pin="0"/><net_sink comp="148" pin=5"/></net>

<net id="178"><net_src comp="28" pin="0"/><net_sink comp="148" pin=6"/></net>

<net id="179"><net_src comp="26" pin="0"/><net_sink comp="148" pin=7"/></net>

<net id="180"><net_src comp="24" pin="0"/><net_sink comp="148" pin=8"/></net>

<net id="181"><net_src comp="22" pin="0"/><net_sink comp="148" pin=9"/></net>

<net id="182"><net_src comp="20" pin="0"/><net_sink comp="148" pin=10"/></net>

<net id="183"><net_src comp="18" pin="0"/><net_sink comp="148" pin=11"/></net>

<net id="184"><net_src comp="16" pin="0"/><net_sink comp="148" pin=12"/></net>

<net id="185"><net_src comp="14" pin="0"/><net_sink comp="148" pin=13"/></net>

<net id="186"><net_src comp="12" pin="0"/><net_sink comp="148" pin=14"/></net>

<net id="187"><net_src comp="10" pin="0"/><net_sink comp="148" pin=15"/></net>

<net id="188"><net_src comp="8" pin="0"/><net_sink comp="148" pin=16"/></net>

<net id="189"><net_src comp="40" pin="0"/><net_sink comp="148" pin=20"/></net>

<net id="190"><net_src comp="42" pin="0"/><net_sink comp="148" pin=21"/></net>

<net id="215"><net_src comp="82" pin="0"/><net_sink comp="191" pin=0"/></net>

<net id="216"><net_src comp="38" pin="0"/><net_sink comp="191" pin=1"/></net>

<net id="217"><net_src comp="36" pin="0"/><net_sink comp="191" pin=2"/></net>

<net id="218"><net_src comp="34" pin="0"/><net_sink comp="191" pin=3"/></net>

<net id="219"><net_src comp="32" pin="0"/><net_sink comp="191" pin=4"/></net>

<net id="220"><net_src comp="30" pin="0"/><net_sink comp="191" pin=5"/></net>

<net id="221"><net_src comp="28" pin="0"/><net_sink comp="191" pin=6"/></net>

<net id="222"><net_src comp="26" pin="0"/><net_sink comp="191" pin=7"/></net>

<net id="223"><net_src comp="24" pin="0"/><net_sink comp="191" pin=8"/></net>

<net id="224"><net_src comp="22" pin="0"/><net_sink comp="191" pin=9"/></net>

<net id="225"><net_src comp="20" pin="0"/><net_sink comp="191" pin=10"/></net>

<net id="226"><net_src comp="18" pin="0"/><net_sink comp="191" pin=11"/></net>

<net id="227"><net_src comp="16" pin="0"/><net_sink comp="191" pin=12"/></net>

<net id="228"><net_src comp="14" pin="0"/><net_sink comp="191" pin=13"/></net>

<net id="229"><net_src comp="12" pin="0"/><net_sink comp="191" pin=14"/></net>

<net id="230"><net_src comp="10" pin="0"/><net_sink comp="191" pin=15"/></net>

<net id="231"><net_src comp="8" pin="0"/><net_sink comp="191" pin=16"/></net>

<net id="232"><net_src comp="40" pin="0"/><net_sink comp="191" pin=20"/></net>

<net id="233"><net_src comp="42" pin="0"/><net_sink comp="191" pin=21"/></net>

<net id="238"><net_src comp="62" pin="0"/><net_sink comp="234" pin=0"/></net>

<net id="247"><net_src comp="64" pin="0"/><net_sink comp="242" pin=0"/></net>

<net id="248"><net_src comp="239" pin="1"/><net_sink comp="242" pin=1"/></net>

<net id="249"><net_src comp="66" pin="0"/><net_sink comp="242" pin=2"/></net>

<net id="253"><net_src comp="239" pin="1"/><net_sink comp="250" pin=0"/></net>

<net id="260"><net_src comp="68" pin="0"/><net_sink comp="254" pin=0"/></net>

<net id="261"><net_src comp="239" pin="1"/><net_sink comp="254" pin=1"/></net>

<net id="262"><net_src comp="44" pin="0"/><net_sink comp="254" pin=2"/></net>

<net id="263"><net_src comp="70" pin="0"/><net_sink comp="254" pin=3"/></net>

<net id="267"><net_src comp="254" pin="4"/><net_sink comp="264" pin=0"/></net>

<net id="268"><net_src comp="264" pin="1"/><net_sink comp="96" pin=2"/></net>

<net id="269"><net_src comp="264" pin="1"/><net_sink comp="109" pin=2"/></net>

<net id="274"><net_src comp="239" pin="1"/><net_sink comp="270" pin=0"/></net>

<net id="275"><net_src comp="74" pin="0"/><net_sink comp="270" pin=1"/></net>

<net id="280"><net_src comp="270" pin="2"/><net_sink comp="276" pin=0"/></net>

<net id="284"><net_src comp="281" pin="1"/><net_sink comp="148" pin=18"/></net>

<net id="288"><net_src comp="285" pin="1"/><net_sink comp="148" pin=19"/></net>

<net id="292"><net_src comp="289" pin="1"/><net_sink comp="191" pin=18"/></net>

<net id="296"><net_src comp="293" pin="1"/><net_sink comp="191" pin=19"/></net>

<net id="302"><net_src comp="78" pin="0"/><net_sink comp="297" pin=0"/></net>

<net id="303"><net_src comp="80" pin="0"/><net_sink comp="297" pin=2"/></net>

<net id="304"><net_src comp="297" pin="3"/><net_sink comp="191" pin=17"/></net>

<net id="308"><net_src comp="92" pin="1"/><net_sink comp="305" pin=0"/></net>

<net id="309"><net_src comp="305" pin="1"/><net_sink comp="234" pin=1"/></net>

<net id="310"><net_src comp="305" pin="1"/><net_sink comp="239" pin=0"/></net>

<net id="311"><net_src comp="305" pin="1"/><net_sink comp="276" pin=1"/></net>

<net id="318"><net_src comp="250" pin="1"/><net_sink comp="315" pin=0"/></net>

<net id="319"><net_src comp="315" pin="1"/><net_sink comp="148" pin=17"/></net>

<net id="323"><net_src comp="254" pin="4"/><net_sink comp="320" pin=0"/></net>

<net id="324"><net_src comp="320" pin="1"/><net_sink comp="297" pin=1"/></net>

<net id="328"><net_src comp="264" pin="1"/><net_sink comp="325" pin=0"/></net>

<net id="329"><net_src comp="325" pin="1"/><net_sink comp="122" pin=2"/></net>

<net id="330"><net_src comp="325" pin="1"/><net_sink comp="135" pin=2"/></net>

<net id="334"><net_src comp="96" pin="3"/><net_sink comp="331" pin=0"/></net>

<net id="335"><net_src comp="331" pin="1"/><net_sink comp="103" pin=0"/></net>

<net id="339"><net_src comp="109" pin="3"/><net_sink comp="336" pin=0"/></net>

<net id="340"><net_src comp="336" pin="1"/><net_sink comp="116" pin=0"/></net>

<net id="344"><net_src comp="103" pin="3"/><net_sink comp="341" pin=0"/></net>

<net id="345"><net_src comp="341" pin="1"/><net_sink comp="281" pin=0"/></net>

<net id="349"><net_src comp="116" pin="3"/><net_sink comp="346" pin=0"/></net>

<net id="350"><net_src comp="346" pin="1"/><net_sink comp="285" pin=0"/></net>

<net id="354"><net_src comp="281" pin="1"/><net_sink comp="351" pin=0"/></net>

<net id="355"><net_src comp="351" pin="1"/><net_sink comp="148" pin=18"/></net>

<net id="359"><net_src comp="285" pin="1"/><net_sink comp="356" pin=0"/></net>

<net id="360"><net_src comp="356" pin="1"/><net_sink comp="148" pin=19"/></net>

<net id="364"><net_src comp="122" pin="3"/><net_sink comp="361" pin=0"/></net>

<net id="365"><net_src comp="361" pin="1"/><net_sink comp="129" pin=0"/></net>

<net id="369"><net_src comp="135" pin="3"/><net_sink comp="366" pin=0"/></net>

<net id="370"><net_src comp="366" pin="1"/><net_sink comp="142" pin=0"/></net>

<net id="374"><net_src comp="129" pin="3"/><net_sink comp="371" pin=0"/></net>

<net id="375"><net_src comp="371" pin="1"/><net_sink comp="289" pin=0"/></net>

<net id="379"><net_src comp="142" pin="3"/><net_sink comp="376" pin=0"/></net>

<net id="380"><net_src comp="376" pin="1"/><net_sink comp="293" pin=0"/></net>

<net id="384"><net_src comp="289" pin="1"/><net_sink comp="381" pin=0"/></net>

<net id="385"><net_src comp="381" pin="1"/><net_sink comp="191" pin=18"/></net>

<net id="389"><net_src comp="293" pin="1"/><net_sink comp="386" pin=0"/></net>

<net id="390"><net_src comp="386" pin="1"/><net_sink comp="191" pin=19"/></net>

<net id="394"><net_src comp="297" pin="3"/><net_sink comp="391" pin=0"/></net>

<net id="395"><net_src comp="391" pin="1"/><net_sink comp="191" pin=17"/></net>

</net_list>

</model> 
---------------- Datapath Model END ------------------

* FSMD analyzer results:
  - Output states:
	Port: real_op_0 | {4 5 6 7 }
	Port: real_op_1 | {4 5 6 7 }
	Port: real_op_2 | {4 5 6 7 }
	Port: real_op_3 | {4 5 6 7 }
	Port: real_op_4 | {4 5 6 7 }
	Port: real_op_5 | {4 5 6 7 }
	Port: real_op_6 | {4 5 6 7 }
	Port: real_op_7 | {4 5 6 7 }
	Port: imag_op_0 | {4 5 6 7 }
	Port: imag_op_1 | {4 5 6 7 }
	Port: imag_op_2 | {4 5 6 7 }
	Port: imag_op_3 | {4 5 6 7 }
	Port: imag_op_4 | {4 5 6 7 }
	Port: imag_op_5 | {4 5 6 7 }
	Port: imag_op_6 | {4 5 6 7 }
	Port: imag_op_7 | {4 5 6 7 }
 - Input state : 
	Port: dft : real_sample_0 | {2 3 }
	Port: dft : real_sample_1 | {4 5 }
	Port: dft : imag_sample_0 | {2 3 }
	Port: dft : imag_sample_1 | {4 5 }
	Port: dft : real_op_0 | {4 5 6 7 }
	Port: dft : real_op_1 | {4 5 6 7 }
	Port: dft : real_op_2 | {4 5 6 7 }
	Port: dft : real_op_3 | {4 5 6 7 }
	Port: dft : real_op_4 | {4 5 6 7 }
	Port: dft : real_op_5 | {4 5 6 7 }
	Port: dft : real_op_6 | {4 5 6 7 }
	Port: dft : real_op_7 | {4 5 6 7 }
	Port: dft : imag_op_0 | {4 5 6 7 }
	Port: dft : imag_op_1 | {4 5 6 7 }
	Port: dft : imag_op_2 | {4 5 6 7 }
	Port: dft : imag_op_3 | {4 5 6 7 }
	Port: dft : imag_op_4 | {4 5 6 7 }
	Port: dft : imag_op_5 | {4 5 6 7 }
	Port: dft : imag_op_6 | {4 5 6 7 }
	Port: dft : imag_op_7 | {4 5 6 7 }
	Port: dft : cos_coefficients_table | {4 5 6 7 }
	Port: dft : sin_coefficients_table | {4 5 6 7 }
  - Chain level:
	State 1
		store_ln14 : 1
	State 2
		tmp : 1
		br_ln14 : 2
		trunc_ln14 : 1
		lshr_ln : 1
		zext_ln14 : 2
		real_sample_0_addr : 3
		real_sample_0_load : 4
		imag_sample_0_addr : 3
		imag_sample_0_load : 4
		add_ln14 : 1
		store_ln14 : 2
	State 3
	State 4
		call_ln14 : 1
		real_sample_1_load : 1
		imag_sample_1_load : 1
	State 5
	State 6
		call_ln29 : 1
	State 7


============================================================
+ Verbose Summary: Datapath Resource usage 
============================================================

* Functional unit list:
|----------|-------------------------------------|---------|---------|---------|---------|
| Operation|           Functional Unit           |   DSP   |  Delay  |    FF   |   LUT   |
|----------|-------------------------------------|---------|---------|---------|---------|
|   call   |  grp_dft_Pipeline_INNER_LOOP_fu_148 |   160   |  76.224 |  15155  |  23700  |
|          | grp_dft_Pipeline_INNER_LOOP1_fu_191 |   160   |  76.224 |  15155  |  23700  |
|----------|-------------------------------------|---------|---------|---------|---------|
|          |              grp_fu_396             |    2    |    0    |   205   |   390   |
|          |              grp_fu_400             |    2    |    0    |   205   |   390   |
|          |              grp_fu_404             |    2    |    0    |   205   |   390   |
|          |              grp_fu_408             |    2    |    0    |   205   |   390   |
|          |              grp_fu_412             |    2    |    0    |   205   |   390   |
|          |              grp_fu_416             |    2    |    0    |   205   |   390   |
|          |              grp_fu_420             |    2    |    0    |   205   |   390   |
|          |              grp_fu_424             |    2    |    0    |   205   |   390   |
|          |              grp_fu_428             |    2    |    0    |   205   |   390   |
|          |              grp_fu_432             |    2    |    0    |   205   |   390   |
|          |              grp_fu_436             |    2    |    0    |   205   |   390   |
|          |              grp_fu_440             |    2    |    0    |   205   |   390   |
|          |              grp_fu_444             |    2    |    0    |   205   |   390   |
|          |              grp_fu_448             |    2    |    0    |   205   |   390   |
|          |              grp_fu_452             |    2    |    0    |   205   |   390   |
|   fadd   |              grp_fu_456             |    2    |    0    |   205   |   390   |
|          |              grp_fu_460             |    2    |    0    |   205   |   390   |
|          |              grp_fu_464             |    2    |    0    |   205   |   390   |
|          |              grp_fu_468             |    2    |    0    |   205   |   390   |
|          |              grp_fu_472             |    2    |    0    |   205   |   390   |
|          |              grp_fu_476             |    2    |    0    |   205   |   390   |
|          |              grp_fu_480             |    2    |    0    |   205   |   390   |
|          |              grp_fu_484             |    2    |    0    |   205   |   390   |
|          |              grp_fu_488             |    2    |    0    |   205   |   390   |
|          |              grp_fu_492             |    2    |    0    |   205   |   390   |
|          |              grp_fu_496             |    2    |    0    |   205   |   390   |
|          |              grp_fu_500             |    2    |    0    |   205   |   390   |
|          |              grp_fu_504             |    2    |    0    |   205   |   390   |
|          |              grp_fu_508             |    2    |    0    |   205   |   390   |
|          |              grp_fu_512             |    2    |    0    |   205   |   390   |
|          |              grp_fu_516             |    2    |    0    |   205   |   390   |
|          |              grp_fu_520             |    2    |    0    |   205   |   390   |
|----------|-------------------------------------|---------|---------|---------|---------|
|          |              grp_fu_524             |    3    |    0    |   143   |   321   |
|          |              grp_fu_528             |    3    |    0    |   143   |   321   |
|          |              grp_fu_532             |    3    |    0    |   143   |   321   |
|          |              grp_fu_536             |    3    |    0    |   143   |   321   |
|          |              grp_fu_540             |    3    |    0    |   143   |   321   |
|          |              grp_fu_544             |    3    |    0    |   143   |   321   |
|          |              grp_fu_548             |    3    |    0    |   143   |   321   |
|          |              grp_fu_552             |    3    |    0    |   143   |   321   |
|          |              grp_fu_556             |    3    |    0    |   143   |   321   |
|          |              grp_fu_560             |    3    |    0    |   143   |   321   |
|          |              grp_fu_564             |    3    |    0    |   143   |   321   |
|          |              grp_fu_568             |    3    |    0    |   143   |   321   |
|          |              grp_fu_572             |    3    |    0    |   143   |   321   |
|          |              grp_fu_576             |    3    |    0    |   143   |   321   |
|          |              grp_fu_580             |    3    |    0    |   143   |   321   |
|   fmul   |              grp_fu_584             |    3    |    0    |   143   |   321   |
|          |              grp_fu_588             |    3    |    0    |   143   |   321   |
|          |              grp_fu_592             |    3    |    0    |   143   |   321   |
|          |              grp_fu_596             |    3    |    0    |   143   |   321   |
|          |              grp_fu_600             |    3    |    0    |   143   |   321   |
|          |              grp_fu_604             |    3    |    0    |   143   |   321   |
|          |              grp_fu_608             |    3    |    0    |   143   |   321   |
|          |              grp_fu_612             |    3    |    0    |   143   |   321   |
|          |              grp_fu_616             |    3    |    0    |   143   |   321   |
|          |              grp_fu_620             |    3    |    0    |   143   |   321   |
|          |              grp_fu_624             |    3    |    0    |   143   |   321   |
|          |              grp_fu_628             |    3    |    0    |   143   |   321   |
|          |              grp_fu_632             |    3    |    0    |   143   |   321   |
|          |              grp_fu_636             |    3    |    0    |   143   |   321   |
|          |              grp_fu_640             |    3    |    0    |   143   |   321   |
|          |              grp_fu_644             |    3    |    0    |   143   |   321   |
|          |              grp_fu_648             |    3    |    0    |   143   |   321   |
|----------|-------------------------------------|---------|---------|---------|---------|
|    add   |           add_ln14_fu_270           |    0    |    0    |    0    |    12   |
|----------|-------------------------------------|---------|---------|---------|---------|
| bitselect|              tmp_fu_242             |    0    |    0    |    0    |    0    |
|----------|-------------------------------------|---------|---------|---------|---------|
|   trunc  |          trunc_ln14_fu_250          |    0    |    0    |    0    |    0    |
|----------|-------------------------------------|---------|---------|---------|---------|
|partselect|            lshr_ln_fu_254           |    0    |    0    |    0    |    0    |
|----------|-------------------------------------|---------|---------|---------|---------|
|   zext   |           zext_ln14_fu_264          |    0    |    0    |    0    |    0    |
|----------|-------------------------------------|---------|---------|---------|---------|
|bitconcatenate|           or_ln29_7_fu_297          |    0    |    0    |    0    |    0    |
|----------|-------------------------------------|---------|---------|---------|---------|
|   Total  |                                     |   480   | 152.448 |  41446  |  70164  |
|----------|-------------------------------------|---------|---------|---------|---------|

Memories:
+----------------------+--------+--------+--------+
|                      |  BRAM  |   FF   |   LUT  |
+----------------------+--------+--------+--------+
|cos_coefficients_table|    8   |    0   |    0   |
|sin_coefficients_table|    8   |    0   |    0   |
+----------------------+--------+--------+--------+
|         Total        |   16   |    0   |    0   |
+----------------------+--------+--------+--------+

* Register list:
+--------------------------+--------+
|                          |   FF   |
+--------------------------+--------+
|imag_sample_0_addr_reg_336|    9   |
|imag_sample_0_load_reg_346|   32   |
|imag_sample_1_addr_reg_366|    9   |
|imag_sample_1_load_reg_376|   32   |
|       is_1_reg_386       |   32   |
|        is_reg_356        |   32   |
|         j_reg_305        |   11   |
|      lshr_ln_reg_320     |    9   |
|     or_ln29_7_reg_391    |   10   |
|real_sample_0_addr_reg_331|    9   |
|real_sample_0_load_reg_341|   32   |
|real_sample_1_addr_reg_361|    9   |
|real_sample_1_load_reg_371|   32   |
|       rs_1_reg_381       |   32   |
|        rs_reg_351        |   32   |
|    trunc_ln14_reg_315    |   10   |
|     zext_ln14_reg_325    |   64   |
+--------------------------+--------+
|           Total          |   396  |
+--------------------------+--------+

* Multiplexer (MUX) list: 
|-------------------------------------|------|------|------|--------||---------||---------||---------|
|                 Comp                |  Pin | Size |  BW  | S x BW ||  Delay  ||    FF   ||   LUT   |
|-------------------------------------|------|------|------|--------||---------||---------||---------|
|          grp_access_fu_103          |  p0  |   2  |   9  |   18   ||    0    ||    9    |
|          grp_access_fu_116          |  p0  |   2  |   9  |   18   ||    0    ||    9    |
|          grp_access_fu_129          |  p0  |   2  |   9  |   18   ||    0    ||    9    |
|          grp_access_fu_142          |  p0  |   2  |   9  |   18   ||    0    ||    9    |
|  grp_dft_Pipeline_INNER_LOOP_fu_148 |  p18 |   2  |  32  |   64   ||    0    ||    9    |
|  grp_dft_Pipeline_INNER_LOOP_fu_148 |  p19 |   2  |  32  |   64   ||    0    ||    9    |
| grp_dft_Pipeline_INNER_LOOP1_fu_191 |  p17 |   2  |  10  |   20   ||    0    ||    9    |
| grp_dft_Pipeline_INNER_LOOP1_fu_191 |  p18 |   2  |  32  |   64   ||    0    ||    9    |
| grp_dft_Pipeline_INNER_LOOP1_fu_191 |  p19 |   2  |  32  |   64   ||    0    ||    9    |
|-------------------------------------|------|------|------|--------||---------||---------||---------|
|                Total                |      |      |      |   348  ||  14.292 ||    0    ||    81   |
|-------------------------------------|------|------|------|--------||---------||---------||---------|



* Summary:
+-----------+--------+--------+--------+--------+--------+
|           |  BRAM  |   DSP  |  Delay |   FF   |   LUT  |
+-----------+--------+--------+--------+--------+--------+
|  Function |    -   |   480  |   152  |  41446 |  70164 |
|   Memory  |   16   |    -   |    -   |    0   |    0   |
|Multiplexer|    -   |    -   |   14   |    0   |   81   |
|  Register |    -   |    -   |    -   |   396  |    -   |
+-----------+--------+--------+--------+--------+--------+
|   Total   |   16   |   480  |   166  |  41842 |  70245 |
+-----------+--------+--------+--------+--------+--------+
