

================================================================
== Vitis HLS Report for 'dft_Pipeline_INNER_LOOP1'
================================================================
* Date:           Fri Nov  7 20:22:19 2025

* Version:        2024.2 (Build 5238294 on Nov  8 2024)
* Project:        dft_1024_opt
* Solution:       hls (Vivado IP Flow Target)
* Product family: zynq
* Target device:  xc7z020-clg400-1


================================================================
== Performance Estimates
================================================================
+ Timing: 
    * Summary: 
    +--------+----------+----------+------------+
    |  Clock |  Target  | Estimated| Uncertainty|
    +--------+----------+----------+------------+
    |ap_clk  |  10.00 ns|  7.256 ns|     2.70 ns|
    +--------+----------+----------+------------+

+ Latency: 
    * Summary: 
    +---------+---------+----------+----------+-----+-----+------------------------------------------------+
    |  Latency (cycles) |  Latency (absolute) |  Interval |                    Pipeline                    |
    |   min   |   max   |    min   |    max   | min | max |                      Type                      |
    +---------+---------+----------+----------+-----+-----+------------------------------------------------+
    |      146|      146|  1.460 us|  1.460 us|  129|  129|  loop auto-rewind stp (delay=0 clock cycles(s))|
    +---------+---------+----------+----------+-----+-----+------------------------------------------------+

    + Detail: 
        * Instance: 
        N/A

        * Loop: 
        +--------------+---------+---------+----------+-----------+-----------+------+----------+
        |              |  Latency (cycles) | Iteration|  Initiation Interval  | Trip |          |
        |   Loop Name  |   min   |   max   |  Latency |  achieved |   target  | Count| Pipelined|
        +--------------+---------+---------+----------+-----------+-----------+------+----------+
        |- INNER_LOOP  |      144|      144|        18|          1|          1|   128|       yes|
        +--------------+---------+---------+----------+-----------+-----------+------+----------+

============================================================
+ Verbose Summary: Synthesis Manager
============================================================
InlineROM: 1
ExposeGlobal: 0
============================================================
+ Verbose Summary: CDFG Model
============================================================
IsTopModel: 0
ResetActiveHigh: 1
IsCombinational: 0
IsDatapathOnly: 0
HasWiredReturn: 1
HasMFsm: 2
HasVarLatency: 1
IsPipeline: 0
IsRtlPipelined: 0
IsInstanceOverlapped: 0
IsDontTouch: 0
HasImplIP: 0
IsGatedGlobalClock: 0

+ Individual pipeline summary: 
  * Pipeline-0: initiation interval (II) = 1, depth = 18


============================================================
+ Verbose Summary: Schedule
============================================================
* Number of FSM states : 18
* Pipeline : 1
  Pipeline-0 : II = 1, D = 18, States = { 1 2 3 4 5 6 7 8 9 10 11 12 13 14 15 16 17 18 }
* Dataflow Pipeline: 0

* FSM state transitions: 
1 --> 2 
2 --> 3 
3 --> 4 
4 --> 5 
5 --> 6 
6 --> 7 
7 --> 8 
8 --> 9 
9 --> 10 
10 --> 11 
11 --> 12 
12 --> 13 
13 --> 14 
14 --> 15 
15 --> 16 
16 --> 17 
17 --> 18 
18 --> 

* FSM state operations: 

State 1 <SV = 0> <Delay = 6.10>
ST_1 : Operation 21 [1/1] (0.00ns)   --->   "%i = alloca i32 1" [../dft.cpp:22]   --->   Operation 21 'alloca' 'i' <Predicate = true> <Delay = 0.00>
ST_1 : Operation 22 [1/1] (0.00ns)   --->   "%specinterface_ln0 = specinterface void @_ssdm_op_SpecInterface, i32 %imag_op_7, void @empty, i32 0, i32 0, void @empty_0, i32 4294967295, i32 0, void @empty_0, void @empty_0, void @empty_0, i32 0, i32 0, i32 0, i32 0, void @empty_0, void @empty_0, i32 4294967295, i32 0, i32 0"   --->   Operation 22 'specinterface' 'specinterface_ln0' <Predicate = true> <Delay = 0.00>
ST_1 : Operation 23 [1/1] (0.00ns)   --->   "%specinterface_ln0 = specinterface void @_ssdm_op_SpecInterface, i32 %imag_op_6, void @empty, i32 0, i32 0, void @empty_0, i32 4294967295, i32 0, void @empty_0, void @empty_0, void @empty_0, i32 0, i32 0, i32 0, i32 0, void @empty_0, void @empty_0, i32 4294967295, i32 0, i32 0"   --->   Operation 23 'specinterface' 'specinterface_ln0' <Predicate = true> <Delay = 0.00>
ST_1 : Operation 24 [1/1] (0.00ns)   --->   "%specinterface_ln0 = specinterface void @_ssdm_op_SpecInterface, i32 %imag_op_5, void @empty, i32 0, i32 0, void @empty_0, i32 4294967295, i32 0, void @empty_0, void @empty_0, void @empty_0, i32 0, i32 0, i32 0, i32 0, void @empty_0, void @empty_0, i32 4294967295, i32 0, i32 0"   --->   Operation 24 'specinterface' 'specinterface_ln0' <Predicate = true> <Delay = 0.00>
ST_1 : Operation 25 [1/1] (0.00ns)   --->   "%specinterface_ln0 = specinterface void @_ssdm_op_SpecInterface, i32 %imag_op_4, void @empty, i32 0, i32 0, void @empty_0, i32 4294967295, i32 0, void @empty_0, void @empty_0, void @empty_0, i32 0, i32 0, i32 0, i32 0, void @empty_0, void @empty_0, i32 4294967295, i32 0, i32 0"   --->   Operation 25 'specinterface' 'specinterface_ln0' <Predicate = true> <Delay = 0.00>
ST_1 : Operation 26 [1/1] (0.00ns)   --->   "%specinterface_ln0 = specinterface void @_ssdm_op_SpecInterface, i32 %imag_op_3, void @empty, i32 0, i32 0, void @empty_0, i32 4294967295, i32 0, void @empty_0, void @empty_0, void @empty_0, i32 0, i32 0, i32 0, i32 0, void @empty_0, void @empty_0, i32 4294967295, i32 0, i32 0"   --->   Operation 26 'specinterface' 'specinterface_ln0' <Predicate = true> <Delay = 0.00>
ST_1 : Operation 27 [1/1] (0.00ns)   --->   "%specinterface_ln0 = specinterface void @_ssdm_op_SpecInterface, i32 %imag_op_2, void @empty, i32 0, i32 0, void @empty_0, i32 4294967295, i32 0, void @empty_0, void @empty_0, void @empty_0, i32 0, i32 0, i32 0, i32 0, void @empty_0, void @empty_0, i32 4294967295, i32 0, i32 0"   --->   Operation 27 'specinterface' 'specinterface_ln0' <Predicate = true> <Delay = 0.00>
ST_1 : Operation 28 [1/1] (0.00ns)   --->   "%specinterface_ln0 = specinterface void @_ssdm_op_SpecInterface, i32 %imag_op_1, void @empty, i32 0, i32 0, void @empty_0, i32 4294967295, i32 0, void @empty_0, void @empty_0, void @empty_0, i32 0, i32 0, i32 0, i32 0, void @empty_0, void @empty_0, i32 4294967295, i32 0, i32 0"   --->   Operation 28 'specinterface' 'specinterface_ln0' <Predicate = true> <Delay = 0.00>
ST_1 : Operation 29 [1/1] (0.00ns)   --->   "%specinterface_ln0 = specinterface void @_ssdm_op_SpecInterface, i32 %imag_op_0, void @empty, i32 0, i32 0, void @empty_0, i32 4294967295, i32 0, void @empty_0, void @empty_0, void @empty_0, i32 0, i32 0, i32 0, i32 0, void @empty_0, void @empty_0, i32 4294967295, i32 0, i32 0"   --->   Operation 29 'specinterface' 'specinterface_ln0' <Predicate = true> <Delay = 0.00>
ST_1 : Operation 30 [1/1] (0.00ns)   --->   "%specinterface_ln0 = specinterface void @_ssdm_op_SpecInterface, i32 %real_op_7, void @empty, i32 0, i32 0, void @empty_0, i32 4294967295, i32 0, void @empty_0, void @empty_0, void @empty_0, i32 0, i32 0, i32 0, i32 0, void @empty_0, void @empty_0, i32 4294967295, i32 0, i32 0"   --->   Operation 30 'specinterface' 'specinterface_ln0' <Predicate = true> <Delay = 0.00>
ST_1 : Operation 31 [1/1] (0.00ns)   --->   "%specinterface_ln0 = specinterface void @_ssdm_op_SpecInterface, i32 %real_op_6, void @empty, i32 0, i32 0, void @empty_0, i32 4294967295, i32 0, void @empty_0, void @empty_0, void @empty_0, i32 0, i32 0, i32 0, i32 0, void @empty_0, void @empty_0, i32 4294967295, i32 0, i32 0"   --->   Operation 31 'specinterface' 'specinterface_ln0' <Predicate = true> <Delay = 0.00>
ST_1 : Operation 32 [1/1] (0.00ns)   --->   "%specinterface_ln0 = specinterface void @_ssdm_op_SpecInterface, i32 %real_op_5, void @empty, i32 0, i32 0, void @empty_0, i32 4294967295, i32 0, void @empty_0, void @empty_0, void @empty_0, i32 0, i32 0, i32 0, i32 0, void @empty_0, void @empty_0, i32 4294967295, i32 0, i32 0"   --->   Operation 32 'specinterface' 'specinterface_ln0' <Predicate = true> <Delay = 0.00>
ST_1 : Operation 33 [1/1] (0.00ns)   --->   "%specinterface_ln0 = specinterface void @_ssdm_op_SpecInterface, i32 %real_op_4, void @empty, i32 0, i32 0, void @empty_0, i32 4294967295, i32 0, void @empty_0, void @empty_0, void @empty_0, i32 0, i32 0, i32 0, i32 0, void @empty_0, void @empty_0, i32 4294967295, i32 0, i32 0"   --->   Operation 33 'specinterface' 'specinterface_ln0' <Predicate = true> <Delay = 0.00>
ST_1 : Operation 34 [1/1] (0.00ns)   --->   "%specinterface_ln0 = specinterface void @_ssdm_op_SpecInterface, i32 %real_op_3, void @empty, i32 0, i32 0, void @empty_0, i32 4294967295, i32 0, void @empty_0, void @empty_0, void @empty_0, i32 0, i32 0, i32 0, i32 0, void @empty_0, void @empty_0, i32 4294967295, i32 0, i32 0"   --->   Operation 34 'specinterface' 'specinterface_ln0' <Predicate = true> <Delay = 0.00>
ST_1 : Operation 35 [1/1] (0.00ns)   --->   "%specinterface_ln0 = specinterface void @_ssdm_op_SpecInterface, i32 %real_op_2, void @empty, i32 0, i32 0, void @empty_0, i32 4294967295, i32 0, void @empty_0, void @empty_0, void @empty_0, i32 0, i32 0, i32 0, i32 0, void @empty_0, void @empty_0, i32 4294967295, i32 0, i32 0"   --->   Operation 35 'specinterface' 'specinterface_ln0' <Predicate = true> <Delay = 0.00>
ST_1 : Operation 36 [1/1] (0.00ns)   --->   "%specinterface_ln0 = specinterface void @_ssdm_op_SpecInterface, i32 %real_op_1, void @empty, i32 0, i32 0, void @empty_0, i32 4294967295, i32 0, void @empty_0, void @empty_0, void @empty_0, i32 0, i32 0, i32 0, i32 0, void @empty_0, void @empty_0, i32 4294967295, i32 0, i32 0"   --->   Operation 36 'specinterface' 'specinterface_ln0' <Predicate = true> <Delay = 0.00>
ST_1 : Operation 37 [1/1] (0.00ns)   --->   "%specinterface_ln0 = specinterface void @_ssdm_op_SpecInterface, i32 %real_op_0, void @empty, i32 0, i32 0, void @empty_0, i32 4294967295, i32 0, void @empty_0, void @empty_0, void @empty_0, i32 0, i32 0, i32 0, i32 0, void @empty_0, void @empty_0, i32 4294967295, i32 0, i32 0"   --->   Operation 37 'specinterface' 'specinterface_ln0' <Predicate = true> <Delay = 0.00>
ST_1 : Operation 38 [1/1] (0.00ns)   --->   "%is_1_read = read i32 @_ssdm_op_Read.ap_auto.float, i32 %is_1"   --->   Operation 38 'read' 'is_1_read' <Predicate = true> <Delay = 0.00>
ST_1 : Operation 39 [1/1] (0.00ns)   --->   "%rs_1_read = read i32 @_ssdm_op_Read.ap_auto.float, i32 %rs_1"   --->   Operation 39 'read' 'rs_1_read' <Predicate = true> <Delay = 0.00>
ST_1 : Operation 40 [1/1] (0.00ns)   --->   "%or_ln29_7_read = read i10 @_ssdm_op_Read.ap_auto.i10, i10 %or_ln29_7"   --->   Operation 40 'read' 'or_ln29_7_read' <Predicate = true> <Delay = 0.00>
ST_1 : Operation 41 [1/1] (1.58ns)   --->   "%store_ln22 = store i11 0, i11 %i" [../dft.cpp:22]   --->   Operation 41 'store' 'store_ln22' <Predicate = true> <Delay = 1.58>
ST_1 : Operation 42 [1/1] (0.00ns)   --->   "%br_ln0 = br void %for.inc.1"   --->   Operation 42 'br' 'br_ln0' <Predicate = true> <Delay = 0.00>
ST_1 : Operation 43 [1/1] (0.00ns)   --->   "%i_1 = load i11 %i" [../dft.cpp:22]   --->   Operation 43 'load' 'i_1' <Predicate = true> <Delay = 0.00>
ST_1 : Operation 44 [1/1] (0.00ns)   --->   "%tmp = bitselect i1 @_ssdm_op_BitSelect.i1.i11.i32, i11 %i_1, i32 10" [../dft.cpp:22]   --->   Operation 44 'bitselect' 'tmp' <Predicate = true> <Delay = 0.00>
ST_1 : Operation 45 [1/1] (0.00ns)   --->   "%br_ln22 = br i1 %tmp, void %for.inc.1.split, void %for.inc21.1.exitStub" [../dft.cpp:22]   --->   Operation 45 'br' 'br_ln22' <Predicate = true> <Delay = 0.00>
ST_1 : Operation 46 [1/1] (0.00ns)   --->   "%trunc_ln22 = trunc i11 %i_1" [../dft.cpp:22]   --->   Operation 46 'trunc' 'trunc_ln22' <Predicate = (!tmp)> <Delay = 0.00>
ST_1 : Operation 47 [1/1] (0.00ns)   --->   "%lshr_ln22_1 = partselect i7 @_ssdm_op_PartSelect.i7.i11.i32.i32, i11 %i_1, i32 3, i32 9" [../dft.cpp:22]   --->   Operation 47 'partselect' 'lshr_ln22_1' <Predicate = (!tmp)> <Delay = 0.00>
ST_1 : Operation 48 [1/1] (4.52ns)   --->   "%idx = mul i10 %trunc_ln22, i10 %or_ln29_7_read" [../dft.cpp:29]   --->   Operation 48 'mul' 'idx' <Predicate = (!tmp)> <Delay = 4.52> <CoreInst = "Multiplier">   --->   Core 3 'Multiplier' <Latency = 0> <II = 1> <Delay = 4.52> <FuncUnit> <Opcode : 'mul'> <InPorts = 2> <OutPorts = 1>
ST_1 : Operation 49 [1/1] (0.00ns)   --->   "%tmp_s = partselect i9 @_ssdm_op_PartSelect.i9.i11.i32.i32, i11 %i_1, i32 1, i32 9" [../dft.cpp:29]   --->   Operation 49 'partselect' 'tmp_s' <Predicate = (!tmp)> <Delay = 0.00>
ST_1 : Operation 50 [1/1] (0.00ns)   --->   "%or_ln29_8 = bitconcatenate i10 @_ssdm_op_BitConcatenate.i10.i9.i1, i9 %tmp_s, i1 1" [../dft.cpp:29]   --->   Operation 50 'bitconcatenate' 'or_ln29_8' <Predicate = (!tmp)> <Delay = 0.00>
ST_1 : Operation 51 [1/1] (4.52ns)   --->   "%idx_1 = mul i10 %or_ln29_8, i10 %or_ln29_7_read" [../dft.cpp:29]   --->   Operation 51 'mul' 'idx_1' <Predicate = (!tmp)> <Delay = 4.52> <CoreInst = "Multiplier">   --->   Core 3 'Multiplier' <Latency = 0> <II = 1> <Delay = 4.52> <FuncUnit> <Opcode : 'mul'> <InPorts = 2> <OutPorts = 1>
ST_1 : Operation 52 [1/1] (0.00ns)   --->   "%tmp_1 = partselect i8 @_ssdm_op_PartSelect.i8.i11.i32.i32, i11 %i_1, i32 2, i32 9" [../dft.cpp:29]   --->   Operation 52 'partselect' 'tmp_1' <Predicate = (!tmp)> <Delay = 0.00>
ST_1 : Operation 53 [1/1] (0.00ns)   --->   "%or_ln29_9 = bitconcatenate i10 @_ssdm_op_BitConcatenate.i10.i8.i2, i8 %tmp_1, i2 2" [../dft.cpp:29]   --->   Operation 53 'bitconcatenate' 'or_ln29_9' <Predicate = (!tmp)> <Delay = 0.00>
ST_1 : Operation 54 [1/1] (4.52ns)   --->   "%idx_2 = mul i10 %or_ln29_9, i10 %or_ln29_7_read" [../dft.cpp:29]   --->   Operation 54 'mul' 'idx_2' <Predicate = (!tmp)> <Delay = 4.52> <CoreInst = "Multiplier">   --->   Core 3 'Multiplier' <Latency = 0> <II = 1> <Delay = 4.52> <FuncUnit> <Opcode : 'mul'> <InPorts = 2> <OutPorts = 1>
ST_1 : Operation 55 [1/1] (0.00ns)   --->   "%or_ln29_s = bitconcatenate i10 @_ssdm_op_BitConcatenate.i10.i8.i2, i8 %tmp_1, i2 3" [../dft.cpp:29]   --->   Operation 55 'bitconcatenate' 'or_ln29_s' <Predicate = (!tmp)> <Delay = 0.00>
ST_1 : Operation 56 [1/1] (4.52ns)   --->   "%idx_3 = mul i10 %or_ln29_s, i10 %or_ln29_7_read" [../dft.cpp:29]   --->   Operation 56 'mul' 'idx_3' <Predicate = (!tmp)> <Delay = 4.52> <CoreInst = "Multiplier">   --->   Core 3 'Multiplier' <Latency = 0> <II = 1> <Delay = 4.52> <FuncUnit> <Opcode : 'mul'> <InPorts = 2> <OutPorts = 1>
ST_1 : Operation 57 [1/1] (0.00ns)   --->   "%or_ln29_1 = bitconcatenate i10 @_ssdm_op_BitConcatenate.i10.i7.i3, i7 %lshr_ln22_1, i3 4" [../dft.cpp:29]   --->   Operation 57 'bitconcatenate' 'or_ln29_1' <Predicate = (!tmp)> <Delay = 0.00>
ST_1 : Operation 58 [1/1] (4.52ns)   --->   "%idx_4 = mul i10 %or_ln29_1, i10 %or_ln29_7_read" [../dft.cpp:29]   --->   Operation 58 'mul' 'idx_4' <Predicate = (!tmp)> <Delay = 4.52> <CoreInst = "Multiplier">   --->   Core 3 'Multiplier' <Latency = 0> <II = 1> <Delay = 4.52> <FuncUnit> <Opcode : 'mul'> <InPorts = 2> <OutPorts = 1>
ST_1 : Operation 59 [1/1] (0.00ns)   --->   "%tmp_2 = bitselect i1 @_ssdm_op_BitSelect.i1.i11.i32, i11 %i_1, i32 1" [../dft.cpp:29]   --->   Operation 59 'bitselect' 'tmp_2' <Predicate = (!tmp)> <Delay = 0.00>
ST_1 : Operation 60 [1/1] (0.00ns)   --->   "%or_ln29_2 = bitconcatenate i10 @_ssdm_op_BitConcatenate.i10.i7.i1.i1.i1, i7 %lshr_ln22_1, i1 1, i1 %tmp_2, i1 1" [../dft.cpp:29]   --->   Operation 60 'bitconcatenate' 'or_ln29_2' <Predicate = (!tmp)> <Delay = 0.00>
ST_1 : Operation 61 [1/1] (4.52ns)   --->   "%idx_5 = mul i10 %or_ln29_2, i10 %or_ln29_7_read" [../dft.cpp:29]   --->   Operation 61 'mul' 'idx_5' <Predicate = (!tmp)> <Delay = 4.52> <CoreInst = "Multiplier">   --->   Core 3 'Multiplier' <Latency = 0> <II = 1> <Delay = 4.52> <FuncUnit> <Opcode : 'mul'> <InPorts = 2> <OutPorts = 1>
ST_1 : Operation 62 [1/1] (0.00ns)   --->   "%or_ln29_3 = bitconcatenate i10 @_ssdm_op_BitConcatenate.i10.i7.i3, i7 %lshr_ln22_1, i3 6" [../dft.cpp:29]   --->   Operation 62 'bitconcatenate' 'or_ln29_3' <Predicate = (!tmp)> <Delay = 0.00>
ST_1 : Operation 63 [1/1] (4.52ns)   --->   "%idx_6 = mul i10 %or_ln29_3, i10 %or_ln29_7_read" [../dft.cpp:29]   --->   Operation 63 'mul' 'idx_6' <Predicate = (!tmp)> <Delay = 4.52> <CoreInst = "Multiplier">   --->   Core 3 'Multiplier' <Latency = 0> <II = 1> <Delay = 4.52> <FuncUnit> <Opcode : 'mul'> <InPorts = 2> <OutPorts = 1>
ST_1 : Operation 64 [1/1] (0.00ns)   --->   "%or_ln29_4 = bitconcatenate i10 @_ssdm_op_BitConcatenate.i10.i7.i3, i7 %lshr_ln22_1, i3 7" [../dft.cpp:29]   --->   Operation 64 'bitconcatenate' 'or_ln29_4' <Predicate = (!tmp)> <Delay = 0.00>
ST_1 : Operation 65 [1/1] (4.52ns)   --->   "%idx_7 = mul i10 %or_ln29_4, i10 %or_ln29_7_read" [../dft.cpp:29]   --->   Operation 65 'mul' 'idx_7' <Predicate = (!tmp)> <Delay = 4.52> <CoreInst = "Multiplier">   --->   Core 3 'Multiplier' <Latency = 0> <II = 1> <Delay = 4.52> <FuncUnit> <Opcode : 'mul'> <InPorts = 2> <OutPorts = 1>
ST_1 : Operation 66 [1/1] (1.63ns)   --->   "%add_ln22 = add i11 %i_1, i11 8" [../dft.cpp:22]   --->   Operation 66 'add' 'add_ln22' <Predicate = (!tmp)> <Delay = 1.63> <CoreInst = "Adder">   --->   Core 1 'Adder' <Latency = 0> <II = 1> <Delay = 1.63> <FuncUnit> <Opcode : 'add' 'sub'> <InPorts = 2> <OutPorts = 1>
ST_1 : Operation 67 [1/1] (1.58ns)   --->   "%store_ln22 = store i11 %add_ln22, i11 %i" [../dft.cpp:22]   --->   Operation 67 'store' 'store_ln22' <Predicate = (!tmp)> <Delay = 1.58>

State 2 <SV = 1> <Delay = 3.25>
ST_2 : Operation 68 [1/1] (0.00ns)   --->   "%zext_ln32 = zext i10 %idx" [../dft.cpp:32]   --->   Operation 68 'zext' 'zext_ln32' <Predicate = true> <Delay = 0.00>
ST_2 : Operation 69 [1/1] (0.00ns)   --->   "%cos_coefficients_table_addr = getelementptr i32 %cos_coefficients_table, i64 0, i64 %zext_ln32" [../dft.cpp:32]   --->   Operation 69 'getelementptr' 'cos_coefficients_table_addr' <Predicate = true> <Delay = 0.00>
ST_2 : Operation 70 [2/2] (3.25ns)   --->   "%c = load i10 %cos_coefficients_table_addr" [../dft.cpp:32]   --->   Operation 70 'load' 'c' <Predicate = true> <Delay = 3.25> <CoreInst = "ROM">   --->   Core 94 'ROM' <Latency = 1> <II = 1> <Delay = 3.25> <Storage> <Opcode : 'load'> <Ports = 0> <Width = 32> <Depth = 1024> <ROM>
ST_2 : Operation 71 [1/1] (0.00ns)   --->   "%sin_coefficients_table_addr = getelementptr i32 %sin_coefficients_table, i64 0, i64 %zext_ln32" [../dft.cpp:33]   --->   Operation 71 'getelementptr' 'sin_coefficients_table_addr' <Predicate = true> <Delay = 0.00>
ST_2 : Operation 72 [2/2] (3.25ns)   --->   "%s = load i10 %sin_coefficients_table_addr" [../dft.cpp:33]   --->   Operation 72 'load' 's' <Predicate = true> <Delay = 3.25> <CoreInst = "ROM">   --->   Core 94 'ROM' <Latency = 1> <II = 1> <Delay = 3.25> <Storage> <Opcode : 'load'> <Ports = 0> <Width = 32> <Depth = 1024> <ROM>
ST_2 : Operation 73 [1/1] (0.00ns)   --->   "%zext_ln32_1 = zext i10 %idx_1" [../dft.cpp:32]   --->   Operation 73 'zext' 'zext_ln32_1' <Predicate = true> <Delay = 0.00>
ST_2 : Operation 74 [1/1] (0.00ns)   --->   "%cos_coefficients_table_addr_1 = getelementptr i32 %cos_coefficients_table, i64 0, i64 %zext_ln32_1" [../dft.cpp:32]   --->   Operation 74 'getelementptr' 'cos_coefficients_table_addr_1' <Predicate = true> <Delay = 0.00>
ST_2 : Operation 75 [2/2] (3.25ns)   --->   "%c_1 = load i10 %cos_coefficients_table_addr_1" [../dft.cpp:32]   --->   Operation 75 'load' 'c_1' <Predicate = true> <Delay = 3.25> <CoreInst = "ROM">   --->   Core 94 'ROM' <Latency = 1> <II = 1> <Delay = 3.25> <Storage> <Opcode : 'load'> <Ports = 0> <Width = 32> <Depth = 1024> <ROM>
ST_2 : Operation 76 [1/1] (0.00ns)   --->   "%sin_coefficients_table_addr_1 = getelementptr i32 %sin_coefficients_table, i64 0, i64 %zext_ln32_1" [../dft.cpp:33]   --->   Operation 76 'getelementptr' 'sin_coefficients_table_addr_1' <Predicate = true> <Delay = 0.00>
ST_2 : Operation 77 [2/2] (3.25ns)   --->   "%s_1 = load i10 %sin_coefficients_table_addr_1" [../dft.cpp:33]   --->   Operation 77 'load' 's_1' <Predicate = true> <Delay = 3.25> <CoreInst = "ROM">   --->   Core 94 'ROM' <Latency = 1> <II = 1> <Delay = 3.25> <Storage> <Opcode : 'load'> <Ports = 0> <Width = 32> <Depth = 1024> <ROM>
ST_2 : Operation 78 [1/1] (0.00ns)   --->   "%zext_ln32_2 = zext i10 %idx_2" [../dft.cpp:32]   --->   Operation 78 'zext' 'zext_ln32_2' <Predicate = true> <Delay = 0.00>
ST_2 : Operation 79 [1/1] (0.00ns)   --->   "%cos_coefficients_table_addr_2 = getelementptr i32 %cos_coefficients_table, i64 0, i64 %zext_ln32_2" [../dft.cpp:32]   --->   Operation 79 'getelementptr' 'cos_coefficients_table_addr_2' <Predicate = true> <Delay = 0.00>
ST_2 : Operation 80 [2/2] (3.25ns)   --->   "%c_2 = load i10 %cos_coefficients_table_addr_2" [../dft.cpp:32]   --->   Operation 80 'load' 'c_2' <Predicate = true> <Delay = 3.25> <CoreInst = "ROM">   --->   Core 94 'ROM' <Latency = 1> <II = 1> <Delay = 3.25> <Storage> <Opcode : 'load'> <Ports = 0> <Width = 32> <Depth = 1024> <ROM>
ST_2 : Operation 81 [1/1] (0.00ns)   --->   "%sin_coefficients_table_addr_2 = getelementptr i32 %sin_coefficients_table, i64 0, i64 %zext_ln32_2" [../dft.cpp:33]   --->   Operation 81 'getelementptr' 'sin_coefficients_table_addr_2' <Predicate = true> <Delay = 0.00>
ST_2 : Operation 82 [2/2] (3.25ns)   --->   "%s_2 = load i10 %sin_coefficients_table_addr_2" [../dft.cpp:33]   --->   Operation 82 'load' 's_2' <Predicate = true> <Delay = 3.25> <CoreInst = "ROM">   --->   Core 94 'ROM' <Latency = 1> <II = 1> <Delay = 3.25> <Storage> <Opcode : 'load'> <Ports = 0> <Width = 32> <Depth = 1024> <ROM>
ST_2 : Operation 83 [1/1] (0.00ns)   --->   "%zext_ln32_3 = zext i10 %idx_3" [../dft.cpp:32]   --->   Operation 83 'zext' 'zext_ln32_3' <Predicate = true> <Delay = 0.00>
ST_2 : Operation 84 [1/1] (0.00ns)   --->   "%cos_coefficients_table_addr_3 = getelementptr i32 %cos_coefficients_table, i64 0, i64 %zext_ln32_3" [../dft.cpp:32]   --->   Operation 84 'getelementptr' 'cos_coefficients_table_addr_3' <Predicate = true> <Delay = 0.00>
ST_2 : Operation 85 [2/2] (3.25ns)   --->   "%c_3 = load i10 %cos_coefficients_table_addr_3" [../dft.cpp:32]   --->   Operation 85 'load' 'c_3' <Predicate = true> <Delay = 3.25> <CoreInst = "ROM">   --->   Core 94 'ROM' <Latency = 1> <II = 1> <Delay = 3.25> <Storage> <Opcode : 'load'> <Ports = 0> <Width = 32> <Depth = 1024> <ROM>
ST_2 : Operation 86 [1/1] (0.00ns)   --->   "%sin_coefficients_table_addr_3 = getelementptr i32 %sin_coefficients_table, i64 0, i64 %zext_ln32_3" [../dft.cpp:33]   --->   Operation 86 'getelementptr' 'sin_coefficients_table_addr_3' <Predicate = true> <Delay = 0.00>
ST_2 : Operation 87 [2/2] (3.25ns)   --->   "%s_3 = load i10 %sin_coefficients_table_addr_3" [../dft.cpp:33]   --->   Operation 87 'load' 's_3' <Predicate = true> <Delay = 3.25> <CoreInst = "ROM">   --->   Core 94 'ROM' <Latency = 1> <II = 1> <Delay = 3.25> <Storage> <Opcode : 'load'> <Ports = 0> <Width = 32> <Depth = 1024> <ROM>
ST_2 : Operation 88 [1/1] (0.00ns)   --->   "%zext_ln32_4 = zext i10 %idx_4" [../dft.cpp:32]   --->   Operation 88 'zext' 'zext_ln32_4' <Predicate = true> <Delay = 0.00>
ST_2 : Operation 89 [1/1] (0.00ns)   --->   "%cos_coefficients_table_addr_4 = getelementptr i32 %cos_coefficients_table, i64 0, i64 %zext_ln32_4" [../dft.cpp:32]   --->   Operation 89 'getelementptr' 'cos_coefficients_table_addr_4' <Predicate = true> <Delay = 0.00>
ST_2 : Operation 90 [2/2] (3.25ns)   --->   "%c_4 = load i10 %cos_coefficients_table_addr_4" [../dft.cpp:32]   --->   Operation 90 'load' 'c_4' <Predicate = true> <Delay = 3.25> <CoreInst = "ROM">   --->   Core 94 'ROM' <Latency = 1> <II = 1> <Delay = 3.25> <Storage> <Opcode : 'load'> <Ports = 0> <Width = 32> <Depth = 1024> <ROM>
ST_2 : Operation 91 [1/1] (0.00ns)   --->   "%sin_coefficients_table_addr_4 = getelementptr i32 %sin_coefficients_table, i64 0, i64 %zext_ln32_4" [../dft.cpp:33]   --->   Operation 91 'getelementptr' 'sin_coefficients_table_addr_4' <Predicate = true> <Delay = 0.00>
ST_2 : Operation 92 [2/2] (3.25ns)   --->   "%s_4 = load i10 %sin_coefficients_table_addr_4" [../dft.cpp:33]   --->   Operation 92 'load' 's_4' <Predicate = true> <Delay = 3.25> <CoreInst = "ROM">   --->   Core 94 'ROM' <Latency = 1> <II = 1> <Delay = 3.25> <Storage> <Opcode : 'load'> <Ports = 0> <Width = 32> <Depth = 1024> <ROM>
ST_2 : Operation 93 [1/1] (0.00ns)   --->   "%zext_ln32_5 = zext i10 %idx_5" [../dft.cpp:32]   --->   Operation 93 'zext' 'zext_ln32_5' <Predicate = true> <Delay = 0.00>
ST_2 : Operation 94 [1/1] (0.00ns)   --->   "%cos_coefficients_table_addr_5 = getelementptr i32 %cos_coefficients_table, i64 0, i64 %zext_ln32_5" [../dft.cpp:32]   --->   Operation 94 'getelementptr' 'cos_coefficients_table_addr_5' <Predicate = true> <Delay = 0.00>
ST_2 : Operation 95 [2/2] (3.25ns)   --->   "%c_5 = load i10 %cos_coefficients_table_addr_5" [../dft.cpp:32]   --->   Operation 95 'load' 'c_5' <Predicate = true> <Delay = 3.25> <CoreInst = "ROM">   --->   Core 94 'ROM' <Latency = 1> <II = 1> <Delay = 3.25> <Storage> <Opcode : 'load'> <Ports = 0> <Width = 32> <Depth = 1024> <ROM>
ST_2 : Operation 96 [1/1] (0.00ns)   --->   "%sin_coefficients_table_addr_5 = getelementptr i32 %sin_coefficients_table, i64 0, i64 %zext_ln32_5" [../dft.cpp:33]   --->   Operation 96 'getelementptr' 'sin_coefficients_table_addr_5' <Predicate = true> <Delay = 0.00>
ST_2 : Operation 97 [2/2] (3.25ns)   --->   "%s_5 = load i10 %sin_coefficients_table_addr_5" [../dft.cpp:33]   --->   Operation 97 'load' 's_5' <Predicate = true> <Delay = 3.25> <CoreInst = "ROM">   --->   Core 94 'ROM' <Latency = 1> <II = 1> <Delay = 3.25> <Storage> <Opcode : 'load'> <Ports = 0> <Width = 32> <Depth = 1024> <ROM>
ST_2 : Operation 98 [1/1] (0.00ns)   --->   "%zext_ln32_6 = zext i10 %idx_6" [../dft.cpp:32]   --->   Operation 98 'zext' 'zext_ln32_6' <Predicate = true> <Delay = 0.00>
ST_2 : Operation 99 [1/1] (0.00ns)   --->   "%cos_coefficients_table_addr_6 = getelementptr i32 %cos_coefficients_table, i64 0, i64 %zext_ln32_6" [../dft.cpp:32]   --->   Operation 99 'getelementptr' 'cos_coefficients_table_addr_6' <Predicate = true> <Delay = 0.00>
ST_2 : Operation 100 [2/2] (3.25ns)   --->   "%c_6 = load i10 %cos_coefficients_table_addr_6" [../dft.cpp:32]   --->   Operation 100 'load' 'c_6' <Predicate = true> <Delay = 3.25> <CoreInst = "ROM">   --->   Core 94 'ROM' <Latency = 1> <II = 1> <Delay = 3.25> <Storage> <Opcode : 'load'> <Ports = 0> <Width = 32> <Depth = 1024> <ROM>
ST_2 : Operation 101 [1/1] (0.00ns)   --->   "%sin_coefficients_table_addr_6 = getelementptr i32 %sin_coefficients_table, i64 0, i64 %zext_ln32_6" [../dft.cpp:33]   --->   Operation 101 'getelementptr' 'sin_coefficients_table_addr_6' <Predicate = true> <Delay = 0.00>
ST_2 : Operation 102 [2/2] (3.25ns)   --->   "%s_6 = load i10 %sin_coefficients_table_addr_6" [../dft.cpp:33]   --->   Operation 102 'load' 's_6' <Predicate = true> <Delay = 3.25> <CoreInst = "ROM">   --->   Core 94 'ROM' <Latency = 1> <II = 1> <Delay = 3.25> <Storage> <Opcode : 'load'> <Ports = 0> <Width = 32> <Depth = 1024> <ROM>
ST_2 : Operation 103 [1/1] (0.00ns)   --->   "%zext_ln32_7 = zext i10 %idx_7" [../dft.cpp:32]   --->   Operation 103 'zext' 'zext_ln32_7' <Predicate = true> <Delay = 0.00>
ST_2 : Operation 104 [1/1] (0.00ns)   --->   "%cos_coefficients_table_addr_7 = getelementptr i32 %cos_coefficients_table, i64 0, i64 %zext_ln32_7" [../dft.cpp:32]   --->   Operation 104 'getelementptr' 'cos_coefficients_table_addr_7' <Predicate = true> <Delay = 0.00>
ST_2 : Operation 105 [2/2] (3.25ns)   --->   "%c_7 = load i10 %cos_coefficients_table_addr_7" [../dft.cpp:32]   --->   Operation 105 'load' 'c_7' <Predicate = true> <Delay = 3.25> <CoreInst = "ROM">   --->   Core 94 'ROM' <Latency = 1> <II = 1> <Delay = 3.25> <Storage> <Opcode : 'load'> <Ports = 0> <Width = 32> <Depth = 1024> <ROM>
ST_2 : Operation 106 [1/1] (0.00ns)   --->   "%sin_coefficients_table_addr_7 = getelementptr i32 %sin_coefficients_table, i64 0, i64 %zext_ln32_7" [../dft.cpp:33]   --->   Operation 106 'getelementptr' 'sin_coefficients_table_addr_7' <Predicate = true> <Delay = 0.00>
ST_2 : Operation 107 [2/2] (3.25ns)   --->   "%s_7 = load i10 %sin_coefficients_table_addr_7" [../dft.cpp:33]   --->   Operation 107 'load' 's_7' <Predicate = true> <Delay = 3.25> <CoreInst = "ROM">   --->   Core 94 'ROM' <Latency = 1> <II = 1> <Delay = 3.25> <Storage> <Opcode : 'load'> <Ports = 0> <Width = 32> <Depth = 1024> <ROM>

State 3 <SV = 2> <Delay = 3.25>
ST_3 : Operation 108 [1/2] ( I:3.25ns O:3.25ns )   --->   "%c = load i10 %cos_coefficients_table_addr" [../dft.cpp:32]   --->   Operation 108 'load' 'c' <Predicate = true> <Delay = 3.25> <CoreInst = "ROM">   --->   Core 94 'ROM' <Latency = 1> <II = 1> <Delay = 3.25> <Storage> <Opcode : 'load'> <Ports = 0> <Width = 32> <Depth = 1024> <ROM>
ST_3 : Operation 109 [1/2] ( I:3.25ns O:3.25ns )   --->   "%s = load i10 %sin_coefficients_table_addr" [../dft.cpp:33]   --->   Operation 109 'load' 's' <Predicate = true> <Delay = 3.25> <CoreInst = "ROM">   --->   Core 94 'ROM' <Latency = 1> <II = 1> <Delay = 3.25> <Storage> <Opcode : 'load'> <Ports = 0> <Width = 32> <Depth = 1024> <ROM>
ST_3 : Operation 110 [1/2] ( I:3.25ns O:3.25ns )   --->   "%c_1 = load i10 %cos_coefficients_table_addr_1" [../dft.cpp:32]   --->   Operation 110 'load' 'c_1' <Predicate = true> <Delay = 3.25> <CoreInst = "ROM">   --->   Core 94 'ROM' <Latency = 1> <II = 1> <Delay = 3.25> <Storage> <Opcode : 'load'> <Ports = 0> <Width = 32> <Depth = 1024> <ROM>
ST_3 : Operation 111 [1/2] ( I:3.25ns O:3.25ns )   --->   "%s_1 = load i10 %sin_coefficients_table_addr_1" [../dft.cpp:33]   --->   Operation 111 'load' 's_1' <Predicate = true> <Delay = 3.25> <CoreInst = "ROM">   --->   Core 94 'ROM' <Latency = 1> <II = 1> <Delay = 3.25> <Storage> <Opcode : 'load'> <Ports = 0> <Width = 32> <Depth = 1024> <ROM>
ST_3 : Operation 112 [1/2] ( I:3.25ns O:3.25ns )   --->   "%c_2 = load i10 %cos_coefficients_table_addr_2" [../dft.cpp:32]   --->   Operation 112 'load' 'c_2' <Predicate = true> <Delay = 3.25> <CoreInst = "ROM">   --->   Core 94 'ROM' <Latency = 1> <II = 1> <Delay = 3.25> <Storage> <Opcode : 'load'> <Ports = 0> <Width = 32> <Depth = 1024> <ROM>
ST_3 : Operation 113 [1/2] ( I:3.25ns O:3.25ns )   --->   "%s_2 = load i10 %sin_coefficients_table_addr_2" [../dft.cpp:33]   --->   Operation 113 'load' 's_2' <Predicate = true> <Delay = 3.25> <CoreInst = "ROM">   --->   Core 94 'ROM' <Latency = 1> <II = 1> <Delay = 3.25> <Storage> <Opcode : 'load'> <Ports = 0> <Width = 32> <Depth = 1024> <ROM>
ST_3 : Operation 114 [1/2] ( I:3.25ns O:3.25ns )   --->   "%c_3 = load i10 %cos_coefficients_table_addr_3" [../dft.cpp:32]   --->   Operation 114 'load' 'c_3' <Predicate = true> <Delay = 3.25> <CoreInst = "ROM">   --->   Core 94 'ROM' <Latency = 1> <II = 1> <Delay = 3.25> <Storage> <Opcode : 'load'> <Ports = 0> <Width = 32> <Depth = 1024> <ROM>
ST_3 : Operation 115 [1/2] ( I:3.25ns O:3.25ns )   --->   "%s_3 = load i10 %sin_coefficients_table_addr_3" [../dft.cpp:33]   --->   Operation 115 'load' 's_3' <Predicate = true> <Delay = 3.25> <CoreInst = "ROM">   --->   Core 94 'ROM' <Latency = 1> <II = 1> <Delay = 3.25> <Storage> <Opcode : 'load'> <Ports = 0> <Width = 32> <Depth = 1024> <ROM>
ST_3 : Operation 116 [1/2] ( I:3.25ns O:3.25ns )   --->   "%c_4 = load i10 %cos_coefficients_table_addr_4" [../dft.cpp:32]   --->   Operation 116 'load' 'c_4' <Predicate = true> <Delay = 3.25> <CoreInst = "ROM">   --->   Core 94 'ROM' <Latency = 1> <II = 1> <Delay = 3.25> <Storage> <Opcode : 'load'> <Ports = 0> <Width = 32> <Depth = 1024> <ROM>
ST_3 : Operation 117 [1/2] ( I:3.25ns O:3.25ns )   --->   "%s_4 = load i10 %sin_coefficients_table_addr_4" [../dft.cpp:33]   --->   Operation 117 'load' 's_4' <Predicate = true> <Delay = 3.25> <CoreInst = "ROM">   --->   Core 94 'ROM' <Latency = 1> <II = 1> <Delay = 3.25> <Storage> <Opcode : 'load'> <Ports = 0> <Width = 32> <Depth = 1024> <ROM>
ST_3 : Operation 118 [1/2] ( I:3.25ns O:3.25ns )   --->   "%c_5 = load i10 %cos_coefficients_table_addr_5" [../dft.cpp:32]   --->   Operation 118 'load' 'c_5' <Predicate = true> <Delay = 3.25> <CoreInst = "ROM">   --->   Core 94 'ROM' <Latency = 1> <II = 1> <Delay = 3.25> <Storage> <Opcode : 'load'> <Ports = 0> <Width = 32> <Depth = 1024> <ROM>
ST_3 : Operation 119 [1/2] ( I:3.25ns O:3.25ns )   --->   "%s_5 = load i10 %sin_coefficients_table_addr_5" [../dft.cpp:33]   --->   Operation 119 'load' 's_5' <Predicate = true> <Delay = 3.25> <CoreInst = "ROM">   --->   Core 94 'ROM' <Latency = 1> <II = 1> <Delay = 3.25> <Storage> <Opcode : 'load'> <Ports = 0> <Width = 32> <Depth = 1024> <ROM>
ST_3 : Operation 120 [1/2] ( I:3.25ns O:3.25ns )   --->   "%c_6 = load i10 %cos_coefficients_table_addr_6" [../dft.cpp:32]   --->   Operation 120 'load' 'c_6' <Predicate = true> <Delay = 3.25> <CoreInst = "ROM">   --->   Core 94 'ROM' <Latency = 1> <II = 1> <Delay = 3.25> <Storage> <Opcode : 'load'> <Ports = 0> <Width = 32> <Depth = 1024> <ROM>
ST_3 : Operation 121 [1/2] ( I:3.25ns O:3.25ns )   --->   "%s_6 = load i10 %sin_coefficients_table_addr_6" [../dft.cpp:33]   --->   Operation 121 'load' 's_6' <Predicate = true> <Delay = 3.25> <CoreInst = "ROM">   --->   Core 94 'ROM' <Latency = 1> <II = 1> <Delay = 3.25> <Storage> <Opcode : 'load'> <Ports = 0> <Width = 32> <Depth = 1024> <ROM>
ST_3 : Operation 122 [1/2] ( I:3.25ns O:3.25ns )   --->   "%c_7 = load i10 %cos_coefficients_table_addr_7" [../dft.cpp:32]   --->   Operation 122 'load' 'c_7' <Predicate = true> <Delay = 3.25> <CoreInst = "ROM">   --->   Core 94 'ROM' <Latency = 1> <II = 1> <Delay = 3.25> <Storage> <Opcode : 'load'> <Ports = 0> <Width = 32> <Depth = 1024> <ROM>
ST_3 : Operation 123 [1/2] ( I:3.25ns O:3.25ns )   --->   "%s_7 = load i10 %sin_coefficients_table_addr_7" [../dft.cpp:33]   --->   Operation 123 'load' 's_7' <Predicate = true> <Delay = 3.25> <CoreInst = "ROM">   --->   Core 94 'ROM' <Latency = 1> <II = 1> <Delay = 3.25> <Storage> <Opcode : 'load'> <Ports = 0> <Width = 32> <Depth = 1024> <ROM>

State 4 <SV = 3> <Delay = 5.70>
ST_4 : Operation 124 [4/4] (5.70ns)   --->   "%t1 = fmul i32 %rs_1_read, i32 %c" [../dft.cpp:35]   --->   Operation 124 'fmul' 't1' <Predicate = true> <Delay = 5.70> <CoreInst = "FMul_maxdsp">   --->   Core 30 'FMul_maxdsp' <Latency = 3> <II = 1> <Delay = 5.70> <FuncUnit> <Opcode : 'fmul'> <InPorts = 2> <OutPorts = 1>
ST_4 : Operation 125 [4/4] (5.70ns)   --->   "%t2 = fmul i32 %is_1_read, i32 %s" [../dft.cpp:36]   --->   Operation 125 'fmul' 't2' <Predicate = true> <Delay = 5.70> <CoreInst = "FMul_maxdsp">   --->   Core 30 'FMul_maxdsp' <Latency = 3> <II = 1> <Delay = 5.70> <FuncUnit> <Opcode : 'fmul'> <InPorts = 2> <OutPorts = 1>
ST_4 : Operation 126 [4/4] (5.70ns)   --->   "%t3 = fmul i32 %rs_1_read, i32 %s" [../dft.cpp:37]   --->   Operation 126 'fmul' 't3' <Predicate = true> <Delay = 5.70> <CoreInst = "FMul_maxdsp">   --->   Core 30 'FMul_maxdsp' <Latency = 3> <II = 1> <Delay = 5.70> <FuncUnit> <Opcode : 'fmul'> <InPorts = 2> <OutPorts = 1>
ST_4 : Operation 127 [4/4] (5.70ns)   --->   "%t4 = fmul i32 %is_1_read, i32 %c" [../dft.cpp:38]   --->   Operation 127 'fmul' 't4' <Predicate = true> <Delay = 5.70> <CoreInst = "FMul_maxdsp">   --->   Core 30 'FMul_maxdsp' <Latency = 3> <II = 1> <Delay = 5.70> <FuncUnit> <Opcode : 'fmul'> <InPorts = 2> <OutPorts = 1>
ST_4 : Operation 128 [4/4] (5.70ns)   --->   "%t1_1 = fmul i32 %rs_1_read, i32 %c_1" [../dft.cpp:35]   --->   Operation 128 'fmul' 't1_1' <Predicate = true> <Delay = 5.70> <CoreInst = "FMul_maxdsp">   --->   Core 30 'FMul_maxdsp' <Latency = 3> <II = 1> <Delay = 5.70> <FuncUnit> <Opcode : 'fmul'> <InPorts = 2> <OutPorts = 1>
ST_4 : Operation 129 [4/4] (5.70ns)   --->   "%t2_1 = fmul i32 %is_1_read, i32 %s_1" [../dft.cpp:36]   --->   Operation 129 'fmul' 't2_1' <Predicate = true> <Delay = 5.70> <CoreInst = "FMul_maxdsp">   --->   Core 30 'FMul_maxdsp' <Latency = 3> <II = 1> <Delay = 5.70> <FuncUnit> <Opcode : 'fmul'> <InPorts = 2> <OutPorts = 1>
ST_4 : Operation 130 [4/4] (5.70ns)   --->   "%t3_1 = fmul i32 %rs_1_read, i32 %s_1" [../dft.cpp:37]   --->   Operation 130 'fmul' 't3_1' <Predicate = true> <Delay = 5.70> <CoreInst = "FMul_maxdsp">   --->   Core 30 'FMul_maxdsp' <Latency = 3> <II = 1> <Delay = 5.70> <FuncUnit> <Opcode : 'fmul'> <InPorts = 2> <OutPorts = 1>
ST_4 : Operation 131 [4/4] (5.70ns)   --->   "%t4_1 = fmul i32 %is_1_read, i32 %c_1" [../dft.cpp:38]   --->   Operation 131 'fmul' 't4_1' <Predicate = true> <Delay = 5.70> <CoreInst = "FMul_maxdsp">   --->   Core 30 'FMul_maxdsp' <Latency = 3> <II = 1> <Delay = 5.70> <FuncUnit> <Opcode : 'fmul'> <InPorts = 2> <OutPorts = 1>
ST_4 : Operation 132 [4/4] (5.70ns)   --->   "%t1_2 = fmul i32 %rs_1_read, i32 %c_2" [../dft.cpp:35]   --->   Operation 132 'fmul' 't1_2' <Predicate = true> <Delay = 5.70> <CoreInst = "FMul_maxdsp">   --->   Core 30 'FMul_maxdsp' <Latency = 3> <II = 1> <Delay = 5.70> <FuncUnit> <Opcode : 'fmul'> <InPorts = 2> <OutPorts = 1>
ST_4 : Operation 133 [4/4] (5.70ns)   --->   "%t2_2 = fmul i32 %is_1_read, i32 %s_2" [../dft.cpp:36]   --->   Operation 133 'fmul' 't2_2' <Predicate = true> <Delay = 5.70> <CoreInst = "FMul_maxdsp">   --->   Core 30 'FMul_maxdsp' <Latency = 3> <II = 1> <Delay = 5.70> <FuncUnit> <Opcode : 'fmul'> <InPorts = 2> <OutPorts = 1>
ST_4 : Operation 134 [4/4] (5.70ns)   --->   "%t3_2 = fmul i32 %rs_1_read, i32 %s_2" [../dft.cpp:37]   --->   Operation 134 'fmul' 't3_2' <Predicate = true> <Delay = 5.70> <CoreInst = "FMul_maxdsp">   --->   Core 30 'FMul_maxdsp' <Latency = 3> <II = 1> <Delay = 5.70> <FuncUnit> <Opcode : 'fmul'> <InPorts = 2> <OutPorts = 1>
ST_4 : Operation 135 [4/4] (5.70ns)   --->   "%t4_2 = fmul i32 %is_1_read, i32 %c_2" [../dft.cpp:38]   --->   Operation 135 'fmul' 't4_2' <Predicate = true> <Delay = 5.70> <CoreInst = "FMul_maxdsp">   --->   Core 30 'FMul_maxdsp' <Latency = 3> <II = 1> <Delay = 5.70> <FuncUnit> <Opcode : 'fmul'> <InPorts = 2> <OutPorts = 1>
ST_4 : Operation 136 [4/4] (5.70ns)   --->   "%t1_3 = fmul i32 %rs_1_read, i32 %c_3" [../dft.cpp:35]   --->   Operation 136 'fmul' 't1_3' <Predicate = true> <Delay = 5.70> <CoreInst = "FMul_maxdsp">   --->   Core 30 'FMul_maxdsp' <Latency = 3> <II = 1> <Delay = 5.70> <FuncUnit> <Opcode : 'fmul'> <InPorts = 2> <OutPorts = 1>
ST_4 : Operation 137 [4/4] (5.70ns)   --->   "%t2_3 = fmul i32 %is_1_read, i32 %s_3" [../dft.cpp:36]   --->   Operation 137 'fmul' 't2_3' <Predicate = true> <Delay = 5.70> <CoreInst = "FMul_maxdsp">   --->   Core 30 'FMul_maxdsp' <Latency = 3> <II = 1> <Delay = 5.70> <FuncUnit> <Opcode : 'fmul'> <InPorts = 2> <OutPorts = 1>
ST_4 : Operation 138 [4/4] (5.70ns)   --->   "%t3_3 = fmul i32 %rs_1_read, i32 %s_3" [../dft.cpp:37]   --->   Operation 138 'fmul' 't3_3' <Predicate = true> <Delay = 5.70> <CoreInst = "FMul_maxdsp">   --->   Core 30 'FMul_maxdsp' <Latency = 3> <II = 1> <Delay = 5.70> <FuncUnit> <Opcode : 'fmul'> <InPorts = 2> <OutPorts = 1>
ST_4 : Operation 139 [4/4] (5.70ns)   --->   "%t4_3 = fmul i32 %is_1_read, i32 %c_3" [../dft.cpp:38]   --->   Operation 139 'fmul' 't4_3' <Predicate = true> <Delay = 5.70> <CoreInst = "FMul_maxdsp">   --->   Core 30 'FMul_maxdsp' <Latency = 3> <II = 1> <Delay = 5.70> <FuncUnit> <Opcode : 'fmul'> <InPorts = 2> <OutPorts = 1>
ST_4 : Operation 140 [4/4] (5.70ns)   --->   "%t1_4 = fmul i32 %rs_1_read, i32 %c_4" [../dft.cpp:35]   --->   Operation 140 'fmul' 't1_4' <Predicate = true> <Delay = 5.70> <CoreInst = "FMul_maxdsp">   --->   Core 30 'FMul_maxdsp' <Latency = 3> <II = 1> <Delay = 5.70> <FuncUnit> <Opcode : 'fmul'> <InPorts = 2> <OutPorts = 1>
ST_4 : Operation 141 [4/4] (5.70ns)   --->   "%t2_4 = fmul i32 %is_1_read, i32 %s_4" [../dft.cpp:36]   --->   Operation 141 'fmul' 't2_4' <Predicate = true> <Delay = 5.70> <CoreInst = "FMul_maxdsp">   --->   Core 30 'FMul_maxdsp' <Latency = 3> <II = 1> <Delay = 5.70> <FuncUnit> <Opcode : 'fmul'> <InPorts = 2> <OutPorts = 1>
ST_4 : Operation 142 [4/4] (5.70ns)   --->   "%t3_4 = fmul i32 %rs_1_read, i32 %s_4" [../dft.cpp:37]   --->   Operation 142 'fmul' 't3_4' <Predicate = true> <Delay = 5.70> <CoreInst = "FMul_maxdsp">   --->   Core 30 'FMul_maxdsp' <Latency = 3> <II = 1> <Delay = 5.70> <FuncUnit> <Opcode : 'fmul'> <InPorts = 2> <OutPorts = 1>
ST_4 : Operation 143 [4/4] (5.70ns)   --->   "%t4_4 = fmul i32 %is_1_read, i32 %c_4" [../dft.cpp:38]   --->   Operation 143 'fmul' 't4_4' <Predicate = true> <Delay = 5.70> <CoreInst = "FMul_maxdsp">   --->   Core 30 'FMul_maxdsp' <Latency = 3> <II = 1> <Delay = 5.70> <FuncUnit> <Opcode : 'fmul'> <InPorts = 2> <OutPorts = 1>
ST_4 : Operation 144 [4/4] (5.70ns)   --->   "%t1_5 = fmul i32 %rs_1_read, i32 %c_5" [../dft.cpp:35]   --->   Operation 144 'fmul' 't1_5' <Predicate = true> <Delay = 5.70> <CoreInst = "FMul_maxdsp">   --->   Core 30 'FMul_maxdsp' <Latency = 3> <II = 1> <Delay = 5.70> <FuncUnit> <Opcode : 'fmul'> <InPorts = 2> <OutPorts = 1>
ST_4 : Operation 145 [4/4] (5.70ns)   --->   "%t2_5 = fmul i32 %is_1_read, i32 %s_5" [../dft.cpp:36]   --->   Operation 145 'fmul' 't2_5' <Predicate = true> <Delay = 5.70> <CoreInst = "FMul_maxdsp">   --->   Core 30 'FMul_maxdsp' <Latency = 3> <II = 1> <Delay = 5.70> <FuncUnit> <Opcode : 'fmul'> <InPorts = 2> <OutPorts = 1>
ST_4 : Operation 146 [4/4] (5.70ns)   --->   "%t3_5 = fmul i32 %rs_1_read, i32 %s_5" [../dft.cpp:37]   --->   Operation 146 'fmul' 't3_5' <Predicate = true> <Delay = 5.70> <CoreInst = "FMul_maxdsp">   --->   Core 30 'FMul_maxdsp' <Latency = 3> <II = 1> <Delay = 5.70> <FuncUnit> <Opcode : 'fmul'> <InPorts = 2> <OutPorts = 1>
ST_4 : Operation 147 [4/4] (5.70ns)   --->   "%t4_5 = fmul i32 %is_1_read, i32 %c_5" [../dft.cpp:38]   --->   Operation 147 'fmul' 't4_5' <Predicate = true> <Delay = 5.70> <CoreInst = "FMul_maxdsp">   --->   Core 30 'FMul_maxdsp' <Latency = 3> <II = 1> <Delay = 5.70> <FuncUnit> <Opcode : 'fmul'> <InPorts = 2> <OutPorts = 1>
ST_4 : Operation 148 [4/4] (5.70ns)   --->   "%t1_6 = fmul i32 %rs_1_read, i32 %c_6" [../dft.cpp:35]   --->   Operation 148 'fmul' 't1_6' <Predicate = true> <Delay = 5.70> <CoreInst = "FMul_maxdsp">   --->   Core 30 'FMul_maxdsp' <Latency = 3> <II = 1> <Delay = 5.70> <FuncUnit> <Opcode : 'fmul'> <InPorts = 2> <OutPorts = 1>
ST_4 : Operation 149 [4/4] (5.70ns)   --->   "%t2_6 = fmul i32 %is_1_read, i32 %s_6" [../dft.cpp:36]   --->   Operation 149 'fmul' 't2_6' <Predicate = true> <Delay = 5.70> <CoreInst = "FMul_maxdsp">   --->   Core 30 'FMul_maxdsp' <Latency = 3> <II = 1> <Delay = 5.70> <FuncUnit> <Opcode : 'fmul'> <InPorts = 2> <OutPorts = 1>
ST_4 : Operation 150 [4/4] (5.70ns)   --->   "%t3_6 = fmul i32 %rs_1_read, i32 %s_6" [../dft.cpp:37]   --->   Operation 150 'fmul' 't3_6' <Predicate = true> <Delay = 5.70> <CoreInst = "FMul_maxdsp">   --->   Core 30 'FMul_maxdsp' <Latency = 3> <II = 1> <Delay = 5.70> <FuncUnit> <Opcode : 'fmul'> <InPorts = 2> <OutPorts = 1>
ST_4 : Operation 151 [4/4] (5.70ns)   --->   "%t4_6 = fmul i32 %is_1_read, i32 %c_6" [../dft.cpp:38]   --->   Operation 151 'fmul' 't4_6' <Predicate = true> <Delay = 5.70> <CoreInst = "FMul_maxdsp">   --->   Core 30 'FMul_maxdsp' <Latency = 3> <II = 1> <Delay = 5.70> <FuncUnit> <Opcode : 'fmul'> <InPorts = 2> <OutPorts = 1>
ST_4 : Operation 152 [4/4] (5.70ns)   --->   "%t1_7 = fmul i32 %rs_1_read, i32 %c_7" [../dft.cpp:35]   --->   Operation 152 'fmul' 't1_7' <Predicate = true> <Delay = 5.70> <CoreInst = "FMul_maxdsp">   --->   Core 30 'FMul_maxdsp' <Latency = 3> <II = 1> <Delay = 5.70> <FuncUnit> <Opcode : 'fmul'> <InPorts = 2> <OutPorts = 1>
ST_4 : Operation 153 [4/4] (5.70ns)   --->   "%t2_7 = fmul i32 %is_1_read, i32 %s_7" [../dft.cpp:36]   --->   Operation 153 'fmul' 't2_7' <Predicate = true> <Delay = 5.70> <CoreInst = "FMul_maxdsp">   --->   Core 30 'FMul_maxdsp' <Latency = 3> <II = 1> <Delay = 5.70> <FuncUnit> <Opcode : 'fmul'> <InPorts = 2> <OutPorts = 1>
ST_4 : Operation 154 [4/4] (5.70ns)   --->   "%t3_7 = fmul i32 %rs_1_read, i32 %s_7" [../dft.cpp:37]   --->   Operation 154 'fmul' 't3_7' <Predicate = true> <Delay = 5.70> <CoreInst = "FMul_maxdsp">   --->   Core 30 'FMul_maxdsp' <Latency = 3> <II = 1> <Delay = 5.70> <FuncUnit> <Opcode : 'fmul'> <InPorts = 2> <OutPorts = 1>
ST_4 : Operation 155 [4/4] (5.70ns)   --->   "%t4_7 = fmul i32 %is_1_read, i32 %c_7" [../dft.cpp:38]   --->   Operation 155 'fmul' 't4_7' <Predicate = true> <Delay = 5.70> <CoreInst = "FMul_maxdsp">   --->   Core 30 'FMul_maxdsp' <Latency = 3> <II = 1> <Delay = 5.70> <FuncUnit> <Opcode : 'fmul'> <InPorts = 2> <OutPorts = 1>

State 5 <SV = 4> <Delay = 5.70>
ST_5 : Operation 156 [3/4] (5.70ns)   --->   "%t1 = fmul i32 %rs_1_read, i32 %c" [../dft.cpp:35]   --->   Operation 156 'fmul' 't1' <Predicate = true> <Delay = 5.70> <CoreInst = "FMul_maxdsp">   --->   Core 30 'FMul_maxdsp' <Latency = 3> <II = 1> <Delay = 5.70> <FuncUnit> <Opcode : 'fmul'> <InPorts = 2> <OutPorts = 1>
ST_5 : Operation 157 [3/4] (5.70ns)   --->   "%t2 = fmul i32 %is_1_read, i32 %s" [../dft.cpp:36]   --->   Operation 157 'fmul' 't2' <Predicate = true> <Delay = 5.70> <CoreInst = "FMul_maxdsp">   --->   Core 30 'FMul_maxdsp' <Latency = 3> <II = 1> <Delay = 5.70> <FuncUnit> <Opcode : 'fmul'> <InPorts = 2> <OutPorts = 1>
ST_5 : Operation 158 [3/4] (5.70ns)   --->   "%t3 = fmul i32 %rs_1_read, i32 %s" [../dft.cpp:37]   --->   Operation 158 'fmul' 't3' <Predicate = true> <Delay = 5.70> <CoreInst = "FMul_maxdsp">   --->   Core 30 'FMul_maxdsp' <Latency = 3> <II = 1> <Delay = 5.70> <FuncUnit> <Opcode : 'fmul'> <InPorts = 2> <OutPorts = 1>
ST_5 : Operation 159 [3/4] (5.70ns)   --->   "%t4 = fmul i32 %is_1_read, i32 %c" [../dft.cpp:38]   --->   Operation 159 'fmul' 't4' <Predicate = true> <Delay = 5.70> <CoreInst = "FMul_maxdsp">   --->   Core 30 'FMul_maxdsp' <Latency = 3> <II = 1> <Delay = 5.70> <FuncUnit> <Opcode : 'fmul'> <InPorts = 2> <OutPorts = 1>
ST_5 : Operation 160 [3/4] (5.70ns)   --->   "%t1_1 = fmul i32 %rs_1_read, i32 %c_1" [../dft.cpp:35]   --->   Operation 160 'fmul' 't1_1' <Predicate = true> <Delay = 5.70> <CoreInst = "FMul_maxdsp">   --->   Core 30 'FMul_maxdsp' <Latency = 3> <II = 1> <Delay = 5.70> <FuncUnit> <Opcode : 'fmul'> <InPorts = 2> <OutPorts = 1>
ST_5 : Operation 161 [3/4] (5.70ns)   --->   "%t2_1 = fmul i32 %is_1_read, i32 %s_1" [../dft.cpp:36]   --->   Operation 161 'fmul' 't2_1' <Predicate = true> <Delay = 5.70> <CoreInst = "FMul_maxdsp">   --->   Core 30 'FMul_maxdsp' <Latency = 3> <II = 1> <Delay = 5.70> <FuncUnit> <Opcode : 'fmul'> <InPorts = 2> <OutPorts = 1>
ST_5 : Operation 162 [3/4] (5.70ns)   --->   "%t3_1 = fmul i32 %rs_1_read, i32 %s_1" [../dft.cpp:37]   --->   Operation 162 'fmul' 't3_1' <Predicate = true> <Delay = 5.70> <CoreInst = "FMul_maxdsp">   --->   Core 30 'FMul_maxdsp' <Latency = 3> <II = 1> <Delay = 5.70> <FuncUnit> <Opcode : 'fmul'> <InPorts = 2> <OutPorts = 1>
ST_5 : Operation 163 [3/4] (5.70ns)   --->   "%t4_1 = fmul i32 %is_1_read, i32 %c_1" [../dft.cpp:38]   --->   Operation 163 'fmul' 't4_1' <Predicate = true> <Delay = 5.70> <CoreInst = "FMul_maxdsp">   --->   Core 30 'FMul_maxdsp' <Latency = 3> <II = 1> <Delay = 5.70> <FuncUnit> <Opcode : 'fmul'> <InPorts = 2> <OutPorts = 1>
ST_5 : Operation 164 [3/4] (5.70ns)   --->   "%t1_2 = fmul i32 %rs_1_read, i32 %c_2" [../dft.cpp:35]   --->   Operation 164 'fmul' 't1_2' <Predicate = true> <Delay = 5.70> <CoreInst = "FMul_maxdsp">   --->   Core 30 'FMul_maxdsp' <Latency = 3> <II = 1> <Delay = 5.70> <FuncUnit> <Opcode : 'fmul'> <InPorts = 2> <OutPorts = 1>
ST_5 : Operation 165 [3/4] (5.70ns)   --->   "%t2_2 = fmul i32 %is_1_read, i32 %s_2" [../dft.cpp:36]   --->   Operation 165 'fmul' 't2_2' <Predicate = true> <Delay = 5.70> <CoreInst = "FMul_maxdsp">   --->   Core 30 'FMul_maxdsp' <Latency = 3> <II = 1> <Delay = 5.70> <FuncUnit> <Opcode : 'fmul'> <InPorts = 2> <OutPorts = 1>
ST_5 : Operation 166 [3/4] (5.70ns)   --->   "%t3_2 = fmul i32 %rs_1_read, i32 %s_2" [../dft.cpp:37]   --->   Operation 166 'fmul' 't3_2' <Predicate = true> <Delay = 5.70> <CoreInst = "FMul_maxdsp">   --->   Core 30 'FMul_maxdsp' <Latency = 3> <II = 1> <Delay = 5.70> <FuncUnit> <Opcode : 'fmul'> <InPorts = 2> <OutPorts = 1>
ST_5 : Operation 167 [3/4] (5.70ns)   --->   "%t4_2 = fmul i32 %is_1_read, i32 %c_2" [../dft.cpp:38]   --->   Operation 167 'fmul' 't4_2' <Predicate = true> <Delay = 5.70> <CoreInst = "FMul_maxdsp">   --->   Core 30 'FMul_maxdsp' <Latency = 3> <II = 1> <Delay = 5.70> <FuncUnit> <Opcode : 'fmul'> <InPorts = 2> <OutPorts = 1>
ST_5 : Operation 168 [3/4] (5.70ns)   --->   "%t1_3 = fmul i32 %rs_1_read, i32 %c_3" [../dft.cpp:35]   --->   Operation 168 'fmul' 't1_3' <Predicate = true> <Delay = 5.70> <CoreInst = "FMul_maxdsp">   --->   Core 30 'FMul_maxdsp' <Latency = 3> <II = 1> <Delay = 5.70> <FuncUnit> <Opcode : 'fmul'> <InPorts = 2> <OutPorts = 1>
ST_5 : Operation 169 [3/4] (5.70ns)   --->   "%t2_3 = fmul i32 %is_1_read, i32 %s_3" [../dft.cpp:36]   --->   Operation 169 'fmul' 't2_3' <Predicate = true> <Delay = 5.70> <CoreInst = "FMul_maxdsp">   --->   Core 30 'FMul_maxdsp' <Latency = 3> <II = 1> <Delay = 5.70> <FuncUnit> <Opcode : 'fmul'> <InPorts = 2> <OutPorts = 1>
ST_5 : Operation 170 [3/4] (5.70ns)   --->   "%t3_3 = fmul i32 %rs_1_read, i32 %s_3" [../dft.cpp:37]   --->   Operation 170 'fmul' 't3_3' <Predicate = true> <Delay = 5.70> <CoreInst = "FMul_maxdsp">   --->   Core 30 'FMul_maxdsp' <Latency = 3> <II = 1> <Delay = 5.70> <FuncUnit> <Opcode : 'fmul'> <InPorts = 2> <OutPorts = 1>
ST_5 : Operation 171 [3/4] (5.70ns)   --->   "%t4_3 = fmul i32 %is_1_read, i32 %c_3" [../dft.cpp:38]   --->   Operation 171 'fmul' 't4_3' <Predicate = true> <Delay = 5.70> <CoreInst = "FMul_maxdsp">   --->   Core 30 'FMul_maxdsp' <Latency = 3> <II = 1> <Delay = 5.70> <FuncUnit> <Opcode : 'fmul'> <InPorts = 2> <OutPorts = 1>
ST_5 : Operation 172 [3/4] (5.70ns)   --->   "%t1_4 = fmul i32 %rs_1_read, i32 %c_4" [../dft.cpp:35]   --->   Operation 172 'fmul' 't1_4' <Predicate = true> <Delay = 5.70> <CoreInst = "FMul_maxdsp">   --->   Core 30 'FMul_maxdsp' <Latency = 3> <II = 1> <Delay = 5.70> <FuncUnit> <Opcode : 'fmul'> <InPorts = 2> <OutPorts = 1>
ST_5 : Operation 173 [3/4] (5.70ns)   --->   "%t2_4 = fmul i32 %is_1_read, i32 %s_4" [../dft.cpp:36]   --->   Operation 173 'fmul' 't2_4' <Predicate = true> <Delay = 5.70> <CoreInst = "FMul_maxdsp">   --->   Core 30 'FMul_maxdsp' <Latency = 3> <II = 1> <Delay = 5.70> <FuncUnit> <Opcode : 'fmul'> <InPorts = 2> <OutPorts = 1>
ST_5 : Operation 174 [3/4] (5.70ns)   --->   "%t3_4 = fmul i32 %rs_1_read, i32 %s_4" [../dft.cpp:37]   --->   Operation 174 'fmul' 't3_4' <Predicate = true> <Delay = 5.70> <CoreInst = "FMul_maxdsp">   --->   Core 30 'FMul_maxdsp' <Latency = 3> <II = 1> <Delay = 5.70> <FuncUnit> <Opcode : 'fmul'> <InPorts = 2> <OutPorts = 1>
ST_5 : Operation 175 [3/4] (5.70ns)   --->   "%t4_4 = fmul i32 %is_1_read, i32 %c_4" [../dft.cpp:38]   --->   Operation 175 'fmul' 't4_4' <Predicate = true> <Delay = 5.70> <CoreInst = "FMul_maxdsp">   --->   Core 30 'FMul_maxdsp' <Latency = 3> <II = 1> <Delay = 5.70> <FuncUnit> <Opcode : 'fmul'> <InPorts = 2> <OutPorts = 1>
ST_5 : Operation 176 [3/4] (5.70ns)   --->   "%t1_5 = fmul i32 %rs_1_read, i32 %c_5" [../dft.cpp:35]   --->   Operation 176 'fmul' 't1_5' <Predicate = true> <Delay = 5.70> <CoreInst = "FMul_maxdsp">   --->   Core 30 'FMul_maxdsp' <Latency = 3> <II = 1> <Delay = 5.70> <FuncUnit> <Opcode : 'fmul'> <InPorts = 2> <OutPorts = 1>
ST_5 : Operation 177 [3/4] (5.70ns)   --->   "%t2_5 = fmul i32 %is_1_read, i32 %s_5" [../dft.cpp:36]   --->   Operation 177 'fmul' 't2_5' <Predicate = true> <Delay = 5.70> <CoreInst = "FMul_maxdsp">   --->   Core 30 'FMul_maxdsp' <Latency = 3> <II = 1> <Delay = 5.70> <FuncUnit> <Opcode : 'fmul'> <InPorts = 2> <OutPorts = 1>
ST_5 : Operation 178 [3/4] (5.70ns)   --->   "%t3_5 = fmul i32 %rs_1_read, i32 %s_5" [../dft.cpp:37]   --->   Operation 178 'fmul' 't3_5' <Predicate = true> <Delay = 5.70> <CoreInst = "FMul_maxdsp">   --->   Core 30 'FMul_maxdsp' <Latency = 3> <II = 1> <Delay = 5.70> <FuncUnit> <Opcode : 'fmul'> <InPorts = 2> <OutPorts = 1>
ST_5 : Operation 179 [3/4] (5.70ns)   --->   "%t4_5 = fmul i32 %is_1_read, i32 %c_5" [../dft.cpp:38]   --->   Operation 179 'fmul' 't4_5' <Predicate = true> <Delay = 5.70> <CoreInst = "FMul_maxdsp">   --->   Core 30 'FMul_maxdsp' <Latency = 3> <II = 1> <Delay = 5.70> <FuncUnit> <Opcode : 'fmul'> <InPorts = 2> <OutPorts = 1>
ST_5 : Operation 180 [3/4] (5.70ns)   --->   "%t1_6 = fmul i32 %rs_1_read, i32 %c_6" [../dft.cpp:35]   --->   Operation 180 'fmul' 't1_6' <Predicate = true> <Delay = 5.70> <CoreInst = "FMul_maxdsp">   --->   Core 30 'FMul_maxdsp' <Latency = 3> <II = 1> <Delay = 5.70> <FuncUnit> <Opcode : 'fmul'> <InPorts = 2> <OutPorts = 1>
ST_5 : Operation 181 [3/4] (5.70ns)   --->   "%t2_6 = fmul i32 %is_1_read, i32 %s_6" [../dft.cpp:36]   --->   Operation 181 'fmul' 't2_6' <Predicate = true> <Delay = 5.70> <CoreInst = "FMul_maxdsp">   --->   Core 30 'FMul_maxdsp' <Latency = 3> <II = 1> <Delay = 5.70> <FuncUnit> <Opcode : 'fmul'> <InPorts = 2> <OutPorts = 1>
ST_5 : Operation 182 [3/4] (5.70ns)   --->   "%t3_6 = fmul i32 %rs_1_read, i32 %s_6" [../dft.cpp:37]   --->   Operation 182 'fmul' 't3_6' <Predicate = true> <Delay = 5.70> <CoreInst = "FMul_maxdsp">   --->   Core 30 'FMul_maxdsp' <Latency = 3> <II = 1> <Delay = 5.70> <FuncUnit> <Opcode : 'fmul'> <InPorts = 2> <OutPorts = 1>
ST_5 : Operation 183 [3/4] (5.70ns)   --->   "%t4_6 = fmul i32 %is_1_read, i32 %c_6" [../dft.cpp:38]   --->   Operation 183 'fmul' 't4_6' <Predicate = true> <Delay = 5.70> <CoreInst = "FMul_maxdsp">   --->   Core 30 'FMul_maxdsp' <Latency = 3> <II = 1> <Delay = 5.70> <FuncUnit> <Opcode : 'fmul'> <InPorts = 2> <OutPorts = 1>
ST_5 : Operation 184 [3/4] (5.70ns)   --->   "%t1_7 = fmul i32 %rs_1_read, i32 %c_7" [../dft.cpp:35]   --->   Operation 184 'fmul' 't1_7' <Predicate = true> <Delay = 5.70> <CoreInst = "FMul_maxdsp">   --->   Core 30 'FMul_maxdsp' <Latency = 3> <II = 1> <Delay = 5.70> <FuncUnit> <Opcode : 'fmul'> <InPorts = 2> <OutPorts = 1>
ST_5 : Operation 185 [3/4] (5.70ns)   --->   "%t2_7 = fmul i32 %is_1_read, i32 %s_7" [../dft.cpp:36]   --->   Operation 185 'fmul' 't2_7' <Predicate = true> <Delay = 5.70> <CoreInst = "FMul_maxdsp">   --->   Core 30 'FMul_maxdsp' <Latency = 3> <II = 1> <Delay = 5.70> <FuncUnit> <Opcode : 'fmul'> <InPorts = 2> <OutPorts = 1>
ST_5 : Operation 186 [3/4] (5.70ns)   --->   "%t3_7 = fmul i32 %rs_1_read, i32 %s_7" [../dft.cpp:37]   --->   Operation 186 'fmul' 't3_7' <Predicate = true> <Delay = 5.70> <CoreInst = "FMul_maxdsp">   --->   Core 30 'FMul_maxdsp' <Latency = 3> <II = 1> <Delay = 5.70> <FuncUnit> <Opcode : 'fmul'> <InPorts = 2> <OutPorts = 1>
ST_5 : Operation 187 [3/4] (5.70ns)   --->   "%t4_7 = fmul i32 %is_1_read, i32 %c_7" [../dft.cpp:38]   --->   Operation 187 'fmul' 't4_7' <Predicate = true> <Delay = 5.70> <CoreInst = "FMul_maxdsp">   --->   Core 30 'FMul_maxdsp' <Latency = 3> <II = 1> <Delay = 5.70> <FuncUnit> <Opcode : 'fmul'> <InPorts = 2> <OutPorts = 1>

State 6 <SV = 5> <Delay = 5.70>
ST_6 : Operation 188 [2/4] (5.70ns)   --->   "%t1 = fmul i32 %rs_1_read, i32 %c" [../dft.cpp:35]   --->   Operation 188 'fmul' 't1' <Predicate = true> <Delay = 5.70> <CoreInst = "FMul_maxdsp">   --->   Core 30 'FMul_maxdsp' <Latency = 3> <II = 1> <Delay = 5.70> <FuncUnit> <Opcode : 'fmul'> <InPorts = 2> <OutPorts = 1>
ST_6 : Operation 189 [2/4] (5.70ns)   --->   "%t2 = fmul i32 %is_1_read, i32 %s" [../dft.cpp:36]   --->   Operation 189 'fmul' 't2' <Predicate = true> <Delay = 5.70> <CoreInst = "FMul_maxdsp">   --->   Core 30 'FMul_maxdsp' <Latency = 3> <II = 1> <Delay = 5.70> <FuncUnit> <Opcode : 'fmul'> <InPorts = 2> <OutPorts = 1>
ST_6 : Operation 190 [2/4] (5.70ns)   --->   "%t3 = fmul i32 %rs_1_read, i32 %s" [../dft.cpp:37]   --->   Operation 190 'fmul' 't3' <Predicate = true> <Delay = 5.70> <CoreInst = "FMul_maxdsp">   --->   Core 30 'FMul_maxdsp' <Latency = 3> <II = 1> <Delay = 5.70> <FuncUnit> <Opcode : 'fmul'> <InPorts = 2> <OutPorts = 1>
ST_6 : Operation 191 [2/4] (5.70ns)   --->   "%t4 = fmul i32 %is_1_read, i32 %c" [../dft.cpp:38]   --->   Operation 191 'fmul' 't4' <Predicate = true> <Delay = 5.70> <CoreInst = "FMul_maxdsp">   --->   Core 30 'FMul_maxdsp' <Latency = 3> <II = 1> <Delay = 5.70> <FuncUnit> <Opcode : 'fmul'> <InPorts = 2> <OutPorts = 1>
ST_6 : Operation 192 [2/4] (5.70ns)   --->   "%t1_1 = fmul i32 %rs_1_read, i32 %c_1" [../dft.cpp:35]   --->   Operation 192 'fmul' 't1_1' <Predicate = true> <Delay = 5.70> <CoreInst = "FMul_maxdsp">   --->   Core 30 'FMul_maxdsp' <Latency = 3> <II = 1> <Delay = 5.70> <FuncUnit> <Opcode : 'fmul'> <InPorts = 2> <OutPorts = 1>
ST_6 : Operation 193 [2/4] (5.70ns)   --->   "%t2_1 = fmul i32 %is_1_read, i32 %s_1" [../dft.cpp:36]   --->   Operation 193 'fmul' 't2_1' <Predicate = true> <Delay = 5.70> <CoreInst = "FMul_maxdsp">   --->   Core 30 'FMul_maxdsp' <Latency = 3> <II = 1> <Delay = 5.70> <FuncUnit> <Opcode : 'fmul'> <InPorts = 2> <OutPorts = 1>
ST_6 : Operation 194 [2/4] (5.70ns)   --->   "%t3_1 = fmul i32 %rs_1_read, i32 %s_1" [../dft.cpp:37]   --->   Operation 194 'fmul' 't3_1' <Predicate = true> <Delay = 5.70> <CoreInst = "FMul_maxdsp">   --->   Core 30 'FMul_maxdsp' <Latency = 3> <II = 1> <Delay = 5.70> <FuncUnit> <Opcode : 'fmul'> <InPorts = 2> <OutPorts = 1>
ST_6 : Operation 195 [2/4] (5.70ns)   --->   "%t4_1 = fmul i32 %is_1_read, i32 %c_1" [../dft.cpp:38]   --->   Operation 195 'fmul' 't4_1' <Predicate = true> <Delay = 5.70> <CoreInst = "FMul_maxdsp">   --->   Core 30 'FMul_maxdsp' <Latency = 3> <II = 1> <Delay = 5.70> <FuncUnit> <Opcode : 'fmul'> <InPorts = 2> <OutPorts = 1>
ST_6 : Operation 196 [2/4] (5.70ns)   --->   "%t1_2 = fmul i32 %rs_1_read, i32 %c_2" [../dft.cpp:35]   --->   Operation 196 'fmul' 't1_2' <Predicate = true> <Delay = 5.70> <CoreInst = "FMul_maxdsp">   --->   Core 30 'FMul_maxdsp' <Latency = 3> <II = 1> <Delay = 5.70> <FuncUnit> <Opcode : 'fmul'> <InPorts = 2> <OutPorts = 1>
ST_6 : Operation 197 [2/4] (5.70ns)   --->   "%t2_2 = fmul i32 %is_1_read, i32 %s_2" [../dft.cpp:36]   --->   Operation 197 'fmul' 't2_2' <Predicate = true> <Delay = 5.70> <CoreInst = "FMul_maxdsp">   --->   Core 30 'FMul_maxdsp' <Latency = 3> <II = 1> <Delay = 5.70> <FuncUnit> <Opcode : 'fmul'> <InPorts = 2> <OutPorts = 1>
ST_6 : Operation 198 [2/4] (5.70ns)   --->   "%t3_2 = fmul i32 %rs_1_read, i32 %s_2" [../dft.cpp:37]   --->   Operation 198 'fmul' 't3_2' <Predicate = true> <Delay = 5.70> <CoreInst = "FMul_maxdsp">   --->   Core 30 'FMul_maxdsp' <Latency = 3> <II = 1> <Delay = 5.70> <FuncUnit> <Opcode : 'fmul'> <InPorts = 2> <OutPorts = 1>
ST_6 : Operation 199 [2/4] (5.70ns)   --->   "%t4_2 = fmul i32 %is_1_read, i32 %c_2" [../dft.cpp:38]   --->   Operation 199 'fmul' 't4_2' <Predicate = true> <Delay = 5.70> <CoreInst = "FMul_maxdsp">   --->   Core 30 'FMul_maxdsp' <Latency = 3> <II = 1> <Delay = 5.70> <FuncUnit> <Opcode : 'fmul'> <InPorts = 2> <OutPorts = 1>
ST_6 : Operation 200 [2/4] (5.70ns)   --->   "%t1_3 = fmul i32 %rs_1_read, i32 %c_3" [../dft.cpp:35]   --->   Operation 200 'fmul' 't1_3' <Predicate = true> <Delay = 5.70> <CoreInst = "FMul_maxdsp">   --->   Core 30 'FMul_maxdsp' <Latency = 3> <II = 1> <Delay = 5.70> <FuncUnit> <Opcode : 'fmul'> <InPorts = 2> <OutPorts = 1>
ST_6 : Operation 201 [2/4] (5.70ns)   --->   "%t2_3 = fmul i32 %is_1_read, i32 %s_3" [../dft.cpp:36]   --->   Operation 201 'fmul' 't2_3' <Predicate = true> <Delay = 5.70> <CoreInst = "FMul_maxdsp">   --->   Core 30 'FMul_maxdsp' <Latency = 3> <II = 1> <Delay = 5.70> <FuncUnit> <Opcode : 'fmul'> <InPorts = 2> <OutPorts = 1>
ST_6 : Operation 202 [2/4] (5.70ns)   --->   "%t3_3 = fmul i32 %rs_1_read, i32 %s_3" [../dft.cpp:37]   --->   Operation 202 'fmul' 't3_3' <Predicate = true> <Delay = 5.70> <CoreInst = "FMul_maxdsp">   --->   Core 30 'FMul_maxdsp' <Latency = 3> <II = 1> <Delay = 5.70> <FuncUnit> <Opcode : 'fmul'> <InPorts = 2> <OutPorts = 1>
ST_6 : Operation 203 [2/4] (5.70ns)   --->   "%t4_3 = fmul i32 %is_1_read, i32 %c_3" [../dft.cpp:38]   --->   Operation 203 'fmul' 't4_3' <Predicate = true> <Delay = 5.70> <CoreInst = "FMul_maxdsp">   --->   Core 30 'FMul_maxdsp' <Latency = 3> <II = 1> <Delay = 5.70> <FuncUnit> <Opcode : 'fmul'> <InPorts = 2> <OutPorts = 1>
ST_6 : Operation 204 [2/4] (5.70ns)   --->   "%t1_4 = fmul i32 %rs_1_read, i32 %c_4" [../dft.cpp:35]   --->   Operation 204 'fmul' 't1_4' <Predicate = true> <Delay = 5.70> <CoreInst = "FMul_maxdsp">   --->   Core 30 'FMul_maxdsp' <Latency = 3> <II = 1> <Delay = 5.70> <FuncUnit> <Opcode : 'fmul'> <InPorts = 2> <OutPorts = 1>
ST_6 : Operation 205 [2/4] (5.70ns)   --->   "%t2_4 = fmul i32 %is_1_read, i32 %s_4" [../dft.cpp:36]   --->   Operation 205 'fmul' 't2_4' <Predicate = true> <Delay = 5.70> <CoreInst = "FMul_maxdsp">   --->   Core 30 'FMul_maxdsp' <Latency = 3> <II = 1> <Delay = 5.70> <FuncUnit> <Opcode : 'fmul'> <InPorts = 2> <OutPorts = 1>
ST_6 : Operation 206 [2/4] (5.70ns)   --->   "%t3_4 = fmul i32 %rs_1_read, i32 %s_4" [../dft.cpp:37]   --->   Operation 206 'fmul' 't3_4' <Predicate = true> <Delay = 5.70> <CoreInst = "FMul_maxdsp">   --->   Core 30 'FMul_maxdsp' <Latency = 3> <II = 1> <Delay = 5.70> <FuncUnit> <Opcode : 'fmul'> <InPorts = 2> <OutPorts = 1>
ST_6 : Operation 207 [2/4] (5.70ns)   --->   "%t4_4 = fmul i32 %is_1_read, i32 %c_4" [../dft.cpp:38]   --->   Operation 207 'fmul' 't4_4' <Predicate = true> <Delay = 5.70> <CoreInst = "FMul_maxdsp">   --->   Core 30 'FMul_maxdsp' <Latency = 3> <II = 1> <Delay = 5.70> <FuncUnit> <Opcode : 'fmul'> <InPorts = 2> <OutPorts = 1>
ST_6 : Operation 208 [2/4] (5.70ns)   --->   "%t1_5 = fmul i32 %rs_1_read, i32 %c_5" [../dft.cpp:35]   --->   Operation 208 'fmul' 't1_5' <Predicate = true> <Delay = 5.70> <CoreInst = "FMul_maxdsp">   --->   Core 30 'FMul_maxdsp' <Latency = 3> <II = 1> <Delay = 5.70> <FuncUnit> <Opcode : 'fmul'> <InPorts = 2> <OutPorts = 1>
ST_6 : Operation 209 [2/4] (5.70ns)   --->   "%t2_5 = fmul i32 %is_1_read, i32 %s_5" [../dft.cpp:36]   --->   Operation 209 'fmul' 't2_5' <Predicate = true> <Delay = 5.70> <CoreInst = "FMul_maxdsp">   --->   Core 30 'FMul_maxdsp' <Latency = 3> <II = 1> <Delay = 5.70> <FuncUnit> <Opcode : 'fmul'> <InPorts = 2> <OutPorts = 1>
ST_6 : Operation 210 [2/4] (5.70ns)   --->   "%t3_5 = fmul i32 %rs_1_read, i32 %s_5" [../dft.cpp:37]   --->   Operation 210 'fmul' 't3_5' <Predicate = true> <Delay = 5.70> <CoreInst = "FMul_maxdsp">   --->   Core 30 'FMul_maxdsp' <Latency = 3> <II = 1> <Delay = 5.70> <FuncUnit> <Opcode : 'fmul'> <InPorts = 2> <OutPorts = 1>
ST_6 : Operation 211 [2/4] (5.70ns)   --->   "%t4_5 = fmul i32 %is_1_read, i32 %c_5" [../dft.cpp:38]   --->   Operation 211 'fmul' 't4_5' <Predicate = true> <Delay = 5.70> <CoreInst = "FMul_maxdsp">   --->   Core 30 'FMul_maxdsp' <Latency = 3> <II = 1> <Delay = 5.70> <FuncUnit> <Opcode : 'fmul'> <InPorts = 2> <OutPorts = 1>
ST_6 : Operation 212 [2/4] (5.70ns)   --->   "%t1_6 = fmul i32 %rs_1_read, i32 %c_6" [../dft.cpp:35]   --->   Operation 212 'fmul' 't1_6' <Predicate = true> <Delay = 5.70> <CoreInst = "FMul_maxdsp">   --->   Core 30 'FMul_maxdsp' <Latency = 3> <II = 1> <Delay = 5.70> <FuncUnit> <Opcode : 'fmul'> <InPorts = 2> <OutPorts = 1>
ST_6 : Operation 213 [2/4] (5.70ns)   --->   "%t2_6 = fmul i32 %is_1_read, i32 %s_6" [../dft.cpp:36]   --->   Operation 213 'fmul' 't2_6' <Predicate = true> <Delay = 5.70> <CoreInst = "FMul_maxdsp">   --->   Core 30 'FMul_maxdsp' <Latency = 3> <II = 1> <Delay = 5.70> <FuncUnit> <Opcode : 'fmul'> <InPorts = 2> <OutPorts = 1>
ST_6 : Operation 214 [2/4] (5.70ns)   --->   "%t3_6 = fmul i32 %rs_1_read, i32 %s_6" [../dft.cpp:37]   --->   Operation 214 'fmul' 't3_6' <Predicate = true> <Delay = 5.70> <CoreInst = "FMul_maxdsp">   --->   Core 30 'FMul_maxdsp' <Latency = 3> <II = 1> <Delay = 5.70> <FuncUnit> <Opcode : 'fmul'> <InPorts = 2> <OutPorts = 1>
ST_6 : Operation 215 [2/4] (5.70ns)   --->   "%t4_6 = fmul i32 %is_1_read, i32 %c_6" [../dft.cpp:38]   --->   Operation 215 'fmul' 't4_6' <Predicate = true> <Delay = 5.70> <CoreInst = "FMul_maxdsp">   --->   Core 30 'FMul_maxdsp' <Latency = 3> <II = 1> <Delay = 5.70> <FuncUnit> <Opcode : 'fmul'> <InPorts = 2> <OutPorts = 1>
ST_6 : Operation 216 [2/4] (5.70ns)   --->   "%t1_7 = fmul i32 %rs_1_read, i32 %c_7" [../dft.cpp:35]   --->   Operation 216 'fmul' 't1_7' <Predicate = true> <Delay = 5.70> <CoreInst = "FMul_maxdsp">   --->   Core 30 'FMul_maxdsp' <Latency = 3> <II = 1> <Delay = 5.70> <FuncUnit> <Opcode : 'fmul'> <InPorts = 2> <OutPorts = 1>
ST_6 : Operation 217 [2/4] (5.70ns)   --->   "%t2_7 = fmul i32 %is_1_read, i32 %s_7" [../dft.cpp:36]   --->   Operation 217 'fmul' 't2_7' <Predicate = true> <Delay = 5.70> <CoreInst = "FMul_maxdsp">   --->   Core 30 'FMul_maxdsp' <Latency = 3> <II = 1> <Delay = 5.70> <FuncUnit> <Opcode : 'fmul'> <InPorts = 2> <OutPorts = 1>
ST_6 : Operation 218 [2/4] (5.70ns)   --->   "%t3_7 = fmul i32 %rs_1_read, i32 %s_7" [../dft.cpp:37]   --->   Operation 218 'fmul' 't3_7' <Predicate = true> <Delay = 5.70> <CoreInst = "FMul_maxdsp">   --->   Core 30 'FMul_maxdsp' <Latency = 3> <II = 1> <Delay = 5.70> <FuncUnit> <Opcode : 'fmul'> <InPorts = 2> <OutPorts = 1>
ST_6 : Operation 219 [2/4] (5.70ns)   --->   "%t4_7 = fmul i32 %is_1_read, i32 %c_7" [../dft.cpp:38]   --->   Operation 219 'fmul' 't4_7' <Predicate = true> <Delay = 5.70> <CoreInst = "FMul_maxdsp">   --->   Core 30 'FMul_maxdsp' <Latency = 3> <II = 1> <Delay = 5.70> <FuncUnit> <Opcode : 'fmul'> <InPorts = 2> <OutPorts = 1>

State 7 <SV = 6> <Delay = 5.70>
ST_7 : Operation 220 [1/4] (5.70ns)   --->   "%t1 = fmul i32 %rs_1_read, i32 %c" [../dft.cpp:35]   --->   Operation 220 'fmul' 't1' <Predicate = true> <Delay = 5.70> <CoreInst = "FMul_maxdsp">   --->   Core 30 'FMul_maxdsp' <Latency = 3> <II = 1> <Delay = 5.70> <FuncUnit> <Opcode : 'fmul'> <InPorts = 2> <OutPorts = 1>
ST_7 : Operation 221 [1/4] (5.70ns)   --->   "%t2 = fmul i32 %is_1_read, i32 %s" [../dft.cpp:36]   --->   Operation 221 'fmul' 't2' <Predicate = true> <Delay = 5.70> <CoreInst = "FMul_maxdsp">   --->   Core 30 'FMul_maxdsp' <Latency = 3> <II = 1> <Delay = 5.70> <FuncUnit> <Opcode : 'fmul'> <InPorts = 2> <OutPorts = 1>
ST_7 : Operation 222 [1/4] (5.70ns)   --->   "%t3 = fmul i32 %rs_1_read, i32 %s" [../dft.cpp:37]   --->   Operation 222 'fmul' 't3' <Predicate = true> <Delay = 5.70> <CoreInst = "FMul_maxdsp">   --->   Core 30 'FMul_maxdsp' <Latency = 3> <II = 1> <Delay = 5.70> <FuncUnit> <Opcode : 'fmul'> <InPorts = 2> <OutPorts = 1>
ST_7 : Operation 223 [1/4] (5.70ns)   --->   "%t4 = fmul i32 %is_1_read, i32 %c" [../dft.cpp:38]   --->   Operation 223 'fmul' 't4' <Predicate = true> <Delay = 5.70> <CoreInst = "FMul_maxdsp">   --->   Core 30 'FMul_maxdsp' <Latency = 3> <II = 1> <Delay = 5.70> <FuncUnit> <Opcode : 'fmul'> <InPorts = 2> <OutPorts = 1>
ST_7 : Operation 224 [1/4] (5.70ns)   --->   "%t1_1 = fmul i32 %rs_1_read, i32 %c_1" [../dft.cpp:35]   --->   Operation 224 'fmul' 't1_1' <Predicate = true> <Delay = 5.70> <CoreInst = "FMul_maxdsp">   --->   Core 30 'FMul_maxdsp' <Latency = 3> <II = 1> <Delay = 5.70> <FuncUnit> <Opcode : 'fmul'> <InPorts = 2> <OutPorts = 1>
ST_7 : Operation 225 [1/4] (5.70ns)   --->   "%t2_1 = fmul i32 %is_1_read, i32 %s_1" [../dft.cpp:36]   --->   Operation 225 'fmul' 't2_1' <Predicate = true> <Delay = 5.70> <CoreInst = "FMul_maxdsp">   --->   Core 30 'FMul_maxdsp' <Latency = 3> <II = 1> <Delay = 5.70> <FuncUnit> <Opcode : 'fmul'> <InPorts = 2> <OutPorts = 1>
ST_7 : Operation 226 [1/4] (5.70ns)   --->   "%t3_1 = fmul i32 %rs_1_read, i32 %s_1" [../dft.cpp:37]   --->   Operation 226 'fmul' 't3_1' <Predicate = true> <Delay = 5.70> <CoreInst = "FMul_maxdsp">   --->   Core 30 'FMul_maxdsp' <Latency = 3> <II = 1> <Delay = 5.70> <FuncUnit> <Opcode : 'fmul'> <InPorts = 2> <OutPorts = 1>
ST_7 : Operation 227 [1/4] (5.70ns)   --->   "%t4_1 = fmul i32 %is_1_read, i32 %c_1" [../dft.cpp:38]   --->   Operation 227 'fmul' 't4_1' <Predicate = true> <Delay = 5.70> <CoreInst = "FMul_maxdsp">   --->   Core 30 'FMul_maxdsp' <Latency = 3> <II = 1> <Delay = 5.70> <FuncUnit> <Opcode : 'fmul'> <InPorts = 2> <OutPorts = 1>
ST_7 : Operation 228 [1/4] (5.70ns)   --->   "%t1_2 = fmul i32 %rs_1_read, i32 %c_2" [../dft.cpp:35]   --->   Operation 228 'fmul' 't1_2' <Predicate = true> <Delay = 5.70> <CoreInst = "FMul_maxdsp">   --->   Core 30 'FMul_maxdsp' <Latency = 3> <II = 1> <Delay = 5.70> <FuncUnit> <Opcode : 'fmul'> <InPorts = 2> <OutPorts = 1>
ST_7 : Operation 229 [1/4] (5.70ns)   --->   "%t2_2 = fmul i32 %is_1_read, i32 %s_2" [../dft.cpp:36]   --->   Operation 229 'fmul' 't2_2' <Predicate = true> <Delay = 5.70> <CoreInst = "FMul_maxdsp">   --->   Core 30 'FMul_maxdsp' <Latency = 3> <II = 1> <Delay = 5.70> <FuncUnit> <Opcode : 'fmul'> <InPorts = 2> <OutPorts = 1>
ST_7 : Operation 230 [1/4] (5.70ns)   --->   "%t3_2 = fmul i32 %rs_1_read, i32 %s_2" [../dft.cpp:37]   --->   Operation 230 'fmul' 't3_2' <Predicate = true> <Delay = 5.70> <CoreInst = "FMul_maxdsp">   --->   Core 30 'FMul_maxdsp' <Latency = 3> <II = 1> <Delay = 5.70> <FuncUnit> <Opcode : 'fmul'> <InPorts = 2> <OutPorts = 1>
ST_7 : Operation 231 [1/4] (5.70ns)   --->   "%t4_2 = fmul i32 %is_1_read, i32 %c_2" [../dft.cpp:38]   --->   Operation 231 'fmul' 't4_2' <Predicate = true> <Delay = 5.70> <CoreInst = "FMul_maxdsp">   --->   Core 30 'FMul_maxdsp' <Latency = 3> <II = 1> <Delay = 5.70> <FuncUnit> <Opcode : 'fmul'> <InPorts = 2> <OutPorts = 1>
ST_7 : Operation 232 [1/4] (5.70ns)   --->   "%t1_3 = fmul i32 %rs_1_read, i32 %c_3" [../dft.cpp:35]   --->   Operation 232 'fmul' 't1_3' <Predicate = true> <Delay = 5.70> <CoreInst = "FMul_maxdsp">   --->   Core 30 'FMul_maxdsp' <Latency = 3> <II = 1> <Delay = 5.70> <FuncUnit> <Opcode : 'fmul'> <InPorts = 2> <OutPorts = 1>
ST_7 : Operation 233 [1/4] (5.70ns)   --->   "%t2_3 = fmul i32 %is_1_read, i32 %s_3" [../dft.cpp:36]   --->   Operation 233 'fmul' 't2_3' <Predicate = true> <Delay = 5.70> <CoreInst = "FMul_maxdsp">   --->   Core 30 'FMul_maxdsp' <Latency = 3> <II = 1> <Delay = 5.70> <FuncUnit> <Opcode : 'fmul'> <InPorts = 2> <OutPorts = 1>
ST_7 : Operation 234 [1/4] (5.70ns)   --->   "%t3_3 = fmul i32 %rs_1_read, i32 %s_3" [../dft.cpp:37]   --->   Operation 234 'fmul' 't3_3' <Predicate = true> <Delay = 5.70> <CoreInst = "FMul_maxdsp">   --->   Core 30 'FMul_maxdsp' <Latency = 3> <II = 1> <Delay = 5.70> <FuncUnit> <Opcode : 'fmul'> <InPorts = 2> <OutPorts = 1>
ST_7 : Operation 235 [1/4] (5.70ns)   --->   "%t4_3 = fmul i32 %is_1_read, i32 %c_3" [../dft.cpp:38]   --->   Operation 235 'fmul' 't4_3' <Predicate = true> <Delay = 5.70> <CoreInst = "FMul_maxdsp">   --->   Core 30 'FMul_maxdsp' <Latency = 3> <II = 1> <Delay = 5.70> <FuncUnit> <Opcode : 'fmul'> <InPorts = 2> <OutPorts = 1>
ST_7 : Operation 236 [1/4] (5.70ns)   --->   "%t1_4 = fmul i32 %rs_1_read, i32 %c_4" [../dft.cpp:35]   --->   Operation 236 'fmul' 't1_4' <Predicate = true> <Delay = 5.70> <CoreInst = "FMul_maxdsp">   --->   Core 30 'FMul_maxdsp' <Latency = 3> <II = 1> <Delay = 5.70> <FuncUnit> <Opcode : 'fmul'> <InPorts = 2> <OutPorts = 1>
ST_7 : Operation 237 [1/4] (5.70ns)   --->   "%t2_4 = fmul i32 %is_1_read, i32 %s_4" [../dft.cpp:36]   --->   Operation 237 'fmul' 't2_4' <Predicate = true> <Delay = 5.70> <CoreInst = "FMul_maxdsp">   --->   Core 30 'FMul_maxdsp' <Latency = 3> <II = 1> <Delay = 5.70> <FuncUnit> <Opcode : 'fmul'> <InPorts = 2> <OutPorts = 1>
ST_7 : Operation 238 [1/4] (5.70ns)   --->   "%t3_4 = fmul i32 %rs_1_read, i32 %s_4" [../dft.cpp:37]   --->   Operation 238 'fmul' 't3_4' <Predicate = true> <Delay = 5.70> <CoreInst = "FMul_maxdsp">   --->   Core 30 'FMul_maxdsp' <Latency = 3> <II = 1> <Delay = 5.70> <FuncUnit> <Opcode : 'fmul'> <InPorts = 2> <OutPorts = 1>
ST_7 : Operation 239 [1/4] (5.70ns)   --->   "%t4_4 = fmul i32 %is_1_read, i32 %c_4" [../dft.cpp:38]   --->   Operation 239 'fmul' 't4_4' <Predicate = true> <Delay = 5.70> <CoreInst = "FMul_maxdsp">   --->   Core 30 'FMul_maxdsp' <Latency = 3> <II = 1> <Delay = 5.70> <FuncUnit> <Opcode : 'fmul'> <InPorts = 2> <OutPorts = 1>
ST_7 : Operation 240 [1/4] (5.70ns)   --->   "%t1_5 = fmul i32 %rs_1_read, i32 %c_5" [../dft.cpp:35]   --->   Operation 240 'fmul' 't1_5' <Predicate = true> <Delay = 5.70> <CoreInst = "FMul_maxdsp">   --->   Core 30 'FMul_maxdsp' <Latency = 3> <II = 1> <Delay = 5.70> <FuncUnit> <Opcode : 'fmul'> <InPorts = 2> <OutPorts = 1>
ST_7 : Operation 241 [1/4] (5.70ns)   --->   "%t2_5 = fmul i32 %is_1_read, i32 %s_5" [../dft.cpp:36]   --->   Operation 241 'fmul' 't2_5' <Predicate = true> <Delay = 5.70> <CoreInst = "FMul_maxdsp">   --->   Core 30 'FMul_maxdsp' <Latency = 3> <II = 1> <Delay = 5.70> <FuncUnit> <Opcode : 'fmul'> <InPorts = 2> <OutPorts = 1>
ST_7 : Operation 242 [1/4] (5.70ns)   --->   "%t3_5 = fmul i32 %rs_1_read, i32 %s_5" [../dft.cpp:37]   --->   Operation 242 'fmul' 't3_5' <Predicate = true> <Delay = 5.70> <CoreInst = "FMul_maxdsp">   --->   Core 30 'FMul_maxdsp' <Latency = 3> <II = 1> <Delay = 5.70> <FuncUnit> <Opcode : 'fmul'> <InPorts = 2> <OutPorts = 1>
ST_7 : Operation 243 [1/4] (5.70ns)   --->   "%t4_5 = fmul i32 %is_1_read, i32 %c_5" [../dft.cpp:38]   --->   Operation 243 'fmul' 't4_5' <Predicate = true> <Delay = 5.70> <CoreInst = "FMul_maxdsp">   --->   Core 30 'FMul_maxdsp' <Latency = 3> <II = 1> <Delay = 5.70> <FuncUnit> <Opcode : 'fmul'> <InPorts = 2> <OutPorts = 1>
ST_7 : Operation 244 [1/4] (5.70ns)   --->   "%t1_6 = fmul i32 %rs_1_read, i32 %c_6" [../dft.cpp:35]   --->   Operation 244 'fmul' 't1_6' <Predicate = true> <Delay = 5.70> <CoreInst = "FMul_maxdsp">   --->   Core 30 'FMul_maxdsp' <Latency = 3> <II = 1> <Delay = 5.70> <FuncUnit> <Opcode : 'fmul'> <InPorts = 2> <OutPorts = 1>
ST_7 : Operation 245 [1/4] (5.70ns)   --->   "%t2_6 = fmul i32 %is_1_read, i32 %s_6" [../dft.cpp:36]   --->   Operation 245 'fmul' 't2_6' <Predicate = true> <Delay = 5.70> <CoreInst = "FMul_maxdsp">   --->   Core 30 'FMul_maxdsp' <Latency = 3> <II = 1> <Delay = 5.70> <FuncUnit> <Opcode : 'fmul'> <InPorts = 2> <OutPorts = 1>
ST_7 : Operation 246 [1/4] (5.70ns)   --->   "%t3_6 = fmul i32 %rs_1_read, i32 %s_6" [../dft.cpp:37]   --->   Operation 246 'fmul' 't3_6' <Predicate = true> <Delay = 5.70> <CoreInst = "FMul_maxdsp">   --->   Core 30 'FMul_maxdsp' <Latency = 3> <II = 1> <Delay = 5.70> <FuncUnit> <Opcode : 'fmul'> <InPorts = 2> <OutPorts = 1>
ST_7 : Operation 247 [1/4] (5.70ns)   --->   "%t4_6 = fmul i32 %is_1_read, i32 %c_6" [../dft.cpp:38]   --->   Operation 247 'fmul' 't4_6' <Predicate = true> <Delay = 5.70> <CoreInst = "FMul_maxdsp">   --->   Core 30 'FMul_maxdsp' <Latency = 3> <II = 1> <Delay = 5.70> <FuncUnit> <Opcode : 'fmul'> <InPorts = 2> <OutPorts = 1>
ST_7 : Operation 248 [1/4] (5.70ns)   --->   "%t1_7 = fmul i32 %rs_1_read, i32 %c_7" [../dft.cpp:35]   --->   Operation 248 'fmul' 't1_7' <Predicate = true> <Delay = 5.70> <CoreInst = "FMul_maxdsp">   --->   Core 30 'FMul_maxdsp' <Latency = 3> <II = 1> <Delay = 5.70> <FuncUnit> <Opcode : 'fmul'> <InPorts = 2> <OutPorts = 1>
ST_7 : Operation 249 [1/4] (5.70ns)   --->   "%t2_7 = fmul i32 %is_1_read, i32 %s_7" [../dft.cpp:36]   --->   Operation 249 'fmul' 't2_7' <Predicate = true> <Delay = 5.70> <CoreInst = "FMul_maxdsp">   --->   Core 30 'FMul_maxdsp' <Latency = 3> <II = 1> <Delay = 5.70> <FuncUnit> <Opcode : 'fmul'> <InPorts = 2> <OutPorts = 1>
ST_7 : Operation 250 [1/4] (5.70ns)   --->   "%t3_7 = fmul i32 %rs_1_read, i32 %s_7" [../dft.cpp:37]   --->   Operation 250 'fmul' 't3_7' <Predicate = true> <Delay = 5.70> <CoreInst = "FMul_maxdsp">   --->   Core 30 'FMul_maxdsp' <Latency = 3> <II = 1> <Delay = 5.70> <FuncUnit> <Opcode : 'fmul'> <InPorts = 2> <OutPorts = 1>
ST_7 : Operation 251 [1/4] (5.70ns)   --->   "%t4_7 = fmul i32 %is_1_read, i32 %c_7" [../dft.cpp:38]   --->   Operation 251 'fmul' 't4_7' <Predicate = true> <Delay = 5.70> <CoreInst = "FMul_maxdsp">   --->   Core 30 'FMul_maxdsp' <Latency = 3> <II = 1> <Delay = 5.70> <FuncUnit> <Opcode : 'fmul'> <InPorts = 2> <OutPorts = 1>

State 8 <SV = 7> <Delay = 7.25>
ST_8 : Operation 252 [5/5] (7.25ns)   --->   "%real_result = fsub i32 %t1, i32 %t2" [../dft.cpp:41]   --->   Operation 252 'fsub' 'real_result' <Predicate = true> <Delay = 7.25> <CoreInst = "FAddSub_fulldsp">   --->   Core 18 'FAddSub_fulldsp' <Latency = 4> <II = 1> <Delay = 7.25> <FuncUnit> <Opcode : 'fadd' 'fsub'> <InPorts = 2> <OutPorts = 1>
ST_8 : Operation 253 [5/5] (7.25ns)   --->   "%imag_result = fadd i32 %t3, i32 %t4" [../dft.cpp:42]   --->   Operation 253 'fadd' 'imag_result' <Predicate = true> <Delay = 7.25> <CoreInst = "FAddSub_fulldsp">   --->   Core 18 'FAddSub_fulldsp' <Latency = 4> <II = 1> <Delay = 7.25> <FuncUnit> <Opcode : 'fadd' 'fsub'> <InPorts = 2> <OutPorts = 1>
ST_8 : Operation 254 [5/5] (7.25ns)   --->   "%real_result_1 = fsub i32 %t1_1, i32 %t2_1" [../dft.cpp:41]   --->   Operation 254 'fsub' 'real_result_1' <Predicate = true> <Delay = 7.25> <CoreInst = "FAddSub_fulldsp">   --->   Core 18 'FAddSub_fulldsp' <Latency = 4> <II = 1> <Delay = 7.25> <FuncUnit> <Opcode : 'fadd' 'fsub'> <InPorts = 2> <OutPorts = 1>
ST_8 : Operation 255 [5/5] (7.25ns)   --->   "%imag_result_1 = fadd i32 %t3_1, i32 %t4_1" [../dft.cpp:42]   --->   Operation 255 'fadd' 'imag_result_1' <Predicate = true> <Delay = 7.25> <CoreInst = "FAddSub_fulldsp">   --->   Core 18 'FAddSub_fulldsp' <Latency = 4> <II = 1> <Delay = 7.25> <FuncUnit> <Opcode : 'fadd' 'fsub'> <InPorts = 2> <OutPorts = 1>
ST_8 : Operation 256 [5/5] (7.25ns)   --->   "%real_result_2 = fsub i32 %t1_2, i32 %t2_2" [../dft.cpp:41]   --->   Operation 256 'fsub' 'real_result_2' <Predicate = true> <Delay = 7.25> <CoreInst = "FAddSub_fulldsp">   --->   Core 18 'FAddSub_fulldsp' <Latency = 4> <II = 1> <Delay = 7.25> <FuncUnit> <Opcode : 'fadd' 'fsub'> <InPorts = 2> <OutPorts = 1>
ST_8 : Operation 257 [5/5] (7.25ns)   --->   "%imag_result_2 = fadd i32 %t3_2, i32 %t4_2" [../dft.cpp:42]   --->   Operation 257 'fadd' 'imag_result_2' <Predicate = true> <Delay = 7.25> <CoreInst = "FAddSub_fulldsp">   --->   Core 18 'FAddSub_fulldsp' <Latency = 4> <II = 1> <Delay = 7.25> <FuncUnit> <Opcode : 'fadd' 'fsub'> <InPorts = 2> <OutPorts = 1>
ST_8 : Operation 258 [5/5] (7.25ns)   --->   "%real_result_3 = fsub i32 %t1_3, i32 %t2_3" [../dft.cpp:41]   --->   Operation 258 'fsub' 'real_result_3' <Predicate = true> <Delay = 7.25> <CoreInst = "FAddSub_fulldsp">   --->   Core 18 'FAddSub_fulldsp' <Latency = 4> <II = 1> <Delay = 7.25> <FuncUnit> <Opcode : 'fadd' 'fsub'> <InPorts = 2> <OutPorts = 1>
ST_8 : Operation 259 [5/5] (7.25ns)   --->   "%imag_result_3 = fadd i32 %t3_3, i32 %t4_3" [../dft.cpp:42]   --->   Operation 259 'fadd' 'imag_result_3' <Predicate = true> <Delay = 7.25> <CoreInst = "FAddSub_fulldsp">   --->   Core 18 'FAddSub_fulldsp' <Latency = 4> <II = 1> <Delay = 7.25> <FuncUnit> <Opcode : 'fadd' 'fsub'> <InPorts = 2> <OutPorts = 1>
ST_8 : Operation 260 [5/5] (7.25ns)   --->   "%real_result_4 = fsub i32 %t1_4, i32 %t2_4" [../dft.cpp:41]   --->   Operation 260 'fsub' 'real_result_4' <Predicate = true> <Delay = 7.25> <CoreInst = "FAddSub_fulldsp">   --->   Core 18 'FAddSub_fulldsp' <Latency = 4> <II = 1> <Delay = 7.25> <FuncUnit> <Opcode : 'fadd' 'fsub'> <InPorts = 2> <OutPorts = 1>
ST_8 : Operation 261 [5/5] (7.25ns)   --->   "%imag_result_4 = fadd i32 %t3_4, i32 %t4_4" [../dft.cpp:42]   --->   Operation 261 'fadd' 'imag_result_4' <Predicate = true> <Delay = 7.25> <CoreInst = "FAddSub_fulldsp">   --->   Core 18 'FAddSub_fulldsp' <Latency = 4> <II = 1> <Delay = 7.25> <FuncUnit> <Opcode : 'fadd' 'fsub'> <InPorts = 2> <OutPorts = 1>
ST_8 : Operation 262 [5/5] (7.25ns)   --->   "%real_result_5 = fsub i32 %t1_5, i32 %t2_5" [../dft.cpp:41]   --->   Operation 262 'fsub' 'real_result_5' <Predicate = true> <Delay = 7.25> <CoreInst = "FAddSub_fulldsp">   --->   Core 18 'FAddSub_fulldsp' <Latency = 4> <II = 1> <Delay = 7.25> <FuncUnit> <Opcode : 'fadd' 'fsub'> <InPorts = 2> <OutPorts = 1>
ST_8 : Operation 263 [5/5] (7.25ns)   --->   "%imag_result_5 = fadd i32 %t3_5, i32 %t4_5" [../dft.cpp:42]   --->   Operation 263 'fadd' 'imag_result_5' <Predicate = true> <Delay = 7.25> <CoreInst = "FAddSub_fulldsp">   --->   Core 18 'FAddSub_fulldsp' <Latency = 4> <II = 1> <Delay = 7.25> <FuncUnit> <Opcode : 'fadd' 'fsub'> <InPorts = 2> <OutPorts = 1>
ST_8 : Operation 264 [5/5] (7.25ns)   --->   "%real_result_6 = fsub i32 %t1_6, i32 %t2_6" [../dft.cpp:41]   --->   Operation 264 'fsub' 'real_result_6' <Predicate = true> <Delay = 7.25> <CoreInst = "FAddSub_fulldsp">   --->   Core 18 'FAddSub_fulldsp' <Latency = 4> <II = 1> <Delay = 7.25> <FuncUnit> <Opcode : 'fadd' 'fsub'> <InPorts = 2> <OutPorts = 1>
ST_8 : Operation 265 [5/5] (7.25ns)   --->   "%imag_result_6 = fadd i32 %t3_6, i32 %t4_6" [../dft.cpp:42]   --->   Operation 265 'fadd' 'imag_result_6' <Predicate = true> <Delay = 7.25> <CoreInst = "FAddSub_fulldsp">   --->   Core 18 'FAddSub_fulldsp' <Latency = 4> <II = 1> <Delay = 7.25> <FuncUnit> <Opcode : 'fadd' 'fsub'> <InPorts = 2> <OutPorts = 1>
ST_8 : Operation 266 [5/5] (7.25ns)   --->   "%real_result_7 = fsub i32 %t1_7, i32 %t2_7" [../dft.cpp:41]   --->   Operation 266 'fsub' 'real_result_7' <Predicate = true> <Delay = 7.25> <CoreInst = "FAddSub_fulldsp">   --->   Core 18 'FAddSub_fulldsp' <Latency = 4> <II = 1> <Delay = 7.25> <FuncUnit> <Opcode : 'fadd' 'fsub'> <InPorts = 2> <OutPorts = 1>
ST_8 : Operation 267 [5/5] (7.25ns)   --->   "%imag_result_7 = fadd i32 %t3_7, i32 %t4_7" [../dft.cpp:42]   --->   Operation 267 'fadd' 'imag_result_7' <Predicate = true> <Delay = 7.25> <CoreInst = "FAddSub_fulldsp">   --->   Core 18 'FAddSub_fulldsp' <Latency = 4> <II = 1> <Delay = 7.25> <FuncUnit> <Opcode : 'fadd' 'fsub'> <InPorts = 2> <OutPorts = 1>

State 9 <SV = 8> <Delay = 7.25>
ST_9 : Operation 268 [4/5] (7.25ns)   --->   "%real_result = fsub i32 %t1, i32 %t2" [../dft.cpp:41]   --->   Operation 268 'fsub' 'real_result' <Predicate = true> <Delay = 7.25> <CoreInst = "FAddSub_fulldsp">   --->   Core 18 'FAddSub_fulldsp' <Latency = 4> <II = 1> <Delay = 7.25> <FuncUnit> <Opcode : 'fadd' 'fsub'> <InPorts = 2> <OutPorts = 1>
ST_9 : Operation 269 [4/5] (7.25ns)   --->   "%imag_result = fadd i32 %t3, i32 %t4" [../dft.cpp:42]   --->   Operation 269 'fadd' 'imag_result' <Predicate = true> <Delay = 7.25> <CoreInst = "FAddSub_fulldsp">   --->   Core 18 'FAddSub_fulldsp' <Latency = 4> <II = 1> <Delay = 7.25> <FuncUnit> <Opcode : 'fadd' 'fsub'> <InPorts = 2> <OutPorts = 1>
ST_9 : Operation 270 [4/5] (7.25ns)   --->   "%real_result_1 = fsub i32 %t1_1, i32 %t2_1" [../dft.cpp:41]   --->   Operation 270 'fsub' 'real_result_1' <Predicate = true> <Delay = 7.25> <CoreInst = "FAddSub_fulldsp">   --->   Core 18 'FAddSub_fulldsp' <Latency = 4> <II = 1> <Delay = 7.25> <FuncUnit> <Opcode : 'fadd' 'fsub'> <InPorts = 2> <OutPorts = 1>
ST_9 : Operation 271 [4/5] (7.25ns)   --->   "%imag_result_1 = fadd i32 %t3_1, i32 %t4_1" [../dft.cpp:42]   --->   Operation 271 'fadd' 'imag_result_1' <Predicate = true> <Delay = 7.25> <CoreInst = "FAddSub_fulldsp">   --->   Core 18 'FAddSub_fulldsp' <Latency = 4> <II = 1> <Delay = 7.25> <FuncUnit> <Opcode : 'fadd' 'fsub'> <InPorts = 2> <OutPorts = 1>
ST_9 : Operation 272 [4/5] (7.25ns)   --->   "%real_result_2 = fsub i32 %t1_2, i32 %t2_2" [../dft.cpp:41]   --->   Operation 272 'fsub' 'real_result_2' <Predicate = true> <Delay = 7.25> <CoreInst = "FAddSub_fulldsp">   --->   Core 18 'FAddSub_fulldsp' <Latency = 4> <II = 1> <Delay = 7.25> <FuncUnit> <Opcode : 'fadd' 'fsub'> <InPorts = 2> <OutPorts = 1>
ST_9 : Operation 273 [4/5] (7.25ns)   --->   "%imag_result_2 = fadd i32 %t3_2, i32 %t4_2" [../dft.cpp:42]   --->   Operation 273 'fadd' 'imag_result_2' <Predicate = true> <Delay = 7.25> <CoreInst = "FAddSub_fulldsp">   --->   Core 18 'FAddSub_fulldsp' <Latency = 4> <II = 1> <Delay = 7.25> <FuncUnit> <Opcode : 'fadd' 'fsub'> <InPorts = 2> <OutPorts = 1>
ST_9 : Operation 274 [4/5] (7.25ns)   --->   "%real_result_3 = fsub i32 %t1_3, i32 %t2_3" [../dft.cpp:41]   --->   Operation 274 'fsub' 'real_result_3' <Predicate = true> <Delay = 7.25> <CoreInst = "FAddSub_fulldsp">   --->   Core 18 'FAddSub_fulldsp' <Latency = 4> <II = 1> <Delay = 7.25> <FuncUnit> <Opcode : 'fadd' 'fsub'> <InPorts = 2> <OutPorts = 1>
ST_9 : Operation 275 [4/5] (7.25ns)   --->   "%imag_result_3 = fadd i32 %t3_3, i32 %t4_3" [../dft.cpp:42]   --->   Operation 275 'fadd' 'imag_result_3' <Predicate = true> <Delay = 7.25> <CoreInst = "FAddSub_fulldsp">   --->   Core 18 'FAddSub_fulldsp' <Latency = 4> <II = 1> <Delay = 7.25> <FuncUnit> <Opcode : 'fadd' 'fsub'> <InPorts = 2> <OutPorts = 1>
ST_9 : Operation 276 [4/5] (7.25ns)   --->   "%real_result_4 = fsub i32 %t1_4, i32 %t2_4" [../dft.cpp:41]   --->   Operation 276 'fsub' 'real_result_4' <Predicate = true> <Delay = 7.25> <CoreInst = "FAddSub_fulldsp">   --->   Core 18 'FAddSub_fulldsp' <Latency = 4> <II = 1> <Delay = 7.25> <FuncUnit> <Opcode : 'fadd' 'fsub'> <InPorts = 2> <OutPorts = 1>
ST_9 : Operation 277 [4/5] (7.25ns)   --->   "%imag_result_4 = fadd i32 %t3_4, i32 %t4_4" [../dft.cpp:42]   --->   Operation 277 'fadd' 'imag_result_4' <Predicate = true> <Delay = 7.25> <CoreInst = "FAddSub_fulldsp">   --->   Core 18 'FAddSub_fulldsp' <Latency = 4> <II = 1> <Delay = 7.25> <FuncUnit> <Opcode : 'fadd' 'fsub'> <InPorts = 2> <OutPorts = 1>
ST_9 : Operation 278 [4/5] (7.25ns)   --->   "%real_result_5 = fsub i32 %t1_5, i32 %t2_5" [../dft.cpp:41]   --->   Operation 278 'fsub' 'real_result_5' <Predicate = true> <Delay = 7.25> <CoreInst = "FAddSub_fulldsp">   --->   Core 18 'FAddSub_fulldsp' <Latency = 4> <II = 1> <Delay = 7.25> <FuncUnit> <Opcode : 'fadd' 'fsub'> <InPorts = 2> <OutPorts = 1>
ST_9 : Operation 279 [4/5] (7.25ns)   --->   "%imag_result_5 = fadd i32 %t3_5, i32 %t4_5" [../dft.cpp:42]   --->   Operation 279 'fadd' 'imag_result_5' <Predicate = true> <Delay = 7.25> <CoreInst = "FAddSub_fulldsp">   --->   Core 18 'FAddSub_fulldsp' <Latency = 4> <II = 1> <Delay = 7.25> <FuncUnit> <Opcode : 'fadd' 'fsub'> <InPorts = 2> <OutPorts = 1>
ST_9 : Operation 280 [4/5] (7.25ns)   --->   "%real_result_6 = fsub i32 %t1_6, i32 %t2_6" [../dft.cpp:41]   --->   Operation 280 'fsub' 'real_result_6' <Predicate = true> <Delay = 7.25> <CoreInst = "FAddSub_fulldsp">   --->   Core 18 'FAddSub_fulldsp' <Latency = 4> <II = 1> <Delay = 7.25> <FuncUnit> <Opcode : 'fadd' 'fsub'> <InPorts = 2> <OutPorts = 1>
ST_9 : Operation 281 [4/5] (7.25ns)   --->   "%imag_result_6 = fadd i32 %t3_6, i32 %t4_6" [../dft.cpp:42]   --->   Operation 281 'fadd' 'imag_result_6' <Predicate = true> <Delay = 7.25> <CoreInst = "FAddSub_fulldsp">   --->   Core 18 'FAddSub_fulldsp' <Latency = 4> <II = 1> <Delay = 7.25> <FuncUnit> <Opcode : 'fadd' 'fsub'> <InPorts = 2> <OutPorts = 1>
ST_9 : Operation 282 [4/5] (7.25ns)   --->   "%real_result_7 = fsub i32 %t1_7, i32 %t2_7" [../dft.cpp:41]   --->   Operation 282 'fsub' 'real_result_7' <Predicate = true> <Delay = 7.25> <CoreInst = "FAddSub_fulldsp">   --->   Core 18 'FAddSub_fulldsp' <Latency = 4> <II = 1> <Delay = 7.25> <FuncUnit> <Opcode : 'fadd' 'fsub'> <InPorts = 2> <OutPorts = 1>
ST_9 : Operation 283 [4/5] (7.25ns)   --->   "%imag_result_7 = fadd i32 %t3_7, i32 %t4_7" [../dft.cpp:42]   --->   Operation 283 'fadd' 'imag_result_7' <Predicate = true> <Delay = 7.25> <CoreInst = "FAddSub_fulldsp">   --->   Core 18 'FAddSub_fulldsp' <Latency = 4> <II = 1> <Delay = 7.25> <FuncUnit> <Opcode : 'fadd' 'fsub'> <InPorts = 2> <OutPorts = 1>

State 10 <SV = 9> <Delay = 7.25>
ST_10 : Operation 284 [3/5] (7.25ns)   --->   "%real_result = fsub i32 %t1, i32 %t2" [../dft.cpp:41]   --->   Operation 284 'fsub' 'real_result' <Predicate = true> <Delay = 7.25> <CoreInst = "FAddSub_fulldsp">   --->   Core 18 'FAddSub_fulldsp' <Latency = 4> <II = 1> <Delay = 7.25> <FuncUnit> <Opcode : 'fadd' 'fsub'> <InPorts = 2> <OutPorts = 1>
ST_10 : Operation 285 [3/5] (7.25ns)   --->   "%imag_result = fadd i32 %t3, i32 %t4" [../dft.cpp:42]   --->   Operation 285 'fadd' 'imag_result' <Predicate = true> <Delay = 7.25> <CoreInst = "FAddSub_fulldsp">   --->   Core 18 'FAddSub_fulldsp' <Latency = 4> <II = 1> <Delay = 7.25> <FuncUnit> <Opcode : 'fadd' 'fsub'> <InPorts = 2> <OutPorts = 1>
ST_10 : Operation 286 [3/5] (7.25ns)   --->   "%real_result_1 = fsub i32 %t1_1, i32 %t2_1" [../dft.cpp:41]   --->   Operation 286 'fsub' 'real_result_1' <Predicate = true> <Delay = 7.25> <CoreInst = "FAddSub_fulldsp">   --->   Core 18 'FAddSub_fulldsp' <Latency = 4> <II = 1> <Delay = 7.25> <FuncUnit> <Opcode : 'fadd' 'fsub'> <InPorts = 2> <OutPorts = 1>
ST_10 : Operation 287 [3/5] (7.25ns)   --->   "%imag_result_1 = fadd i32 %t3_1, i32 %t4_1" [../dft.cpp:42]   --->   Operation 287 'fadd' 'imag_result_1' <Predicate = true> <Delay = 7.25> <CoreInst = "FAddSub_fulldsp">   --->   Core 18 'FAddSub_fulldsp' <Latency = 4> <II = 1> <Delay = 7.25> <FuncUnit> <Opcode : 'fadd' 'fsub'> <InPorts = 2> <OutPorts = 1>
ST_10 : Operation 288 [3/5] (7.25ns)   --->   "%real_result_2 = fsub i32 %t1_2, i32 %t2_2" [../dft.cpp:41]   --->   Operation 288 'fsub' 'real_result_2' <Predicate = true> <Delay = 7.25> <CoreInst = "FAddSub_fulldsp">   --->   Core 18 'FAddSub_fulldsp' <Latency = 4> <II = 1> <Delay = 7.25> <FuncUnit> <Opcode : 'fadd' 'fsub'> <InPorts = 2> <OutPorts = 1>
ST_10 : Operation 289 [3/5] (7.25ns)   --->   "%imag_result_2 = fadd i32 %t3_2, i32 %t4_2" [../dft.cpp:42]   --->   Operation 289 'fadd' 'imag_result_2' <Predicate = true> <Delay = 7.25> <CoreInst = "FAddSub_fulldsp">   --->   Core 18 'FAddSub_fulldsp' <Latency = 4> <II = 1> <Delay = 7.25> <FuncUnit> <Opcode : 'fadd' 'fsub'> <InPorts = 2> <OutPorts = 1>
ST_10 : Operation 290 [3/5] (7.25ns)   --->   "%real_result_3 = fsub i32 %t1_3, i32 %t2_3" [../dft.cpp:41]   --->   Operation 290 'fsub' 'real_result_3' <Predicate = true> <Delay = 7.25> <CoreInst = "FAddSub_fulldsp">   --->   Core 18 'FAddSub_fulldsp' <Latency = 4> <II = 1> <Delay = 7.25> <FuncUnit> <Opcode : 'fadd' 'fsub'> <InPorts = 2> <OutPorts = 1>
ST_10 : Operation 291 [3/5] (7.25ns)   --->   "%imag_result_3 = fadd i32 %t3_3, i32 %t4_3" [../dft.cpp:42]   --->   Operation 291 'fadd' 'imag_result_3' <Predicate = true> <Delay = 7.25> <CoreInst = "FAddSub_fulldsp">   --->   Core 18 'FAddSub_fulldsp' <Latency = 4> <II = 1> <Delay = 7.25> <FuncUnit> <Opcode : 'fadd' 'fsub'> <InPorts = 2> <OutPorts = 1>
ST_10 : Operation 292 [3/5] (7.25ns)   --->   "%real_result_4 = fsub i32 %t1_4, i32 %t2_4" [../dft.cpp:41]   --->   Operation 292 'fsub' 'real_result_4' <Predicate = true> <Delay = 7.25> <CoreInst = "FAddSub_fulldsp">   --->   Core 18 'FAddSub_fulldsp' <Latency = 4> <II = 1> <Delay = 7.25> <FuncUnit> <Opcode : 'fadd' 'fsub'> <InPorts = 2> <OutPorts = 1>
ST_10 : Operation 293 [3/5] (7.25ns)   --->   "%imag_result_4 = fadd i32 %t3_4, i32 %t4_4" [../dft.cpp:42]   --->   Operation 293 'fadd' 'imag_result_4' <Predicate = true> <Delay = 7.25> <CoreInst = "FAddSub_fulldsp">   --->   Core 18 'FAddSub_fulldsp' <Latency = 4> <II = 1> <Delay = 7.25> <FuncUnit> <Opcode : 'fadd' 'fsub'> <InPorts = 2> <OutPorts = 1>
ST_10 : Operation 294 [3/5] (7.25ns)   --->   "%real_result_5 = fsub i32 %t1_5, i32 %t2_5" [../dft.cpp:41]   --->   Operation 294 'fsub' 'real_result_5' <Predicate = true> <Delay = 7.25> <CoreInst = "FAddSub_fulldsp">   --->   Core 18 'FAddSub_fulldsp' <Latency = 4> <II = 1> <Delay = 7.25> <FuncUnit> <Opcode : 'fadd' 'fsub'> <InPorts = 2> <OutPorts = 1>
ST_10 : Operation 295 [3/5] (7.25ns)   --->   "%imag_result_5 = fadd i32 %t3_5, i32 %t4_5" [../dft.cpp:42]   --->   Operation 295 'fadd' 'imag_result_5' <Predicate = true> <Delay = 7.25> <CoreInst = "FAddSub_fulldsp">   --->   Core 18 'FAddSub_fulldsp' <Latency = 4> <II = 1> <Delay = 7.25> <FuncUnit> <Opcode : 'fadd' 'fsub'> <InPorts = 2> <OutPorts = 1>
ST_10 : Operation 296 [3/5] (7.25ns)   --->   "%real_result_6 = fsub i32 %t1_6, i32 %t2_6" [../dft.cpp:41]   --->   Operation 296 'fsub' 'real_result_6' <Predicate = true> <Delay = 7.25> <CoreInst = "FAddSub_fulldsp">   --->   Core 18 'FAddSub_fulldsp' <Latency = 4> <II = 1> <Delay = 7.25> <FuncUnit> <Opcode : 'fadd' 'fsub'> <InPorts = 2> <OutPorts = 1>
ST_10 : Operation 297 [3/5] (7.25ns)   --->   "%imag_result_6 = fadd i32 %t3_6, i32 %t4_6" [../dft.cpp:42]   --->   Operation 297 'fadd' 'imag_result_6' <Predicate = true> <Delay = 7.25> <CoreInst = "FAddSub_fulldsp">   --->   Core 18 'FAddSub_fulldsp' <Latency = 4> <II = 1> <Delay = 7.25> <FuncUnit> <Opcode : 'fadd' 'fsub'> <InPorts = 2> <OutPorts = 1>
ST_10 : Operation 298 [3/5] (7.25ns)   --->   "%real_result_7 = fsub i32 %t1_7, i32 %t2_7" [../dft.cpp:41]   --->   Operation 298 'fsub' 'real_result_7' <Predicate = true> <Delay = 7.25> <CoreInst = "FAddSub_fulldsp">   --->   Core 18 'FAddSub_fulldsp' <Latency = 4> <II = 1> <Delay = 7.25> <FuncUnit> <Opcode : 'fadd' 'fsub'> <InPorts = 2> <OutPorts = 1>
ST_10 : Operation 299 [3/5] (7.25ns)   --->   "%imag_result_7 = fadd i32 %t3_7, i32 %t4_7" [../dft.cpp:42]   --->   Operation 299 'fadd' 'imag_result_7' <Predicate = true> <Delay = 7.25> <CoreInst = "FAddSub_fulldsp">   --->   Core 18 'FAddSub_fulldsp' <Latency = 4> <II = 1> <Delay = 7.25> <FuncUnit> <Opcode : 'fadd' 'fsub'> <InPorts = 2> <OutPorts = 1>

State 11 <SV = 10> <Delay = 7.25>
ST_11 : Operation 300 [1/1] (0.00ns)   --->   "%zext_ln22 = zext i7 %lshr_ln22_1" [../dft.cpp:22]   --->   Operation 300 'zext' 'zext_ln22' <Predicate = true> <Delay = 0.00>
ST_11 : Operation 301 [2/5] (7.25ns)   --->   "%real_result = fsub i32 %t1, i32 %t2" [../dft.cpp:41]   --->   Operation 301 'fsub' 'real_result' <Predicate = true> <Delay = 7.25> <CoreInst = "FAddSub_fulldsp">   --->   Core 18 'FAddSub_fulldsp' <Latency = 4> <II = 1> <Delay = 7.25> <FuncUnit> <Opcode : 'fadd' 'fsub'> <InPorts = 2> <OutPorts = 1>
ST_11 : Operation 302 [2/5] (7.25ns)   --->   "%imag_result = fadd i32 %t3, i32 %t4" [../dft.cpp:42]   --->   Operation 302 'fadd' 'imag_result' <Predicate = true> <Delay = 7.25> <CoreInst = "FAddSub_fulldsp">   --->   Core 18 'FAddSub_fulldsp' <Latency = 4> <II = 1> <Delay = 7.25> <FuncUnit> <Opcode : 'fadd' 'fsub'> <InPorts = 2> <OutPorts = 1>
ST_11 : Operation 303 [1/1] (0.00ns)   --->   "%real_op_0_addr = getelementptr i32 %real_op_0, i64 0, i64 %zext_ln22" [../dft.cpp:45]   --->   Operation 303 'getelementptr' 'real_op_0_addr' <Predicate = true> <Delay = 0.00>
ST_11 : Operation 304 [2/2] (3.25ns)   --->   "%real_op_0_load = load i7 %real_op_0_addr" [../dft.cpp:45]   --->   Operation 304 'load' 'real_op_0_load' <Predicate = true> <Delay = 3.25> <CoreInst = "RAM">   --->   Core 81 'RAM' <Latency = 1> <II = 1> <Delay = 3.25> <Storage> <Opcode : 'load' 'store'> <Ports = 2> <Width = 32> <Depth = 128> <RAM>
ST_11 : Operation 305 [1/1] (0.00ns)   --->   "%imag_op_0_addr = getelementptr i32 %imag_op_0, i64 0, i64 %zext_ln22" [../dft.cpp:46]   --->   Operation 305 'getelementptr' 'imag_op_0_addr' <Predicate = true> <Delay = 0.00>
ST_11 : Operation 306 [2/2] (3.25ns)   --->   "%imag_op_0_load = load i7 %imag_op_0_addr" [../dft.cpp:46]   --->   Operation 306 'load' 'imag_op_0_load' <Predicate = true> <Delay = 3.25> <CoreInst = "RAM">   --->   Core 81 'RAM' <Latency = 1> <II = 1> <Delay = 3.25> <Storage> <Opcode : 'load' 'store'> <Ports = 2> <Width = 32> <Depth = 128> <RAM>
ST_11 : Operation 307 [2/5] (7.25ns)   --->   "%real_result_1 = fsub i32 %t1_1, i32 %t2_1" [../dft.cpp:41]   --->   Operation 307 'fsub' 'real_result_1' <Predicate = true> <Delay = 7.25> <CoreInst = "FAddSub_fulldsp">   --->   Core 18 'FAddSub_fulldsp' <Latency = 4> <II = 1> <Delay = 7.25> <FuncUnit> <Opcode : 'fadd' 'fsub'> <InPorts = 2> <OutPorts = 1>
ST_11 : Operation 308 [2/5] (7.25ns)   --->   "%imag_result_1 = fadd i32 %t3_1, i32 %t4_1" [../dft.cpp:42]   --->   Operation 308 'fadd' 'imag_result_1' <Predicate = true> <Delay = 7.25> <CoreInst = "FAddSub_fulldsp">   --->   Core 18 'FAddSub_fulldsp' <Latency = 4> <II = 1> <Delay = 7.25> <FuncUnit> <Opcode : 'fadd' 'fsub'> <InPorts = 2> <OutPorts = 1>
ST_11 : Operation 309 [1/1] (0.00ns)   --->   "%real_op_1_addr = getelementptr i32 %real_op_1, i64 0, i64 %zext_ln22" [../dft.cpp:45]   --->   Operation 309 'getelementptr' 'real_op_1_addr' <Predicate = true> <Delay = 0.00>
ST_11 : Operation 310 [2/2] (3.25ns)   --->   "%real_op_1_load = load i7 %real_op_1_addr" [../dft.cpp:45]   --->   Operation 310 'load' 'real_op_1_load' <Predicate = true> <Delay = 3.25> <CoreInst = "RAM">   --->   Core 81 'RAM' <Latency = 1> <II = 1> <Delay = 3.25> <Storage> <Opcode : 'load' 'store'> <Ports = 2> <Width = 32> <Depth = 128> <RAM>
ST_11 : Operation 311 [1/1] (0.00ns)   --->   "%imag_op_1_addr = getelementptr i32 %imag_op_1, i64 0, i64 %zext_ln22" [../dft.cpp:46]   --->   Operation 311 'getelementptr' 'imag_op_1_addr' <Predicate = true> <Delay = 0.00>
ST_11 : Operation 312 [2/2] (3.25ns)   --->   "%imag_op_1_load = load i7 %imag_op_1_addr" [../dft.cpp:46]   --->   Operation 312 'load' 'imag_op_1_load' <Predicate = true> <Delay = 3.25> <CoreInst = "RAM">   --->   Core 81 'RAM' <Latency = 1> <II = 1> <Delay = 3.25> <Storage> <Opcode : 'load' 'store'> <Ports = 2> <Width = 32> <Depth = 128> <RAM>
ST_11 : Operation 313 [2/5] (7.25ns)   --->   "%real_result_2 = fsub i32 %t1_2, i32 %t2_2" [../dft.cpp:41]   --->   Operation 313 'fsub' 'real_result_2' <Predicate = true> <Delay = 7.25> <CoreInst = "FAddSub_fulldsp">   --->   Core 18 'FAddSub_fulldsp' <Latency = 4> <II = 1> <Delay = 7.25> <FuncUnit> <Opcode : 'fadd' 'fsub'> <InPorts = 2> <OutPorts = 1>
ST_11 : Operation 314 [2/5] (7.25ns)   --->   "%imag_result_2 = fadd i32 %t3_2, i32 %t4_2" [../dft.cpp:42]   --->   Operation 314 'fadd' 'imag_result_2' <Predicate = true> <Delay = 7.25> <CoreInst = "FAddSub_fulldsp">   --->   Core 18 'FAddSub_fulldsp' <Latency = 4> <II = 1> <Delay = 7.25> <FuncUnit> <Opcode : 'fadd' 'fsub'> <InPorts = 2> <OutPorts = 1>
ST_11 : Operation 315 [1/1] (0.00ns)   --->   "%real_op_2_addr = getelementptr i32 %real_op_2, i64 0, i64 %zext_ln22" [../dft.cpp:45]   --->   Operation 315 'getelementptr' 'real_op_2_addr' <Predicate = true> <Delay = 0.00>
ST_11 : Operation 316 [2/2] (3.25ns)   --->   "%real_op_2_load = load i7 %real_op_2_addr" [../dft.cpp:45]   --->   Operation 316 'load' 'real_op_2_load' <Predicate = true> <Delay = 3.25> <CoreInst = "RAM">   --->   Core 81 'RAM' <Latency = 1> <II = 1> <Delay = 3.25> <Storage> <Opcode : 'load' 'store'> <Ports = 2> <Width = 32> <Depth = 128> <RAM>
ST_11 : Operation 317 [1/1] (0.00ns)   --->   "%imag_op_2_addr = getelementptr i32 %imag_op_2, i64 0, i64 %zext_ln22" [../dft.cpp:46]   --->   Operation 317 'getelementptr' 'imag_op_2_addr' <Predicate = true> <Delay = 0.00>
ST_11 : Operation 318 [2/2] (3.25ns)   --->   "%imag_op_2_load = load i7 %imag_op_2_addr" [../dft.cpp:46]   --->   Operation 318 'load' 'imag_op_2_load' <Predicate = true> <Delay = 3.25> <CoreInst = "RAM">   --->   Core 81 'RAM' <Latency = 1> <II = 1> <Delay = 3.25> <Storage> <Opcode : 'load' 'store'> <Ports = 2> <Width = 32> <Depth = 128> <RAM>
ST_11 : Operation 319 [2/5] (7.25ns)   --->   "%real_result_3 = fsub i32 %t1_3, i32 %t2_3" [../dft.cpp:41]   --->   Operation 319 'fsub' 'real_result_3' <Predicate = true> <Delay = 7.25> <CoreInst = "FAddSub_fulldsp">   --->   Core 18 'FAddSub_fulldsp' <Latency = 4> <II = 1> <Delay = 7.25> <FuncUnit> <Opcode : 'fadd' 'fsub'> <InPorts = 2> <OutPorts = 1>
ST_11 : Operation 320 [2/5] (7.25ns)   --->   "%imag_result_3 = fadd i32 %t3_3, i32 %t4_3" [../dft.cpp:42]   --->   Operation 320 'fadd' 'imag_result_3' <Predicate = true> <Delay = 7.25> <CoreInst = "FAddSub_fulldsp">   --->   Core 18 'FAddSub_fulldsp' <Latency = 4> <II = 1> <Delay = 7.25> <FuncUnit> <Opcode : 'fadd' 'fsub'> <InPorts = 2> <OutPorts = 1>
ST_11 : Operation 321 [1/1] (0.00ns)   --->   "%real_op_3_addr = getelementptr i32 %real_op_3, i64 0, i64 %zext_ln22" [../dft.cpp:45]   --->   Operation 321 'getelementptr' 'real_op_3_addr' <Predicate = true> <Delay = 0.00>
ST_11 : Operation 322 [2/2] (3.25ns)   --->   "%real_op_3_load = load i7 %real_op_3_addr" [../dft.cpp:45]   --->   Operation 322 'load' 'real_op_3_load' <Predicate = true> <Delay = 3.25> <CoreInst = "RAM">   --->   Core 81 'RAM' <Latency = 1> <II = 1> <Delay = 3.25> <Storage> <Opcode : 'load' 'store'> <Ports = 2> <Width = 32> <Depth = 128> <RAM>
ST_11 : Operation 323 [1/1] (0.00ns)   --->   "%imag_op_3_addr = getelementptr i32 %imag_op_3, i64 0, i64 %zext_ln22" [../dft.cpp:46]   --->   Operation 323 'getelementptr' 'imag_op_3_addr' <Predicate = true> <Delay = 0.00>
ST_11 : Operation 324 [2/2] (3.25ns)   --->   "%imag_op_3_load = load i7 %imag_op_3_addr" [../dft.cpp:46]   --->   Operation 324 'load' 'imag_op_3_load' <Predicate = true> <Delay = 3.25> <CoreInst = "RAM">   --->   Core 81 'RAM' <Latency = 1> <II = 1> <Delay = 3.25> <Storage> <Opcode : 'load' 'store'> <Ports = 2> <Width = 32> <Depth = 128> <RAM>
ST_11 : Operation 325 [2/5] (7.25ns)   --->   "%real_result_4 = fsub i32 %t1_4, i32 %t2_4" [../dft.cpp:41]   --->   Operation 325 'fsub' 'real_result_4' <Predicate = true> <Delay = 7.25> <CoreInst = "FAddSub_fulldsp">   --->   Core 18 'FAddSub_fulldsp' <Latency = 4> <II = 1> <Delay = 7.25> <FuncUnit> <Opcode : 'fadd' 'fsub'> <InPorts = 2> <OutPorts = 1>
ST_11 : Operation 326 [2/5] (7.25ns)   --->   "%imag_result_4 = fadd i32 %t3_4, i32 %t4_4" [../dft.cpp:42]   --->   Operation 326 'fadd' 'imag_result_4' <Predicate = true> <Delay = 7.25> <CoreInst = "FAddSub_fulldsp">   --->   Core 18 'FAddSub_fulldsp' <Latency = 4> <II = 1> <Delay = 7.25> <FuncUnit> <Opcode : 'fadd' 'fsub'> <InPorts = 2> <OutPorts = 1>
ST_11 : Operation 327 [1/1] (0.00ns)   --->   "%real_op_4_addr = getelementptr i32 %real_op_4, i64 0, i64 %zext_ln22" [../dft.cpp:45]   --->   Operation 327 'getelementptr' 'real_op_4_addr' <Predicate = true> <Delay = 0.00>
ST_11 : Operation 328 [2/2] (3.25ns)   --->   "%real_op_4_load = load i7 %real_op_4_addr" [../dft.cpp:45]   --->   Operation 328 'load' 'real_op_4_load' <Predicate = true> <Delay = 3.25> <CoreInst = "RAM">   --->   Core 81 'RAM' <Latency = 1> <II = 1> <Delay = 3.25> <Storage> <Opcode : 'load' 'store'> <Ports = 2> <Width = 32> <Depth = 128> <RAM>
ST_11 : Operation 329 [1/1] (0.00ns)   --->   "%imag_op_4_addr = getelementptr i32 %imag_op_4, i64 0, i64 %zext_ln22" [../dft.cpp:46]   --->   Operation 329 'getelementptr' 'imag_op_4_addr' <Predicate = true> <Delay = 0.00>
ST_11 : Operation 330 [2/2] (3.25ns)   --->   "%imag_op_4_load = load i7 %imag_op_4_addr" [../dft.cpp:46]   --->   Operation 330 'load' 'imag_op_4_load' <Predicate = true> <Delay = 3.25> <CoreInst = "RAM">   --->   Core 81 'RAM' <Latency = 1> <II = 1> <Delay = 3.25> <Storage> <Opcode : 'load' 'store'> <Ports = 2> <Width = 32> <Depth = 128> <RAM>
ST_11 : Operation 331 [2/5] (7.25ns)   --->   "%real_result_5 = fsub i32 %t1_5, i32 %t2_5" [../dft.cpp:41]   --->   Operation 331 'fsub' 'real_result_5' <Predicate = true> <Delay = 7.25> <CoreInst = "FAddSub_fulldsp">   --->   Core 18 'FAddSub_fulldsp' <Latency = 4> <II = 1> <Delay = 7.25> <FuncUnit> <Opcode : 'fadd' 'fsub'> <InPorts = 2> <OutPorts = 1>
ST_11 : Operation 332 [2/5] (7.25ns)   --->   "%imag_result_5 = fadd i32 %t3_5, i32 %t4_5" [../dft.cpp:42]   --->   Operation 332 'fadd' 'imag_result_5' <Predicate = true> <Delay = 7.25> <CoreInst = "FAddSub_fulldsp">   --->   Core 18 'FAddSub_fulldsp' <Latency = 4> <II = 1> <Delay = 7.25> <FuncUnit> <Opcode : 'fadd' 'fsub'> <InPorts = 2> <OutPorts = 1>
ST_11 : Operation 333 [1/1] (0.00ns)   --->   "%real_op_5_addr = getelementptr i32 %real_op_5, i64 0, i64 %zext_ln22" [../dft.cpp:45]   --->   Operation 333 'getelementptr' 'real_op_5_addr' <Predicate = true> <Delay = 0.00>
ST_11 : Operation 334 [2/2] (3.25ns)   --->   "%real_op_5_load = load i7 %real_op_5_addr" [../dft.cpp:45]   --->   Operation 334 'load' 'real_op_5_load' <Predicate = true> <Delay = 3.25> <CoreInst = "RAM">   --->   Core 81 'RAM' <Latency = 1> <II = 1> <Delay = 3.25> <Storage> <Opcode : 'load' 'store'> <Ports = 2> <Width = 32> <Depth = 128> <RAM>
ST_11 : Operation 335 [1/1] (0.00ns)   --->   "%imag_op_5_addr = getelementptr i32 %imag_op_5, i64 0, i64 %zext_ln22" [../dft.cpp:46]   --->   Operation 335 'getelementptr' 'imag_op_5_addr' <Predicate = true> <Delay = 0.00>
ST_11 : Operation 336 [2/2] (3.25ns)   --->   "%imag_op_5_load = load i7 %imag_op_5_addr" [../dft.cpp:46]   --->   Operation 336 'load' 'imag_op_5_load' <Predicate = true> <Delay = 3.25> <CoreInst = "RAM">   --->   Core 81 'RAM' <Latency = 1> <II = 1> <Delay = 3.25> <Storage> <Opcode : 'load' 'store'> <Ports = 2> <Width = 32> <Depth = 128> <RAM>
ST_11 : Operation 337 [2/5] (7.25ns)   --->   "%real_result_6 = fsub i32 %t1_6, i32 %t2_6" [../dft.cpp:41]   --->   Operation 337 'fsub' 'real_result_6' <Predicate = true> <Delay = 7.25> <CoreInst = "FAddSub_fulldsp">   --->   Core 18 'FAddSub_fulldsp' <Latency = 4> <II = 1> <Delay = 7.25> <FuncUnit> <Opcode : 'fadd' 'fsub'> <InPorts = 2> <OutPorts = 1>
ST_11 : Operation 338 [2/5] (7.25ns)   --->   "%imag_result_6 = fadd i32 %t3_6, i32 %t4_6" [../dft.cpp:42]   --->   Operation 338 'fadd' 'imag_result_6' <Predicate = true> <Delay = 7.25> <CoreInst = "FAddSub_fulldsp">   --->   Core 18 'FAddSub_fulldsp' <Latency = 4> <II = 1> <Delay = 7.25> <FuncUnit> <Opcode : 'fadd' 'fsub'> <InPorts = 2> <OutPorts = 1>
ST_11 : Operation 339 [1/1] (0.00ns)   --->   "%real_op_6_addr = getelementptr i32 %real_op_6, i64 0, i64 %zext_ln22" [../dft.cpp:45]   --->   Operation 339 'getelementptr' 'real_op_6_addr' <Predicate = true> <Delay = 0.00>
ST_11 : Operation 340 [2/2] (3.25ns)   --->   "%real_op_6_load = load i7 %real_op_6_addr" [../dft.cpp:45]   --->   Operation 340 'load' 'real_op_6_load' <Predicate = true> <Delay = 3.25> <CoreInst = "RAM">   --->   Core 81 'RAM' <Latency = 1> <II = 1> <Delay = 3.25> <Storage> <Opcode : 'load' 'store'> <Ports = 2> <Width = 32> <Depth = 128> <RAM>
ST_11 : Operation 341 [1/1] (0.00ns)   --->   "%imag_op_6_addr = getelementptr i32 %imag_op_6, i64 0, i64 %zext_ln22" [../dft.cpp:46]   --->   Operation 341 'getelementptr' 'imag_op_6_addr' <Predicate = true> <Delay = 0.00>
ST_11 : Operation 342 [2/2] (3.25ns)   --->   "%imag_op_6_load = load i7 %imag_op_6_addr" [../dft.cpp:46]   --->   Operation 342 'load' 'imag_op_6_load' <Predicate = true> <Delay = 3.25> <CoreInst = "RAM">   --->   Core 81 'RAM' <Latency = 1> <II = 1> <Delay = 3.25> <Storage> <Opcode : 'load' 'store'> <Ports = 2> <Width = 32> <Depth = 128> <RAM>
ST_11 : Operation 343 [2/5] (7.25ns)   --->   "%real_result_7 = fsub i32 %t1_7, i32 %t2_7" [../dft.cpp:41]   --->   Operation 343 'fsub' 'real_result_7' <Predicate = true> <Delay = 7.25> <CoreInst = "FAddSub_fulldsp">   --->   Core 18 'FAddSub_fulldsp' <Latency = 4> <II = 1> <Delay = 7.25> <FuncUnit> <Opcode : 'fadd' 'fsub'> <InPorts = 2> <OutPorts = 1>
ST_11 : Operation 344 [2/5] (7.25ns)   --->   "%imag_result_7 = fadd i32 %t3_7, i32 %t4_7" [../dft.cpp:42]   --->   Operation 344 'fadd' 'imag_result_7' <Predicate = true> <Delay = 7.25> <CoreInst = "FAddSub_fulldsp">   --->   Core 18 'FAddSub_fulldsp' <Latency = 4> <II = 1> <Delay = 7.25> <FuncUnit> <Opcode : 'fadd' 'fsub'> <InPorts = 2> <OutPorts = 1>
ST_11 : Operation 345 [1/1] (0.00ns)   --->   "%real_op_7_addr = getelementptr i32 %real_op_7, i64 0, i64 %zext_ln22" [../dft.cpp:45]   --->   Operation 345 'getelementptr' 'real_op_7_addr' <Predicate = true> <Delay = 0.00>
ST_11 : Operation 346 [2/2] (3.25ns)   --->   "%real_op_7_load = load i7 %real_op_7_addr" [../dft.cpp:45]   --->   Operation 346 'load' 'real_op_7_load' <Predicate = true> <Delay = 3.25> <CoreInst = "RAM">   --->   Core 81 'RAM' <Latency = 1> <II = 1> <Delay = 3.25> <Storage> <Opcode : 'load' 'store'> <Ports = 2> <Width = 32> <Depth = 128> <RAM>
ST_11 : Operation 347 [1/1] (0.00ns)   --->   "%imag_op_7_addr = getelementptr i32 %imag_op_7, i64 0, i64 %zext_ln22" [../dft.cpp:46]   --->   Operation 347 'getelementptr' 'imag_op_7_addr' <Predicate = true> <Delay = 0.00>
ST_11 : Operation 348 [2/2] (3.25ns)   --->   "%imag_op_7_load = load i7 %imag_op_7_addr" [../dft.cpp:46]   --->   Operation 348 'load' 'imag_op_7_load' <Predicate = true> <Delay = 3.25> <CoreInst = "RAM">   --->   Core 81 'RAM' <Latency = 1> <II = 1> <Delay = 3.25> <Storage> <Opcode : 'load' 'store'> <Ports = 2> <Width = 32> <Depth = 128> <RAM>

State 12 <SV = 11> <Delay = 7.25>
ST_12 : Operation 349 [1/5] (7.25ns)   --->   "%real_result = fsub i32 %t1, i32 %t2" [../dft.cpp:41]   --->   Operation 349 'fsub' 'real_result' <Predicate = true> <Delay = 7.25> <CoreInst = "FAddSub_fulldsp">   --->   Core 18 'FAddSub_fulldsp' <Latency = 4> <II = 1> <Delay = 7.25> <FuncUnit> <Opcode : 'fadd' 'fsub'> <InPorts = 2> <OutPorts = 1>
ST_12 : Operation 350 [1/5] (7.25ns)   --->   "%imag_result = fadd i32 %t3, i32 %t4" [../dft.cpp:42]   --->   Operation 350 'fadd' 'imag_result' <Predicate = true> <Delay = 7.25> <CoreInst = "FAddSub_fulldsp">   --->   Core 18 'FAddSub_fulldsp' <Latency = 4> <II = 1> <Delay = 7.25> <FuncUnit> <Opcode : 'fadd' 'fsub'> <InPorts = 2> <OutPorts = 1>
ST_12 : Operation 351 [1/2] ( I:3.25ns O:3.25ns )   --->   "%real_op_0_load = load i7 %real_op_0_addr" [../dft.cpp:45]   --->   Operation 351 'load' 'real_op_0_load' <Predicate = true> <Delay = 3.25> <CoreInst = "RAM">   --->   Core 81 'RAM' <Latency = 1> <II = 1> <Delay = 3.25> <Storage> <Opcode : 'load' 'store'> <Ports = 2> <Width = 32> <Depth = 128> <RAM>
ST_12 : Operation 352 [1/2] ( I:3.25ns O:3.25ns )   --->   "%imag_op_0_load = load i7 %imag_op_0_addr" [../dft.cpp:46]   --->   Operation 352 'load' 'imag_op_0_load' <Predicate = true> <Delay = 3.25> <CoreInst = "RAM">   --->   Core 81 'RAM' <Latency = 1> <II = 1> <Delay = 3.25> <Storage> <Opcode : 'load' 'store'> <Ports = 2> <Width = 32> <Depth = 128> <RAM>
ST_12 : Operation 353 [1/5] (7.25ns)   --->   "%real_result_1 = fsub i32 %t1_1, i32 %t2_1" [../dft.cpp:41]   --->   Operation 353 'fsub' 'real_result_1' <Predicate = true> <Delay = 7.25> <CoreInst = "FAddSub_fulldsp">   --->   Core 18 'FAddSub_fulldsp' <Latency = 4> <II = 1> <Delay = 7.25> <FuncUnit> <Opcode : 'fadd' 'fsub'> <InPorts = 2> <OutPorts = 1>
ST_12 : Operation 354 [1/5] (7.25ns)   --->   "%imag_result_1 = fadd i32 %t3_1, i32 %t4_1" [../dft.cpp:42]   --->   Operation 354 'fadd' 'imag_result_1' <Predicate = true> <Delay = 7.25> <CoreInst = "FAddSub_fulldsp">   --->   Core 18 'FAddSub_fulldsp' <Latency = 4> <II = 1> <Delay = 7.25> <FuncUnit> <Opcode : 'fadd' 'fsub'> <InPorts = 2> <OutPorts = 1>
ST_12 : Operation 355 [1/2] ( I:3.25ns O:3.25ns )   --->   "%real_op_1_load = load i7 %real_op_1_addr" [../dft.cpp:45]   --->   Operation 355 'load' 'real_op_1_load' <Predicate = true> <Delay = 3.25> <CoreInst = "RAM">   --->   Core 81 'RAM' <Latency = 1> <II = 1> <Delay = 3.25> <Storage> <Opcode : 'load' 'store'> <Ports = 2> <Width = 32> <Depth = 128> <RAM>
ST_12 : Operation 356 [1/2] ( I:3.25ns O:3.25ns )   --->   "%imag_op_1_load = load i7 %imag_op_1_addr" [../dft.cpp:46]   --->   Operation 356 'load' 'imag_op_1_load' <Predicate = true> <Delay = 3.25> <CoreInst = "RAM">   --->   Core 81 'RAM' <Latency = 1> <II = 1> <Delay = 3.25> <Storage> <Opcode : 'load' 'store'> <Ports = 2> <Width = 32> <Depth = 128> <RAM>
ST_12 : Operation 357 [1/5] (7.25ns)   --->   "%real_result_2 = fsub i32 %t1_2, i32 %t2_2" [../dft.cpp:41]   --->   Operation 357 'fsub' 'real_result_2' <Predicate = true> <Delay = 7.25> <CoreInst = "FAddSub_fulldsp">   --->   Core 18 'FAddSub_fulldsp' <Latency = 4> <II = 1> <Delay = 7.25> <FuncUnit> <Opcode : 'fadd' 'fsub'> <InPorts = 2> <OutPorts = 1>
ST_12 : Operation 358 [1/5] (7.25ns)   --->   "%imag_result_2 = fadd i32 %t3_2, i32 %t4_2" [../dft.cpp:42]   --->   Operation 358 'fadd' 'imag_result_2' <Predicate = true> <Delay = 7.25> <CoreInst = "FAddSub_fulldsp">   --->   Core 18 'FAddSub_fulldsp' <Latency = 4> <II = 1> <Delay = 7.25> <FuncUnit> <Opcode : 'fadd' 'fsub'> <InPorts = 2> <OutPorts = 1>
ST_12 : Operation 359 [1/2] ( I:3.25ns O:3.25ns )   --->   "%real_op_2_load = load i7 %real_op_2_addr" [../dft.cpp:45]   --->   Operation 359 'load' 'real_op_2_load' <Predicate = true> <Delay = 3.25> <CoreInst = "RAM">   --->   Core 81 'RAM' <Latency = 1> <II = 1> <Delay = 3.25> <Storage> <Opcode : 'load' 'store'> <Ports = 2> <Width = 32> <Depth = 128> <RAM>
ST_12 : Operation 360 [1/2] ( I:3.25ns O:3.25ns )   --->   "%imag_op_2_load = load i7 %imag_op_2_addr" [../dft.cpp:46]   --->   Operation 360 'load' 'imag_op_2_load' <Predicate = true> <Delay = 3.25> <CoreInst = "RAM">   --->   Core 81 'RAM' <Latency = 1> <II = 1> <Delay = 3.25> <Storage> <Opcode : 'load' 'store'> <Ports = 2> <Width = 32> <Depth = 128> <RAM>
ST_12 : Operation 361 [1/5] (7.25ns)   --->   "%real_result_3 = fsub i32 %t1_3, i32 %t2_3" [../dft.cpp:41]   --->   Operation 361 'fsub' 'real_result_3' <Predicate = true> <Delay = 7.25> <CoreInst = "FAddSub_fulldsp">   --->   Core 18 'FAddSub_fulldsp' <Latency = 4> <II = 1> <Delay = 7.25> <FuncUnit> <Opcode : 'fadd' 'fsub'> <InPorts = 2> <OutPorts = 1>
ST_12 : Operation 362 [1/5] (7.25ns)   --->   "%imag_result_3 = fadd i32 %t3_3, i32 %t4_3" [../dft.cpp:42]   --->   Operation 362 'fadd' 'imag_result_3' <Predicate = true> <Delay = 7.25> <CoreInst = "FAddSub_fulldsp">   --->   Core 18 'FAddSub_fulldsp' <Latency = 4> <II = 1> <Delay = 7.25> <FuncUnit> <Opcode : 'fadd' 'fsub'> <InPorts = 2> <OutPorts = 1>
ST_12 : Operation 363 [1/2] ( I:3.25ns O:3.25ns )   --->   "%real_op_3_load = load i7 %real_op_3_addr" [../dft.cpp:45]   --->   Operation 363 'load' 'real_op_3_load' <Predicate = true> <Delay = 3.25> <CoreInst = "RAM">   --->   Core 81 'RAM' <Latency = 1> <II = 1> <Delay = 3.25> <Storage> <Opcode : 'load' 'store'> <Ports = 2> <Width = 32> <Depth = 128> <RAM>
ST_12 : Operation 364 [1/2] ( I:3.25ns O:3.25ns )   --->   "%imag_op_3_load = load i7 %imag_op_3_addr" [../dft.cpp:46]   --->   Operation 364 'load' 'imag_op_3_load' <Predicate = true> <Delay = 3.25> <CoreInst = "RAM">   --->   Core 81 'RAM' <Latency = 1> <II = 1> <Delay = 3.25> <Storage> <Opcode : 'load' 'store'> <Ports = 2> <Width = 32> <Depth = 128> <RAM>
ST_12 : Operation 365 [1/5] (7.25ns)   --->   "%real_result_4 = fsub i32 %t1_4, i32 %t2_4" [../dft.cpp:41]   --->   Operation 365 'fsub' 'real_result_4' <Predicate = true> <Delay = 7.25> <CoreInst = "FAddSub_fulldsp">   --->   Core 18 'FAddSub_fulldsp' <Latency = 4> <II = 1> <Delay = 7.25> <FuncUnit> <Opcode : 'fadd' 'fsub'> <InPorts = 2> <OutPorts = 1>
ST_12 : Operation 366 [1/5] (7.25ns)   --->   "%imag_result_4 = fadd i32 %t3_4, i32 %t4_4" [../dft.cpp:42]   --->   Operation 366 'fadd' 'imag_result_4' <Predicate = true> <Delay = 7.25> <CoreInst = "FAddSub_fulldsp">   --->   Core 18 'FAddSub_fulldsp' <Latency = 4> <II = 1> <Delay = 7.25> <FuncUnit> <Opcode : 'fadd' 'fsub'> <InPorts = 2> <OutPorts = 1>
ST_12 : Operation 367 [1/2] ( I:3.25ns O:3.25ns )   --->   "%real_op_4_load = load i7 %real_op_4_addr" [../dft.cpp:45]   --->   Operation 367 'load' 'real_op_4_load' <Predicate = true> <Delay = 3.25> <CoreInst = "RAM">   --->   Core 81 'RAM' <Latency = 1> <II = 1> <Delay = 3.25> <Storage> <Opcode : 'load' 'store'> <Ports = 2> <Width = 32> <Depth = 128> <RAM>
ST_12 : Operation 368 [1/2] ( I:3.25ns O:3.25ns )   --->   "%imag_op_4_load = load i7 %imag_op_4_addr" [../dft.cpp:46]   --->   Operation 368 'load' 'imag_op_4_load' <Predicate = true> <Delay = 3.25> <CoreInst = "RAM">   --->   Core 81 'RAM' <Latency = 1> <II = 1> <Delay = 3.25> <Storage> <Opcode : 'load' 'store'> <Ports = 2> <Width = 32> <Depth = 128> <RAM>
ST_12 : Operation 369 [1/5] (7.25ns)   --->   "%real_result_5 = fsub i32 %t1_5, i32 %t2_5" [../dft.cpp:41]   --->   Operation 369 'fsub' 'real_result_5' <Predicate = true> <Delay = 7.25> <CoreInst = "FAddSub_fulldsp">   --->   Core 18 'FAddSub_fulldsp' <Latency = 4> <II = 1> <Delay = 7.25> <FuncUnit> <Opcode : 'fadd' 'fsub'> <InPorts = 2> <OutPorts = 1>
ST_12 : Operation 370 [1/5] (7.25ns)   --->   "%imag_result_5 = fadd i32 %t3_5, i32 %t4_5" [../dft.cpp:42]   --->   Operation 370 'fadd' 'imag_result_5' <Predicate = true> <Delay = 7.25> <CoreInst = "FAddSub_fulldsp">   --->   Core 18 'FAddSub_fulldsp' <Latency = 4> <II = 1> <Delay = 7.25> <FuncUnit> <Opcode : 'fadd' 'fsub'> <InPorts = 2> <OutPorts = 1>
ST_12 : Operation 371 [1/2] ( I:3.25ns O:3.25ns )   --->   "%real_op_5_load = load i7 %real_op_5_addr" [../dft.cpp:45]   --->   Operation 371 'load' 'real_op_5_load' <Predicate = true> <Delay = 3.25> <CoreInst = "RAM">   --->   Core 81 'RAM' <Latency = 1> <II = 1> <Delay = 3.25> <Storage> <Opcode : 'load' 'store'> <Ports = 2> <Width = 32> <Depth = 128> <RAM>
ST_12 : Operation 372 [1/2] ( I:3.25ns O:3.25ns )   --->   "%imag_op_5_load = load i7 %imag_op_5_addr" [../dft.cpp:46]   --->   Operation 372 'load' 'imag_op_5_load' <Predicate = true> <Delay = 3.25> <CoreInst = "RAM">   --->   Core 81 'RAM' <Latency = 1> <II = 1> <Delay = 3.25> <Storage> <Opcode : 'load' 'store'> <Ports = 2> <Width = 32> <Depth = 128> <RAM>
ST_12 : Operation 373 [1/5] (7.25ns)   --->   "%real_result_6 = fsub i32 %t1_6, i32 %t2_6" [../dft.cpp:41]   --->   Operation 373 'fsub' 'real_result_6' <Predicate = true> <Delay = 7.25> <CoreInst = "FAddSub_fulldsp">   --->   Core 18 'FAddSub_fulldsp' <Latency = 4> <II = 1> <Delay = 7.25> <FuncUnit> <Opcode : 'fadd' 'fsub'> <InPorts = 2> <OutPorts = 1>
ST_12 : Operation 374 [1/5] (7.25ns)   --->   "%imag_result_6 = fadd i32 %t3_6, i32 %t4_6" [../dft.cpp:42]   --->   Operation 374 'fadd' 'imag_result_6' <Predicate = true> <Delay = 7.25> <CoreInst = "FAddSub_fulldsp">   --->   Core 18 'FAddSub_fulldsp' <Latency = 4> <II = 1> <Delay = 7.25> <FuncUnit> <Opcode : 'fadd' 'fsub'> <InPorts = 2> <OutPorts = 1>
ST_12 : Operation 375 [1/2] ( I:3.25ns O:3.25ns )   --->   "%real_op_6_load = load i7 %real_op_6_addr" [../dft.cpp:45]   --->   Operation 375 'load' 'real_op_6_load' <Predicate = true> <Delay = 3.25> <CoreInst = "RAM">   --->   Core 81 'RAM' <Latency = 1> <II = 1> <Delay = 3.25> <Storage> <Opcode : 'load' 'store'> <Ports = 2> <Width = 32> <Depth = 128> <RAM>
ST_12 : Operation 376 [1/2] ( I:3.25ns O:3.25ns )   --->   "%imag_op_6_load = load i7 %imag_op_6_addr" [../dft.cpp:46]   --->   Operation 376 'load' 'imag_op_6_load' <Predicate = true> <Delay = 3.25> <CoreInst = "RAM">   --->   Core 81 'RAM' <Latency = 1> <II = 1> <Delay = 3.25> <Storage> <Opcode : 'load' 'store'> <Ports = 2> <Width = 32> <Depth = 128> <RAM>
ST_12 : Operation 377 [1/5] (7.25ns)   --->   "%real_result_7 = fsub i32 %t1_7, i32 %t2_7" [../dft.cpp:41]   --->   Operation 377 'fsub' 'real_result_7' <Predicate = true> <Delay = 7.25> <CoreInst = "FAddSub_fulldsp">   --->   Core 18 'FAddSub_fulldsp' <Latency = 4> <II = 1> <Delay = 7.25> <FuncUnit> <Opcode : 'fadd' 'fsub'> <InPorts = 2> <OutPorts = 1>
ST_12 : Operation 378 [1/5] (7.25ns)   --->   "%imag_result_7 = fadd i32 %t3_7, i32 %t4_7" [../dft.cpp:42]   --->   Operation 378 'fadd' 'imag_result_7' <Predicate = true> <Delay = 7.25> <CoreInst = "FAddSub_fulldsp">   --->   Core 18 'FAddSub_fulldsp' <Latency = 4> <II = 1> <Delay = 7.25> <FuncUnit> <Opcode : 'fadd' 'fsub'> <InPorts = 2> <OutPorts = 1>
ST_12 : Operation 379 [1/2] ( I:3.25ns O:3.25ns )   --->   "%real_op_7_load = load i7 %real_op_7_addr" [../dft.cpp:45]   --->   Operation 379 'load' 'real_op_7_load' <Predicate = true> <Delay = 3.25> <CoreInst = "RAM">   --->   Core 81 'RAM' <Latency = 1> <II = 1> <Delay = 3.25> <Storage> <Opcode : 'load' 'store'> <Ports = 2> <Width = 32> <Depth = 128> <RAM>
ST_12 : Operation 380 [1/2] ( I:3.25ns O:3.25ns )   --->   "%imag_op_7_load = load i7 %imag_op_7_addr" [../dft.cpp:46]   --->   Operation 380 'load' 'imag_op_7_load' <Predicate = true> <Delay = 3.25> <CoreInst = "RAM">   --->   Core 81 'RAM' <Latency = 1> <II = 1> <Delay = 3.25> <Storage> <Opcode : 'load' 'store'> <Ports = 2> <Width = 32> <Depth = 128> <RAM>

State 13 <SV = 12> <Delay = 7.25>
ST_13 : Operation 381 [1/1] (0.00ns)   --->   "%bitcast_ln45 = bitcast i32 %real_op_0_load" [../dft.cpp:45]   --->   Operation 381 'bitcast' 'bitcast_ln45' <Predicate = true> <Delay = 0.00>
ST_13 : Operation 382 [5/5] (7.25ns)   --->   "%add17_1 = fadd i32 %bitcast_ln45, i32 %real_result" [../dft.cpp:45]   --->   Operation 382 'fadd' 'add17_1' <Predicate = true> <Delay = 7.25> <CoreInst = "FAddSub_fulldsp">   --->   Core 18 'FAddSub_fulldsp' <Latency = 4> <II = 1> <Delay = 7.25> <FuncUnit> <Opcode : 'fadd' 'fsub'> <InPorts = 2> <OutPorts = 1>
ST_13 : Operation 383 [1/1] (0.00ns)   --->   "%bitcast_ln46 = bitcast i32 %imag_op_0_load" [../dft.cpp:46]   --->   Operation 383 'bitcast' 'bitcast_ln46' <Predicate = true> <Delay = 0.00>
ST_13 : Operation 384 [5/5] (7.25ns)   --->   "%add20_1 = fadd i32 %bitcast_ln46, i32 %imag_result" [../dft.cpp:46]   --->   Operation 384 'fadd' 'add20_1' <Predicate = true> <Delay = 7.25> <CoreInst = "FAddSub_fulldsp">   --->   Core 18 'FAddSub_fulldsp' <Latency = 4> <II = 1> <Delay = 7.25> <FuncUnit> <Opcode : 'fadd' 'fsub'> <InPorts = 2> <OutPorts = 1>
ST_13 : Operation 385 [1/1] (0.00ns)   --->   "%bitcast_ln45_2 = bitcast i32 %real_op_1_load" [../dft.cpp:45]   --->   Operation 385 'bitcast' 'bitcast_ln45_2' <Predicate = true> <Delay = 0.00>
ST_13 : Operation 386 [5/5] (7.25ns)   --->   "%add17_1_1 = fadd i32 %bitcast_ln45_2, i32 %real_result_1" [../dft.cpp:45]   --->   Operation 386 'fadd' 'add17_1_1' <Predicate = true> <Delay = 7.25> <CoreInst = "FAddSub_fulldsp">   --->   Core 18 'FAddSub_fulldsp' <Latency = 4> <II = 1> <Delay = 7.25> <FuncUnit> <Opcode : 'fadd' 'fsub'> <InPorts = 2> <OutPorts = 1>
ST_13 : Operation 387 [1/1] (0.00ns)   --->   "%bitcast_ln46_2 = bitcast i32 %imag_op_1_load" [../dft.cpp:46]   --->   Operation 387 'bitcast' 'bitcast_ln46_2' <Predicate = true> <Delay = 0.00>
ST_13 : Operation 388 [5/5] (7.25ns)   --->   "%add20_1_1 = fadd i32 %bitcast_ln46_2, i32 %imag_result_1" [../dft.cpp:46]   --->   Operation 388 'fadd' 'add20_1_1' <Predicate = true> <Delay = 7.25> <CoreInst = "FAddSub_fulldsp">   --->   Core 18 'FAddSub_fulldsp' <Latency = 4> <II = 1> <Delay = 7.25> <FuncUnit> <Opcode : 'fadd' 'fsub'> <InPorts = 2> <OutPorts = 1>
ST_13 : Operation 389 [1/1] (0.00ns)   --->   "%bitcast_ln45_4 = bitcast i32 %real_op_2_load" [../dft.cpp:45]   --->   Operation 389 'bitcast' 'bitcast_ln45_4' <Predicate = true> <Delay = 0.00>
ST_13 : Operation 390 [5/5] (7.25ns)   --->   "%add17_1_2 = fadd i32 %bitcast_ln45_4, i32 %real_result_2" [../dft.cpp:45]   --->   Operation 390 'fadd' 'add17_1_2' <Predicate = true> <Delay = 7.25> <CoreInst = "FAddSub_fulldsp">   --->   Core 18 'FAddSub_fulldsp' <Latency = 4> <II = 1> <Delay = 7.25> <FuncUnit> <Opcode : 'fadd' 'fsub'> <InPorts = 2> <OutPorts = 1>
ST_13 : Operation 391 [1/1] (0.00ns)   --->   "%bitcast_ln46_4 = bitcast i32 %imag_op_2_load" [../dft.cpp:46]   --->   Operation 391 'bitcast' 'bitcast_ln46_4' <Predicate = true> <Delay = 0.00>
ST_13 : Operation 392 [5/5] (7.25ns)   --->   "%add20_1_2 = fadd i32 %bitcast_ln46_4, i32 %imag_result_2" [../dft.cpp:46]   --->   Operation 392 'fadd' 'add20_1_2' <Predicate = true> <Delay = 7.25> <CoreInst = "FAddSub_fulldsp">   --->   Core 18 'FAddSub_fulldsp' <Latency = 4> <II = 1> <Delay = 7.25> <FuncUnit> <Opcode : 'fadd' 'fsub'> <InPorts = 2> <OutPorts = 1>
ST_13 : Operation 393 [1/1] (0.00ns)   --->   "%bitcast_ln45_6 = bitcast i32 %real_op_3_load" [../dft.cpp:45]   --->   Operation 393 'bitcast' 'bitcast_ln45_6' <Predicate = true> <Delay = 0.00>
ST_13 : Operation 394 [5/5] (7.25ns)   --->   "%add17_1_3 = fadd i32 %bitcast_ln45_6, i32 %real_result_3" [../dft.cpp:45]   --->   Operation 394 'fadd' 'add17_1_3' <Predicate = true> <Delay = 7.25> <CoreInst = "FAddSub_fulldsp">   --->   Core 18 'FAddSub_fulldsp' <Latency = 4> <II = 1> <Delay = 7.25> <FuncUnit> <Opcode : 'fadd' 'fsub'> <InPorts = 2> <OutPorts = 1>
ST_13 : Operation 395 [1/1] (0.00ns)   --->   "%bitcast_ln46_6 = bitcast i32 %imag_op_3_load" [../dft.cpp:46]   --->   Operation 395 'bitcast' 'bitcast_ln46_6' <Predicate = true> <Delay = 0.00>
ST_13 : Operation 396 [5/5] (7.25ns)   --->   "%add20_1_3 = fadd i32 %bitcast_ln46_6, i32 %imag_result_3" [../dft.cpp:46]   --->   Operation 396 'fadd' 'add20_1_3' <Predicate = true> <Delay = 7.25> <CoreInst = "FAddSub_fulldsp">   --->   Core 18 'FAddSub_fulldsp' <Latency = 4> <II = 1> <Delay = 7.25> <FuncUnit> <Opcode : 'fadd' 'fsub'> <InPorts = 2> <OutPorts = 1>
ST_13 : Operation 397 [1/1] (0.00ns)   --->   "%bitcast_ln45_8 = bitcast i32 %real_op_4_load" [../dft.cpp:45]   --->   Operation 397 'bitcast' 'bitcast_ln45_8' <Predicate = true> <Delay = 0.00>
ST_13 : Operation 398 [5/5] (7.25ns)   --->   "%add17_1_4 = fadd i32 %bitcast_ln45_8, i32 %real_result_4" [../dft.cpp:45]   --->   Operation 398 'fadd' 'add17_1_4' <Predicate = true> <Delay = 7.25> <CoreInst = "FAddSub_fulldsp">   --->   Core 18 'FAddSub_fulldsp' <Latency = 4> <II = 1> <Delay = 7.25> <FuncUnit> <Opcode : 'fadd' 'fsub'> <InPorts = 2> <OutPorts = 1>
ST_13 : Operation 399 [1/1] (0.00ns)   --->   "%bitcast_ln46_8 = bitcast i32 %imag_op_4_load" [../dft.cpp:46]   --->   Operation 399 'bitcast' 'bitcast_ln46_8' <Predicate = true> <Delay = 0.00>
ST_13 : Operation 400 [5/5] (7.25ns)   --->   "%add20_1_4 = fadd i32 %bitcast_ln46_8, i32 %imag_result_4" [../dft.cpp:46]   --->   Operation 400 'fadd' 'add20_1_4' <Predicate = true> <Delay = 7.25> <CoreInst = "FAddSub_fulldsp">   --->   Core 18 'FAddSub_fulldsp' <Latency = 4> <II = 1> <Delay = 7.25> <FuncUnit> <Opcode : 'fadd' 'fsub'> <InPorts = 2> <OutPorts = 1>
ST_13 : Operation 401 [1/1] (0.00ns)   --->   "%bitcast_ln45_10 = bitcast i32 %real_op_5_load" [../dft.cpp:45]   --->   Operation 401 'bitcast' 'bitcast_ln45_10' <Predicate = true> <Delay = 0.00>
ST_13 : Operation 402 [5/5] (7.25ns)   --->   "%add17_1_5 = fadd i32 %bitcast_ln45_10, i32 %real_result_5" [../dft.cpp:45]   --->   Operation 402 'fadd' 'add17_1_5' <Predicate = true> <Delay = 7.25> <CoreInst = "FAddSub_fulldsp">   --->   Core 18 'FAddSub_fulldsp' <Latency = 4> <II = 1> <Delay = 7.25> <FuncUnit> <Opcode : 'fadd' 'fsub'> <InPorts = 2> <OutPorts = 1>
ST_13 : Operation 403 [1/1] (0.00ns)   --->   "%bitcast_ln46_10 = bitcast i32 %imag_op_5_load" [../dft.cpp:46]   --->   Operation 403 'bitcast' 'bitcast_ln46_10' <Predicate = true> <Delay = 0.00>
ST_13 : Operation 404 [5/5] (7.25ns)   --->   "%add20_1_5 = fadd i32 %bitcast_ln46_10, i32 %imag_result_5" [../dft.cpp:46]   --->   Operation 404 'fadd' 'add20_1_5' <Predicate = true> <Delay = 7.25> <CoreInst = "FAddSub_fulldsp">   --->   Core 18 'FAddSub_fulldsp' <Latency = 4> <II = 1> <Delay = 7.25> <FuncUnit> <Opcode : 'fadd' 'fsub'> <InPorts = 2> <OutPorts = 1>
ST_13 : Operation 405 [1/1] (0.00ns)   --->   "%bitcast_ln45_12 = bitcast i32 %real_op_6_load" [../dft.cpp:45]   --->   Operation 405 'bitcast' 'bitcast_ln45_12' <Predicate = true> <Delay = 0.00>
ST_13 : Operation 406 [5/5] (7.25ns)   --->   "%add17_1_6 = fadd i32 %bitcast_ln45_12, i32 %real_result_6" [../dft.cpp:45]   --->   Operation 406 'fadd' 'add17_1_6' <Predicate = true> <Delay = 7.25> <CoreInst = "FAddSub_fulldsp">   --->   Core 18 'FAddSub_fulldsp' <Latency = 4> <II = 1> <Delay = 7.25> <FuncUnit> <Opcode : 'fadd' 'fsub'> <InPorts = 2> <OutPorts = 1>
ST_13 : Operation 407 [1/1] (0.00ns)   --->   "%bitcast_ln46_12 = bitcast i32 %imag_op_6_load" [../dft.cpp:46]   --->   Operation 407 'bitcast' 'bitcast_ln46_12' <Predicate = true> <Delay = 0.00>
ST_13 : Operation 408 [5/5] (7.25ns)   --->   "%add20_1_6 = fadd i32 %bitcast_ln46_12, i32 %imag_result_6" [../dft.cpp:46]   --->   Operation 408 'fadd' 'add20_1_6' <Predicate = true> <Delay = 7.25> <CoreInst = "FAddSub_fulldsp">   --->   Core 18 'FAddSub_fulldsp' <Latency = 4> <II = 1> <Delay = 7.25> <FuncUnit> <Opcode : 'fadd' 'fsub'> <InPorts = 2> <OutPorts = 1>
ST_13 : Operation 409 [1/1] (0.00ns)   --->   "%bitcast_ln45_14 = bitcast i32 %real_op_7_load" [../dft.cpp:45]   --->   Operation 409 'bitcast' 'bitcast_ln45_14' <Predicate = true> <Delay = 0.00>
ST_13 : Operation 410 [5/5] (7.25ns)   --->   "%add17_1_7 = fadd i32 %bitcast_ln45_14, i32 %real_result_7" [../dft.cpp:45]   --->   Operation 410 'fadd' 'add17_1_7' <Predicate = true> <Delay = 7.25> <CoreInst = "FAddSub_fulldsp">   --->   Core 18 'FAddSub_fulldsp' <Latency = 4> <II = 1> <Delay = 7.25> <FuncUnit> <Opcode : 'fadd' 'fsub'> <InPorts = 2> <OutPorts = 1>
ST_13 : Operation 411 [1/1] (0.00ns)   --->   "%bitcast_ln46_14 = bitcast i32 %imag_op_7_load" [../dft.cpp:46]   --->   Operation 411 'bitcast' 'bitcast_ln46_14' <Predicate = true> <Delay = 0.00>
ST_13 : Operation 412 [5/5] (7.25ns)   --->   "%add20_1_7 = fadd i32 %bitcast_ln46_14, i32 %imag_result_7" [../dft.cpp:46]   --->   Operation 412 'fadd' 'add20_1_7' <Predicate = true> <Delay = 7.25> <CoreInst = "FAddSub_fulldsp">   --->   Core 18 'FAddSub_fulldsp' <Latency = 4> <II = 1> <Delay = 7.25> <FuncUnit> <Opcode : 'fadd' 'fsub'> <InPorts = 2> <OutPorts = 1>

State 14 <SV = 13> <Delay = 7.25>
ST_14 : Operation 413 [4/5] (7.25ns)   --->   "%add17_1 = fadd i32 %bitcast_ln45, i32 %real_result" [../dft.cpp:45]   --->   Operation 413 'fadd' 'add17_1' <Predicate = true> <Delay = 7.25> <CoreInst = "FAddSub_fulldsp">   --->   Core 18 'FAddSub_fulldsp' <Latency = 4> <II = 1> <Delay = 7.25> <FuncUnit> <Opcode : 'fadd' 'fsub'> <InPorts = 2> <OutPorts = 1>
ST_14 : Operation 414 [4/5] (7.25ns)   --->   "%add20_1 = fadd i32 %bitcast_ln46, i32 %imag_result" [../dft.cpp:46]   --->   Operation 414 'fadd' 'add20_1' <Predicate = true> <Delay = 7.25> <CoreInst = "FAddSub_fulldsp">   --->   Core 18 'FAddSub_fulldsp' <Latency = 4> <II = 1> <Delay = 7.25> <FuncUnit> <Opcode : 'fadd' 'fsub'> <InPorts = 2> <OutPorts = 1>
ST_14 : Operation 415 [4/5] (7.25ns)   --->   "%add17_1_1 = fadd i32 %bitcast_ln45_2, i32 %real_result_1" [../dft.cpp:45]   --->   Operation 415 'fadd' 'add17_1_1' <Predicate = true> <Delay = 7.25> <CoreInst = "FAddSub_fulldsp">   --->   Core 18 'FAddSub_fulldsp' <Latency = 4> <II = 1> <Delay = 7.25> <FuncUnit> <Opcode : 'fadd' 'fsub'> <InPorts = 2> <OutPorts = 1>
ST_14 : Operation 416 [4/5] (7.25ns)   --->   "%add20_1_1 = fadd i32 %bitcast_ln46_2, i32 %imag_result_1" [../dft.cpp:46]   --->   Operation 416 'fadd' 'add20_1_1' <Predicate = true> <Delay = 7.25> <CoreInst = "FAddSub_fulldsp">   --->   Core 18 'FAddSub_fulldsp' <Latency = 4> <II = 1> <Delay = 7.25> <FuncUnit> <Opcode : 'fadd' 'fsub'> <InPorts = 2> <OutPorts = 1>
ST_14 : Operation 417 [4/5] (7.25ns)   --->   "%add17_1_2 = fadd i32 %bitcast_ln45_4, i32 %real_result_2" [../dft.cpp:45]   --->   Operation 417 'fadd' 'add17_1_2' <Predicate = true> <Delay = 7.25> <CoreInst = "FAddSub_fulldsp">   --->   Core 18 'FAddSub_fulldsp' <Latency = 4> <II = 1> <Delay = 7.25> <FuncUnit> <Opcode : 'fadd' 'fsub'> <InPorts = 2> <OutPorts = 1>
ST_14 : Operation 418 [4/5] (7.25ns)   --->   "%add20_1_2 = fadd i32 %bitcast_ln46_4, i32 %imag_result_2" [../dft.cpp:46]   --->   Operation 418 'fadd' 'add20_1_2' <Predicate = true> <Delay = 7.25> <CoreInst = "FAddSub_fulldsp">   --->   Core 18 'FAddSub_fulldsp' <Latency = 4> <II = 1> <Delay = 7.25> <FuncUnit> <Opcode : 'fadd' 'fsub'> <InPorts = 2> <OutPorts = 1>
ST_14 : Operation 419 [4/5] (7.25ns)   --->   "%add17_1_3 = fadd i32 %bitcast_ln45_6, i32 %real_result_3" [../dft.cpp:45]   --->   Operation 419 'fadd' 'add17_1_3' <Predicate = true> <Delay = 7.25> <CoreInst = "FAddSub_fulldsp">   --->   Core 18 'FAddSub_fulldsp' <Latency = 4> <II = 1> <Delay = 7.25> <FuncUnit> <Opcode : 'fadd' 'fsub'> <InPorts = 2> <OutPorts = 1>
ST_14 : Operation 420 [4/5] (7.25ns)   --->   "%add20_1_3 = fadd i32 %bitcast_ln46_6, i32 %imag_result_3" [../dft.cpp:46]   --->   Operation 420 'fadd' 'add20_1_3' <Predicate = true> <Delay = 7.25> <CoreInst = "FAddSub_fulldsp">   --->   Core 18 'FAddSub_fulldsp' <Latency = 4> <II = 1> <Delay = 7.25> <FuncUnit> <Opcode : 'fadd' 'fsub'> <InPorts = 2> <OutPorts = 1>
ST_14 : Operation 421 [4/5] (7.25ns)   --->   "%add17_1_4 = fadd i32 %bitcast_ln45_8, i32 %real_result_4" [../dft.cpp:45]   --->   Operation 421 'fadd' 'add17_1_4' <Predicate = true> <Delay = 7.25> <CoreInst = "FAddSub_fulldsp">   --->   Core 18 'FAddSub_fulldsp' <Latency = 4> <II = 1> <Delay = 7.25> <FuncUnit> <Opcode : 'fadd' 'fsub'> <InPorts = 2> <OutPorts = 1>
ST_14 : Operation 422 [4/5] (7.25ns)   --->   "%add20_1_4 = fadd i32 %bitcast_ln46_8, i32 %imag_result_4" [../dft.cpp:46]   --->   Operation 422 'fadd' 'add20_1_4' <Predicate = true> <Delay = 7.25> <CoreInst = "FAddSub_fulldsp">   --->   Core 18 'FAddSub_fulldsp' <Latency = 4> <II = 1> <Delay = 7.25> <FuncUnit> <Opcode : 'fadd' 'fsub'> <InPorts = 2> <OutPorts = 1>
ST_14 : Operation 423 [4/5] (7.25ns)   --->   "%add17_1_5 = fadd i32 %bitcast_ln45_10, i32 %real_result_5" [../dft.cpp:45]   --->   Operation 423 'fadd' 'add17_1_5' <Predicate = true> <Delay = 7.25> <CoreInst = "FAddSub_fulldsp">   --->   Core 18 'FAddSub_fulldsp' <Latency = 4> <II = 1> <Delay = 7.25> <FuncUnit> <Opcode : 'fadd' 'fsub'> <InPorts = 2> <OutPorts = 1>
ST_14 : Operation 424 [4/5] (7.25ns)   --->   "%add20_1_5 = fadd i32 %bitcast_ln46_10, i32 %imag_result_5" [../dft.cpp:46]   --->   Operation 424 'fadd' 'add20_1_5' <Predicate = true> <Delay = 7.25> <CoreInst = "FAddSub_fulldsp">   --->   Core 18 'FAddSub_fulldsp' <Latency = 4> <II = 1> <Delay = 7.25> <FuncUnit> <Opcode : 'fadd' 'fsub'> <InPorts = 2> <OutPorts = 1>
ST_14 : Operation 425 [4/5] (7.25ns)   --->   "%add17_1_6 = fadd i32 %bitcast_ln45_12, i32 %real_result_6" [../dft.cpp:45]   --->   Operation 425 'fadd' 'add17_1_6' <Predicate = true> <Delay = 7.25> <CoreInst = "FAddSub_fulldsp">   --->   Core 18 'FAddSub_fulldsp' <Latency = 4> <II = 1> <Delay = 7.25> <FuncUnit> <Opcode : 'fadd' 'fsub'> <InPorts = 2> <OutPorts = 1>
ST_14 : Operation 426 [4/5] (7.25ns)   --->   "%add20_1_6 = fadd i32 %bitcast_ln46_12, i32 %imag_result_6" [../dft.cpp:46]   --->   Operation 426 'fadd' 'add20_1_6' <Predicate = true> <Delay = 7.25> <CoreInst = "FAddSub_fulldsp">   --->   Core 18 'FAddSub_fulldsp' <Latency = 4> <II = 1> <Delay = 7.25> <FuncUnit> <Opcode : 'fadd' 'fsub'> <InPorts = 2> <OutPorts = 1>
ST_14 : Operation 427 [4/5] (7.25ns)   --->   "%add17_1_7 = fadd i32 %bitcast_ln45_14, i32 %real_result_7" [../dft.cpp:45]   --->   Operation 427 'fadd' 'add17_1_7' <Predicate = true> <Delay = 7.25> <CoreInst = "FAddSub_fulldsp">   --->   Core 18 'FAddSub_fulldsp' <Latency = 4> <II = 1> <Delay = 7.25> <FuncUnit> <Opcode : 'fadd' 'fsub'> <InPorts = 2> <OutPorts = 1>
ST_14 : Operation 428 [4/5] (7.25ns)   --->   "%add20_1_7 = fadd i32 %bitcast_ln46_14, i32 %imag_result_7" [../dft.cpp:46]   --->   Operation 428 'fadd' 'add20_1_7' <Predicate = true> <Delay = 7.25> <CoreInst = "FAddSub_fulldsp">   --->   Core 18 'FAddSub_fulldsp' <Latency = 4> <II = 1> <Delay = 7.25> <FuncUnit> <Opcode : 'fadd' 'fsub'> <InPorts = 2> <OutPorts = 1>

State 15 <SV = 14> <Delay = 7.25>
ST_15 : Operation 429 [3/5] (7.25ns)   --->   "%add17_1 = fadd i32 %bitcast_ln45, i32 %real_result" [../dft.cpp:45]   --->   Operation 429 'fadd' 'add17_1' <Predicate = true> <Delay = 7.25> <CoreInst = "FAddSub_fulldsp">   --->   Core 18 'FAddSub_fulldsp' <Latency = 4> <II = 1> <Delay = 7.25> <FuncUnit> <Opcode : 'fadd' 'fsub'> <InPorts = 2> <OutPorts = 1>
ST_15 : Operation 430 [3/5] (7.25ns)   --->   "%add20_1 = fadd i32 %bitcast_ln46, i32 %imag_result" [../dft.cpp:46]   --->   Operation 430 'fadd' 'add20_1' <Predicate = true> <Delay = 7.25> <CoreInst = "FAddSub_fulldsp">   --->   Core 18 'FAddSub_fulldsp' <Latency = 4> <II = 1> <Delay = 7.25> <FuncUnit> <Opcode : 'fadd' 'fsub'> <InPorts = 2> <OutPorts = 1>
ST_15 : Operation 431 [3/5] (7.25ns)   --->   "%add17_1_1 = fadd i32 %bitcast_ln45_2, i32 %real_result_1" [../dft.cpp:45]   --->   Operation 431 'fadd' 'add17_1_1' <Predicate = true> <Delay = 7.25> <CoreInst = "FAddSub_fulldsp">   --->   Core 18 'FAddSub_fulldsp' <Latency = 4> <II = 1> <Delay = 7.25> <FuncUnit> <Opcode : 'fadd' 'fsub'> <InPorts = 2> <OutPorts = 1>
ST_15 : Operation 432 [3/5] (7.25ns)   --->   "%add20_1_1 = fadd i32 %bitcast_ln46_2, i32 %imag_result_1" [../dft.cpp:46]   --->   Operation 432 'fadd' 'add20_1_1' <Predicate = true> <Delay = 7.25> <CoreInst = "FAddSub_fulldsp">   --->   Core 18 'FAddSub_fulldsp' <Latency = 4> <II = 1> <Delay = 7.25> <FuncUnit> <Opcode : 'fadd' 'fsub'> <InPorts = 2> <OutPorts = 1>
ST_15 : Operation 433 [3/5] (7.25ns)   --->   "%add17_1_2 = fadd i32 %bitcast_ln45_4, i32 %real_result_2" [../dft.cpp:45]   --->   Operation 433 'fadd' 'add17_1_2' <Predicate = true> <Delay = 7.25> <CoreInst = "FAddSub_fulldsp">   --->   Core 18 'FAddSub_fulldsp' <Latency = 4> <II = 1> <Delay = 7.25> <FuncUnit> <Opcode : 'fadd' 'fsub'> <InPorts = 2> <OutPorts = 1>
ST_15 : Operation 434 [3/5] (7.25ns)   --->   "%add20_1_2 = fadd i32 %bitcast_ln46_4, i32 %imag_result_2" [../dft.cpp:46]   --->   Operation 434 'fadd' 'add20_1_2' <Predicate = true> <Delay = 7.25> <CoreInst = "FAddSub_fulldsp">   --->   Core 18 'FAddSub_fulldsp' <Latency = 4> <II = 1> <Delay = 7.25> <FuncUnit> <Opcode : 'fadd' 'fsub'> <InPorts = 2> <OutPorts = 1>
ST_15 : Operation 435 [3/5] (7.25ns)   --->   "%add17_1_3 = fadd i32 %bitcast_ln45_6, i32 %real_result_3" [../dft.cpp:45]   --->   Operation 435 'fadd' 'add17_1_3' <Predicate = true> <Delay = 7.25> <CoreInst = "FAddSub_fulldsp">   --->   Core 18 'FAddSub_fulldsp' <Latency = 4> <II = 1> <Delay = 7.25> <FuncUnit> <Opcode : 'fadd' 'fsub'> <InPorts = 2> <OutPorts = 1>
ST_15 : Operation 436 [3/5] (7.25ns)   --->   "%add20_1_3 = fadd i32 %bitcast_ln46_6, i32 %imag_result_3" [../dft.cpp:46]   --->   Operation 436 'fadd' 'add20_1_3' <Predicate = true> <Delay = 7.25> <CoreInst = "FAddSub_fulldsp">   --->   Core 18 'FAddSub_fulldsp' <Latency = 4> <II = 1> <Delay = 7.25> <FuncUnit> <Opcode : 'fadd' 'fsub'> <InPorts = 2> <OutPorts = 1>
ST_15 : Operation 437 [3/5] (7.25ns)   --->   "%add17_1_4 = fadd i32 %bitcast_ln45_8, i32 %real_result_4" [../dft.cpp:45]   --->   Operation 437 'fadd' 'add17_1_4' <Predicate = true> <Delay = 7.25> <CoreInst = "FAddSub_fulldsp">   --->   Core 18 'FAddSub_fulldsp' <Latency = 4> <II = 1> <Delay = 7.25> <FuncUnit> <Opcode : 'fadd' 'fsub'> <InPorts = 2> <OutPorts = 1>
ST_15 : Operation 438 [3/5] (7.25ns)   --->   "%add20_1_4 = fadd i32 %bitcast_ln46_8, i32 %imag_result_4" [../dft.cpp:46]   --->   Operation 438 'fadd' 'add20_1_4' <Predicate = true> <Delay = 7.25> <CoreInst = "FAddSub_fulldsp">   --->   Core 18 'FAddSub_fulldsp' <Latency = 4> <II = 1> <Delay = 7.25> <FuncUnit> <Opcode : 'fadd' 'fsub'> <InPorts = 2> <OutPorts = 1>
ST_15 : Operation 439 [3/5] (7.25ns)   --->   "%add17_1_5 = fadd i32 %bitcast_ln45_10, i32 %real_result_5" [../dft.cpp:45]   --->   Operation 439 'fadd' 'add17_1_5' <Predicate = true> <Delay = 7.25> <CoreInst = "FAddSub_fulldsp">   --->   Core 18 'FAddSub_fulldsp' <Latency = 4> <II = 1> <Delay = 7.25> <FuncUnit> <Opcode : 'fadd' 'fsub'> <InPorts = 2> <OutPorts = 1>
ST_15 : Operation 440 [3/5] (7.25ns)   --->   "%add20_1_5 = fadd i32 %bitcast_ln46_10, i32 %imag_result_5" [../dft.cpp:46]   --->   Operation 440 'fadd' 'add20_1_5' <Predicate = true> <Delay = 7.25> <CoreInst = "FAddSub_fulldsp">   --->   Core 18 'FAddSub_fulldsp' <Latency = 4> <II = 1> <Delay = 7.25> <FuncUnit> <Opcode : 'fadd' 'fsub'> <InPorts = 2> <OutPorts = 1>
ST_15 : Operation 441 [3/5] (7.25ns)   --->   "%add17_1_6 = fadd i32 %bitcast_ln45_12, i32 %real_result_6" [../dft.cpp:45]   --->   Operation 441 'fadd' 'add17_1_6' <Predicate = true> <Delay = 7.25> <CoreInst = "FAddSub_fulldsp">   --->   Core 18 'FAddSub_fulldsp' <Latency = 4> <II = 1> <Delay = 7.25> <FuncUnit> <Opcode : 'fadd' 'fsub'> <InPorts = 2> <OutPorts = 1>
ST_15 : Operation 442 [3/5] (7.25ns)   --->   "%add20_1_6 = fadd i32 %bitcast_ln46_12, i32 %imag_result_6" [../dft.cpp:46]   --->   Operation 442 'fadd' 'add20_1_6' <Predicate = true> <Delay = 7.25> <CoreInst = "FAddSub_fulldsp">   --->   Core 18 'FAddSub_fulldsp' <Latency = 4> <II = 1> <Delay = 7.25> <FuncUnit> <Opcode : 'fadd' 'fsub'> <InPorts = 2> <OutPorts = 1>
ST_15 : Operation 443 [3/5] (7.25ns)   --->   "%add17_1_7 = fadd i32 %bitcast_ln45_14, i32 %real_result_7" [../dft.cpp:45]   --->   Operation 443 'fadd' 'add17_1_7' <Predicate = true> <Delay = 7.25> <CoreInst = "FAddSub_fulldsp">   --->   Core 18 'FAddSub_fulldsp' <Latency = 4> <II = 1> <Delay = 7.25> <FuncUnit> <Opcode : 'fadd' 'fsub'> <InPorts = 2> <OutPorts = 1>
ST_15 : Operation 444 [3/5] (7.25ns)   --->   "%add20_1_7 = fadd i32 %bitcast_ln46_14, i32 %imag_result_7" [../dft.cpp:46]   --->   Operation 444 'fadd' 'add20_1_7' <Predicate = true> <Delay = 7.25> <CoreInst = "FAddSub_fulldsp">   --->   Core 18 'FAddSub_fulldsp' <Latency = 4> <II = 1> <Delay = 7.25> <FuncUnit> <Opcode : 'fadd' 'fsub'> <InPorts = 2> <OutPorts = 1>

State 16 <SV = 15> <Delay = 7.25>
ST_16 : Operation 445 [2/5] (7.25ns)   --->   "%add17_1 = fadd i32 %bitcast_ln45, i32 %real_result" [../dft.cpp:45]   --->   Operation 445 'fadd' 'add17_1' <Predicate = true> <Delay = 7.25> <CoreInst = "FAddSub_fulldsp">   --->   Core 18 'FAddSub_fulldsp' <Latency = 4> <II = 1> <Delay = 7.25> <FuncUnit> <Opcode : 'fadd' 'fsub'> <InPorts = 2> <OutPorts = 1>
ST_16 : Operation 446 [2/5] (7.25ns)   --->   "%add20_1 = fadd i32 %bitcast_ln46, i32 %imag_result" [../dft.cpp:46]   --->   Operation 446 'fadd' 'add20_1' <Predicate = true> <Delay = 7.25> <CoreInst = "FAddSub_fulldsp">   --->   Core 18 'FAddSub_fulldsp' <Latency = 4> <II = 1> <Delay = 7.25> <FuncUnit> <Opcode : 'fadd' 'fsub'> <InPorts = 2> <OutPorts = 1>
ST_16 : Operation 447 [2/5] (7.25ns)   --->   "%add17_1_1 = fadd i32 %bitcast_ln45_2, i32 %real_result_1" [../dft.cpp:45]   --->   Operation 447 'fadd' 'add17_1_1' <Predicate = true> <Delay = 7.25> <CoreInst = "FAddSub_fulldsp">   --->   Core 18 'FAddSub_fulldsp' <Latency = 4> <II = 1> <Delay = 7.25> <FuncUnit> <Opcode : 'fadd' 'fsub'> <InPorts = 2> <OutPorts = 1>
ST_16 : Operation 448 [2/5] (7.25ns)   --->   "%add20_1_1 = fadd i32 %bitcast_ln46_2, i32 %imag_result_1" [../dft.cpp:46]   --->   Operation 448 'fadd' 'add20_1_1' <Predicate = true> <Delay = 7.25> <CoreInst = "FAddSub_fulldsp">   --->   Core 18 'FAddSub_fulldsp' <Latency = 4> <II = 1> <Delay = 7.25> <FuncUnit> <Opcode : 'fadd' 'fsub'> <InPorts = 2> <OutPorts = 1>
ST_16 : Operation 449 [2/5] (7.25ns)   --->   "%add17_1_2 = fadd i32 %bitcast_ln45_4, i32 %real_result_2" [../dft.cpp:45]   --->   Operation 449 'fadd' 'add17_1_2' <Predicate = true> <Delay = 7.25> <CoreInst = "FAddSub_fulldsp">   --->   Core 18 'FAddSub_fulldsp' <Latency = 4> <II = 1> <Delay = 7.25> <FuncUnit> <Opcode : 'fadd' 'fsub'> <InPorts = 2> <OutPorts = 1>
ST_16 : Operation 450 [2/5] (7.25ns)   --->   "%add20_1_2 = fadd i32 %bitcast_ln46_4, i32 %imag_result_2" [../dft.cpp:46]   --->   Operation 450 'fadd' 'add20_1_2' <Predicate = true> <Delay = 7.25> <CoreInst = "FAddSub_fulldsp">   --->   Core 18 'FAddSub_fulldsp' <Latency = 4> <II = 1> <Delay = 7.25> <FuncUnit> <Opcode : 'fadd' 'fsub'> <InPorts = 2> <OutPorts = 1>
ST_16 : Operation 451 [2/5] (7.25ns)   --->   "%add17_1_3 = fadd i32 %bitcast_ln45_6, i32 %real_result_3" [../dft.cpp:45]   --->   Operation 451 'fadd' 'add17_1_3' <Predicate = true> <Delay = 7.25> <CoreInst = "FAddSub_fulldsp">   --->   Core 18 'FAddSub_fulldsp' <Latency = 4> <II = 1> <Delay = 7.25> <FuncUnit> <Opcode : 'fadd' 'fsub'> <InPorts = 2> <OutPorts = 1>
ST_16 : Operation 452 [2/5] (7.25ns)   --->   "%add20_1_3 = fadd i32 %bitcast_ln46_6, i32 %imag_result_3" [../dft.cpp:46]   --->   Operation 452 'fadd' 'add20_1_3' <Predicate = true> <Delay = 7.25> <CoreInst = "FAddSub_fulldsp">   --->   Core 18 'FAddSub_fulldsp' <Latency = 4> <II = 1> <Delay = 7.25> <FuncUnit> <Opcode : 'fadd' 'fsub'> <InPorts = 2> <OutPorts = 1>
ST_16 : Operation 453 [2/5] (7.25ns)   --->   "%add17_1_4 = fadd i32 %bitcast_ln45_8, i32 %real_result_4" [../dft.cpp:45]   --->   Operation 453 'fadd' 'add17_1_4' <Predicate = true> <Delay = 7.25> <CoreInst = "FAddSub_fulldsp">   --->   Core 18 'FAddSub_fulldsp' <Latency = 4> <II = 1> <Delay = 7.25> <FuncUnit> <Opcode : 'fadd' 'fsub'> <InPorts = 2> <OutPorts = 1>
ST_16 : Operation 454 [2/5] (7.25ns)   --->   "%add20_1_4 = fadd i32 %bitcast_ln46_8, i32 %imag_result_4" [../dft.cpp:46]   --->   Operation 454 'fadd' 'add20_1_4' <Predicate = true> <Delay = 7.25> <CoreInst = "FAddSub_fulldsp">   --->   Core 18 'FAddSub_fulldsp' <Latency = 4> <II = 1> <Delay = 7.25> <FuncUnit> <Opcode : 'fadd' 'fsub'> <InPorts = 2> <OutPorts = 1>
ST_16 : Operation 455 [2/5] (7.25ns)   --->   "%add17_1_5 = fadd i32 %bitcast_ln45_10, i32 %real_result_5" [../dft.cpp:45]   --->   Operation 455 'fadd' 'add17_1_5' <Predicate = true> <Delay = 7.25> <CoreInst = "FAddSub_fulldsp">   --->   Core 18 'FAddSub_fulldsp' <Latency = 4> <II = 1> <Delay = 7.25> <FuncUnit> <Opcode : 'fadd' 'fsub'> <InPorts = 2> <OutPorts = 1>
ST_16 : Operation 456 [2/5] (7.25ns)   --->   "%add20_1_5 = fadd i32 %bitcast_ln46_10, i32 %imag_result_5" [../dft.cpp:46]   --->   Operation 456 'fadd' 'add20_1_5' <Predicate = true> <Delay = 7.25> <CoreInst = "FAddSub_fulldsp">   --->   Core 18 'FAddSub_fulldsp' <Latency = 4> <II = 1> <Delay = 7.25> <FuncUnit> <Opcode : 'fadd' 'fsub'> <InPorts = 2> <OutPorts = 1>
ST_16 : Operation 457 [2/5] (7.25ns)   --->   "%add17_1_6 = fadd i32 %bitcast_ln45_12, i32 %real_result_6" [../dft.cpp:45]   --->   Operation 457 'fadd' 'add17_1_6' <Predicate = true> <Delay = 7.25> <CoreInst = "FAddSub_fulldsp">   --->   Core 18 'FAddSub_fulldsp' <Latency = 4> <II = 1> <Delay = 7.25> <FuncUnit> <Opcode : 'fadd' 'fsub'> <InPorts = 2> <OutPorts = 1>
ST_16 : Operation 458 [2/5] (7.25ns)   --->   "%add20_1_6 = fadd i32 %bitcast_ln46_12, i32 %imag_result_6" [../dft.cpp:46]   --->   Operation 458 'fadd' 'add20_1_6' <Predicate = true> <Delay = 7.25> <CoreInst = "FAddSub_fulldsp">   --->   Core 18 'FAddSub_fulldsp' <Latency = 4> <II = 1> <Delay = 7.25> <FuncUnit> <Opcode : 'fadd' 'fsub'> <InPorts = 2> <OutPorts = 1>
ST_16 : Operation 459 [2/5] (7.25ns)   --->   "%add17_1_7 = fadd i32 %bitcast_ln45_14, i32 %real_result_7" [../dft.cpp:45]   --->   Operation 459 'fadd' 'add17_1_7' <Predicate = true> <Delay = 7.25> <CoreInst = "FAddSub_fulldsp">   --->   Core 18 'FAddSub_fulldsp' <Latency = 4> <II = 1> <Delay = 7.25> <FuncUnit> <Opcode : 'fadd' 'fsub'> <InPorts = 2> <OutPorts = 1>
ST_16 : Operation 460 [2/5] (7.25ns)   --->   "%add20_1_7 = fadd i32 %bitcast_ln46_14, i32 %imag_result_7" [../dft.cpp:46]   --->   Operation 460 'fadd' 'add20_1_7' <Predicate = true> <Delay = 7.25> <CoreInst = "FAddSub_fulldsp">   --->   Core 18 'FAddSub_fulldsp' <Latency = 4> <II = 1> <Delay = 7.25> <FuncUnit> <Opcode : 'fadd' 'fsub'> <InPorts = 2> <OutPorts = 1>

State 17 <SV = 16> <Delay = 7.25>
ST_17 : Operation 461 [1/5] (7.25ns)   --->   "%add17_1 = fadd i32 %bitcast_ln45, i32 %real_result" [../dft.cpp:45]   --->   Operation 461 'fadd' 'add17_1' <Predicate = true> <Delay = 7.25> <CoreInst = "FAddSub_fulldsp">   --->   Core 18 'FAddSub_fulldsp' <Latency = 4> <II = 1> <Delay = 7.25> <FuncUnit> <Opcode : 'fadd' 'fsub'> <InPorts = 2> <OutPorts = 1>
ST_17 : Operation 462 [1/5] (7.25ns)   --->   "%add20_1 = fadd i32 %bitcast_ln46, i32 %imag_result" [../dft.cpp:46]   --->   Operation 462 'fadd' 'add20_1' <Predicate = true> <Delay = 7.25> <CoreInst = "FAddSub_fulldsp">   --->   Core 18 'FAddSub_fulldsp' <Latency = 4> <II = 1> <Delay = 7.25> <FuncUnit> <Opcode : 'fadd' 'fsub'> <InPorts = 2> <OutPorts = 1>
ST_17 : Operation 463 [1/5] (7.25ns)   --->   "%add17_1_1 = fadd i32 %bitcast_ln45_2, i32 %real_result_1" [../dft.cpp:45]   --->   Operation 463 'fadd' 'add17_1_1' <Predicate = true> <Delay = 7.25> <CoreInst = "FAddSub_fulldsp">   --->   Core 18 'FAddSub_fulldsp' <Latency = 4> <II = 1> <Delay = 7.25> <FuncUnit> <Opcode : 'fadd' 'fsub'> <InPorts = 2> <OutPorts = 1>
ST_17 : Operation 464 [1/5] (7.25ns)   --->   "%add20_1_1 = fadd i32 %bitcast_ln46_2, i32 %imag_result_1" [../dft.cpp:46]   --->   Operation 464 'fadd' 'add20_1_1' <Predicate = true> <Delay = 7.25> <CoreInst = "FAddSub_fulldsp">   --->   Core 18 'FAddSub_fulldsp' <Latency = 4> <II = 1> <Delay = 7.25> <FuncUnit> <Opcode : 'fadd' 'fsub'> <InPorts = 2> <OutPorts = 1>
ST_17 : Operation 465 [1/5] (7.25ns)   --->   "%add17_1_2 = fadd i32 %bitcast_ln45_4, i32 %real_result_2" [../dft.cpp:45]   --->   Operation 465 'fadd' 'add17_1_2' <Predicate = true> <Delay = 7.25> <CoreInst = "FAddSub_fulldsp">   --->   Core 18 'FAddSub_fulldsp' <Latency = 4> <II = 1> <Delay = 7.25> <FuncUnit> <Opcode : 'fadd' 'fsub'> <InPorts = 2> <OutPorts = 1>
ST_17 : Operation 466 [1/5] (7.25ns)   --->   "%add20_1_2 = fadd i32 %bitcast_ln46_4, i32 %imag_result_2" [../dft.cpp:46]   --->   Operation 466 'fadd' 'add20_1_2' <Predicate = true> <Delay = 7.25> <CoreInst = "FAddSub_fulldsp">   --->   Core 18 'FAddSub_fulldsp' <Latency = 4> <II = 1> <Delay = 7.25> <FuncUnit> <Opcode : 'fadd' 'fsub'> <InPorts = 2> <OutPorts = 1>
ST_17 : Operation 467 [1/5] (7.25ns)   --->   "%add17_1_3 = fadd i32 %bitcast_ln45_6, i32 %real_result_3" [../dft.cpp:45]   --->   Operation 467 'fadd' 'add17_1_3' <Predicate = true> <Delay = 7.25> <CoreInst = "FAddSub_fulldsp">   --->   Core 18 'FAddSub_fulldsp' <Latency = 4> <II = 1> <Delay = 7.25> <FuncUnit> <Opcode : 'fadd' 'fsub'> <InPorts = 2> <OutPorts = 1>
ST_17 : Operation 468 [1/5] (7.25ns)   --->   "%add20_1_3 = fadd i32 %bitcast_ln46_6, i32 %imag_result_3" [../dft.cpp:46]   --->   Operation 468 'fadd' 'add20_1_3' <Predicate = true> <Delay = 7.25> <CoreInst = "FAddSub_fulldsp">   --->   Core 18 'FAddSub_fulldsp' <Latency = 4> <II = 1> <Delay = 7.25> <FuncUnit> <Opcode : 'fadd' 'fsub'> <InPorts = 2> <OutPorts = 1>
ST_17 : Operation 469 [1/5] (7.25ns)   --->   "%add17_1_4 = fadd i32 %bitcast_ln45_8, i32 %real_result_4" [../dft.cpp:45]   --->   Operation 469 'fadd' 'add17_1_4' <Predicate = true> <Delay = 7.25> <CoreInst = "FAddSub_fulldsp">   --->   Core 18 'FAddSub_fulldsp' <Latency = 4> <II = 1> <Delay = 7.25> <FuncUnit> <Opcode : 'fadd' 'fsub'> <InPorts = 2> <OutPorts = 1>
ST_17 : Operation 470 [1/5] (7.25ns)   --->   "%add20_1_4 = fadd i32 %bitcast_ln46_8, i32 %imag_result_4" [../dft.cpp:46]   --->   Operation 470 'fadd' 'add20_1_4' <Predicate = true> <Delay = 7.25> <CoreInst = "FAddSub_fulldsp">   --->   Core 18 'FAddSub_fulldsp' <Latency = 4> <II = 1> <Delay = 7.25> <FuncUnit> <Opcode : 'fadd' 'fsub'> <InPorts = 2> <OutPorts = 1>
ST_17 : Operation 471 [1/5] (7.25ns)   --->   "%add17_1_5 = fadd i32 %bitcast_ln45_10, i32 %real_result_5" [../dft.cpp:45]   --->   Operation 471 'fadd' 'add17_1_5' <Predicate = true> <Delay = 7.25> <CoreInst = "FAddSub_fulldsp">   --->   Core 18 'FAddSub_fulldsp' <Latency = 4> <II = 1> <Delay = 7.25> <FuncUnit> <Opcode : 'fadd' 'fsub'> <InPorts = 2> <OutPorts = 1>
ST_17 : Operation 472 [1/5] (7.25ns)   --->   "%add20_1_5 = fadd i32 %bitcast_ln46_10, i32 %imag_result_5" [../dft.cpp:46]   --->   Operation 472 'fadd' 'add20_1_5' <Predicate = true> <Delay = 7.25> <CoreInst = "FAddSub_fulldsp">   --->   Core 18 'FAddSub_fulldsp' <Latency = 4> <II = 1> <Delay = 7.25> <FuncUnit> <Opcode : 'fadd' 'fsub'> <InPorts = 2> <OutPorts = 1>
ST_17 : Operation 473 [1/5] (7.25ns)   --->   "%add17_1_6 = fadd i32 %bitcast_ln45_12, i32 %real_result_6" [../dft.cpp:45]   --->   Operation 473 'fadd' 'add17_1_6' <Predicate = true> <Delay = 7.25> <CoreInst = "FAddSub_fulldsp">   --->   Core 18 'FAddSub_fulldsp' <Latency = 4> <II = 1> <Delay = 7.25> <FuncUnit> <Opcode : 'fadd' 'fsub'> <InPorts = 2> <OutPorts = 1>
ST_17 : Operation 474 [1/5] (7.25ns)   --->   "%add20_1_6 = fadd i32 %bitcast_ln46_12, i32 %imag_result_6" [../dft.cpp:46]   --->   Operation 474 'fadd' 'add20_1_6' <Predicate = true> <Delay = 7.25> <CoreInst = "FAddSub_fulldsp">   --->   Core 18 'FAddSub_fulldsp' <Latency = 4> <II = 1> <Delay = 7.25> <FuncUnit> <Opcode : 'fadd' 'fsub'> <InPorts = 2> <OutPorts = 1>
ST_17 : Operation 475 [1/5] (7.25ns)   --->   "%add17_1_7 = fadd i32 %bitcast_ln45_14, i32 %real_result_7" [../dft.cpp:45]   --->   Operation 475 'fadd' 'add17_1_7' <Predicate = true> <Delay = 7.25> <CoreInst = "FAddSub_fulldsp">   --->   Core 18 'FAddSub_fulldsp' <Latency = 4> <II = 1> <Delay = 7.25> <FuncUnit> <Opcode : 'fadd' 'fsub'> <InPorts = 2> <OutPorts = 1>
ST_17 : Operation 476 [1/5] (7.25ns)   --->   "%add20_1_7 = fadd i32 %bitcast_ln46_14, i32 %imag_result_7" [../dft.cpp:46]   --->   Operation 476 'fadd' 'add20_1_7' <Predicate = true> <Delay = 7.25> <CoreInst = "FAddSub_fulldsp">   --->   Core 18 'FAddSub_fulldsp' <Latency = 4> <II = 1> <Delay = 7.25> <FuncUnit> <Opcode : 'fadd' 'fsub'> <InPorts = 2> <OutPorts = 1>
ST_17 : Operation 513 [1/1] (1.58ns)   --->   "%ret_ln0 = ret"   --->   Operation 513 'ret' 'ret_ln0' <Predicate = (tmp)> <Delay = 1.58>

State 18 <SV = 17> <Delay = 3.25>
ST_18 : Operation 477 [1/1] (0.00ns)   --->   "%specpipeline_ln22 = specpipeline void @_ssdm_op_SpecPipeline, i32 4294967295, i32 0, i32 0, i32 0, void @empty_0" [../dft.cpp:22]   --->   Operation 477 'specpipeline' 'specpipeline_ln22' <Predicate = true> <Delay = 0.00>
ST_18 : Operation 478 [1/1] (0.00ns)   --->   "%speclooptripcount_ln23 = speclooptripcount void @_ssdm_op_SpecLoopTripCount, i64 128, i64 128, i64 128" [../dft.cpp:23]   --->   Operation 478 'speclooptripcount' 'speclooptripcount_ln23' <Predicate = true> <Delay = 0.00>
ST_18 : Operation 479 [1/1] (0.00ns)   --->   "%specloopname_ln22 = specloopname void @_ssdm_op_SpecLoopName, void @empty_2" [../dft.cpp:22]   --->   Operation 479 'specloopname' 'specloopname_ln22' <Predicate = true> <Delay = 0.00>
ST_18 : Operation 480 [1/1] (0.00ns)   --->   "%bitcast_ln45_1 = bitcast i32 %add17_1" [../dft.cpp:45]   --->   Operation 480 'bitcast' 'bitcast_ln45_1' <Predicate = true> <Delay = 0.00>
ST_18 : Operation 481 [1/1] ( I:3.25ns O:3.25ns )   --->   "%store_ln45 = store i32 %bitcast_ln45_1, i7 %real_op_0_addr" [../dft.cpp:45]   --->   Operation 481 'store' 'store_ln45' <Predicate = true> <Delay = 3.25> <CoreInst = "RAM">   --->   Core 81 'RAM' <Latency = 1> <II = 1> <Delay = 3.25> <Storage> <Opcode : 'load' 'store'> <Ports = 2> <Width = 32> <Depth = 128> <RAM>
ST_18 : Operation 482 [1/1] (0.00ns)   --->   "%bitcast_ln46_1 = bitcast i32 %add20_1" [../dft.cpp:46]   --->   Operation 482 'bitcast' 'bitcast_ln46_1' <Predicate = true> <Delay = 0.00>
ST_18 : Operation 483 [1/1] ( I:3.25ns O:3.25ns )   --->   "%store_ln46 = store i32 %bitcast_ln46_1, i7 %imag_op_0_addr" [../dft.cpp:46]   --->   Operation 483 'store' 'store_ln46' <Predicate = true> <Delay = 3.25> <CoreInst = "RAM">   --->   Core 81 'RAM' <Latency = 1> <II = 1> <Delay = 3.25> <Storage> <Opcode : 'load' 'store'> <Ports = 2> <Width = 32> <Depth = 128> <RAM>
ST_18 : Operation 484 [1/1] (0.00ns)   --->   "%bitcast_ln45_3 = bitcast i32 %add17_1_1" [../dft.cpp:45]   --->   Operation 484 'bitcast' 'bitcast_ln45_3' <Predicate = true> <Delay = 0.00>
ST_18 : Operation 485 [1/1] ( I:3.25ns O:3.25ns )   --->   "%store_ln45 = store i32 %bitcast_ln45_3, i7 %real_op_1_addr" [../dft.cpp:45]   --->   Operation 485 'store' 'store_ln45' <Predicate = true> <Delay = 3.25> <CoreInst = "RAM">   --->   Core 81 'RAM' <Latency = 1> <II = 1> <Delay = 3.25> <Storage> <Opcode : 'load' 'store'> <Ports = 2> <Width = 32> <Depth = 128> <RAM>
ST_18 : Operation 486 [1/1] (0.00ns)   --->   "%bitcast_ln46_3 = bitcast i32 %add20_1_1" [../dft.cpp:46]   --->   Operation 486 'bitcast' 'bitcast_ln46_3' <Predicate = true> <Delay = 0.00>
ST_18 : Operation 487 [1/1] ( I:3.25ns O:3.25ns )   --->   "%store_ln46 = store i32 %bitcast_ln46_3, i7 %imag_op_1_addr" [../dft.cpp:46]   --->   Operation 487 'store' 'store_ln46' <Predicate = true> <Delay = 3.25> <CoreInst = "RAM">   --->   Core 81 'RAM' <Latency = 1> <II = 1> <Delay = 3.25> <Storage> <Opcode : 'load' 'store'> <Ports = 2> <Width = 32> <Depth = 128> <RAM>
ST_18 : Operation 488 [1/1] (0.00ns)   --->   "%bitcast_ln45_5 = bitcast i32 %add17_1_2" [../dft.cpp:45]   --->   Operation 488 'bitcast' 'bitcast_ln45_5' <Predicate = true> <Delay = 0.00>
ST_18 : Operation 489 [1/1] ( I:3.25ns O:3.25ns )   --->   "%store_ln45 = store i32 %bitcast_ln45_5, i7 %real_op_2_addr" [../dft.cpp:45]   --->   Operation 489 'store' 'store_ln45' <Predicate = true> <Delay = 3.25> <CoreInst = "RAM">   --->   Core 81 'RAM' <Latency = 1> <II = 1> <Delay = 3.25> <Storage> <Opcode : 'load' 'store'> <Ports = 2> <Width = 32> <Depth = 128> <RAM>
ST_18 : Operation 490 [1/1] (0.00ns)   --->   "%bitcast_ln46_5 = bitcast i32 %add20_1_2" [../dft.cpp:46]   --->   Operation 490 'bitcast' 'bitcast_ln46_5' <Predicate = true> <Delay = 0.00>
ST_18 : Operation 491 [1/1] ( I:3.25ns O:3.25ns )   --->   "%store_ln46 = store i32 %bitcast_ln46_5, i7 %imag_op_2_addr" [../dft.cpp:46]   --->   Operation 491 'store' 'store_ln46' <Predicate = true> <Delay = 3.25> <CoreInst = "RAM">   --->   Core 81 'RAM' <Latency = 1> <II = 1> <Delay = 3.25> <Storage> <Opcode : 'load' 'store'> <Ports = 2> <Width = 32> <Depth = 128> <RAM>
ST_18 : Operation 492 [1/1] (0.00ns)   --->   "%bitcast_ln45_7 = bitcast i32 %add17_1_3" [../dft.cpp:45]   --->   Operation 492 'bitcast' 'bitcast_ln45_7' <Predicate = true> <Delay = 0.00>
ST_18 : Operation 493 [1/1] ( I:3.25ns O:3.25ns )   --->   "%store_ln45 = store i32 %bitcast_ln45_7, i7 %real_op_3_addr" [../dft.cpp:45]   --->   Operation 493 'store' 'store_ln45' <Predicate = true> <Delay = 3.25> <CoreInst = "RAM">   --->   Core 81 'RAM' <Latency = 1> <II = 1> <Delay = 3.25> <Storage> <Opcode : 'load' 'store'> <Ports = 2> <Width = 32> <Depth = 128> <RAM>
ST_18 : Operation 494 [1/1] (0.00ns)   --->   "%bitcast_ln46_7 = bitcast i32 %add20_1_3" [../dft.cpp:46]   --->   Operation 494 'bitcast' 'bitcast_ln46_7' <Predicate = true> <Delay = 0.00>
ST_18 : Operation 495 [1/1] ( I:3.25ns O:3.25ns )   --->   "%store_ln46 = store i32 %bitcast_ln46_7, i7 %imag_op_3_addr" [../dft.cpp:46]   --->   Operation 495 'store' 'store_ln46' <Predicate = true> <Delay = 3.25> <CoreInst = "RAM">   --->   Core 81 'RAM' <Latency = 1> <II = 1> <Delay = 3.25> <Storage> <Opcode : 'load' 'store'> <Ports = 2> <Width = 32> <Depth = 128> <RAM>
ST_18 : Operation 496 [1/1] (0.00ns)   --->   "%bitcast_ln45_9 = bitcast i32 %add17_1_4" [../dft.cpp:45]   --->   Operation 496 'bitcast' 'bitcast_ln45_9' <Predicate = true> <Delay = 0.00>
ST_18 : Operation 497 [1/1] ( I:3.25ns O:3.25ns )   --->   "%store_ln45 = store i32 %bitcast_ln45_9, i7 %real_op_4_addr" [../dft.cpp:45]   --->   Operation 497 'store' 'store_ln45' <Predicate = true> <Delay = 3.25> <CoreInst = "RAM">   --->   Core 81 'RAM' <Latency = 1> <II = 1> <Delay = 3.25> <Storage> <Opcode : 'load' 'store'> <Ports = 2> <Width = 32> <Depth = 128> <RAM>
ST_18 : Operation 498 [1/1] (0.00ns)   --->   "%bitcast_ln46_9 = bitcast i32 %add20_1_4" [../dft.cpp:46]   --->   Operation 498 'bitcast' 'bitcast_ln46_9' <Predicate = true> <Delay = 0.00>
ST_18 : Operation 499 [1/1] ( I:3.25ns O:3.25ns )   --->   "%store_ln46 = store i32 %bitcast_ln46_9, i7 %imag_op_4_addr" [../dft.cpp:46]   --->   Operation 499 'store' 'store_ln46' <Predicate = true> <Delay = 3.25> <CoreInst = "RAM">   --->   Core 81 'RAM' <Latency = 1> <II = 1> <Delay = 3.25> <Storage> <Opcode : 'load' 'store'> <Ports = 2> <Width = 32> <Depth = 128> <RAM>
ST_18 : Operation 500 [1/1] (0.00ns)   --->   "%bitcast_ln45_11 = bitcast i32 %add17_1_5" [../dft.cpp:45]   --->   Operation 500 'bitcast' 'bitcast_ln45_11' <Predicate = true> <Delay = 0.00>
ST_18 : Operation 501 [1/1] ( I:3.25ns O:3.25ns )   --->   "%store_ln45 = store i32 %bitcast_ln45_11, i7 %real_op_5_addr" [../dft.cpp:45]   --->   Operation 501 'store' 'store_ln45' <Predicate = true> <Delay = 3.25> <CoreInst = "RAM">   --->   Core 81 'RAM' <Latency = 1> <II = 1> <Delay = 3.25> <Storage> <Opcode : 'load' 'store'> <Ports = 2> <Width = 32> <Depth = 128> <RAM>
ST_18 : Operation 502 [1/1] (0.00ns)   --->   "%bitcast_ln46_11 = bitcast i32 %add20_1_5" [../dft.cpp:46]   --->   Operation 502 'bitcast' 'bitcast_ln46_11' <Predicate = true> <Delay = 0.00>
ST_18 : Operation 503 [1/1] ( I:3.25ns O:3.25ns )   --->   "%store_ln46 = store i32 %bitcast_ln46_11, i7 %imag_op_5_addr" [../dft.cpp:46]   --->   Operation 503 'store' 'store_ln46' <Predicate = true> <Delay = 3.25> <CoreInst = "RAM">   --->   Core 81 'RAM' <Latency = 1> <II = 1> <Delay = 3.25> <Storage> <Opcode : 'load' 'store'> <Ports = 2> <Width = 32> <Depth = 128> <RAM>
ST_18 : Operation 504 [1/1] (0.00ns)   --->   "%bitcast_ln45_13 = bitcast i32 %add17_1_6" [../dft.cpp:45]   --->   Operation 504 'bitcast' 'bitcast_ln45_13' <Predicate = true> <Delay = 0.00>
ST_18 : Operation 505 [1/1] ( I:3.25ns O:3.25ns )   --->   "%store_ln45 = store i32 %bitcast_ln45_13, i7 %real_op_6_addr" [../dft.cpp:45]   --->   Operation 505 'store' 'store_ln45' <Predicate = true> <Delay = 3.25> <CoreInst = "RAM">   --->   Core 81 'RAM' <Latency = 1> <II = 1> <Delay = 3.25> <Storage> <Opcode : 'load' 'store'> <Ports = 2> <Width = 32> <Depth = 128> <RAM>
ST_18 : Operation 506 [1/1] (0.00ns)   --->   "%bitcast_ln46_13 = bitcast i32 %add20_1_6" [../dft.cpp:46]   --->   Operation 506 'bitcast' 'bitcast_ln46_13' <Predicate = true> <Delay = 0.00>
ST_18 : Operation 507 [1/1] ( I:3.25ns O:3.25ns )   --->   "%store_ln46 = store i32 %bitcast_ln46_13, i7 %imag_op_6_addr" [../dft.cpp:46]   --->   Operation 507 'store' 'store_ln46' <Predicate = true> <Delay = 3.25> <CoreInst = "RAM">   --->   Core 81 'RAM' <Latency = 1> <II = 1> <Delay = 3.25> <Storage> <Opcode : 'load' 'store'> <Ports = 2> <Width = 32> <Depth = 128> <RAM>
ST_18 : Operation 508 [1/1] (0.00ns)   --->   "%bitcast_ln45_15 = bitcast i32 %add17_1_7" [../dft.cpp:45]   --->   Operation 508 'bitcast' 'bitcast_ln45_15' <Predicate = true> <Delay = 0.00>
ST_18 : Operation 509 [1/1] ( I:3.25ns O:3.25ns )   --->   "%store_ln45 = store i32 %bitcast_ln45_15, i7 %real_op_7_addr" [../dft.cpp:45]   --->   Operation 509 'store' 'store_ln45' <Predicate = true> <Delay = 3.25> <CoreInst = "RAM">   --->   Core 81 'RAM' <Latency = 1> <II = 1> <Delay = 3.25> <Storage> <Opcode : 'load' 'store'> <Ports = 2> <Width = 32> <Depth = 128> <RAM>
ST_18 : Operation 510 [1/1] (0.00ns)   --->   "%bitcast_ln46_15 = bitcast i32 %add20_1_7" [../dft.cpp:46]   --->   Operation 510 'bitcast' 'bitcast_ln46_15' <Predicate = true> <Delay = 0.00>
ST_18 : Operation 511 [1/1] ( I:3.25ns O:3.25ns )   --->   "%store_ln46 = store i32 %bitcast_ln46_15, i7 %imag_op_7_addr" [../dft.cpp:46]   --->   Operation 511 'store' 'store_ln46' <Predicate = true> <Delay = 3.25> <CoreInst = "RAM">   --->   Core 81 'RAM' <Latency = 1> <II = 1> <Delay = 3.25> <Storage> <Opcode : 'load' 'store'> <Ports = 2> <Width = 32> <Depth = 128> <RAM>
ST_18 : Operation 512 [1/1] (0.00ns)   --->   "%br_ln22 = br void %for.inc.1" [../dft.cpp:22]   --->   Operation 512 'br' 'br_ln22' <Predicate = true> <Delay = 0.00>


============================================================
+ Verbose Summary: Binding
============================================================
STG Binding: 
---------------- STG Properties BEGIN ----------------
- Is combinational: 0
- Is one-state seq: 0
- Is datapath-only: 0
- Is pipelined: 0
- Is top level: 0
Port [ Return ] is wired: 1; IO mode=ap_ctrl_hs:ce=0
Port [ imag_op_7]:  wired=1; compound=1; hidden=0; nouse=0; global=0; static=0; extern=0; dir=2; type=1; pingpong=0; private_global=0; MemPort=[01]; IO mode=ap_memory:ce=0
Port [ imag_op_6]:  wired=1; compound=1; hidden=0; nouse=0; global=0; static=0; extern=0; dir=2; type=1; pingpong=0; private_global=0; MemPort=[01]; IO mode=ap_memory:ce=0
Port [ imag_op_5]:  wired=1; compound=1; hidden=0; nouse=0; global=0; static=0; extern=0; dir=2; type=1; pingpong=0; private_global=0; MemPort=[01]; IO mode=ap_memory:ce=0
Port [ imag_op_4]:  wired=1; compound=1; hidden=0; nouse=0; global=0; static=0; extern=0; dir=2; type=1; pingpong=0; private_global=0; MemPort=[01]; IO mode=ap_memory:ce=0
Port [ imag_op_3]:  wired=1; compound=1; hidden=0; nouse=0; global=0; static=0; extern=0; dir=2; type=1; pingpong=0; private_global=0; MemPort=[01]; IO mode=ap_memory:ce=0
Port [ imag_op_2]:  wired=1; compound=1; hidden=0; nouse=0; global=0; static=0; extern=0; dir=2; type=1; pingpong=0; private_global=0; MemPort=[01]; IO mode=ap_memory:ce=0
Port [ imag_op_1]:  wired=1; compound=1; hidden=0; nouse=0; global=0; static=0; extern=0; dir=2; type=1; pingpong=0; private_global=0; MemPort=[01]; IO mode=ap_memory:ce=0
Port [ imag_op_0]:  wired=1; compound=1; hidden=0; nouse=0; global=0; static=0; extern=0; dir=2; type=1; pingpong=0; private_global=0; MemPort=[01]; IO mode=ap_memory:ce=0
Port [ real_op_7]:  wired=1; compound=1; hidden=0; nouse=0; global=0; static=0; extern=0; dir=2; type=1; pingpong=0; private_global=0; MemPort=[01]; IO mode=ap_memory:ce=0
Port [ real_op_6]:  wired=1; compound=1; hidden=0; nouse=0; global=0; static=0; extern=0; dir=2; type=1; pingpong=0; private_global=0; MemPort=[01]; IO mode=ap_memory:ce=0
Port [ real_op_5]:  wired=1; compound=1; hidden=0; nouse=0; global=0; static=0; extern=0; dir=2; type=1; pingpong=0; private_global=0; MemPort=[01]; IO mode=ap_memory:ce=0
Port [ real_op_4]:  wired=1; compound=1; hidden=0; nouse=0; global=0; static=0; extern=0; dir=2; type=1; pingpong=0; private_global=0; MemPort=[01]; IO mode=ap_memory:ce=0
Port [ real_op_3]:  wired=1; compound=1; hidden=0; nouse=0; global=0; static=0; extern=0; dir=2; type=1; pingpong=0; private_global=0; MemPort=[01]; IO mode=ap_memory:ce=0
Port [ real_op_2]:  wired=1; compound=1; hidden=0; nouse=0; global=0; static=0; extern=0; dir=2; type=1; pingpong=0; private_global=0; MemPort=[01]; IO mode=ap_memory:ce=0
Port [ real_op_1]:  wired=1; compound=1; hidden=0; nouse=0; global=0; static=0; extern=0; dir=2; type=1; pingpong=0; private_global=0; MemPort=[01]; IO mode=ap_memory:ce=0
Port [ real_op_0]:  wired=1; compound=1; hidden=0; nouse=0; global=0; static=0; extern=0; dir=2; type=1; pingpong=0; private_global=0; MemPort=[01]; IO mode=ap_memory:ce=0
Port [ or_ln29_7]:  wired=1; compound=0; hidden=0; nouse=0; global=0; static=0; extern=0; dir=0; type=0; pingpong=0; private_global=0; IO mode=ap_none:ce=0
Port [ rs_1]:  wired=1; compound=0; hidden=0; nouse=0; global=0; static=0; extern=0; dir=0; type=0; pingpong=0; private_global=0; IO mode=ap_none:ce=0
Port [ is_1]:  wired=1; compound=0; hidden=0; nouse=0; global=0; static=0; extern=0; dir=0; type=0; pingpong=0; private_global=0; IO mode=ap_none:ce=0
Port [ cos_coefficients_table]:  wired=0; compound=1; hidden=1; nouse=0; global=1; static=1; extern=0; dir=0; type=1; pingpong=0; private_global=0; MemPort=[11111111]; IO mode=ap_memory:ce=0
Port [ sin_coefficients_table]:  wired=0; compound=1; hidden=1; nouse=0; global=1; static=1; extern=0; dir=0; type=1; pingpong=0; private_global=0; MemPort=[11111111]; IO mode=ap_memory:ce=0
---------------- STG Properties END ------------------

---------------- Datapath Model BEGIN ----------------

<LifeTime>
<method=bitvector/>
i                             (alloca           ) [ 0100000000000000000]
specinterface_ln0             (specinterface    ) [ 0000000000000000000]
specinterface_ln0             (specinterface    ) [ 0000000000000000000]
specinterface_ln0             (specinterface    ) [ 0000000000000000000]
specinterface_ln0             (specinterface    ) [ 0000000000000000000]
specinterface_ln0             (specinterface    ) [ 0000000000000000000]
specinterface_ln0             (specinterface    ) [ 0000000000000000000]
specinterface_ln0             (specinterface    ) [ 0000000000000000000]
specinterface_ln0             (specinterface    ) [ 0000000000000000000]
specinterface_ln0             (specinterface    ) [ 0000000000000000000]
specinterface_ln0             (specinterface    ) [ 0000000000000000000]
specinterface_ln0             (specinterface    ) [ 0000000000000000000]
specinterface_ln0             (specinterface    ) [ 0000000000000000000]
specinterface_ln0             (specinterface    ) [ 0000000000000000000]
specinterface_ln0             (specinterface    ) [ 0000000000000000000]
specinterface_ln0             (specinterface    ) [ 0000000000000000000]
specinterface_ln0             (specinterface    ) [ 0000000000000000000]
is_1_read                     (read             ) [ 0111111100000000000]
rs_1_read                     (read             ) [ 0111111100000000000]
or_ln29_7_read                (read             ) [ 0000000000000000000]
store_ln22                    (store            ) [ 0000000000000000000]
br_ln0                        (br               ) [ 0000000000000000000]
i_1                           (load             ) [ 0000000000000000000]
tmp                           (bitselect        ) [ 0111111111111111110]
br_ln22                       (br               ) [ 0000000000000000000]
trunc_ln22                    (trunc            ) [ 0000000000000000000]
lshr_ln22_1                   (partselect       ) [ 0111111111110000000]
idx                           (mul              ) [ 0110000000000000000]
tmp_s                         (partselect       ) [ 0000000000000000000]
or_ln29_8                     (bitconcatenate   ) [ 0000000000000000000]
idx_1                         (mul              ) [ 0110000000000000000]
tmp_1                         (partselect       ) [ 0000000000000000000]
or_ln29_9                     (bitconcatenate   ) [ 0000000000000000000]
idx_2                         (mul              ) [ 0110000000000000000]
or_ln29_s                     (bitconcatenate   ) [ 0000000000000000000]
idx_3                         (mul              ) [ 0110000000000000000]
or_ln29_1                     (bitconcatenate   ) [ 0000000000000000000]
idx_4                         (mul              ) [ 0110000000000000000]
tmp_2                         (bitselect        ) [ 0000000000000000000]
or_ln29_2                     (bitconcatenate   ) [ 0000000000000000000]
idx_5                         (mul              ) [ 0110000000000000000]
or_ln29_3                     (bitconcatenate   ) [ 0000000000000000000]
idx_6                         (mul              ) [ 0110000000000000000]
or_ln29_4                     (bitconcatenate   ) [ 0000000000000000000]
idx_7                         (mul              ) [ 0110000000000000000]
add_ln22                      (add              ) [ 0000000000000000000]
store_ln22                    (store            ) [ 0000000000000000000]
zext_ln32                     (zext             ) [ 0000000000000000000]
cos_coefficients_table_addr   (getelementptr    ) [ 0101000000000000000]
sin_coefficients_table_addr   (getelementptr    ) [ 0101000000000000000]
zext_ln32_1                   (zext             ) [ 0000000000000000000]
cos_coefficients_table_addr_1 (getelementptr    ) [ 0101000000000000000]
sin_coefficients_table_addr_1 (getelementptr    ) [ 0101000000000000000]
zext_ln32_2                   (zext             ) [ 0000000000000000000]
cos_coefficients_table_addr_2 (getelementptr    ) [ 0101000000000000000]
sin_coefficients_table_addr_2 (getelementptr    ) [ 0101000000000000000]
zext_ln32_3                   (zext             ) [ 0000000000000000000]
cos_coefficients_table_addr_3 (getelementptr    ) [ 0101000000000000000]
sin_coefficients_table_addr_3 (getelementptr    ) [ 0101000000000000000]
zext_ln32_4                   (zext             ) [ 0000000000000000000]
cos_coefficients_table_addr_4 (getelementptr    ) [ 0101000000000000000]
sin_coefficients_table_addr_4 (getelementptr    ) [ 0101000000000000000]
zext_ln32_5                   (zext             ) [ 0000000000000000000]
cos_coefficients_table_addr_5 (getelementptr    ) [ 0101000000000000000]
sin_coefficients_table_addr_5 (getelementptr    ) [ 0101000000000000000]
zext_ln32_6                   (zext             ) [ 0000000000000000000]
cos_coefficients_table_addr_6 (getelementptr    ) [ 0101000000000000000]
sin_coefficients_table_addr_6 (getelementptr    ) [ 0101000000000000000]
zext_ln32_7                   (zext             ) [ 0000000000000000000]
cos_coefficients_table_addr_7 (getelementptr    ) [ 0101000000000000000]
sin_coefficients_table_addr_7 (getelementptr    ) [ 0101000000000000000]
c                             (load             ) [ 0100111100000000000]
s                             (load             ) [ 0100111100000000000]
c_1                           (load             ) [ 0100111100000000000]
s_1                           (load             ) [ 0100111100000000000]
c_2                           (load             ) [ 0100111100000000000]
s_2                           (load             ) [ 0100111100000000000]
c_3                           (load             ) [ 0100111100000000000]
s_3                           (load             ) [ 0100111100000000000]
c_4                           (load             ) [ 0100111100000000000]
s_4                           (load             ) [ 0100111100000000000]
c_5                           (load             ) [ 0100111100000000000]
s_5                           (load             ) [ 0100111100000000000]
c_6                           (load             ) [ 0100111100000000000]
s_6                           (load             ) [ 0100111100000000000]
c_7                           (load             ) [ 0100111100000000000]
s_7                           (load             ) [ 0100111100000000000]
t1                            (fmul             ) [ 0100000011111000000]
t2                            (fmul             ) [ 0100000011111000000]
t3                            (fmul             ) [ 0100000011111000000]
t4                            (fmul             ) [ 0100000011111000000]
t1_1                          (fmul             ) [ 0100000011111000000]
t2_1                          (fmul             ) [ 0100000011111000000]
t3_1                          (fmul             ) [ 0100000011111000000]
t4_1                          (fmul             ) [ 0100000011111000000]
t1_2                          (fmul             ) [ 0100000011111000000]
t2_2                          (fmul             ) [ 0100000011111000000]
t3_2                          (fmul             ) [ 0100000011111000000]
t4_2                          (fmul             ) [ 0100000011111000000]
t1_3                          (fmul             ) [ 0100000011111000000]
t2_3                          (fmul             ) [ 0100000011111000000]
t3_3                          (fmul             ) [ 0100000011111000000]
t4_3                          (fmul             ) [ 0100000011111000000]
t1_4                          (fmul             ) [ 0100000011111000000]
t2_4                          (fmul             ) [ 0100000011111000000]
t3_4                          (fmul             ) [ 0100000011111000000]
t4_4                          (fmul             ) [ 0100000011111000000]
t1_5                          (fmul             ) [ 0100000011111000000]
t2_5                          (fmul             ) [ 0100000011111000000]
t3_5                          (fmul             ) [ 0100000011111000000]
t4_5                          (fmul             ) [ 0100000011111000000]
t1_6                          (fmul             ) [ 0100000011111000000]
t2_6                          (fmul             ) [ 0100000011111000000]
t3_6                          (fmul             ) [ 0100000011111000000]
t4_6                          (fmul             ) [ 0100000011111000000]
t1_7                          (fmul             ) [ 0100000011111000000]
t2_7                          (fmul             ) [ 0100000011111000000]
t3_7                          (fmul             ) [ 0100000011111000000]
t4_7                          (fmul             ) [ 0100000011111000000]
zext_ln22                     (zext             ) [ 0000000000000000000]
real_op_0_addr                (getelementptr    ) [ 0100000000001111111]
imag_op_0_addr                (getelementptr    ) [ 0100000000001111111]
real_op_1_addr                (getelementptr    ) [ 0100000000001111111]
imag_op_1_addr                (getelementptr    ) [ 0100000000001111111]
real_op_2_addr                (getelementptr    ) [ 0100000000001111111]
imag_op_2_addr                (getelementptr    ) [ 0100000000001111111]
real_op_3_addr                (getelementptr    ) [ 0100000000001111111]
imag_op_3_addr                (getelementptr    ) [ 0100000000001111111]
real_op_4_addr                (getelementptr    ) [ 0100000000001111111]
imag_op_4_addr                (getelementptr    ) [ 0100000000001111111]
real_op_5_addr                (getelementptr    ) [ 0100000000001111111]
imag_op_5_addr                (getelementptr    ) [ 0100000000001111111]
real_op_6_addr                (getelementptr    ) [ 0100000000001111111]
imag_op_6_addr                (getelementptr    ) [ 0100000000001111111]
real_op_7_addr                (getelementptr    ) [ 0100000000001111111]
imag_op_7_addr                (getelementptr    ) [ 0100000000001111111]
real_result                   (fsub             ) [ 0100000000000111110]
imag_result                   (fadd             ) [ 0100000000000111110]
real_op_0_load                (load             ) [ 0100000000000100000]
imag_op_0_load                (load             ) [ 0100000000000100000]
real_result_1                 (fsub             ) [ 0100000000000111110]
imag_result_1                 (fadd             ) [ 0100000000000111110]
real_op_1_load                (load             ) [ 0100000000000100000]
imag_op_1_load                (load             ) [ 0100000000000100000]
real_result_2                 (fsub             ) [ 0100000000000111110]
imag_result_2                 (fadd             ) [ 0100000000000111110]
real_op_2_load                (load             ) [ 0100000000000100000]
imag_op_2_load                (load             ) [ 0100000000000100000]
real_result_3                 (fsub             ) [ 0100000000000111110]
imag_result_3                 (fadd             ) [ 0100000000000111110]
real_op_3_load                (load             ) [ 0100000000000100000]
imag_op_3_load                (load             ) [ 0100000000000100000]
real_result_4                 (fsub             ) [ 0100000000000111110]
imag_result_4                 (fadd             ) [ 0100000000000111110]
real_op_4_load                (load             ) [ 0100000000000100000]
imag_op_4_load                (load             ) [ 0100000000000100000]
real_result_5                 (fsub             ) [ 0100000000000111110]
imag_result_5                 (fadd             ) [ 0100000000000111110]
real_op_5_load                (load             ) [ 0100000000000100000]
imag_op_5_load                (load             ) [ 0100000000000100000]
real_result_6                 (fsub             ) [ 0100000000000111110]
imag_result_6                 (fadd             ) [ 0100000000000111110]
real_op_6_load                (load             ) [ 0100000000000100000]
imag_op_6_load                (load             ) [ 0100000000000100000]
real_result_7                 (fsub             ) [ 0100000000000111110]
imag_result_7                 (fadd             ) [ 0100000000000111110]
real_op_7_load                (load             ) [ 0100000000000100000]
imag_op_7_load                (load             ) [ 0100000000000100000]
bitcast_ln45                  (bitcast          ) [ 0100000000000011110]
bitcast_ln46                  (bitcast          ) [ 0100000000000011110]
bitcast_ln45_2                (bitcast          ) [ 0100000000000011110]
bitcast_ln46_2                (bitcast          ) [ 0100000000000011110]
bitcast_ln45_4                (bitcast          ) [ 0100000000000011110]
bitcast_ln46_4                (bitcast          ) [ 0100000000000011110]
bitcast_ln45_6                (bitcast          ) [ 0100000000000011110]
bitcast_ln46_6                (bitcast          ) [ 0100000000000011110]
bitcast_ln45_8                (bitcast          ) [ 0100000000000011110]
bitcast_ln46_8                (bitcast          ) [ 0100000000000011110]
bitcast_ln45_10               (bitcast          ) [ 0100000000000011110]
bitcast_ln46_10               (bitcast          ) [ 0100000000000011110]
bitcast_ln45_12               (bitcast          ) [ 0100000000000011110]
bitcast_ln46_12               (bitcast          ) [ 0100000000000011110]
bitcast_ln45_14               (bitcast          ) [ 0100000000000011110]
bitcast_ln46_14               (bitcast          ) [ 0100000000000011110]
add17_1                       (fadd             ) [ 0100000000000000001]
add20_1                       (fadd             ) [ 0100000000000000001]
add17_1_1                     (fadd             ) [ 0100000000000000001]
add20_1_1                     (fadd             ) [ 0100000000000000001]
add17_1_2                     (fadd             ) [ 0100000000000000001]
add20_1_2                     (fadd             ) [ 0100000000000000001]
add17_1_3                     (fadd             ) [ 0100000000000000001]
add20_1_3                     (fadd             ) [ 0100000000000000001]
add17_1_4                     (fadd             ) [ 0100000000000000001]
add20_1_4                     (fadd             ) [ 0100000000000000001]
add17_1_5                     (fadd             ) [ 0100000000000000001]
add20_1_5                     (fadd             ) [ 0100000000000000001]
add17_1_6                     (fadd             ) [ 0100000000000000001]
add20_1_6                     (fadd             ) [ 0100000000000000001]
add17_1_7                     (fadd             ) [ 0100000000000000001]
add20_1_7                     (fadd             ) [ 0100000000000000001]
specpipeline_ln22             (specpipeline     ) [ 0000000000000000000]
speclooptripcount_ln23        (speclooptripcount) [ 0000000000000000000]
specloopname_ln22             (specloopname     ) [ 0000000000000000000]
bitcast_ln45_1                (bitcast          ) [ 0000000000000000000]
store_ln45                    (store            ) [ 0000000000000000000]
bitcast_ln46_1                (bitcast          ) [ 0000000000000000000]
store_ln46                    (store            ) [ 0000000000000000000]
bitcast_ln45_3                (bitcast          ) [ 0000000000000000000]
store_ln45                    (store            ) [ 0000000000000000000]
bitcast_ln46_3                (bitcast          ) [ 0000000000000000000]
store_ln46                    (store            ) [ 0000000000000000000]
bitcast_ln45_5                (bitcast          ) [ 0000000000000000000]
store_ln45                    (store            ) [ 0000000000000000000]
bitcast_ln46_5                (bitcast          ) [ 0000000000000000000]
store_ln46                    (store            ) [ 0000000000000000000]
bitcast_ln45_7                (bitcast          ) [ 0000000000000000000]
store_ln45                    (store            ) [ 0000000000000000000]
bitcast_ln46_7                (bitcast          ) [ 0000000000000000000]
store_ln46                    (store            ) [ 0000000000000000000]
bitcast_ln45_9                (bitcast          ) [ 0000000000000000000]
store_ln45                    (store            ) [ 0000000000000000000]
bitcast_ln46_9                (bitcast          ) [ 0000000000000000000]
store_ln46                    (store            ) [ 0000000000000000000]
bitcast_ln45_11               (bitcast          ) [ 0000000000000000000]
store_ln45                    (store            ) [ 0000000000000000000]
bitcast_ln46_11               (bitcast          ) [ 0000000000000000000]
store_ln46                    (store            ) [ 0000000000000000000]
bitcast_ln45_13               (bitcast          ) [ 0000000000000000000]
store_ln45                    (store            ) [ 0000000000000000000]
bitcast_ln46_13               (bitcast          ) [ 0000000000000000000]
store_ln46                    (store            ) [ 0000000000000000000]
bitcast_ln45_15               (bitcast          ) [ 0000000000000000000]
store_ln45                    (store            ) [ 0000000000000000000]
bitcast_ln46_15               (bitcast          ) [ 0000000000000000000]
store_ln46                    (store            ) [ 0000000000000000000]
br_ln22                       (br               ) [ 0000000000000000000]
ret_ln0                       (ret              ) [ 0000000000000000000]
</LifeTime>

<model>

<comp_list>
<comp id="0" class="1000" name="imag_op_7">
<pin_list>
<pin id="1" dir="1" index="0" bw="1" slack="0"/>
</pin_list>
<bind>
<StgValue><ssdm name="imag_op_7"/><MemPortTyVec>0 1 </MemPortTyVec>
</StgValue>
</bind>
</comp>

<comp id="2" class="1000" name="imag_op_6">
<pin_list>
<pin id="3" dir="1" index="0" bw="1" slack="0"/>
</pin_list>
<bind>
<StgValue><ssdm name="imag_op_6"/><MemPortTyVec>0 1 </MemPortTyVec>
</StgValue>
</bind>
</comp>

<comp id="4" class="1000" name="imag_op_5">
<pin_list>
<pin id="5" dir="1" index="0" bw="1" slack="0"/>
</pin_list>
<bind>
<StgValue><ssdm name="imag_op_5"/><MemPortTyVec>0 1 </MemPortTyVec>
</StgValue>
</bind>
</comp>

<comp id="6" class="1000" name="imag_op_4">
<pin_list>
<pin id="7" dir="1" index="0" bw="1" slack="0"/>
</pin_list>
<bind>
<StgValue><ssdm name="imag_op_4"/><MemPortTyVec>0 1 </MemPortTyVec>
</StgValue>
</bind>
</comp>

<comp id="8" class="1000" name="imag_op_3">
<pin_list>
<pin id="9" dir="1" index="0" bw="1" slack="0"/>
</pin_list>
<bind>
<StgValue><ssdm name="imag_op_3"/><MemPortTyVec>0 1 </MemPortTyVec>
</StgValue>
</bind>
</comp>

<comp id="10" class="1000" name="imag_op_2">
<pin_list>
<pin id="11" dir="1" index="0" bw="1" slack="0"/>
</pin_list>
<bind>
<StgValue><ssdm name="imag_op_2"/><MemPortTyVec>0 1 </MemPortTyVec>
</StgValue>
</bind>
</comp>

<comp id="12" class="1000" name="imag_op_1">
<pin_list>
<pin id="13" dir="1" index="0" bw="1" slack="0"/>
</pin_list>
<bind>
<StgValue><ssdm name="imag_op_1"/><MemPortTyVec>0 1 </MemPortTyVec>
</StgValue>
</bind>
</comp>

<comp id="14" class="1000" name="imag_op_0">
<pin_list>
<pin id="15" dir="1" index="0" bw="1" slack="0"/>
</pin_list>
<bind>
<StgValue><ssdm name="imag_op_0"/><MemPortTyVec>0 1 </MemPortTyVec>
</StgValue>
</bind>
</comp>

<comp id="16" class="1000" name="real_op_7">
<pin_list>
<pin id="17" dir="1" index="0" bw="1" slack="0"/>
</pin_list>
<bind>
<StgValue><ssdm name="real_op_7"/><MemPortTyVec>0 1 </MemPortTyVec>
</StgValue>
</bind>
</comp>

<comp id="18" class="1000" name="real_op_6">
<pin_list>
<pin id="19" dir="1" index="0" bw="1" slack="0"/>
</pin_list>
<bind>
<StgValue><ssdm name="real_op_6"/><MemPortTyVec>0 1 </MemPortTyVec>
</StgValue>
</bind>
</comp>

<comp id="20" class="1000" name="real_op_5">
<pin_list>
<pin id="21" dir="1" index="0" bw="1" slack="0"/>
</pin_list>
<bind>
<StgValue><ssdm name="real_op_5"/><MemPortTyVec>0 1 </MemPortTyVec>
</StgValue>
</bind>
</comp>

<comp id="22" class="1000" name="real_op_4">
<pin_list>
<pin id="23" dir="1" index="0" bw="1" slack="0"/>
</pin_list>
<bind>
<StgValue><ssdm name="real_op_4"/><MemPortTyVec>0 1 </MemPortTyVec>
</StgValue>
</bind>
</comp>

<comp id="24" class="1000" name="real_op_3">
<pin_list>
<pin id="25" dir="1" index="0" bw="1" slack="0"/>
</pin_list>
<bind>
<StgValue><ssdm name="real_op_3"/><MemPortTyVec>0 1 </MemPortTyVec>
</StgValue>
</bind>
</comp>

<comp id="26" class="1000" name="real_op_2">
<pin_list>
<pin id="27" dir="1" index="0" bw="1" slack="0"/>
</pin_list>
<bind>
<StgValue><ssdm name="real_op_2"/><MemPortTyVec>0 1 </MemPortTyVec>
</StgValue>
</bind>
</comp>

<comp id="28" class="1000" name="real_op_1">
<pin_list>
<pin id="29" dir="1" index="0" bw="1" slack="0"/>
</pin_list>
<bind>
<StgValue><ssdm name="real_op_1"/><MemPortTyVec>0 1 </MemPortTyVec>
</StgValue>
</bind>
</comp>

<comp id="30" class="1000" name="real_op_0">
<pin_list>
<pin id="31" dir="1" index="0" bw="1" slack="0"/>
</pin_list>
<bind>
<StgValue><ssdm name="real_op_0"/><MemPortTyVec>0 1 </MemPortTyVec>
</StgValue>
</bind>
</comp>

<comp id="32" class="1000" name="or_ln29_7">
<pin_list>
<pin id="33" dir="1" index="0" bw="1" slack="0"/>
</pin_list>
<bind>
<StgValue><ssdm name="or_ln29_7"/></StgValue>
</bind>
</comp>

<comp id="34" class="1000" name="rs_1">
<pin_list>
<pin id="35" dir="1" index="0" bw="1" slack="0"/>
</pin_list>
<bind>
<StgValue><ssdm name="rs_1"/></StgValue>
</bind>
</comp>

<comp id="36" class="1000" name="is_1">
<pin_list>
<pin id="37" dir="1" index="0" bw="1" slack="0"/>
</pin_list>
<bind>
<StgValue><ssdm name="is_1"/></StgValue>
</bind>
</comp>

<comp id="38" class="1000" name="cos_coefficients_table">
<pin_list>
<pin id="39" dir="1" index="0" bw="1" slack="0"/>
</pin_list>
<bind>
<StgValue><ssdm name="cos_coefficients_table"/><MemPortTyVec>1 1 1 1 1 1 1 1 </MemPortTyVec>
</StgValue>
</bind>
</comp>

<comp id="40" class="1000" name="sin_coefficients_table">
<pin_list>
<pin id="41" dir="1" index="0" bw="1" slack="0"/>
</pin_list>
<bind>
<StgValue><ssdm name="sin_coefficients_table"/><MemPortTyVec>1 1 1 1 1 1 1 1 </MemPortTyVec>
</StgValue>
</bind>
</comp>

<comp id="42" class="1001" name="const_42">
<pin_list>
<pin id="43" dir="1" index="0" bw="1" slack="0"/>
</pin_list>
<bind>
<StgValue><ssdm name=""/></StgValue>
</bind>
</comp>

<comp id="44" class="1001" name="const_44">
<pin_list>
<pin id="45" dir="1" index="0" bw="1" slack="2147483647"/>
</pin_list>
<bind>
<StgValue><ssdm name="_ssdm_op_SpecInterface"/></StgValue>
</bind>
</comp>

<comp id="46" class="1001" name="const_46">
<pin_list>
<pin id="47" dir="1" index="0" bw="1" slack="2147483647"/>
</pin_list>
<bind>
<StgValue><ssdm name="empty"/></StgValue>
</bind>
</comp>

<comp id="48" class="1001" name="const_48">
<pin_list>
<pin id="49" dir="1" index="0" bw="1" slack="2147483647"/>
</pin_list>
<bind>
<StgValue><ssdm name=""/></StgValue>
</bind>
</comp>

<comp id="50" class="1001" name="const_50">
<pin_list>
<pin id="51" dir="1" index="0" bw="1" slack="2147483647"/>
</pin_list>
<bind>
<StgValue><ssdm name="empty_0"/></StgValue>
</bind>
</comp>

<comp id="52" class="1001" name="const_52">
<pin_list>
<pin id="53" dir="1" index="0" bw="1" slack="2147483647"/>
</pin_list>
<bind>
<StgValue><ssdm name=""/></StgValue>
</bind>
</comp>

<comp id="54" class="1001" name="const_54">
<pin_list>
<pin id="55" dir="1" index="0" bw="1" slack="0"/>
</pin_list>
<bind>
<StgValue><ssdm name="_ssdm_op_Read.ap_auto.float"/></StgValue>
</bind>
</comp>

<comp id="56" class="1001" name="const_56">
<pin_list>
<pin id="57" dir="1" index="0" bw="1" slack="0"/>
</pin_list>
<bind>
<StgValue><ssdm name="_ssdm_op_Read.ap_auto.i10"/></StgValue>
</bind>
</comp>

<comp id="58" class="1001" name="const_58">
<pin_list>
<pin id="59" dir="1" index="0" bw="1" slack="0"/>
</pin_list>
<bind>
<StgValue><ssdm name=""/></StgValue>
</bind>
</comp>

<comp id="60" class="1001" name="const_60">
<pin_list>
<pin id="61" dir="1" index="0" bw="1" slack="0"/>
</pin_list>
<bind>
<StgValue><ssdm name="_ssdm_op_BitSelect.i1.i11.i32"/></StgValue>
</bind>
</comp>

<comp id="62" class="1001" name="const_62">
<pin_list>
<pin id="63" dir="1" index="0" bw="1" slack="0"/>
</pin_list>
<bind>
<StgValue><ssdm name=""/></StgValue>
</bind>
</comp>

<comp id="64" class="1001" name="const_64">
<pin_list>
<pin id="65" dir="1" index="0" bw="1" slack="0"/>
</pin_list>
<bind>
<StgValue><ssdm name="_ssdm_op_PartSelect.i7.i11.i32.i32"/></StgValue>
</bind>
</comp>

<comp id="66" class="1001" name="const_66">
<pin_list>
<pin id="67" dir="1" index="0" bw="1" slack="0"/>
</pin_list>
<bind>
<StgValue><ssdm name=""/></StgValue>
</bind>
</comp>

<comp id="68" class="1001" name="const_68">
<pin_list>
<pin id="69" dir="1" index="0" bw="1" slack="0"/>
</pin_list>
<bind>
<StgValue><ssdm name=""/></StgValue>
</bind>
</comp>

<comp id="70" class="1001" name="const_70">
<pin_list>
<pin id="71" dir="1" index="0" bw="1" slack="0"/>
</pin_list>
<bind>
<StgValue><ssdm name="_ssdm_op_PartSelect.i9.i11.i32.i32"/></StgValue>
</bind>
</comp>

<comp id="72" class="1001" name="const_72">
<pin_list>
<pin id="73" dir="1" index="0" bw="1" slack="0"/>
</pin_list>
<bind>
<StgValue><ssdm name="_ssdm_op_BitConcatenate.i10.i9.i1"/></StgValue>
</bind>
</comp>

<comp id="74" class="1001" name="const_74">
<pin_list>
<pin id="75" dir="1" index="0" bw="1" slack="0"/>
</pin_list>
<bind>
<StgValue><ssdm name=""/></StgValue>
</bind>
</comp>

<comp id="76" class="1001" name="const_76">
<pin_list>
<pin id="77" dir="1" index="0" bw="1" slack="0"/>
</pin_list>
<bind>
<StgValue><ssdm name="_ssdm_op_PartSelect.i8.i11.i32.i32"/></StgValue>
</bind>
</comp>

<comp id="78" class="1001" name="const_78">
<pin_list>
<pin id="79" dir="1" index="0" bw="1" slack="0"/>
</pin_list>
<bind>
<StgValue><ssdm name=""/></StgValue>
</bind>
</comp>

<comp id="80" class="1001" name="const_80">
<pin_list>
<pin id="81" dir="1" index="0" bw="1" slack="0"/>
</pin_list>
<bind>
<StgValue><ssdm name="_ssdm_op_BitConcatenate.i10.i8.i2"/></StgValue>
</bind>
</comp>

<comp id="82" class="1001" name="const_82">
<pin_list>
<pin id="83" dir="1" index="0" bw="1" slack="0"/>
</pin_list>
<bind>
<StgValue><ssdm name=""/></StgValue>
</bind>
</comp>

<comp id="84" class="1001" name="const_84">
<pin_list>
<pin id="85" dir="1" index="0" bw="1" slack="0"/>
</pin_list>
<bind>
<StgValue><ssdm name=""/></StgValue>
</bind>
</comp>

<comp id="86" class="1001" name="const_86">
<pin_list>
<pin id="87" dir="1" index="0" bw="1" slack="0"/>
</pin_list>
<bind>
<StgValue><ssdm name="_ssdm_op_BitConcatenate.i10.i7.i3"/></StgValue>
</bind>
</comp>

<comp id="88" class="1001" name="const_88">
<pin_list>
<pin id="89" dir="1" index="0" bw="1" slack="0"/>
</pin_list>
<bind>
<StgValue><ssdm name=""/></StgValue>
</bind>
</comp>

<comp id="90" class="1001" name="const_90">
<pin_list>
<pin id="91" dir="1" index="0" bw="1" slack="0"/>
</pin_list>
<bind>
<StgValue><ssdm name="_ssdm_op_BitConcatenate.i10.i7.i1.i1.i1"/></StgValue>
</bind>
</comp>

<comp id="92" class="1001" name="const_92">
<pin_list>
<pin id="93" dir="1" index="0" bw="1" slack="0"/>
</pin_list>
<bind>
<StgValue><ssdm name=""/></StgValue>
</bind>
</comp>

<comp id="94" class="1001" name="const_94">
<pin_list>
<pin id="95" dir="1" index="0" bw="1" slack="0"/>
</pin_list>
<bind>
<StgValue><ssdm name=""/></StgValue>
</bind>
</comp>

<comp id="96" class="1001" name="const_96">
<pin_list>
<pin id="97" dir="1" index="0" bw="1" slack="0"/>
</pin_list>
<bind>
<StgValue><ssdm name=""/></StgValue>
</bind>
</comp>

<comp id="98" class="1001" name="const_98">
<pin_list>
<pin id="99" dir="1" index="0" bw="1" slack="0"/>
</pin_list>
<bind>
<StgValue><ssdm name=""/></StgValue>
</bind>
</comp>

<comp id="100" class="1001" name="const_100">
<pin_list>
<pin id="101" dir="1" index="0" bw="1" slack="2147483647"/>
</pin_list>
<bind>
<StgValue><ssdm name="_ssdm_op_SpecPipeline"/></StgValue>
</bind>
</comp>

<comp id="102" class="1001" name="const_102">
<pin_list>
<pin id="103" dir="1" index="0" bw="1" slack="2147483647"/>
</pin_list>
<bind>
<StgValue><ssdm name="_ssdm_op_SpecLoopTripCount"/></StgValue>
</bind>
</comp>

<comp id="104" class="1001" name="const_104">
<pin_list>
<pin id="105" dir="1" index="0" bw="1" slack="2147483647"/>
</pin_list>
<bind>
<StgValue><ssdm name=""/></StgValue>
</bind>
</comp>

<comp id="106" class="1001" name="const_106">
<pin_list>
<pin id="107" dir="1" index="0" bw="1" slack="2147483647"/>
</pin_list>
<bind>
<StgValue><ssdm name="_ssdm_op_SpecLoopName"/></StgValue>
</bind>
</comp>

<comp id="108" class="1001" name="const_108">
<pin_list>
<pin id="109" dir="1" index="0" bw="1" slack="2147483647"/>
</pin_list>
<bind>
<StgValue><ssdm name="empty_2"/></StgValue>
</bind>
</comp>

<comp id="110" class="1004" name="i_fu_110">
<pin_list>
<pin id="111" dir="0" index="0" bw="1" slack="0"/>
<pin id="112" dir="1" index="1" bw="11" slack="0"/>
</pin_list>
<bind>
<opcode="alloca(26) " fcode="alloca"/>
<opset="i/1 "/>
</bind>
</comp>

<comp id="114" class="1004" name="is_1_read_read_fu_114">
<pin_list>
<pin id="115" dir="0" index="0" bw="32" slack="0"/>
<pin id="116" dir="0" index="1" bw="32" slack="0"/>
<pin id="117" dir="1" index="2" bw="32" slack="3"/>
</pin_list>
<bind>
<opcode="read(1150) " fcode="read"/>
<opset="is_1_read/1 "/>
</bind>
</comp>

<comp id="120" class="1004" name="rs_1_read_read_fu_120">
<pin_list>
<pin id="121" dir="0" index="0" bw="32" slack="0"/>
<pin id="122" dir="0" index="1" bw="32" slack="0"/>
<pin id="123" dir="1" index="2" bw="32" slack="3"/>
</pin_list>
<bind>
<opcode="read(1150) " fcode="read"/>
<opset="rs_1_read/1 "/>
</bind>
</comp>

<comp id="126" class="1004" name="or_ln29_7_read_read_fu_126">
<pin_list>
<pin id="127" dir="0" index="0" bw="10" slack="0"/>
<pin id="128" dir="0" index="1" bw="10" slack="0"/>
<pin id="129" dir="1" index="2" bw="10" slack="0"/>
</pin_list>
<bind>
<opcode="read(1150) " fcode="read"/>
<opset="or_ln29_7_read/1 "/>
</bind>
</comp>

<comp id="132" class="1004" name="cos_coefficients_table_addr_gep_fu_132">
<pin_list>
<pin id="133" dir="0" index="0" bw="32" slack="0"/>
<pin id="134" dir="0" index="1" bw="1" slack="0"/>
<pin id="135" dir="0" index="2" bw="10" slack="0"/>
<pin id="136" dir="1" index="3" bw="10" slack="0"/>
</pin_list>
<bind>
<opcode="getelementptr(29) " fcode="getelementptr"/>
<opset="cos_coefficients_table_addr/2 "/>
</bind>
</comp>

<comp id="139" class="1004" name="grp_access_fu_139">
<pin_list>
<pin id="140" dir="0" index="0" bw="10" slack="0"/>
<pin id="141" dir="0" index="1" bw="32" slack="2147483647"/>
<pin id="142" dir="0" index="2" bw="0" slack="0"/>
<pin id="144" dir="0" index="4" bw="10" slack="2147483647"/>
<pin id="145" dir="0" index="5" bw="32" slack="0"/>
<pin id="146" dir="0" index="6" bw="0" slack="2147483647"/>
<pin id="148" dir="0" index="8" bw="10" slack="0"/>
<pin id="149" dir="0" index="9" bw="32" slack="2147483647"/>
<pin id="150" dir="0" index="10" bw="0" slack="0"/>
<pin id="152" dir="0" index="12" bw="10" slack="2147483647"/>
<pin id="153" dir="0" index="13" bw="32" slack="0"/>
<pin id="154" dir="0" index="14" bw="0" slack="2147483647"/>
<pin id="156" dir="0" index="16" bw="10" slack="0"/>
<pin id="157" dir="0" index="17" bw="32" slack="2147483647"/>
<pin id="158" dir="0" index="18" bw="0" slack="0"/>
<pin id="160" dir="0" index="20" bw="10" slack="2147483647"/>
<pin id="161" dir="0" index="21" bw="32" slack="2147483647"/>
<pin id="162" dir="0" index="22" bw="0" slack="2147483647"/>
<pin id="164" dir="0" index="24" bw="10" slack="2147483647"/>
<pin id="165" dir="0" index="25" bw="32" slack="2147483647"/>
<pin id="166" dir="0" index="26" bw="0" slack="2147483647"/>
<pin id="168" dir="0" index="28" bw="10" slack="2147483647"/>
<pin id="169" dir="0" index="29" bw="32" slack="2147483647"/>
<pin id="170" dir="0" index="30" bw="0" slack="2147483647"/>
<pin id="143" dir="1" index="3" bw="32" slack="1"/>
<pin id="147" dir="1" index="7" bw="32" slack="1"/>
<pin id="151" dir="1" index="11" bw="32" slack="1"/>
<pin id="155" dir="1" index="15" bw="32" slack="1"/>
<pin id="159" dir="1" index="19" bw="32" slack="1"/>
<pin id="163" dir="1" index="23" bw="32" slack="1"/>
<pin id="167" dir="1" index="27" bw="32" slack="1"/>
<pin id="171" dir="1" index="31" bw="32" slack="1"/>
</pin_list>
<bind>
<opcode="load(27) " fcode="load"/>
<opset="c/2 c_1/2 c_2/2 c_3/2 c_4/2 c_5/2 c_6/2 c_7/2 "/>
</bind>
</comp>

<comp id="173" class="1004" name="sin_coefficients_table_addr_gep_fu_173">
<pin_list>
<pin id="174" dir="0" index="0" bw="32" slack="0"/>
<pin id="175" dir="0" index="1" bw="1" slack="0"/>
<pin id="176" dir="0" index="2" bw="10" slack="0"/>
<pin id="177" dir="1" index="3" bw="10" slack="0"/>
</pin_list>
<bind>
<opcode="getelementptr(29) " fcode="getelementptr"/>
<opset="sin_coefficients_table_addr/2 "/>
</bind>
</comp>

<comp id="180" class="1004" name="grp_access_fu_180">
<pin_list>
<pin id="181" dir="0" index="0" bw="10" slack="0"/>
<pin id="182" dir="0" index="1" bw="32" slack="2147483647"/>
<pin id="183" dir="0" index="2" bw="0" slack="0"/>
<pin id="185" dir="0" index="4" bw="10" slack="2147483647"/>
<pin id="186" dir="0" index="5" bw="32" slack="0"/>
<pin id="187" dir="0" index="6" bw="0" slack="2147483647"/>
<pin id="189" dir="0" index="8" bw="10" slack="0"/>
<pin id="190" dir="0" index="9" bw="32" slack="2147483647"/>
<pin id="191" dir="0" index="10" bw="0" slack="0"/>
<pin id="193" dir="0" index="12" bw="10" slack="2147483647"/>
<pin id="194" dir="0" index="13" bw="32" slack="0"/>
<pin id="195" dir="0" index="14" bw="0" slack="2147483647"/>
<pin id="197" dir="0" index="16" bw="10" slack="0"/>
<pin id="198" dir="0" index="17" bw="32" slack="2147483647"/>
<pin id="199" dir="0" index="18" bw="0" slack="0"/>
<pin id="201" dir="0" index="20" bw="10" slack="2147483647"/>
<pin id="202" dir="0" index="21" bw="32" slack="2147483647"/>
<pin id="203" dir="0" index="22" bw="0" slack="2147483647"/>
<pin id="205" dir="0" index="24" bw="10" slack="2147483647"/>
<pin id="206" dir="0" index="25" bw="32" slack="2147483647"/>
<pin id="207" dir="0" index="26" bw="0" slack="2147483647"/>
<pin id="209" dir="0" index="28" bw="10" slack="2147483647"/>
<pin id="210" dir="0" index="29" bw="32" slack="2147483647"/>
<pin id="211" dir="0" index="30" bw="0" slack="2147483647"/>
<pin id="184" dir="1" index="3" bw="32" slack="1"/>
<pin id="188" dir="1" index="7" bw="32" slack="1"/>
<pin id="192" dir="1" index="11" bw="32" slack="1"/>
<pin id="196" dir="1" index="15" bw="32" slack="1"/>
<pin id="200" dir="1" index="19" bw="32" slack="1"/>
<pin id="204" dir="1" index="23" bw="32" slack="1"/>
<pin id="208" dir="1" index="27" bw="32" slack="1"/>
<pin id="212" dir="1" index="31" bw="32" slack="1"/>
</pin_list>
<bind>
<opcode="load(27) " fcode="load"/>
<opset="s/2 s_1/2 s_2/2 s_3/2 s_4/2 s_5/2 s_6/2 s_7/2 "/>
</bind>
</comp>

<comp id="214" class="1004" name="cos_coefficients_table_addr_1_gep_fu_214">
<pin_list>
<pin id="215" dir="0" index="0" bw="32" slack="0"/>
<pin id="216" dir="0" index="1" bw="1" slack="0"/>
<pin id="217" dir="0" index="2" bw="10" slack="0"/>
<pin id="218" dir="1" index="3" bw="10" slack="0"/>
</pin_list>
<bind>
<opcode="getelementptr(29) " fcode="getelementptr"/>
<opset="cos_coefficients_table_addr_1/2 "/>
</bind>
</comp>

<comp id="222" class="1004" name="sin_coefficients_table_addr_1_gep_fu_222">
<pin_list>
<pin id="223" dir="0" index="0" bw="32" slack="0"/>
<pin id="224" dir="0" index="1" bw="1" slack="0"/>
<pin id="225" dir="0" index="2" bw="10" slack="0"/>
<pin id="226" dir="1" index="3" bw="10" slack="0"/>
</pin_list>
<bind>
<opcode="getelementptr(29) " fcode="getelementptr"/>
<opset="sin_coefficients_table_addr_1/2 "/>
</bind>
</comp>

<comp id="230" class="1004" name="cos_coefficients_table_addr_2_gep_fu_230">
<pin_list>
<pin id="231" dir="0" index="0" bw="32" slack="0"/>
<pin id="232" dir="0" index="1" bw="1" slack="0"/>
<pin id="233" dir="0" index="2" bw="10" slack="0"/>
<pin id="234" dir="1" index="3" bw="10" slack="0"/>
</pin_list>
<bind>
<opcode="getelementptr(29) " fcode="getelementptr"/>
<opset="cos_coefficients_table_addr_2/2 "/>
</bind>
</comp>

<comp id="238" class="1004" name="sin_coefficients_table_addr_2_gep_fu_238">
<pin_list>
<pin id="239" dir="0" index="0" bw="32" slack="0"/>
<pin id="240" dir="0" index="1" bw="1" slack="0"/>
<pin id="241" dir="0" index="2" bw="10" slack="0"/>
<pin id="242" dir="1" index="3" bw="10" slack="0"/>
</pin_list>
<bind>
<opcode="getelementptr(29) " fcode="getelementptr"/>
<opset="sin_coefficients_table_addr_2/2 "/>
</bind>
</comp>

<comp id="246" class="1004" name="cos_coefficients_table_addr_3_gep_fu_246">
<pin_list>
<pin id="247" dir="0" index="0" bw="32" slack="0"/>
<pin id="248" dir="0" index="1" bw="1" slack="0"/>
<pin id="249" dir="0" index="2" bw="10" slack="0"/>
<pin id="250" dir="1" index="3" bw="10" slack="0"/>
</pin_list>
<bind>
<opcode="getelementptr(29) " fcode="getelementptr"/>
<opset="cos_coefficients_table_addr_3/2 "/>
</bind>
</comp>

<comp id="254" class="1004" name="sin_coefficients_table_addr_3_gep_fu_254">
<pin_list>
<pin id="255" dir="0" index="0" bw="32" slack="0"/>
<pin id="256" dir="0" index="1" bw="1" slack="0"/>
<pin id="257" dir="0" index="2" bw="10" slack="0"/>
<pin id="258" dir="1" index="3" bw="10" slack="0"/>
</pin_list>
<bind>
<opcode="getelementptr(29) " fcode="getelementptr"/>
<opset="sin_coefficients_table_addr_3/2 "/>
</bind>
</comp>

<comp id="262" class="1004" name="cos_coefficients_table_addr_4_gep_fu_262">
<pin_list>
<pin id="263" dir="0" index="0" bw="32" slack="0"/>
<pin id="264" dir="0" index="1" bw="1" slack="0"/>
<pin id="265" dir="0" index="2" bw="10" slack="0"/>
<pin id="266" dir="1" index="3" bw="10" slack="0"/>
</pin_list>
<bind>
<opcode="getelementptr(29) " fcode="getelementptr"/>
<opset="cos_coefficients_table_addr_4/2 "/>
</bind>
</comp>

<comp id="270" class="1004" name="sin_coefficients_table_addr_4_gep_fu_270">
<pin_list>
<pin id="271" dir="0" index="0" bw="32" slack="0"/>
<pin id="272" dir="0" index="1" bw="1" slack="0"/>
<pin id="273" dir="0" index="2" bw="10" slack="0"/>
<pin id="274" dir="1" index="3" bw="10" slack="0"/>
</pin_list>
<bind>
<opcode="getelementptr(29) " fcode="getelementptr"/>
<opset="sin_coefficients_table_addr_4/2 "/>
</bind>
</comp>

<comp id="278" class="1004" name="cos_coefficients_table_addr_5_gep_fu_278">
<pin_list>
<pin id="279" dir="0" index="0" bw="32" slack="0"/>
<pin id="280" dir="0" index="1" bw="1" slack="0"/>
<pin id="281" dir="0" index="2" bw="10" slack="0"/>
<pin id="282" dir="1" index="3" bw="10" slack="0"/>
</pin_list>
<bind>
<opcode="getelementptr(29) " fcode="getelementptr"/>
<opset="cos_coefficients_table_addr_5/2 "/>
</bind>
</comp>

<comp id="286" class="1004" name="sin_coefficients_table_addr_5_gep_fu_286">
<pin_list>
<pin id="287" dir="0" index="0" bw="32" slack="0"/>
<pin id="288" dir="0" index="1" bw="1" slack="0"/>
<pin id="289" dir="0" index="2" bw="10" slack="0"/>
<pin id="290" dir="1" index="3" bw="10" slack="0"/>
</pin_list>
<bind>
<opcode="getelementptr(29) " fcode="getelementptr"/>
<opset="sin_coefficients_table_addr_5/2 "/>
</bind>
</comp>

<comp id="294" class="1004" name="cos_coefficients_table_addr_6_gep_fu_294">
<pin_list>
<pin id="295" dir="0" index="0" bw="32" slack="0"/>
<pin id="296" dir="0" index="1" bw="1" slack="0"/>
<pin id="297" dir="0" index="2" bw="10" slack="0"/>
<pin id="298" dir="1" index="3" bw="10" slack="0"/>
</pin_list>
<bind>
<opcode="getelementptr(29) " fcode="getelementptr"/>
<opset="cos_coefficients_table_addr_6/2 "/>
</bind>
</comp>

<comp id="302" class="1004" name="sin_coefficients_table_addr_6_gep_fu_302">
<pin_list>
<pin id="303" dir="0" index="0" bw="32" slack="0"/>
<pin id="304" dir="0" index="1" bw="1" slack="0"/>
<pin id="305" dir="0" index="2" bw="10" slack="0"/>
<pin id="306" dir="1" index="3" bw="10" slack="0"/>
</pin_list>
<bind>
<opcode="getelementptr(29) " fcode="getelementptr"/>
<opset="sin_coefficients_table_addr_6/2 "/>
</bind>
</comp>

<comp id="310" class="1004" name="cos_coefficients_table_addr_7_gep_fu_310">
<pin_list>
<pin id="311" dir="0" index="0" bw="32" slack="0"/>
<pin id="312" dir="0" index="1" bw="1" slack="0"/>
<pin id="313" dir="0" index="2" bw="10" slack="0"/>
<pin id="314" dir="1" index="3" bw="10" slack="0"/>
</pin_list>
<bind>
<opcode="getelementptr(29) " fcode="getelementptr"/>
<opset="cos_coefficients_table_addr_7/2 "/>
</bind>
</comp>

<comp id="318" class="1004" name="sin_coefficients_table_addr_7_gep_fu_318">
<pin_list>
<pin id="319" dir="0" index="0" bw="32" slack="0"/>
<pin id="320" dir="0" index="1" bw="1" slack="0"/>
<pin id="321" dir="0" index="2" bw="10" slack="0"/>
<pin id="322" dir="1" index="3" bw="10" slack="0"/>
</pin_list>
<bind>
<opcode="getelementptr(29) " fcode="getelementptr"/>
<opset="sin_coefficients_table_addr_7/2 "/>
</bind>
</comp>

<comp id="326" class="1004" name="real_op_0_addr_gep_fu_326">
<pin_list>
<pin id="327" dir="0" index="0" bw="32" slack="0"/>
<pin id="328" dir="0" index="1" bw="1" slack="0"/>
<pin id="329" dir="0" index="2" bw="7" slack="0"/>
<pin id="330" dir="1" index="3" bw="7" slack="0"/>
</pin_list>
<bind>
<opcode="getelementptr(29) " fcode="getelementptr"/>
<opset="real_op_0_addr/11 "/>
</bind>
</comp>

<comp id="333" class="1004" name="grp_access_fu_333">
<pin_list>
<pin id="334" dir="0" index="0" bw="7" slack="7"/>
<pin id="335" dir="0" index="1" bw="32" slack="0"/>
<pin id="336" dir="0" index="2" bw="0" slack="0"/>
<pin id="338" dir="0" index="4" bw="7" slack="2147483647"/>
<pin id="339" dir="0" index="5" bw="32" slack="2147483647"/>
<pin id="340" dir="0" index="6" bw="0" slack="2147483647"/>
<pin id="337" dir="1" index="3" bw="32" slack="2147483647"/>
<pin id="341" dir="1" index="7" bw="32" slack="1"/>
</pin_list>
<bind>
<opcode="load(27) store(28) " fcode="store"/>
<opset="real_op_0_load/11 store_ln45/18 "/>
</bind>
</comp>

<comp id="343" class="1004" name="imag_op_0_addr_gep_fu_343">
<pin_list>
<pin id="344" dir="0" index="0" bw="32" slack="0"/>
<pin id="345" dir="0" index="1" bw="1" slack="0"/>
<pin id="346" dir="0" index="2" bw="7" slack="0"/>
<pin id="347" dir="1" index="3" bw="7" slack="0"/>
</pin_list>
<bind>
<opcode="getelementptr(29) " fcode="getelementptr"/>
<opset="imag_op_0_addr/11 "/>
</bind>
</comp>

<comp id="350" class="1004" name="grp_access_fu_350">
<pin_list>
<pin id="351" dir="0" index="0" bw="7" slack="7"/>
<pin id="352" dir="0" index="1" bw="32" slack="0"/>
<pin id="353" dir="0" index="2" bw="0" slack="0"/>
<pin id="355" dir="0" index="4" bw="7" slack="2147483647"/>
<pin id="356" dir="0" index="5" bw="32" slack="2147483647"/>
<pin id="357" dir="0" index="6" bw="0" slack="2147483647"/>
<pin id="354" dir="1" index="3" bw="32" slack="2147483647"/>
<pin id="358" dir="1" index="7" bw="32" slack="1"/>
</pin_list>
<bind>
<opcode="load(27) store(28) " fcode="store"/>
<opset="imag_op_0_load/11 store_ln46/18 "/>
</bind>
</comp>

<comp id="360" class="1004" name="real_op_1_addr_gep_fu_360">
<pin_list>
<pin id="361" dir="0" index="0" bw="32" slack="0"/>
<pin id="362" dir="0" index="1" bw="1" slack="0"/>
<pin id="363" dir="0" index="2" bw="7" slack="0"/>
<pin id="364" dir="1" index="3" bw="7" slack="0"/>
</pin_list>
<bind>
<opcode="getelementptr(29) " fcode="getelementptr"/>
<opset="real_op_1_addr/11 "/>
</bind>
</comp>

<comp id="367" class="1004" name="grp_access_fu_367">
<pin_list>
<pin id="368" dir="0" index="0" bw="7" slack="7"/>
<pin id="369" dir="0" index="1" bw="32" slack="0"/>
<pin id="370" dir="0" index="2" bw="0" slack="0"/>
<pin id="372" dir="0" index="4" bw="7" slack="2147483647"/>
<pin id="373" dir="0" index="5" bw="32" slack="2147483647"/>
<pin id="374" dir="0" index="6" bw="0" slack="2147483647"/>
<pin id="371" dir="1" index="3" bw="32" slack="2147483647"/>
<pin id="375" dir="1" index="7" bw="32" slack="1"/>
</pin_list>
<bind>
<opcode="load(27) store(28) " fcode="store"/>
<opset="real_op_1_load/11 store_ln45/18 "/>
</bind>
</comp>

<comp id="377" class="1004" name="imag_op_1_addr_gep_fu_377">
<pin_list>
<pin id="378" dir="0" index="0" bw="32" slack="0"/>
<pin id="379" dir="0" index="1" bw="1" slack="0"/>
<pin id="380" dir="0" index="2" bw="7" slack="0"/>
<pin id="381" dir="1" index="3" bw="7" slack="0"/>
</pin_list>
<bind>
<opcode="getelementptr(29) " fcode="getelementptr"/>
<opset="imag_op_1_addr/11 "/>
</bind>
</comp>

<comp id="384" class="1004" name="grp_access_fu_384">
<pin_list>
<pin id="385" dir="0" index="0" bw="7" slack="7"/>
<pin id="386" dir="0" index="1" bw="32" slack="0"/>
<pin id="387" dir="0" index="2" bw="0" slack="0"/>
<pin id="389" dir="0" index="4" bw="7" slack="2147483647"/>
<pin id="390" dir="0" index="5" bw="32" slack="2147483647"/>
<pin id="391" dir="0" index="6" bw="0" slack="2147483647"/>
<pin id="388" dir="1" index="3" bw="32" slack="2147483647"/>
<pin id="392" dir="1" index="7" bw="32" slack="1"/>
</pin_list>
<bind>
<opcode="load(27) store(28) " fcode="store"/>
<opset="imag_op_1_load/11 store_ln46/18 "/>
</bind>
</comp>

<comp id="394" class="1004" name="real_op_2_addr_gep_fu_394">
<pin_list>
<pin id="395" dir="0" index="0" bw="32" slack="0"/>
<pin id="396" dir="0" index="1" bw="1" slack="0"/>
<pin id="397" dir="0" index="2" bw="7" slack="0"/>
<pin id="398" dir="1" index="3" bw="7" slack="0"/>
</pin_list>
<bind>
<opcode="getelementptr(29) " fcode="getelementptr"/>
<opset="real_op_2_addr/11 "/>
</bind>
</comp>

<comp id="401" class="1004" name="grp_access_fu_401">
<pin_list>
<pin id="402" dir="0" index="0" bw="7" slack="7"/>
<pin id="403" dir="0" index="1" bw="32" slack="0"/>
<pin id="404" dir="0" index="2" bw="0" slack="0"/>
<pin id="406" dir="0" index="4" bw="7" slack="2147483647"/>
<pin id="407" dir="0" index="5" bw="32" slack="2147483647"/>
<pin id="408" dir="0" index="6" bw="0" slack="2147483647"/>
<pin id="405" dir="1" index="3" bw="32" slack="2147483647"/>
<pin id="409" dir="1" index="7" bw="32" slack="1"/>
</pin_list>
<bind>
<opcode="load(27) store(28) " fcode="store"/>
<opset="real_op_2_load/11 store_ln45/18 "/>
</bind>
</comp>

<comp id="411" class="1004" name="imag_op_2_addr_gep_fu_411">
<pin_list>
<pin id="412" dir="0" index="0" bw="32" slack="0"/>
<pin id="413" dir="0" index="1" bw="1" slack="0"/>
<pin id="414" dir="0" index="2" bw="7" slack="0"/>
<pin id="415" dir="1" index="3" bw="7" slack="0"/>
</pin_list>
<bind>
<opcode="getelementptr(29) " fcode="getelementptr"/>
<opset="imag_op_2_addr/11 "/>
</bind>
</comp>

<comp id="418" class="1004" name="grp_access_fu_418">
<pin_list>
<pin id="419" dir="0" index="0" bw="7" slack="7"/>
<pin id="420" dir="0" index="1" bw="32" slack="0"/>
<pin id="421" dir="0" index="2" bw="0" slack="0"/>
<pin id="423" dir="0" index="4" bw="7" slack="2147483647"/>
<pin id="424" dir="0" index="5" bw="32" slack="2147483647"/>
<pin id="425" dir="0" index="6" bw="0" slack="2147483647"/>
<pin id="422" dir="1" index="3" bw="32" slack="2147483647"/>
<pin id="426" dir="1" index="7" bw="32" slack="1"/>
</pin_list>
<bind>
<opcode="load(27) store(28) " fcode="store"/>
<opset="imag_op_2_load/11 store_ln46/18 "/>
</bind>
</comp>

<comp id="428" class="1004" name="real_op_3_addr_gep_fu_428">
<pin_list>
<pin id="429" dir="0" index="0" bw="32" slack="0"/>
<pin id="430" dir="0" index="1" bw="1" slack="0"/>
<pin id="431" dir="0" index="2" bw="7" slack="0"/>
<pin id="432" dir="1" index="3" bw="7" slack="0"/>
</pin_list>
<bind>
<opcode="getelementptr(29) " fcode="getelementptr"/>
<opset="real_op_3_addr/11 "/>
</bind>
</comp>

<comp id="435" class="1004" name="grp_access_fu_435">
<pin_list>
<pin id="436" dir="0" index="0" bw="7" slack="7"/>
<pin id="437" dir="0" index="1" bw="32" slack="0"/>
<pin id="438" dir="0" index="2" bw="0" slack="0"/>
<pin id="440" dir="0" index="4" bw="7" slack="2147483647"/>
<pin id="441" dir="0" index="5" bw="32" slack="2147483647"/>
<pin id="442" dir="0" index="6" bw="0" slack="2147483647"/>
<pin id="439" dir="1" index="3" bw="32" slack="2147483647"/>
<pin id="443" dir="1" index="7" bw="32" slack="1"/>
</pin_list>
<bind>
<opcode="load(27) store(28) " fcode="store"/>
<opset="real_op_3_load/11 store_ln45/18 "/>
</bind>
</comp>

<comp id="445" class="1004" name="imag_op_3_addr_gep_fu_445">
<pin_list>
<pin id="446" dir="0" index="0" bw="32" slack="0"/>
<pin id="447" dir="0" index="1" bw="1" slack="0"/>
<pin id="448" dir="0" index="2" bw="7" slack="0"/>
<pin id="449" dir="1" index="3" bw="7" slack="0"/>
</pin_list>
<bind>
<opcode="getelementptr(29) " fcode="getelementptr"/>
<opset="imag_op_3_addr/11 "/>
</bind>
</comp>

<comp id="452" class="1004" name="grp_access_fu_452">
<pin_list>
<pin id="453" dir="0" index="0" bw="7" slack="7"/>
<pin id="454" dir="0" index="1" bw="32" slack="0"/>
<pin id="455" dir="0" index="2" bw="0" slack="0"/>
<pin id="457" dir="0" index="4" bw="7" slack="2147483647"/>
<pin id="458" dir="0" index="5" bw="32" slack="2147483647"/>
<pin id="459" dir="0" index="6" bw="0" slack="2147483647"/>
<pin id="456" dir="1" index="3" bw="32" slack="2147483647"/>
<pin id="460" dir="1" index="7" bw="32" slack="1"/>
</pin_list>
<bind>
<opcode="load(27) store(28) " fcode="store"/>
<opset="imag_op_3_load/11 store_ln46/18 "/>
</bind>
</comp>

<comp id="462" class="1004" name="real_op_4_addr_gep_fu_462">
<pin_list>
<pin id="463" dir="0" index="0" bw="32" slack="0"/>
<pin id="464" dir="0" index="1" bw="1" slack="0"/>
<pin id="465" dir="0" index="2" bw="7" slack="0"/>
<pin id="466" dir="1" index="3" bw="7" slack="0"/>
</pin_list>
<bind>
<opcode="getelementptr(29) " fcode="getelementptr"/>
<opset="real_op_4_addr/11 "/>
</bind>
</comp>

<comp id="469" class="1004" name="grp_access_fu_469">
<pin_list>
<pin id="470" dir="0" index="0" bw="7" slack="7"/>
<pin id="471" dir="0" index="1" bw="32" slack="0"/>
<pin id="472" dir="0" index="2" bw="0" slack="0"/>
<pin id="474" dir="0" index="4" bw="7" slack="2147483647"/>
<pin id="475" dir="0" index="5" bw="32" slack="2147483647"/>
<pin id="476" dir="0" index="6" bw="0" slack="2147483647"/>
<pin id="473" dir="1" index="3" bw="32" slack="2147483647"/>
<pin id="477" dir="1" index="7" bw="32" slack="1"/>
</pin_list>
<bind>
<opcode="load(27) store(28) " fcode="store"/>
<opset="real_op_4_load/11 store_ln45/18 "/>
</bind>
</comp>

<comp id="479" class="1004" name="imag_op_4_addr_gep_fu_479">
<pin_list>
<pin id="480" dir="0" index="0" bw="32" slack="0"/>
<pin id="481" dir="0" index="1" bw="1" slack="0"/>
<pin id="482" dir="0" index="2" bw="7" slack="0"/>
<pin id="483" dir="1" index="3" bw="7" slack="0"/>
</pin_list>
<bind>
<opcode="getelementptr(29) " fcode="getelementptr"/>
<opset="imag_op_4_addr/11 "/>
</bind>
</comp>

<comp id="486" class="1004" name="grp_access_fu_486">
<pin_list>
<pin id="487" dir="0" index="0" bw="7" slack="7"/>
<pin id="488" dir="0" index="1" bw="32" slack="0"/>
<pin id="489" dir="0" index="2" bw="0" slack="0"/>
<pin id="491" dir="0" index="4" bw="7" slack="2147483647"/>
<pin id="492" dir="0" index="5" bw="32" slack="2147483647"/>
<pin id="493" dir="0" index="6" bw="0" slack="2147483647"/>
<pin id="490" dir="1" index="3" bw="32" slack="2147483647"/>
<pin id="494" dir="1" index="7" bw="32" slack="1"/>
</pin_list>
<bind>
<opcode="load(27) store(28) " fcode="store"/>
<opset="imag_op_4_load/11 store_ln46/18 "/>
</bind>
</comp>

<comp id="496" class="1004" name="real_op_5_addr_gep_fu_496">
<pin_list>
<pin id="497" dir="0" index="0" bw="32" slack="0"/>
<pin id="498" dir="0" index="1" bw="1" slack="0"/>
<pin id="499" dir="0" index="2" bw="7" slack="0"/>
<pin id="500" dir="1" index="3" bw="7" slack="0"/>
</pin_list>
<bind>
<opcode="getelementptr(29) " fcode="getelementptr"/>
<opset="real_op_5_addr/11 "/>
</bind>
</comp>

<comp id="503" class="1004" name="grp_access_fu_503">
<pin_list>
<pin id="504" dir="0" index="0" bw="7" slack="7"/>
<pin id="505" dir="0" index="1" bw="32" slack="0"/>
<pin id="506" dir="0" index="2" bw="0" slack="0"/>
<pin id="508" dir="0" index="4" bw="7" slack="2147483647"/>
<pin id="509" dir="0" index="5" bw="32" slack="2147483647"/>
<pin id="510" dir="0" index="6" bw="0" slack="2147483647"/>
<pin id="507" dir="1" index="3" bw="32" slack="2147483647"/>
<pin id="511" dir="1" index="7" bw="32" slack="1"/>
</pin_list>
<bind>
<opcode="load(27) store(28) " fcode="store"/>
<opset="real_op_5_load/11 store_ln45/18 "/>
</bind>
</comp>

<comp id="513" class="1004" name="imag_op_5_addr_gep_fu_513">
<pin_list>
<pin id="514" dir="0" index="0" bw="32" slack="0"/>
<pin id="515" dir="0" index="1" bw="1" slack="0"/>
<pin id="516" dir="0" index="2" bw="7" slack="0"/>
<pin id="517" dir="1" index="3" bw="7" slack="0"/>
</pin_list>
<bind>
<opcode="getelementptr(29) " fcode="getelementptr"/>
<opset="imag_op_5_addr/11 "/>
</bind>
</comp>

<comp id="520" class="1004" name="grp_access_fu_520">
<pin_list>
<pin id="521" dir="0" index="0" bw="7" slack="7"/>
<pin id="522" dir="0" index="1" bw="32" slack="0"/>
<pin id="523" dir="0" index="2" bw="0" slack="0"/>
<pin id="525" dir="0" index="4" bw="7" slack="2147483647"/>
<pin id="526" dir="0" index="5" bw="32" slack="2147483647"/>
<pin id="527" dir="0" index="6" bw="0" slack="2147483647"/>
<pin id="524" dir="1" index="3" bw="32" slack="2147483647"/>
<pin id="528" dir="1" index="7" bw="32" slack="1"/>
</pin_list>
<bind>
<opcode="load(27) store(28) " fcode="store"/>
<opset="imag_op_5_load/11 store_ln46/18 "/>
</bind>
</comp>

<comp id="530" class="1004" name="real_op_6_addr_gep_fu_530">
<pin_list>
<pin id="531" dir="0" index="0" bw="32" slack="0"/>
<pin id="532" dir="0" index="1" bw="1" slack="0"/>
<pin id="533" dir="0" index="2" bw="7" slack="0"/>
<pin id="534" dir="1" index="3" bw="7" slack="0"/>
</pin_list>
<bind>
<opcode="getelementptr(29) " fcode="getelementptr"/>
<opset="real_op_6_addr/11 "/>
</bind>
</comp>

<comp id="537" class="1004" name="grp_access_fu_537">
<pin_list>
<pin id="538" dir="0" index="0" bw="7" slack="7"/>
<pin id="539" dir="0" index="1" bw="32" slack="0"/>
<pin id="540" dir="0" index="2" bw="0" slack="0"/>
<pin id="542" dir="0" index="4" bw="7" slack="2147483647"/>
<pin id="543" dir="0" index="5" bw="32" slack="2147483647"/>
<pin id="544" dir="0" index="6" bw="0" slack="2147483647"/>
<pin id="541" dir="1" index="3" bw="32" slack="2147483647"/>
<pin id="545" dir="1" index="7" bw="32" slack="1"/>
</pin_list>
<bind>
<opcode="load(27) store(28) " fcode="store"/>
<opset="real_op_6_load/11 store_ln45/18 "/>
</bind>
</comp>

<comp id="547" class="1004" name="imag_op_6_addr_gep_fu_547">
<pin_list>
<pin id="548" dir="0" index="0" bw="32" slack="0"/>
<pin id="549" dir="0" index="1" bw="1" slack="0"/>
<pin id="550" dir="0" index="2" bw="7" slack="0"/>
<pin id="551" dir="1" index="3" bw="7" slack="0"/>
</pin_list>
<bind>
<opcode="getelementptr(29) " fcode="getelementptr"/>
<opset="imag_op_6_addr/11 "/>
</bind>
</comp>

<comp id="554" class="1004" name="grp_access_fu_554">
<pin_list>
<pin id="555" dir="0" index="0" bw="7" slack="7"/>
<pin id="556" dir="0" index="1" bw="32" slack="0"/>
<pin id="557" dir="0" index="2" bw="0" slack="0"/>
<pin id="559" dir="0" index="4" bw="7" slack="2147483647"/>
<pin id="560" dir="0" index="5" bw="32" slack="2147483647"/>
<pin id="561" dir="0" index="6" bw="0" slack="2147483647"/>
<pin id="558" dir="1" index="3" bw="32" slack="2147483647"/>
<pin id="562" dir="1" index="7" bw="32" slack="1"/>
</pin_list>
<bind>
<opcode="load(27) store(28) " fcode="store"/>
<opset="imag_op_6_load/11 store_ln46/18 "/>
</bind>
</comp>

<comp id="564" class="1004" name="real_op_7_addr_gep_fu_564">
<pin_list>
<pin id="565" dir="0" index="0" bw="32" slack="0"/>
<pin id="566" dir="0" index="1" bw="1" slack="0"/>
<pin id="567" dir="0" index="2" bw="7" slack="0"/>
<pin id="568" dir="1" index="3" bw="7" slack="0"/>
</pin_list>
<bind>
<opcode="getelementptr(29) " fcode="getelementptr"/>
<opset="real_op_7_addr/11 "/>
</bind>
</comp>

<comp id="571" class="1004" name="grp_access_fu_571">
<pin_list>
<pin id="572" dir="0" index="0" bw="7" slack="7"/>
<pin id="573" dir="0" index="1" bw="32" slack="0"/>
<pin id="574" dir="0" index="2" bw="0" slack="0"/>
<pin id="576" dir="0" index="4" bw="7" slack="2147483647"/>
<pin id="577" dir="0" index="5" bw="32" slack="2147483647"/>
<pin id="578" dir="0" index="6" bw="0" slack="2147483647"/>
<pin id="575" dir="1" index="3" bw="32" slack="2147483647"/>
<pin id="579" dir="1" index="7" bw="32" slack="1"/>
</pin_list>
<bind>
<opcode="load(27) store(28) " fcode="store"/>
<opset="real_op_7_load/11 store_ln45/18 "/>
</bind>
</comp>

<comp id="581" class="1004" name="imag_op_7_addr_gep_fu_581">
<pin_list>
<pin id="582" dir="0" index="0" bw="32" slack="0"/>
<pin id="583" dir="0" index="1" bw="1" slack="0"/>
<pin id="584" dir="0" index="2" bw="7" slack="0"/>
<pin id="585" dir="1" index="3" bw="7" slack="0"/>
</pin_list>
<bind>
<opcode="getelementptr(29) " fcode="getelementptr"/>
<opset="imag_op_7_addr/11 "/>
</bind>
</comp>

<comp id="588" class="1004" name="grp_access_fu_588">
<pin_list>
<pin id="589" dir="0" index="0" bw="7" slack="7"/>
<pin id="590" dir="0" index="1" bw="32" slack="0"/>
<pin id="591" dir="0" index="2" bw="0" slack="0"/>
<pin id="593" dir="0" index="4" bw="7" slack="2147483647"/>
<pin id="594" dir="0" index="5" bw="32" slack="2147483647"/>
<pin id="595" dir="0" index="6" bw="0" slack="2147483647"/>
<pin id="592" dir="1" index="3" bw="32" slack="2147483647"/>
<pin id="596" dir="1" index="7" bw="32" slack="1"/>
</pin_list>
<bind>
<opcode="load(27) store(28) " fcode="store"/>
<opset="imag_op_7_load/11 store_ln46/18 "/>
</bind>
</comp>

<comp id="598" class="1004" name="grp_fu_598">
<pin_list>
<pin id="599" dir="0" index="0" bw="32" slack="1"/>
<pin id="600" dir="0" index="1" bw="32" slack="1"/>
<pin id="601" dir="1" index="2" bw="32" slack="1"/>
</pin_list>
<bind>
<opcode="fsub(11) " fcode="fadd"/>
<opset="real_result/8 "/>
</bind>
</comp>

<comp id="602" class="1004" name="grp_fu_602">
<pin_list>
<pin id="603" dir="0" index="0" bw="32" slack="1"/>
<pin id="604" dir="0" index="1" bw="32" slack="1"/>
<pin id="605" dir="1" index="2" bw="32" slack="1"/>
</pin_list>
<bind>
<opcode="fadd(9) " fcode="fadd"/>
<opset="imag_result/8 "/>
</bind>
</comp>

<comp id="606" class="1004" name="grp_fu_606">
<pin_list>
<pin id="607" dir="0" index="0" bw="32" slack="1"/>
<pin id="608" dir="0" index="1" bw="32" slack="1"/>
<pin id="609" dir="1" index="2" bw="32" slack="1"/>
</pin_list>
<bind>
<opcode="fsub(11) " fcode="fadd"/>
<opset="real_result_1/8 "/>
</bind>
</comp>

<comp id="610" class="1004" name="grp_fu_610">
<pin_list>
<pin id="611" dir="0" index="0" bw="32" slack="1"/>
<pin id="612" dir="0" index="1" bw="32" slack="1"/>
<pin id="613" dir="1" index="2" bw="32" slack="1"/>
</pin_list>
<bind>
<opcode="fadd(9) " fcode="fadd"/>
<opset="imag_result_1/8 "/>
</bind>
</comp>

<comp id="614" class="1004" name="grp_fu_614">
<pin_list>
<pin id="615" dir="0" index="0" bw="32" slack="1"/>
<pin id="616" dir="0" index="1" bw="32" slack="1"/>
<pin id="617" dir="1" index="2" bw="32" slack="1"/>
</pin_list>
<bind>
<opcode="fsub(11) " fcode="fadd"/>
<opset="real_result_2/8 "/>
</bind>
</comp>

<comp id="618" class="1004" name="grp_fu_618">
<pin_list>
<pin id="619" dir="0" index="0" bw="32" slack="1"/>
<pin id="620" dir="0" index="1" bw="32" slack="1"/>
<pin id="621" dir="1" index="2" bw="32" slack="1"/>
</pin_list>
<bind>
<opcode="fadd(9) " fcode="fadd"/>
<opset="imag_result_2/8 "/>
</bind>
</comp>

<comp id="622" class="1004" name="grp_fu_622">
<pin_list>
<pin id="623" dir="0" index="0" bw="32" slack="1"/>
<pin id="624" dir="0" index="1" bw="32" slack="1"/>
<pin id="625" dir="1" index="2" bw="32" slack="1"/>
</pin_list>
<bind>
<opcode="fsub(11) " fcode="fadd"/>
<opset="real_result_3/8 "/>
</bind>
</comp>

<comp id="626" class="1004" name="grp_fu_626">
<pin_list>
<pin id="627" dir="0" index="0" bw="32" slack="1"/>
<pin id="628" dir="0" index="1" bw="32" slack="1"/>
<pin id="629" dir="1" index="2" bw="32" slack="1"/>
</pin_list>
<bind>
<opcode="fadd(9) " fcode="fadd"/>
<opset="imag_result_3/8 "/>
</bind>
</comp>

<comp id="630" class="1004" name="grp_fu_630">
<pin_list>
<pin id="631" dir="0" index="0" bw="32" slack="1"/>
<pin id="632" dir="0" index="1" bw="32" slack="1"/>
<pin id="633" dir="1" index="2" bw="32" slack="1"/>
</pin_list>
<bind>
<opcode="fsub(11) " fcode="fadd"/>
<opset="real_result_4/8 "/>
</bind>
</comp>

<comp id="634" class="1004" name="grp_fu_634">
<pin_list>
<pin id="635" dir="0" index="0" bw="32" slack="1"/>
<pin id="636" dir="0" index="1" bw="32" slack="1"/>
<pin id="637" dir="1" index="2" bw="32" slack="1"/>
</pin_list>
<bind>
<opcode="fadd(9) " fcode="fadd"/>
<opset="imag_result_4/8 "/>
</bind>
</comp>

<comp id="638" class="1004" name="grp_fu_638">
<pin_list>
<pin id="639" dir="0" index="0" bw="32" slack="1"/>
<pin id="640" dir="0" index="1" bw="32" slack="1"/>
<pin id="641" dir="1" index="2" bw="32" slack="1"/>
</pin_list>
<bind>
<opcode="fsub(11) " fcode="fadd"/>
<opset="real_result_5/8 "/>
</bind>
</comp>

<comp id="642" class="1004" name="grp_fu_642">
<pin_list>
<pin id="643" dir="0" index="0" bw="32" slack="1"/>
<pin id="644" dir="0" index="1" bw="32" slack="1"/>
<pin id="645" dir="1" index="2" bw="32" slack="1"/>
</pin_list>
<bind>
<opcode="fadd(9) " fcode="fadd"/>
<opset="imag_result_5/8 "/>
</bind>
</comp>

<comp id="646" class="1004" name="grp_fu_646">
<pin_list>
<pin id="647" dir="0" index="0" bw="32" slack="1"/>
<pin id="648" dir="0" index="1" bw="32" slack="1"/>
<pin id="649" dir="1" index="2" bw="32" slack="1"/>
</pin_list>
<bind>
<opcode="fsub(11) " fcode="fadd"/>
<opset="real_result_6/8 "/>
</bind>
</comp>

<comp id="650" class="1004" name="grp_fu_650">
<pin_list>
<pin id="651" dir="0" index="0" bw="32" slack="1"/>
<pin id="652" dir="0" index="1" bw="32" slack="1"/>
<pin id="653" dir="1" index="2" bw="32" slack="1"/>
</pin_list>
<bind>
<opcode="fadd(9) " fcode="fadd"/>
<opset="imag_result_6/8 "/>
</bind>
</comp>

<comp id="654" class="1004" name="grp_fu_654">
<pin_list>
<pin id="655" dir="0" index="0" bw="32" slack="1"/>
<pin id="656" dir="0" index="1" bw="32" slack="1"/>
<pin id="657" dir="1" index="2" bw="32" slack="1"/>
</pin_list>
<bind>
<opcode="fsub(11) " fcode="fadd"/>
<opset="real_result_7/8 "/>
</bind>
</comp>

<comp id="658" class="1004" name="grp_fu_658">
<pin_list>
<pin id="659" dir="0" index="0" bw="32" slack="1"/>
<pin id="660" dir="0" index="1" bw="32" slack="1"/>
<pin id="661" dir="1" index="2" bw="32" slack="1"/>
</pin_list>
<bind>
<opcode="fadd(9) " fcode="fadd"/>
<opset="imag_result_7/8 "/>
</bind>
</comp>

<comp id="662" class="1004" name="grp_fu_662">
<pin_list>
<pin id="663" dir="0" index="0" bw="32" slack="0"/>
<pin id="664" dir="0" index="1" bw="32" slack="1"/>
<pin id="665" dir="1" index="2" bw="32" slack="1"/>
</pin_list>
<bind>
<opcode="fadd(9) " fcode="fadd"/>
<opset="add17_1/13 "/>
</bind>
</comp>

<comp id="666" class="1004" name="grp_fu_666">
<pin_list>
<pin id="667" dir="0" index="0" bw="32" slack="0"/>
<pin id="668" dir="0" index="1" bw="32" slack="1"/>
<pin id="669" dir="1" index="2" bw="32" slack="1"/>
</pin_list>
<bind>
<opcode="fadd(9) " fcode="fadd"/>
<opset="add20_1/13 "/>
</bind>
</comp>

<comp id="670" class="1004" name="grp_fu_670">
<pin_list>
<pin id="671" dir="0" index="0" bw="32" slack="0"/>
<pin id="672" dir="0" index="1" bw="32" slack="1"/>
<pin id="673" dir="1" index="2" bw="32" slack="1"/>
</pin_list>
<bind>
<opcode="fadd(9) " fcode="fadd"/>
<opset="add17_1_1/13 "/>
</bind>
</comp>

<comp id="674" class="1004" name="grp_fu_674">
<pin_list>
<pin id="675" dir="0" index="0" bw="32" slack="0"/>
<pin id="676" dir="0" index="1" bw="32" slack="1"/>
<pin id="677" dir="1" index="2" bw="32" slack="1"/>
</pin_list>
<bind>
<opcode="fadd(9) " fcode="fadd"/>
<opset="add20_1_1/13 "/>
</bind>
</comp>

<comp id="678" class="1004" name="grp_fu_678">
<pin_list>
<pin id="679" dir="0" index="0" bw="32" slack="0"/>
<pin id="680" dir="0" index="1" bw="32" slack="1"/>
<pin id="681" dir="1" index="2" bw="32" slack="1"/>
</pin_list>
<bind>
<opcode="fadd(9) " fcode="fadd"/>
<opset="add17_1_2/13 "/>
</bind>
</comp>

<comp id="682" class="1004" name="grp_fu_682">
<pin_list>
<pin id="683" dir="0" index="0" bw="32" slack="0"/>
<pin id="684" dir="0" index="1" bw="32" slack="1"/>
<pin id="685" dir="1" index="2" bw="32" slack="1"/>
</pin_list>
<bind>
<opcode="fadd(9) " fcode="fadd"/>
<opset="add20_1_2/13 "/>
</bind>
</comp>

<comp id="686" class="1004" name="grp_fu_686">
<pin_list>
<pin id="687" dir="0" index="0" bw="32" slack="0"/>
<pin id="688" dir="0" index="1" bw="32" slack="1"/>
<pin id="689" dir="1" index="2" bw="32" slack="1"/>
</pin_list>
<bind>
<opcode="fadd(9) " fcode="fadd"/>
<opset="add17_1_3/13 "/>
</bind>
</comp>

<comp id="690" class="1004" name="grp_fu_690">
<pin_list>
<pin id="691" dir="0" index="0" bw="32" slack="0"/>
<pin id="692" dir="0" index="1" bw="32" slack="1"/>
<pin id="693" dir="1" index="2" bw="32" slack="1"/>
</pin_list>
<bind>
<opcode="fadd(9) " fcode="fadd"/>
<opset="add20_1_3/13 "/>
</bind>
</comp>

<comp id="694" class="1004" name="grp_fu_694">
<pin_list>
<pin id="695" dir="0" index="0" bw="32" slack="0"/>
<pin id="696" dir="0" index="1" bw="32" slack="1"/>
<pin id="697" dir="1" index="2" bw="32" slack="1"/>
</pin_list>
<bind>
<opcode="fadd(9) " fcode="fadd"/>
<opset="add17_1_4/13 "/>
</bind>
</comp>

<comp id="698" class="1004" name="grp_fu_698">
<pin_list>
<pin id="699" dir="0" index="0" bw="32" slack="0"/>
<pin id="700" dir="0" index="1" bw="32" slack="1"/>
<pin id="701" dir="1" index="2" bw="32" slack="1"/>
</pin_list>
<bind>
<opcode="fadd(9) " fcode="fadd"/>
<opset="add20_1_4/13 "/>
</bind>
</comp>

<comp id="702" class="1004" name="grp_fu_702">
<pin_list>
<pin id="703" dir="0" index="0" bw="32" slack="0"/>
<pin id="704" dir="0" index="1" bw="32" slack="1"/>
<pin id="705" dir="1" index="2" bw="32" slack="1"/>
</pin_list>
<bind>
<opcode="fadd(9) " fcode="fadd"/>
<opset="add17_1_5/13 "/>
</bind>
</comp>

<comp id="706" class="1004" name="grp_fu_706">
<pin_list>
<pin id="707" dir="0" index="0" bw="32" slack="0"/>
<pin id="708" dir="0" index="1" bw="32" slack="1"/>
<pin id="709" dir="1" index="2" bw="32" slack="1"/>
</pin_list>
<bind>
<opcode="fadd(9) " fcode="fadd"/>
<opset="add20_1_5/13 "/>
</bind>
</comp>

<comp id="710" class="1004" name="grp_fu_710">
<pin_list>
<pin id="711" dir="0" index="0" bw="32" slack="0"/>
<pin id="712" dir="0" index="1" bw="32" slack="1"/>
<pin id="713" dir="1" index="2" bw="32" slack="1"/>
</pin_list>
<bind>
<opcode="fadd(9) " fcode="fadd"/>
<opset="add17_1_6/13 "/>
</bind>
</comp>

<comp id="714" class="1004" name="grp_fu_714">
<pin_list>
<pin id="715" dir="0" index="0" bw="32" slack="0"/>
<pin id="716" dir="0" index="1" bw="32" slack="1"/>
<pin id="717" dir="1" index="2" bw="32" slack="1"/>
</pin_list>
<bind>
<opcode="fadd(9) " fcode="fadd"/>
<opset="add20_1_6/13 "/>
</bind>
</comp>

<comp id="718" class="1004" name="grp_fu_718">
<pin_list>
<pin id="719" dir="0" index="0" bw="32" slack="0"/>
<pin id="720" dir="0" index="1" bw="32" slack="1"/>
<pin id="721" dir="1" index="2" bw="32" slack="1"/>
</pin_list>
<bind>
<opcode="fadd(9) " fcode="fadd"/>
<opset="add17_1_7/13 "/>
</bind>
</comp>

<comp id="722" class="1004" name="grp_fu_722">
<pin_list>
<pin id="723" dir="0" index="0" bw="32" slack="0"/>
<pin id="724" dir="0" index="1" bw="32" slack="1"/>
<pin id="725" dir="1" index="2" bw="32" slack="1"/>
</pin_list>
<bind>
<opcode="fadd(9) " fcode="fadd"/>
<opset="add20_1_7/13 "/>
</bind>
</comp>

<comp id="726" class="1004" name="grp_fu_726">
<pin_list>
<pin id="727" dir="0" index="0" bw="32" slack="3"/>
<pin id="728" dir="0" index="1" bw="32" slack="1"/>
<pin id="729" dir="1" index="2" bw="32" slack="1"/>
</pin_list>
<bind>
<opcode="fmul(13) " fcode="fmul"/>
<opset="t1/4 "/>
</bind>
</comp>

<comp id="730" class="1004" name="grp_fu_730">
<pin_list>
<pin id="731" dir="0" index="0" bw="32" slack="3"/>
<pin id="732" dir="0" index="1" bw="32" slack="1"/>
<pin id="733" dir="1" index="2" bw="32" slack="1"/>
</pin_list>
<bind>
<opcode="fmul(13) " fcode="fmul"/>
<opset="t2/4 "/>
</bind>
</comp>

<comp id="734" class="1004" name="grp_fu_734">
<pin_list>
<pin id="735" dir="0" index="0" bw="32" slack="3"/>
<pin id="736" dir="0" index="1" bw="32" slack="1"/>
<pin id="737" dir="1" index="2" bw="32" slack="1"/>
</pin_list>
<bind>
<opcode="fmul(13) " fcode="fmul"/>
<opset="t3/4 "/>
</bind>
</comp>

<comp id="738" class="1004" name="grp_fu_738">
<pin_list>
<pin id="739" dir="0" index="0" bw="32" slack="3"/>
<pin id="740" dir="0" index="1" bw="32" slack="1"/>
<pin id="741" dir="1" index="2" bw="32" slack="1"/>
</pin_list>
<bind>
<opcode="fmul(13) " fcode="fmul"/>
<opset="t4/4 "/>
</bind>
</comp>

<comp id="742" class="1004" name="grp_fu_742">
<pin_list>
<pin id="743" dir="0" index="0" bw="32" slack="3"/>
<pin id="744" dir="0" index="1" bw="32" slack="1"/>
<pin id="745" dir="1" index="2" bw="32" slack="1"/>
</pin_list>
<bind>
<opcode="fmul(13) " fcode="fmul"/>
<opset="t1_1/4 "/>
</bind>
</comp>

<comp id="746" class="1004" name="grp_fu_746">
<pin_list>
<pin id="747" dir="0" index="0" bw="32" slack="3"/>
<pin id="748" dir="0" index="1" bw="32" slack="1"/>
<pin id="749" dir="1" index="2" bw="32" slack="1"/>
</pin_list>
<bind>
<opcode="fmul(13) " fcode="fmul"/>
<opset="t2_1/4 "/>
</bind>
</comp>

<comp id="750" class="1004" name="grp_fu_750">
<pin_list>
<pin id="751" dir="0" index="0" bw="32" slack="3"/>
<pin id="752" dir="0" index="1" bw="32" slack="1"/>
<pin id="753" dir="1" index="2" bw="32" slack="1"/>
</pin_list>
<bind>
<opcode="fmul(13) " fcode="fmul"/>
<opset="t3_1/4 "/>
</bind>
</comp>

<comp id="754" class="1004" name="grp_fu_754">
<pin_list>
<pin id="755" dir="0" index="0" bw="32" slack="3"/>
<pin id="756" dir="0" index="1" bw="32" slack="1"/>
<pin id="757" dir="1" index="2" bw="32" slack="1"/>
</pin_list>
<bind>
<opcode="fmul(13) " fcode="fmul"/>
<opset="t4_1/4 "/>
</bind>
</comp>

<comp id="758" class="1004" name="grp_fu_758">
<pin_list>
<pin id="759" dir="0" index="0" bw="32" slack="3"/>
<pin id="760" dir="0" index="1" bw="32" slack="1"/>
<pin id="761" dir="1" index="2" bw="32" slack="1"/>
</pin_list>
<bind>
<opcode="fmul(13) " fcode="fmul"/>
<opset="t1_2/4 "/>
</bind>
</comp>

<comp id="762" class="1004" name="grp_fu_762">
<pin_list>
<pin id="763" dir="0" index="0" bw="32" slack="3"/>
<pin id="764" dir="0" index="1" bw="32" slack="1"/>
<pin id="765" dir="1" index="2" bw="32" slack="1"/>
</pin_list>
<bind>
<opcode="fmul(13) " fcode="fmul"/>
<opset="t2_2/4 "/>
</bind>
</comp>

<comp id="766" class="1004" name="grp_fu_766">
<pin_list>
<pin id="767" dir="0" index="0" bw="32" slack="3"/>
<pin id="768" dir="0" index="1" bw="32" slack="1"/>
<pin id="769" dir="1" index="2" bw="32" slack="1"/>
</pin_list>
<bind>
<opcode="fmul(13) " fcode="fmul"/>
<opset="t3_2/4 "/>
</bind>
</comp>

<comp id="770" class="1004" name="grp_fu_770">
<pin_list>
<pin id="771" dir="0" index="0" bw="32" slack="3"/>
<pin id="772" dir="0" index="1" bw="32" slack="1"/>
<pin id="773" dir="1" index="2" bw="32" slack="1"/>
</pin_list>
<bind>
<opcode="fmul(13) " fcode="fmul"/>
<opset="t4_2/4 "/>
</bind>
</comp>

<comp id="774" class="1004" name="grp_fu_774">
<pin_list>
<pin id="775" dir="0" index="0" bw="32" slack="3"/>
<pin id="776" dir="0" index="1" bw="32" slack="1"/>
<pin id="777" dir="1" index="2" bw="32" slack="1"/>
</pin_list>
<bind>
<opcode="fmul(13) " fcode="fmul"/>
<opset="t1_3/4 "/>
</bind>
</comp>

<comp id="778" class="1004" name="grp_fu_778">
<pin_list>
<pin id="779" dir="0" index="0" bw="32" slack="3"/>
<pin id="780" dir="0" index="1" bw="32" slack="1"/>
<pin id="781" dir="1" index="2" bw="32" slack="1"/>
</pin_list>
<bind>
<opcode="fmul(13) " fcode="fmul"/>
<opset="t2_3/4 "/>
</bind>
</comp>

<comp id="782" class="1004" name="grp_fu_782">
<pin_list>
<pin id="783" dir="0" index="0" bw="32" slack="3"/>
<pin id="784" dir="0" index="1" bw="32" slack="1"/>
<pin id="785" dir="1" index="2" bw="32" slack="1"/>
</pin_list>
<bind>
<opcode="fmul(13) " fcode="fmul"/>
<opset="t3_3/4 "/>
</bind>
</comp>

<comp id="786" class="1004" name="grp_fu_786">
<pin_list>
<pin id="787" dir="0" index="0" bw="32" slack="3"/>
<pin id="788" dir="0" index="1" bw="32" slack="1"/>
<pin id="789" dir="1" index="2" bw="32" slack="1"/>
</pin_list>
<bind>
<opcode="fmul(13) " fcode="fmul"/>
<opset="t4_3/4 "/>
</bind>
</comp>

<comp id="790" class="1004" name="grp_fu_790">
<pin_list>
<pin id="791" dir="0" index="0" bw="32" slack="3"/>
<pin id="792" dir="0" index="1" bw="32" slack="1"/>
<pin id="793" dir="1" index="2" bw="32" slack="1"/>
</pin_list>
<bind>
<opcode="fmul(13) " fcode="fmul"/>
<opset="t1_4/4 "/>
</bind>
</comp>

<comp id="794" class="1004" name="grp_fu_794">
<pin_list>
<pin id="795" dir="0" index="0" bw="32" slack="3"/>
<pin id="796" dir="0" index="1" bw="32" slack="1"/>
<pin id="797" dir="1" index="2" bw="32" slack="1"/>
</pin_list>
<bind>
<opcode="fmul(13) " fcode="fmul"/>
<opset="t2_4/4 "/>
</bind>
</comp>

<comp id="798" class="1004" name="grp_fu_798">
<pin_list>
<pin id="799" dir="0" index="0" bw="32" slack="3"/>
<pin id="800" dir="0" index="1" bw="32" slack="1"/>
<pin id="801" dir="1" index="2" bw="32" slack="1"/>
</pin_list>
<bind>
<opcode="fmul(13) " fcode="fmul"/>
<opset="t3_4/4 "/>
</bind>
</comp>

<comp id="802" class="1004" name="grp_fu_802">
<pin_list>
<pin id="803" dir="0" index="0" bw="32" slack="3"/>
<pin id="804" dir="0" index="1" bw="32" slack="1"/>
<pin id="805" dir="1" index="2" bw="32" slack="1"/>
</pin_list>
<bind>
<opcode="fmul(13) " fcode="fmul"/>
<opset="t4_4/4 "/>
</bind>
</comp>

<comp id="806" class="1004" name="grp_fu_806">
<pin_list>
<pin id="807" dir="0" index="0" bw="32" slack="3"/>
<pin id="808" dir="0" index="1" bw="32" slack="1"/>
<pin id="809" dir="1" index="2" bw="32" slack="1"/>
</pin_list>
<bind>
<opcode="fmul(13) " fcode="fmul"/>
<opset="t1_5/4 "/>
</bind>
</comp>

<comp id="810" class="1004" name="grp_fu_810">
<pin_list>
<pin id="811" dir="0" index="0" bw="32" slack="3"/>
<pin id="812" dir="0" index="1" bw="32" slack="1"/>
<pin id="813" dir="1" index="2" bw="32" slack="1"/>
</pin_list>
<bind>
<opcode="fmul(13) " fcode="fmul"/>
<opset="t2_5/4 "/>
</bind>
</comp>

<comp id="814" class="1004" name="grp_fu_814">
<pin_list>
<pin id="815" dir="0" index="0" bw="32" slack="3"/>
<pin id="816" dir="0" index="1" bw="32" slack="1"/>
<pin id="817" dir="1" index="2" bw="32" slack="1"/>
</pin_list>
<bind>
<opcode="fmul(13) " fcode="fmul"/>
<opset="t3_5/4 "/>
</bind>
</comp>

<comp id="818" class="1004" name="grp_fu_818">
<pin_list>
<pin id="819" dir="0" index="0" bw="32" slack="3"/>
<pin id="820" dir="0" index="1" bw="32" slack="1"/>
<pin id="821" dir="1" index="2" bw="32" slack="1"/>
</pin_list>
<bind>
<opcode="fmul(13) " fcode="fmul"/>
<opset="t4_5/4 "/>
</bind>
</comp>

<comp id="822" class="1004" name="grp_fu_822">
<pin_list>
<pin id="823" dir="0" index="0" bw="32" slack="3"/>
<pin id="824" dir="0" index="1" bw="32" slack="1"/>
<pin id="825" dir="1" index="2" bw="32" slack="1"/>
</pin_list>
<bind>
<opcode="fmul(13) " fcode="fmul"/>
<opset="t1_6/4 "/>
</bind>
</comp>

<comp id="826" class="1004" name="grp_fu_826">
<pin_list>
<pin id="827" dir="0" index="0" bw="32" slack="3"/>
<pin id="828" dir="0" index="1" bw="32" slack="1"/>
<pin id="829" dir="1" index="2" bw="32" slack="1"/>
</pin_list>
<bind>
<opcode="fmul(13) " fcode="fmul"/>
<opset="t2_6/4 "/>
</bind>
</comp>

<comp id="830" class="1004" name="grp_fu_830">
<pin_list>
<pin id="831" dir="0" index="0" bw="32" slack="3"/>
<pin id="832" dir="0" index="1" bw="32" slack="1"/>
<pin id="833" dir="1" index="2" bw="32" slack="1"/>
</pin_list>
<bind>
<opcode="fmul(13) " fcode="fmul"/>
<opset="t3_6/4 "/>
</bind>
</comp>

<comp id="834" class="1004" name="grp_fu_834">
<pin_list>
<pin id="835" dir="0" index="0" bw="32" slack="3"/>
<pin id="836" dir="0" index="1" bw="32" slack="1"/>
<pin id="837" dir="1" index="2" bw="32" slack="1"/>
</pin_list>
<bind>
<opcode="fmul(13) " fcode="fmul"/>
<opset="t4_6/4 "/>
</bind>
</comp>

<comp id="838" class="1004" name="grp_fu_838">
<pin_list>
<pin id="839" dir="0" index="0" bw="32" slack="3"/>
<pin id="840" dir="0" index="1" bw="32" slack="1"/>
<pin id="841" dir="1" index="2" bw="32" slack="1"/>
</pin_list>
<bind>
<opcode="fmul(13) " fcode="fmul"/>
<opset="t1_7/4 "/>
</bind>
</comp>

<comp id="842" class="1004" name="grp_fu_842">
<pin_list>
<pin id="843" dir="0" index="0" bw="32" slack="3"/>
<pin id="844" dir="0" index="1" bw="32" slack="1"/>
<pin id="845" dir="1" index="2" bw="32" slack="1"/>
</pin_list>
<bind>
<opcode="fmul(13) " fcode="fmul"/>
<opset="t2_7/4 "/>
</bind>
</comp>

<comp id="846" class="1004" name="grp_fu_846">
<pin_list>
<pin id="847" dir="0" index="0" bw="32" slack="3"/>
<pin id="848" dir="0" index="1" bw="32" slack="1"/>
<pin id="849" dir="1" index="2" bw="32" slack="1"/>
</pin_list>
<bind>
<opcode="fmul(13) " fcode="fmul"/>
<opset="t3_7/4 "/>
</bind>
</comp>

<comp id="850" class="1004" name="grp_fu_850">
<pin_list>
<pin id="851" dir="0" index="0" bw="32" slack="3"/>
<pin id="852" dir="0" index="1" bw="32" slack="1"/>
<pin id="853" dir="1" index="2" bw="32" slack="1"/>
</pin_list>
<bind>
<opcode="fmul(13) " fcode="fmul"/>
<opset="t4_7/4 "/>
</bind>
</comp>

<comp id="854" class="1004" name="store_ln22_store_fu_854">
<pin_list>
<pin id="855" dir="0" index="0" bw="1" slack="0"/>
<pin id="856" dir="0" index="1" bw="11" slack="0"/>
<pin id="857" dir="1" index="2" bw="0" slack="2147483647"/>
</pin_list>
<bind>
<opcode="store(28) " fcode="store"/>
<opset="store_ln22/1 "/>
</bind>
</comp>

<comp id="859" class="1004" name="i_1_load_fu_859">
<pin_list>
<pin id="860" dir="0" index="0" bw="11" slack="0"/>
<pin id="861" dir="1" index="1" bw="11" slack="0"/>
</pin_list>
<bind>
<opcode="load(27) " fcode="load"/>
<opset="i_1/1 "/>
</bind>
</comp>

<comp id="862" class="1004" name="tmp_fu_862">
<pin_list>
<pin id="863" dir="0" index="0" bw="1" slack="0"/>
<pin id="864" dir="0" index="1" bw="11" slack="0"/>
<pin id="865" dir="0" index="2" bw="5" slack="0"/>
<pin id="866" dir="1" index="3" bw="1" slack="16"/>
</pin_list>
<bind>
<opcode="bitselect(1000) " fcode="bitselect"/>
<opset="tmp/1 "/>
</bind>
</comp>

<comp id="870" class="1004" name="trunc_ln22_fu_870">
<pin_list>
<pin id="871" dir="0" index="0" bw="11" slack="0"/>
<pin id="872" dir="1" index="1" bw="10" slack="0"/>
</pin_list>
<bind>
<opcode="trunc(33) " fcode="trunc"/>
<opset="trunc_ln22/1 "/>
</bind>
</comp>

<comp id="874" class="1004" name="lshr_ln22_1_fu_874">
<pin_list>
<pin id="875" dir="0" index="0" bw="7" slack="0"/>
<pin id="876" dir="0" index="1" bw="11" slack="0"/>
<pin id="877" dir="0" index="2" bw="3" slack="0"/>
<pin id="878" dir="0" index="3" bw="5" slack="0"/>
<pin id="879" dir="1" index="4" bw="7" slack="0"/>
</pin_list>
<bind>
<opcode="partselect(1002) " fcode="partselect"/>
<opset="lshr_ln22_1/1 "/>
</bind>
</comp>

<comp id="884" class="1004" name="idx_fu_884">
<pin_list>
<pin id="885" dir="0" index="0" bw="10" slack="0"/>
<pin id="886" dir="0" index="1" bw="10" slack="0"/>
<pin id="887" dir="1" index="2" bw="10" slack="1"/>
</pin_list>
<bind>
<opcode="mul(12) " fcode="mul"/>
<opset="idx/1 "/>
</bind>
</comp>

<comp id="890" class="1004" name="tmp_s_fu_890">
<pin_list>
<pin id="891" dir="0" index="0" bw="9" slack="0"/>
<pin id="892" dir="0" index="1" bw="11" slack="0"/>
<pin id="893" dir="0" index="2" bw="1" slack="0"/>
<pin id="894" dir="0" index="3" bw="5" slack="0"/>
<pin id="895" dir="1" index="4" bw="9" slack="0"/>
</pin_list>
<bind>
<opcode="partselect(1002) " fcode="partselect"/>
<opset="tmp_s/1 "/>
</bind>
</comp>

<comp id="900" class="1004" name="or_ln29_8_fu_900">
<pin_list>
<pin id="901" dir="0" index="0" bw="10" slack="0"/>
<pin id="902" dir="0" index="1" bw="9" slack="0"/>
<pin id="903" dir="0" index="2" bw="1" slack="0"/>
<pin id="904" dir="1" index="3" bw="10" slack="0"/>
</pin_list>
<bind>
<opcode="bitconcatenate(1004) " fcode="bitconcatenate"/>
<opset="or_ln29_8/1 "/>
</bind>
</comp>

<comp id="908" class="1004" name="idx_1_fu_908">
<pin_list>
<pin id="909" dir="0" index="0" bw="10" slack="0"/>
<pin id="910" dir="0" index="1" bw="10" slack="0"/>
<pin id="911" dir="1" index="2" bw="10" slack="1"/>
</pin_list>
<bind>
<opcode="mul(12) " fcode="mul"/>
<opset="idx_1/1 "/>
</bind>
</comp>

<comp id="914" class="1004" name="tmp_1_fu_914">
<pin_list>
<pin id="915" dir="0" index="0" bw="8" slack="0"/>
<pin id="916" dir="0" index="1" bw="11" slack="0"/>
<pin id="917" dir="0" index="2" bw="3" slack="0"/>
<pin id="918" dir="0" index="3" bw="5" slack="0"/>
<pin id="919" dir="1" index="4" bw="8" slack="0"/>
</pin_list>
<bind>
<opcode="partselect(1002) " fcode="partselect"/>
<opset="tmp_1/1 "/>
</bind>
</comp>

<comp id="924" class="1004" name="or_ln29_9_fu_924">
<pin_list>
<pin id="925" dir="0" index="0" bw="10" slack="0"/>
<pin id="926" dir="0" index="1" bw="8" slack="0"/>
<pin id="927" dir="0" index="2" bw="2" slack="0"/>
<pin id="928" dir="1" index="3" bw="10" slack="0"/>
</pin_list>
<bind>
<opcode="bitconcatenate(1004) " fcode="bitconcatenate"/>
<opset="or_ln29_9/1 "/>
</bind>
</comp>

<comp id="932" class="1004" name="idx_2_fu_932">
<pin_list>
<pin id="933" dir="0" index="0" bw="10" slack="0"/>
<pin id="934" dir="0" index="1" bw="10" slack="0"/>
<pin id="935" dir="1" index="2" bw="10" slack="1"/>
</pin_list>
<bind>
<opcode="mul(12) " fcode="mul"/>
<opset="idx_2/1 "/>
</bind>
</comp>

<comp id="938" class="1004" name="or_ln29_s_fu_938">
<pin_list>
<pin id="939" dir="0" index="0" bw="10" slack="0"/>
<pin id="940" dir="0" index="1" bw="8" slack="0"/>
<pin id="941" dir="0" index="2" bw="1" slack="0"/>
<pin id="942" dir="1" index="3" bw="10" slack="0"/>
</pin_list>
<bind>
<opcode="bitconcatenate(1004) " fcode="bitconcatenate"/>
<opset="or_ln29_s/1 "/>
</bind>
</comp>

<comp id="946" class="1004" name="idx_3_fu_946">
<pin_list>
<pin id="947" dir="0" index="0" bw="10" slack="0"/>
<pin id="948" dir="0" index="1" bw="10" slack="0"/>
<pin id="949" dir="1" index="2" bw="10" slack="1"/>
</pin_list>
<bind>
<opcode="mul(12) " fcode="mul"/>
<opset="idx_3/1 "/>
</bind>
</comp>

<comp id="952" class="1004" name="or_ln29_1_fu_952">
<pin_list>
<pin id="953" dir="0" index="0" bw="10" slack="0"/>
<pin id="954" dir="0" index="1" bw="7" slack="0"/>
<pin id="955" dir="0" index="2" bw="3" slack="0"/>
<pin id="956" dir="1" index="3" bw="10" slack="0"/>
</pin_list>
<bind>
<opcode="bitconcatenate(1004) " fcode="bitconcatenate"/>
<opset="or_ln29_1/1 "/>
</bind>
</comp>

<comp id="960" class="1004" name="idx_4_fu_960">
<pin_list>
<pin id="961" dir="0" index="0" bw="10" slack="0"/>
<pin id="962" dir="0" index="1" bw="10" slack="0"/>
<pin id="963" dir="1" index="2" bw="10" slack="1"/>
</pin_list>
<bind>
<opcode="mul(12) " fcode="mul"/>
<opset="idx_4/1 "/>
</bind>
</comp>

<comp id="966" class="1004" name="tmp_2_fu_966">
<pin_list>
<pin id="967" dir="0" index="0" bw="1" slack="0"/>
<pin id="968" dir="0" index="1" bw="11" slack="0"/>
<pin id="969" dir="0" index="2" bw="1" slack="0"/>
<pin id="970" dir="1" index="3" bw="1" slack="0"/>
</pin_list>
<bind>
<opcode="bitselect(1000) " fcode="bitselect"/>
<opset="tmp_2/1 "/>
</bind>
</comp>

<comp id="974" class="1004" name="or_ln29_2_fu_974">
<pin_list>
<pin id="975" dir="0" index="0" bw="10" slack="0"/>
<pin id="976" dir="0" index="1" bw="7" slack="0"/>
<pin id="977" dir="0" index="2" bw="1" slack="0"/>
<pin id="978" dir="0" index="3" bw="1" slack="0"/>
<pin id="979" dir="0" index="4" bw="1" slack="0"/>
<pin id="980" dir="1" index="5" bw="10" slack="0"/>
</pin_list>
<bind>
<opcode="bitconcatenate(1004) " fcode="bitconcatenate"/>
<opset="or_ln29_2/1 "/>
</bind>
</comp>

<comp id="986" class="1004" name="idx_5_fu_986">
<pin_list>
<pin id="987" dir="0" index="0" bw="10" slack="0"/>
<pin id="988" dir="0" index="1" bw="10" slack="0"/>
<pin id="989" dir="1" index="2" bw="10" slack="1"/>
</pin_list>
<bind>
<opcode="mul(12) " fcode="mul"/>
<opset="idx_5/1 "/>
</bind>
</comp>

<comp id="992" class="1004" name="or_ln29_3_fu_992">
<pin_list>
<pin id="993" dir="0" index="0" bw="10" slack="0"/>
<pin id="994" dir="0" index="1" bw="7" slack="0"/>
<pin id="995" dir="0" index="2" bw="2" slack="0"/>
<pin id="996" dir="1" index="3" bw="10" slack="0"/>
</pin_list>
<bind>
<opcode="bitconcatenate(1004) " fcode="bitconcatenate"/>
<opset="or_ln29_3/1 "/>
</bind>
</comp>

<comp id="1000" class="1004" name="idx_6_fu_1000">
<pin_list>
<pin id="1001" dir="0" index="0" bw="10" slack="0"/>
<pin id="1002" dir="0" index="1" bw="10" slack="0"/>
<pin id="1003" dir="1" index="2" bw="10" slack="1"/>
</pin_list>
<bind>
<opcode="mul(12) " fcode="mul"/>
<opset="idx_6/1 "/>
</bind>
</comp>

<comp id="1006" class="1004" name="or_ln29_4_fu_1006">
<pin_list>
<pin id="1007" dir="0" index="0" bw="10" slack="0"/>
<pin id="1008" dir="0" index="1" bw="7" slack="0"/>
<pin id="1009" dir="0" index="2" bw="1" slack="0"/>
<pin id="1010" dir="1" index="3" bw="10" slack="0"/>
</pin_list>
<bind>
<opcode="bitconcatenate(1004) " fcode="bitconcatenate"/>
<opset="or_ln29_4/1 "/>
</bind>
</comp>

<comp id="1014" class="1004" name="idx_7_fu_1014">
<pin_list>
<pin id="1015" dir="0" index="0" bw="10" slack="0"/>
<pin id="1016" dir="0" index="1" bw="10" slack="0"/>
<pin id="1017" dir="1" index="2" bw="10" slack="1"/>
</pin_list>
<bind>
<opcode="mul(12) " fcode="mul"/>
<opset="idx_7/1 "/>
</bind>
</comp>

<comp id="1020" class="1004" name="add_ln22_fu_1020">
<pin_list>
<pin id="1021" dir="0" index="0" bw="11" slack="0"/>
<pin id="1022" dir="0" index="1" bw="5" slack="0"/>
<pin id="1023" dir="1" index="2" bw="11" slack="0"/>
</pin_list>
<bind>
<opcode="add(8) " fcode="add"/>
<opset="add_ln22/1 "/>
</bind>
</comp>

<comp id="1026" class="1004" name="store_ln22_store_fu_1026">
<pin_list>
<pin id="1027" dir="0" index="0" bw="11" slack="0"/>
<pin id="1028" dir="0" index="1" bw="11" slack="0"/>
<pin id="1029" dir="1" index="2" bw="0" slack="2147483647"/>
</pin_list>
<bind>
<opcode="store(28) " fcode="store"/>
<opset="store_ln22/1 "/>
</bind>
</comp>

<comp id="1031" class="1004" name="zext_ln32_fu_1031">
<pin_list>
<pin id="1032" dir="0" index="0" bw="10" slack="1"/>
<pin id="1033" dir="1" index="1" bw="64" slack="0"/>
</pin_list>
<bind>
<opcode="zext(34) " fcode="zext"/>
<opset="zext_ln32/2 "/>
</bind>
</comp>

<comp id="1036" class="1004" name="zext_ln32_1_fu_1036">
<pin_list>
<pin id="1037" dir="0" index="0" bw="10" slack="1"/>
<pin id="1038" dir="1" index="1" bw="64" slack="0"/>
</pin_list>
<bind>
<opcode="zext(34) " fcode="zext"/>
<opset="zext_ln32_1/2 "/>
</bind>
</comp>

<comp id="1041" class="1004" name="zext_ln32_2_fu_1041">
<pin_list>
<pin id="1042" dir="0" index="0" bw="10" slack="1"/>
<pin id="1043" dir="1" index="1" bw="64" slack="0"/>
</pin_list>
<bind>
<opcode="zext(34) " fcode="zext"/>
<opset="zext_ln32_2/2 "/>
</bind>
</comp>

<comp id="1046" class="1004" name="zext_ln32_3_fu_1046">
<pin_list>
<pin id="1047" dir="0" index="0" bw="10" slack="1"/>
<pin id="1048" dir="1" index="1" bw="64" slack="0"/>
</pin_list>
<bind>
<opcode="zext(34) " fcode="zext"/>
<opset="zext_ln32_3/2 "/>
</bind>
</comp>

<comp id="1051" class="1004" name="zext_ln32_4_fu_1051">
<pin_list>
<pin id="1052" dir="0" index="0" bw="10" slack="1"/>
<pin id="1053" dir="1" index="1" bw="64" slack="0"/>
</pin_list>
<bind>
<opcode="zext(34) " fcode="zext"/>
<opset="zext_ln32_4/2 "/>
</bind>
</comp>

<comp id="1056" class="1004" name="zext_ln32_5_fu_1056">
<pin_list>
<pin id="1057" dir="0" index="0" bw="10" slack="1"/>
<pin id="1058" dir="1" index="1" bw="64" slack="0"/>
</pin_list>
<bind>
<opcode="zext(34) " fcode="zext"/>
<opset="zext_ln32_5/2 "/>
</bind>
</comp>

<comp id="1061" class="1004" name="zext_ln32_6_fu_1061">
<pin_list>
<pin id="1062" dir="0" index="0" bw="10" slack="1"/>
<pin id="1063" dir="1" index="1" bw="64" slack="0"/>
</pin_list>
<bind>
<opcode="zext(34) " fcode="zext"/>
<opset="zext_ln32_6/2 "/>
</bind>
</comp>

<comp id="1066" class="1004" name="zext_ln32_7_fu_1066">
<pin_list>
<pin id="1067" dir="0" index="0" bw="10" slack="1"/>
<pin id="1068" dir="1" index="1" bw="64" slack="0"/>
</pin_list>
<bind>
<opcode="zext(34) " fcode="zext"/>
<opset="zext_ln32_7/2 "/>
</bind>
</comp>

<comp id="1071" class="1004" name="zext_ln22_fu_1071">
<pin_list>
<pin id="1072" dir="0" index="0" bw="7" slack="10"/>
<pin id="1073" dir="1" index="1" bw="64" slack="0"/>
</pin_list>
<bind>
<opcode="zext(34) " fcode="zext"/>
<opset="zext_ln22/11 "/>
</bind>
</comp>

<comp id="1090" class="1004" name="bitcast_ln45_fu_1090">
<pin_list>
<pin id="1091" dir="0" index="0" bw="32" slack="1"/>
<pin id="1092" dir="1" index="1" bw="32" slack="0"/>
</pin_list>
<bind>
<opcode="bitcast(44) " fcode="bitcast"/>
<opset="bitcast_ln45/13 "/>
</bind>
</comp>

<comp id="1094" class="1004" name="bitcast_ln46_fu_1094">
<pin_list>
<pin id="1095" dir="0" index="0" bw="32" slack="1"/>
<pin id="1096" dir="1" index="1" bw="32" slack="0"/>
</pin_list>
<bind>
<opcode="bitcast(44) " fcode="bitcast"/>
<opset="bitcast_ln46/13 "/>
</bind>
</comp>

<comp id="1098" class="1004" name="bitcast_ln45_2_fu_1098">
<pin_list>
<pin id="1099" dir="0" index="0" bw="32" slack="1"/>
<pin id="1100" dir="1" index="1" bw="32" slack="0"/>
</pin_list>
<bind>
<opcode="bitcast(44) " fcode="bitcast"/>
<opset="bitcast_ln45_2/13 "/>
</bind>
</comp>

<comp id="1102" class="1004" name="bitcast_ln46_2_fu_1102">
<pin_list>
<pin id="1103" dir="0" index="0" bw="32" slack="1"/>
<pin id="1104" dir="1" index="1" bw="32" slack="0"/>
</pin_list>
<bind>
<opcode="bitcast(44) " fcode="bitcast"/>
<opset="bitcast_ln46_2/13 "/>
</bind>
</comp>

<comp id="1106" class="1004" name="bitcast_ln45_4_fu_1106">
<pin_list>
<pin id="1107" dir="0" index="0" bw="32" slack="1"/>
<pin id="1108" dir="1" index="1" bw="32" slack="0"/>
</pin_list>
<bind>
<opcode="bitcast(44) " fcode="bitcast"/>
<opset="bitcast_ln45_4/13 "/>
</bind>
</comp>

<comp id="1110" class="1004" name="bitcast_ln46_4_fu_1110">
<pin_list>
<pin id="1111" dir="0" index="0" bw="32" slack="1"/>
<pin id="1112" dir="1" index="1" bw="32" slack="0"/>
</pin_list>
<bind>
<opcode="bitcast(44) " fcode="bitcast"/>
<opset="bitcast_ln46_4/13 "/>
</bind>
</comp>

<comp id="1114" class="1004" name="bitcast_ln45_6_fu_1114">
<pin_list>
<pin id="1115" dir="0" index="0" bw="32" slack="1"/>
<pin id="1116" dir="1" index="1" bw="32" slack="0"/>
</pin_list>
<bind>
<opcode="bitcast(44) " fcode="bitcast"/>
<opset="bitcast_ln45_6/13 "/>
</bind>
</comp>

<comp id="1118" class="1004" name="bitcast_ln46_6_fu_1118">
<pin_list>
<pin id="1119" dir="0" index="0" bw="32" slack="1"/>
<pin id="1120" dir="1" index="1" bw="32" slack="0"/>
</pin_list>
<bind>
<opcode="bitcast(44) " fcode="bitcast"/>
<opset="bitcast_ln46_6/13 "/>
</bind>
</comp>

<comp id="1122" class="1004" name="bitcast_ln45_8_fu_1122">
<pin_list>
<pin id="1123" dir="0" index="0" bw="32" slack="1"/>
<pin id="1124" dir="1" index="1" bw="32" slack="0"/>
</pin_list>
<bind>
<opcode="bitcast(44) " fcode="bitcast"/>
<opset="bitcast_ln45_8/13 "/>
</bind>
</comp>

<comp id="1126" class="1004" name="bitcast_ln46_8_fu_1126">
<pin_list>
<pin id="1127" dir="0" index="0" bw="32" slack="1"/>
<pin id="1128" dir="1" index="1" bw="32" slack="0"/>
</pin_list>
<bind>
<opcode="bitcast(44) " fcode="bitcast"/>
<opset="bitcast_ln46_8/13 "/>
</bind>
</comp>

<comp id="1130" class="1004" name="bitcast_ln45_10_fu_1130">
<pin_list>
<pin id="1131" dir="0" index="0" bw="32" slack="1"/>
<pin id="1132" dir="1" index="1" bw="32" slack="0"/>
</pin_list>
<bind>
<opcode="bitcast(44) " fcode="bitcast"/>
<opset="bitcast_ln45_10/13 "/>
</bind>
</comp>

<comp id="1134" class="1004" name="bitcast_ln46_10_fu_1134">
<pin_list>
<pin id="1135" dir="0" index="0" bw="32" slack="1"/>
<pin id="1136" dir="1" index="1" bw="32" slack="0"/>
</pin_list>
<bind>
<opcode="bitcast(44) " fcode="bitcast"/>
<opset="bitcast_ln46_10/13 "/>
</bind>
</comp>

<comp id="1138" class="1004" name="bitcast_ln45_12_fu_1138">
<pin_list>
<pin id="1139" dir="0" index="0" bw="32" slack="1"/>
<pin id="1140" dir="1" index="1" bw="32" slack="0"/>
</pin_list>
<bind>
<opcode="bitcast(44) " fcode="bitcast"/>
<opset="bitcast_ln45_12/13 "/>
</bind>
</comp>

<comp id="1142" class="1004" name="bitcast_ln46_12_fu_1142">
<pin_list>
<pin id="1143" dir="0" index="0" bw="32" slack="1"/>
<pin id="1144" dir="1" index="1" bw="32" slack="0"/>
</pin_list>
<bind>
<opcode="bitcast(44) " fcode="bitcast"/>
<opset="bitcast_ln46_12/13 "/>
</bind>
</comp>

<comp id="1146" class="1004" name="bitcast_ln45_14_fu_1146">
<pin_list>
<pin id="1147" dir="0" index="0" bw="32" slack="1"/>
<pin id="1148" dir="1" index="1" bw="32" slack="0"/>
</pin_list>
<bind>
<opcode="bitcast(44) " fcode="bitcast"/>
<opset="bitcast_ln45_14/13 "/>
</bind>
</comp>

<comp id="1150" class="1004" name="bitcast_ln46_14_fu_1150">
<pin_list>
<pin id="1151" dir="0" index="0" bw="32" slack="1"/>
<pin id="1152" dir="1" index="1" bw="32" slack="0"/>
</pin_list>
<bind>
<opcode="bitcast(44) " fcode="bitcast"/>
<opset="bitcast_ln46_14/13 "/>
</bind>
</comp>

<comp id="1154" class="1004" name="bitcast_ln45_1_fu_1154">
<pin_list>
<pin id="1155" dir="0" index="0" bw="32" slack="1"/>
<pin id="1156" dir="1" index="1" bw="32" slack="0"/>
</pin_list>
<bind>
<opcode="bitcast(44) " fcode="bitcast"/>
<opset="bitcast_ln45_1/18 "/>
</bind>
</comp>

<comp id="1158" class="1004" name="bitcast_ln46_1_fu_1158">
<pin_list>
<pin id="1159" dir="0" index="0" bw="32" slack="1"/>
<pin id="1160" dir="1" index="1" bw="32" slack="0"/>
</pin_list>
<bind>
<opcode="bitcast(44) " fcode="bitcast"/>
<opset="bitcast_ln46_1/18 "/>
</bind>
</comp>

<comp id="1162" class="1004" name="bitcast_ln45_3_fu_1162">
<pin_list>
<pin id="1163" dir="0" index="0" bw="32" slack="1"/>
<pin id="1164" dir="1" index="1" bw="32" slack="0"/>
</pin_list>
<bind>
<opcode="bitcast(44) " fcode="bitcast"/>
<opset="bitcast_ln45_3/18 "/>
</bind>
</comp>

<comp id="1166" class="1004" name="bitcast_ln46_3_fu_1166">
<pin_list>
<pin id="1167" dir="0" index="0" bw="32" slack="1"/>
<pin id="1168" dir="1" index="1" bw="32" slack="0"/>
</pin_list>
<bind>
<opcode="bitcast(44) " fcode="bitcast"/>
<opset="bitcast_ln46_3/18 "/>
</bind>
</comp>

<comp id="1170" class="1004" name="bitcast_ln45_5_fu_1170">
<pin_list>
<pin id="1171" dir="0" index="0" bw="32" slack="1"/>
<pin id="1172" dir="1" index="1" bw="32" slack="0"/>
</pin_list>
<bind>
<opcode="bitcast(44) " fcode="bitcast"/>
<opset="bitcast_ln45_5/18 "/>
</bind>
</comp>

<comp id="1174" class="1004" name="bitcast_ln46_5_fu_1174">
<pin_list>
<pin id="1175" dir="0" index="0" bw="32" slack="1"/>
<pin id="1176" dir="1" index="1" bw="32" slack="0"/>
</pin_list>
<bind>
<opcode="bitcast(44) " fcode="bitcast"/>
<opset="bitcast_ln46_5/18 "/>
</bind>
</comp>

<comp id="1178" class="1004" name="bitcast_ln45_7_fu_1178">
<pin_list>
<pin id="1179" dir="0" index="0" bw="32" slack="1"/>
<pin id="1180" dir="1" index="1" bw="32" slack="0"/>
</pin_list>
<bind>
<opcode="bitcast(44) " fcode="bitcast"/>
<opset="bitcast_ln45_7/18 "/>
</bind>
</comp>

<comp id="1182" class="1004" name="bitcast_ln46_7_fu_1182">
<pin_list>
<pin id="1183" dir="0" index="0" bw="32" slack="1"/>
<pin id="1184" dir="1" index="1" bw="32" slack="0"/>
</pin_list>
<bind>
<opcode="bitcast(44) " fcode="bitcast"/>
<opset="bitcast_ln46_7/18 "/>
</bind>
</comp>

<comp id="1186" class="1004" name="bitcast_ln45_9_fu_1186">
<pin_list>
<pin id="1187" dir="0" index="0" bw="32" slack="1"/>
<pin id="1188" dir="1" index="1" bw="32" slack="0"/>
</pin_list>
<bind>
<opcode="bitcast(44) " fcode="bitcast"/>
<opset="bitcast_ln45_9/18 "/>
</bind>
</comp>

<comp id="1190" class="1004" name="bitcast_ln46_9_fu_1190">
<pin_list>
<pin id="1191" dir="0" index="0" bw="32" slack="1"/>
<pin id="1192" dir="1" index="1" bw="32" slack="0"/>
</pin_list>
<bind>
<opcode="bitcast(44) " fcode="bitcast"/>
<opset="bitcast_ln46_9/18 "/>
</bind>
</comp>

<comp id="1194" class="1004" name="bitcast_ln45_11_fu_1194">
<pin_list>
<pin id="1195" dir="0" index="0" bw="32" slack="1"/>
<pin id="1196" dir="1" index="1" bw="32" slack="0"/>
</pin_list>
<bind>
<opcode="bitcast(44) " fcode="bitcast"/>
<opset="bitcast_ln45_11/18 "/>
</bind>
</comp>

<comp id="1198" class="1004" name="bitcast_ln46_11_fu_1198">
<pin_list>
<pin id="1199" dir="0" index="0" bw="32" slack="1"/>
<pin id="1200" dir="1" index="1" bw="32" slack="0"/>
</pin_list>
<bind>
<opcode="bitcast(44) " fcode="bitcast"/>
<opset="bitcast_ln46_11/18 "/>
</bind>
</comp>

<comp id="1202" class="1004" name="bitcast_ln45_13_fu_1202">
<pin_list>
<pin id="1203" dir="0" index="0" bw="32" slack="1"/>
<pin id="1204" dir="1" index="1" bw="32" slack="0"/>
</pin_list>
<bind>
<opcode="bitcast(44) " fcode="bitcast"/>
<opset="bitcast_ln45_13/18 "/>
</bind>
</comp>

<comp id="1206" class="1004" name="bitcast_ln46_13_fu_1206">
<pin_list>
<pin id="1207" dir="0" index="0" bw="32" slack="1"/>
<pin id="1208" dir="1" index="1" bw="32" slack="0"/>
</pin_list>
<bind>
<opcode="bitcast(44) " fcode="bitcast"/>
<opset="bitcast_ln46_13/18 "/>
</bind>
</comp>

<comp id="1210" class="1004" name="bitcast_ln45_15_fu_1210">
<pin_list>
<pin id="1211" dir="0" index="0" bw="32" slack="1"/>
<pin id="1212" dir="1" index="1" bw="32" slack="0"/>
</pin_list>
<bind>
<opcode="bitcast(44) " fcode="bitcast"/>
<opset="bitcast_ln45_15/18 "/>
</bind>
</comp>

<comp id="1214" class="1004" name="bitcast_ln46_15_fu_1214">
<pin_list>
<pin id="1215" dir="0" index="0" bw="32" slack="1"/>
<pin id="1216" dir="1" index="1" bw="32" slack="0"/>
</pin_list>
<bind>
<opcode="bitcast(44) " fcode="bitcast"/>
<opset="bitcast_ln46_15/18 "/>
</bind>
</comp>

<comp id="1218" class="1005" name="i_reg_1218">
<pin_list>
<pin id="1219" dir="0" index="0" bw="11" slack="0"/>
<pin id="1220" dir="1" index="1" bw="11" slack="0"/>
</pin_list>
<bind>
<opset="i "/>
</bind>
</comp>

<comp id="1225" class="1005" name="is_1_read_reg_1225">
<pin_list>
<pin id="1226" dir="0" index="0" bw="32" slack="3"/>
<pin id="1227" dir="1" index="1" bw="32" slack="3"/>
</pin_list>
<bind>
<opset="is_1_read "/>
</bind>
</comp>

<comp id="1245" class="1005" name="rs_1_read_reg_1245">
<pin_list>
<pin id="1246" dir="0" index="0" bw="32" slack="3"/>
<pin id="1247" dir="1" index="1" bw="32" slack="3"/>
</pin_list>
<bind>
<opset="rs_1_read "/>
</bind>
</comp>

<comp id="1265" class="1005" name="tmp_reg_1265">
<pin_list>
<pin id="1266" dir="0" index="0" bw="1" slack="16"/>
<pin id="1267" dir="1" index="1" bw="1" slack="2147483647"/>
</pin_list>
<bind>
<opset="tmp "/>
</bind>
</comp>

<comp id="1269" class="1005" name="lshr_ln22_1_reg_1269">
<pin_list>
<pin id="1270" dir="0" index="0" bw="7" slack="10"/>
<pin id="1271" dir="1" index="1" bw="7" slack="10"/>
</pin_list>
<bind>
<opset="lshr_ln22_1 "/>
</bind>
</comp>

<comp id="1274" class="1005" name="idx_reg_1274">
<pin_list>
<pin id="1275" dir="0" index="0" bw="10" slack="1"/>
<pin id="1276" dir="1" index="1" bw="10" slack="1"/>
</pin_list>
<bind>
<opset="idx "/>
</bind>
</comp>

<comp id="1279" class="1005" name="idx_1_reg_1279">
<pin_list>
<pin id="1280" dir="0" index="0" bw="10" slack="1"/>
<pin id="1281" dir="1" index="1" bw="10" slack="1"/>
</pin_list>
<bind>
<opset="idx_1 "/>
</bind>
</comp>

<comp id="1284" class="1005" name="idx_2_reg_1284">
<pin_list>
<pin id="1285" dir="0" index="0" bw="10" slack="1"/>
<pin id="1286" dir="1" index="1" bw="10" slack="1"/>
</pin_list>
<bind>
<opset="idx_2 "/>
</bind>
</comp>

<comp id="1289" class="1005" name="idx_3_reg_1289">
<pin_list>
<pin id="1290" dir="0" index="0" bw="10" slack="1"/>
<pin id="1291" dir="1" index="1" bw="10" slack="1"/>
</pin_list>
<bind>
<opset="idx_3 "/>
</bind>
</comp>

<comp id="1294" class="1005" name="idx_4_reg_1294">
<pin_list>
<pin id="1295" dir="0" index="0" bw="10" slack="1"/>
<pin id="1296" dir="1" index="1" bw="10" slack="1"/>
</pin_list>
<bind>
<opset="idx_4 "/>
</bind>
</comp>

<comp id="1299" class="1005" name="idx_5_reg_1299">
<pin_list>
<pin id="1300" dir="0" index="0" bw="10" slack="1"/>
<pin id="1301" dir="1" index="1" bw="10" slack="1"/>
</pin_list>
<bind>
<opset="idx_5 "/>
</bind>
</comp>

<comp id="1304" class="1005" name="idx_6_reg_1304">
<pin_list>
<pin id="1305" dir="0" index="0" bw="10" slack="1"/>
<pin id="1306" dir="1" index="1" bw="10" slack="1"/>
</pin_list>
<bind>
<opset="idx_6 "/>
</bind>
</comp>

<comp id="1309" class="1005" name="idx_7_reg_1309">
<pin_list>
<pin id="1310" dir="0" index="0" bw="10" slack="1"/>
<pin id="1311" dir="1" index="1" bw="10" slack="1"/>
</pin_list>
<bind>
<opset="idx_7 "/>
</bind>
</comp>

<comp id="1314" class="1005" name="cos_coefficients_table_addr_reg_1314">
<pin_list>
<pin id="1315" dir="0" index="0" bw="10" slack="1"/>
<pin id="1316" dir="1" index="1" bw="10" slack="1"/>
</pin_list>
<bind>
<opset="cos_coefficients_table_addr "/>
</bind>
</comp>

<comp id="1319" class="1005" name="sin_coefficients_table_addr_reg_1319">
<pin_list>
<pin id="1320" dir="0" index="0" bw="10" slack="1"/>
<pin id="1321" dir="1" index="1" bw="10" slack="1"/>
</pin_list>
<bind>
<opset="sin_coefficients_table_addr "/>
</bind>
</comp>

<comp id="1324" class="1005" name="cos_coefficients_table_addr_1_reg_1324">
<pin_list>
<pin id="1325" dir="0" index="0" bw="10" slack="1"/>
<pin id="1326" dir="1" index="1" bw="10" slack="1"/>
</pin_list>
<bind>
<opset="cos_coefficients_table_addr_1 "/>
</bind>
</comp>

<comp id="1329" class="1005" name="sin_coefficients_table_addr_1_reg_1329">
<pin_list>
<pin id="1330" dir="0" index="0" bw="10" slack="1"/>
<pin id="1331" dir="1" index="1" bw="10" slack="1"/>
</pin_list>
<bind>
<opset="sin_coefficients_table_addr_1 "/>
</bind>
</comp>

<comp id="1334" class="1005" name="cos_coefficients_table_addr_2_reg_1334">
<pin_list>
<pin id="1335" dir="0" index="0" bw="10" slack="1"/>
<pin id="1336" dir="1" index="1" bw="10" slack="1"/>
</pin_list>
<bind>
<opset="cos_coefficients_table_addr_2 "/>
</bind>
</comp>

<comp id="1339" class="1005" name="sin_coefficients_table_addr_2_reg_1339">
<pin_list>
<pin id="1340" dir="0" index="0" bw="10" slack="1"/>
<pin id="1341" dir="1" index="1" bw="10" slack="1"/>
</pin_list>
<bind>
<opset="sin_coefficients_table_addr_2 "/>
</bind>
</comp>

<comp id="1344" class="1005" name="cos_coefficients_table_addr_3_reg_1344">
<pin_list>
<pin id="1345" dir="0" index="0" bw="10" slack="1"/>
<pin id="1346" dir="1" index="1" bw="10" slack="1"/>
</pin_list>
<bind>
<opset="cos_coefficients_table_addr_3 "/>
</bind>
</comp>

<comp id="1349" class="1005" name="sin_coefficients_table_addr_3_reg_1349">
<pin_list>
<pin id="1350" dir="0" index="0" bw="10" slack="1"/>
<pin id="1351" dir="1" index="1" bw="10" slack="1"/>
</pin_list>
<bind>
<opset="sin_coefficients_table_addr_3 "/>
</bind>
</comp>

<comp id="1354" class="1005" name="cos_coefficients_table_addr_4_reg_1354">
<pin_list>
<pin id="1355" dir="0" index="0" bw="10" slack="1"/>
<pin id="1356" dir="1" index="1" bw="10" slack="1"/>
</pin_list>
<bind>
<opset="cos_coefficients_table_addr_4 "/>
</bind>
</comp>

<comp id="1359" class="1005" name="sin_coefficients_table_addr_4_reg_1359">
<pin_list>
<pin id="1360" dir="0" index="0" bw="10" slack="1"/>
<pin id="1361" dir="1" index="1" bw="10" slack="1"/>
</pin_list>
<bind>
<opset="sin_coefficients_table_addr_4 "/>
</bind>
</comp>

<comp id="1364" class="1005" name="cos_coefficients_table_addr_5_reg_1364">
<pin_list>
<pin id="1365" dir="0" index="0" bw="10" slack="1"/>
<pin id="1366" dir="1" index="1" bw="10" slack="1"/>
</pin_list>
<bind>
<opset="cos_coefficients_table_addr_5 "/>
</bind>
</comp>

<comp id="1369" class="1005" name="sin_coefficients_table_addr_5_reg_1369">
<pin_list>
<pin id="1370" dir="0" index="0" bw="10" slack="1"/>
<pin id="1371" dir="1" index="1" bw="10" slack="1"/>
</pin_list>
<bind>
<opset="sin_coefficients_table_addr_5 "/>
</bind>
</comp>

<comp id="1374" class="1005" name="cos_coefficients_table_addr_6_reg_1374">
<pin_list>
<pin id="1375" dir="0" index="0" bw="10" slack="1"/>
<pin id="1376" dir="1" index="1" bw="10" slack="1"/>
</pin_list>
<bind>
<opset="cos_coefficients_table_addr_6 "/>
</bind>
</comp>

<comp id="1379" class="1005" name="sin_coefficients_table_addr_6_reg_1379">
<pin_list>
<pin id="1380" dir="0" index="0" bw="10" slack="1"/>
<pin id="1381" dir="1" index="1" bw="10" slack="1"/>
</pin_list>
<bind>
<opset="sin_coefficients_table_addr_6 "/>
</bind>
</comp>

<comp id="1384" class="1005" name="cos_coefficients_table_addr_7_reg_1384">
<pin_list>
<pin id="1385" dir="0" index="0" bw="10" slack="1"/>
<pin id="1386" dir="1" index="1" bw="10" slack="1"/>
</pin_list>
<bind>
<opset="cos_coefficients_table_addr_7 "/>
</bind>
</comp>

<comp id="1389" class="1005" name="sin_coefficients_table_addr_7_reg_1389">
<pin_list>
<pin id="1390" dir="0" index="0" bw="10" slack="1"/>
<pin id="1391" dir="1" index="1" bw="10" slack="1"/>
</pin_list>
<bind>
<opset="sin_coefficients_table_addr_7 "/>
</bind>
</comp>

<comp id="1394" class="1005" name="c_reg_1394">
<pin_list>
<pin id="1395" dir="0" index="0" bw="32" slack="1"/>
<pin id="1396" dir="1" index="1" bw="32" slack="1"/>
</pin_list>
<bind>
<opset="c "/>
</bind>
</comp>

<comp id="1400" class="1005" name="s_reg_1400">
<pin_list>
<pin id="1401" dir="0" index="0" bw="32" slack="1"/>
<pin id="1402" dir="1" index="1" bw="32" slack="1"/>
</pin_list>
<bind>
<opset="s "/>
</bind>
</comp>

<comp id="1406" class="1005" name="c_1_reg_1406">
<pin_list>
<pin id="1407" dir="0" index="0" bw="32" slack="1"/>
<pin id="1408" dir="1" index="1" bw="32" slack="1"/>
</pin_list>
<bind>
<opset="c_1 "/>
</bind>
</comp>

<comp id="1412" class="1005" name="s_1_reg_1412">
<pin_list>
<pin id="1413" dir="0" index="0" bw="32" slack="1"/>
<pin id="1414" dir="1" index="1" bw="32" slack="1"/>
</pin_list>
<bind>
<opset="s_1 "/>
</bind>
</comp>

<comp id="1418" class="1005" name="c_2_reg_1418">
<pin_list>
<pin id="1419" dir="0" index="0" bw="32" slack="1"/>
<pin id="1420" dir="1" index="1" bw="32" slack="1"/>
</pin_list>
<bind>
<opset="c_2 "/>
</bind>
</comp>

<comp id="1424" class="1005" name="s_2_reg_1424">
<pin_list>
<pin id="1425" dir="0" index="0" bw="32" slack="1"/>
<pin id="1426" dir="1" index="1" bw="32" slack="1"/>
</pin_list>
<bind>
<opset="s_2 "/>
</bind>
</comp>

<comp id="1430" class="1005" name="c_3_reg_1430">
<pin_list>
<pin id="1431" dir="0" index="0" bw="32" slack="1"/>
<pin id="1432" dir="1" index="1" bw="32" slack="1"/>
</pin_list>
<bind>
<opset="c_3 "/>
</bind>
</comp>

<comp id="1436" class="1005" name="s_3_reg_1436">
<pin_list>
<pin id="1437" dir="0" index="0" bw="32" slack="1"/>
<pin id="1438" dir="1" index="1" bw="32" slack="1"/>
</pin_list>
<bind>
<opset="s_3 "/>
</bind>
</comp>

<comp id="1442" class="1005" name="c_4_reg_1442">
<pin_list>
<pin id="1443" dir="0" index="0" bw="32" slack="1"/>
<pin id="1444" dir="1" index="1" bw="32" slack="1"/>
</pin_list>
<bind>
<opset="c_4 "/>
</bind>
</comp>

<comp id="1448" class="1005" name="s_4_reg_1448">
<pin_list>
<pin id="1449" dir="0" index="0" bw="32" slack="1"/>
<pin id="1450" dir="1" index="1" bw="32" slack="1"/>
</pin_list>
<bind>
<opset="s_4 "/>
</bind>
</comp>

<comp id="1454" class="1005" name="c_5_reg_1454">
<pin_list>
<pin id="1455" dir="0" index="0" bw="32" slack="1"/>
<pin id="1456" dir="1" index="1" bw="32" slack="1"/>
</pin_list>
<bind>
<opset="c_5 "/>
</bind>
</comp>

<comp id="1460" class="1005" name="s_5_reg_1460">
<pin_list>
<pin id="1461" dir="0" index="0" bw="32" slack="1"/>
<pin id="1462" dir="1" index="1" bw="32" slack="1"/>
</pin_list>
<bind>
<opset="s_5 "/>
</bind>
</comp>

<comp id="1466" class="1005" name="c_6_reg_1466">
<pin_list>
<pin id="1467" dir="0" index="0" bw="32" slack="1"/>
<pin id="1468" dir="1" index="1" bw="32" slack="1"/>
</pin_list>
<bind>
<opset="c_6 "/>
</bind>
</comp>

<comp id="1472" class="1005" name="s_6_reg_1472">
<pin_list>
<pin id="1473" dir="0" index="0" bw="32" slack="1"/>
<pin id="1474" dir="1" index="1" bw="32" slack="1"/>
</pin_list>
<bind>
<opset="s_6 "/>
</bind>
</comp>

<comp id="1478" class="1005" name="c_7_reg_1478">
<pin_list>
<pin id="1479" dir="0" index="0" bw="32" slack="1"/>
<pin id="1480" dir="1" index="1" bw="32" slack="1"/>
</pin_list>
<bind>
<opset="c_7 "/>
</bind>
</comp>

<comp id="1484" class="1005" name="s_7_reg_1484">
<pin_list>
<pin id="1485" dir="0" index="0" bw="32" slack="1"/>
<pin id="1486" dir="1" index="1" bw="32" slack="1"/>
</pin_list>
<bind>
<opset="s_7 "/>
</bind>
</comp>

<comp id="1490" class="1005" name="t1_reg_1490">
<pin_list>
<pin id="1491" dir="0" index="0" bw="32" slack="1"/>
<pin id="1492" dir="1" index="1" bw="32" slack="1"/>
</pin_list>
<bind>
<opset="t1 "/>
</bind>
</comp>

<comp id="1495" class="1005" name="t2_reg_1495">
<pin_list>
<pin id="1496" dir="0" index="0" bw="32" slack="1"/>
<pin id="1497" dir="1" index="1" bw="32" slack="1"/>
</pin_list>
<bind>
<opset="t2 "/>
</bind>
</comp>

<comp id="1500" class="1005" name="t3_reg_1500">
<pin_list>
<pin id="1501" dir="0" index="0" bw="32" slack="1"/>
<pin id="1502" dir="1" index="1" bw="32" slack="1"/>
</pin_list>
<bind>
<opset="t3 "/>
</bind>
</comp>

<comp id="1505" class="1005" name="t4_reg_1505">
<pin_list>
<pin id="1506" dir="0" index="0" bw="32" slack="1"/>
<pin id="1507" dir="1" index="1" bw="32" slack="1"/>
</pin_list>
<bind>
<opset="t4 "/>
</bind>
</comp>

<comp id="1510" class="1005" name="t1_1_reg_1510">
<pin_list>
<pin id="1511" dir="0" index="0" bw="32" slack="1"/>
<pin id="1512" dir="1" index="1" bw="32" slack="1"/>
</pin_list>
<bind>
<opset="t1_1 "/>
</bind>
</comp>

<comp id="1515" class="1005" name="t2_1_reg_1515">
<pin_list>
<pin id="1516" dir="0" index="0" bw="32" slack="1"/>
<pin id="1517" dir="1" index="1" bw="32" slack="1"/>
</pin_list>
<bind>
<opset="t2_1 "/>
</bind>
</comp>

<comp id="1520" class="1005" name="t3_1_reg_1520">
<pin_list>
<pin id="1521" dir="0" index="0" bw="32" slack="1"/>
<pin id="1522" dir="1" index="1" bw="32" slack="1"/>
</pin_list>
<bind>
<opset="t3_1 "/>
</bind>
</comp>

<comp id="1525" class="1005" name="t4_1_reg_1525">
<pin_list>
<pin id="1526" dir="0" index="0" bw="32" slack="1"/>
<pin id="1527" dir="1" index="1" bw="32" slack="1"/>
</pin_list>
<bind>
<opset="t4_1 "/>
</bind>
</comp>

<comp id="1530" class="1005" name="t1_2_reg_1530">
<pin_list>
<pin id="1531" dir="0" index="0" bw="32" slack="1"/>
<pin id="1532" dir="1" index="1" bw="32" slack="1"/>
</pin_list>
<bind>
<opset="t1_2 "/>
</bind>
</comp>

<comp id="1535" class="1005" name="t2_2_reg_1535">
<pin_list>
<pin id="1536" dir="0" index="0" bw="32" slack="1"/>
<pin id="1537" dir="1" index="1" bw="32" slack="1"/>
</pin_list>
<bind>
<opset="t2_2 "/>
</bind>
</comp>

<comp id="1540" class="1005" name="t3_2_reg_1540">
<pin_list>
<pin id="1541" dir="0" index="0" bw="32" slack="1"/>
<pin id="1542" dir="1" index="1" bw="32" slack="1"/>
</pin_list>
<bind>
<opset="t3_2 "/>
</bind>
</comp>

<comp id="1545" class="1005" name="t4_2_reg_1545">
<pin_list>
<pin id="1546" dir="0" index="0" bw="32" slack="1"/>
<pin id="1547" dir="1" index="1" bw="32" slack="1"/>
</pin_list>
<bind>
<opset="t4_2 "/>
</bind>
</comp>

<comp id="1550" class="1005" name="t1_3_reg_1550">
<pin_list>
<pin id="1551" dir="0" index="0" bw="32" slack="1"/>
<pin id="1552" dir="1" index="1" bw="32" slack="1"/>
</pin_list>
<bind>
<opset="t1_3 "/>
</bind>
</comp>

<comp id="1555" class="1005" name="t2_3_reg_1555">
<pin_list>
<pin id="1556" dir="0" index="0" bw="32" slack="1"/>
<pin id="1557" dir="1" index="1" bw="32" slack="1"/>
</pin_list>
<bind>
<opset="t2_3 "/>
</bind>
</comp>

<comp id="1560" class="1005" name="t3_3_reg_1560">
<pin_list>
<pin id="1561" dir="0" index="0" bw="32" slack="1"/>
<pin id="1562" dir="1" index="1" bw="32" slack="1"/>
</pin_list>
<bind>
<opset="t3_3 "/>
</bind>
</comp>

<comp id="1565" class="1005" name="t4_3_reg_1565">
<pin_list>
<pin id="1566" dir="0" index="0" bw="32" slack="1"/>
<pin id="1567" dir="1" index="1" bw="32" slack="1"/>
</pin_list>
<bind>
<opset="t4_3 "/>
</bind>
</comp>

<comp id="1570" class="1005" name="t1_4_reg_1570">
<pin_list>
<pin id="1571" dir="0" index="0" bw="32" slack="1"/>
<pin id="1572" dir="1" index="1" bw="32" slack="1"/>
</pin_list>
<bind>
<opset="t1_4 "/>
</bind>
</comp>

<comp id="1575" class="1005" name="t2_4_reg_1575">
<pin_list>
<pin id="1576" dir="0" index="0" bw="32" slack="1"/>
<pin id="1577" dir="1" index="1" bw="32" slack="1"/>
</pin_list>
<bind>
<opset="t2_4 "/>
</bind>
</comp>

<comp id="1580" class="1005" name="t3_4_reg_1580">
<pin_list>
<pin id="1581" dir="0" index="0" bw="32" slack="1"/>
<pin id="1582" dir="1" index="1" bw="32" slack="1"/>
</pin_list>
<bind>
<opset="t3_4 "/>
</bind>
</comp>

<comp id="1585" class="1005" name="t4_4_reg_1585">
<pin_list>
<pin id="1586" dir="0" index="0" bw="32" slack="1"/>
<pin id="1587" dir="1" index="1" bw="32" slack="1"/>
</pin_list>
<bind>
<opset="t4_4 "/>
</bind>
</comp>

<comp id="1590" class="1005" name="t1_5_reg_1590">
<pin_list>
<pin id="1591" dir="0" index="0" bw="32" slack="1"/>
<pin id="1592" dir="1" index="1" bw="32" slack="1"/>
</pin_list>
<bind>
<opset="t1_5 "/>
</bind>
</comp>

<comp id="1595" class="1005" name="t2_5_reg_1595">
<pin_list>
<pin id="1596" dir="0" index="0" bw="32" slack="1"/>
<pin id="1597" dir="1" index="1" bw="32" slack="1"/>
</pin_list>
<bind>
<opset="t2_5 "/>
</bind>
</comp>

<comp id="1600" class="1005" name="t3_5_reg_1600">
<pin_list>
<pin id="1601" dir="0" index="0" bw="32" slack="1"/>
<pin id="1602" dir="1" index="1" bw="32" slack="1"/>
</pin_list>
<bind>
<opset="t3_5 "/>
</bind>
</comp>

<comp id="1605" class="1005" name="t4_5_reg_1605">
<pin_list>
<pin id="1606" dir="0" index="0" bw="32" slack="1"/>
<pin id="1607" dir="1" index="1" bw="32" slack="1"/>
</pin_list>
<bind>
<opset="t4_5 "/>
</bind>
</comp>

<comp id="1610" class="1005" name="t1_6_reg_1610">
<pin_list>
<pin id="1611" dir="0" index="0" bw="32" slack="1"/>
<pin id="1612" dir="1" index="1" bw="32" slack="1"/>
</pin_list>
<bind>
<opset="t1_6 "/>
</bind>
</comp>

<comp id="1615" class="1005" name="t2_6_reg_1615">
<pin_list>
<pin id="1616" dir="0" index="0" bw="32" slack="1"/>
<pin id="1617" dir="1" index="1" bw="32" slack="1"/>
</pin_list>
<bind>
<opset="t2_6 "/>
</bind>
</comp>

<comp id="1620" class="1005" name="t3_6_reg_1620">
<pin_list>
<pin id="1621" dir="0" index="0" bw="32" slack="1"/>
<pin id="1622" dir="1" index="1" bw="32" slack="1"/>
</pin_list>
<bind>
<opset="t3_6 "/>
</bind>
</comp>

<comp id="1625" class="1005" name="t4_6_reg_1625">
<pin_list>
<pin id="1626" dir="0" index="0" bw="32" slack="1"/>
<pin id="1627" dir="1" index="1" bw="32" slack="1"/>
</pin_list>
<bind>
<opset="t4_6 "/>
</bind>
</comp>

<comp id="1630" class="1005" name="t1_7_reg_1630">
<pin_list>
<pin id="1631" dir="0" index="0" bw="32" slack="1"/>
<pin id="1632" dir="1" index="1" bw="32" slack="1"/>
</pin_list>
<bind>
<opset="t1_7 "/>
</bind>
</comp>

<comp id="1635" class="1005" name="t2_7_reg_1635">
<pin_list>
<pin id="1636" dir="0" index="0" bw="32" slack="1"/>
<pin id="1637" dir="1" index="1" bw="32" slack="1"/>
</pin_list>
<bind>
<opset="t2_7 "/>
</bind>
</comp>

<comp id="1640" class="1005" name="t3_7_reg_1640">
<pin_list>
<pin id="1641" dir="0" index="0" bw="32" slack="1"/>
<pin id="1642" dir="1" index="1" bw="32" slack="1"/>
</pin_list>
<bind>
<opset="t3_7 "/>
</bind>
</comp>

<comp id="1645" class="1005" name="t4_7_reg_1645">
<pin_list>
<pin id="1646" dir="0" index="0" bw="32" slack="1"/>
<pin id="1647" dir="1" index="1" bw="32" slack="1"/>
</pin_list>
<bind>
<opset="t4_7 "/>
</bind>
</comp>

<comp id="1650" class="1005" name="real_op_0_addr_reg_1650">
<pin_list>
<pin id="1651" dir="0" index="0" bw="7" slack="1"/>
<pin id="1652" dir="1" index="1" bw="7" slack="1"/>
</pin_list>
<bind>
<opset="real_op_0_addr "/>
</bind>
</comp>

<comp id="1656" class="1005" name="imag_op_0_addr_reg_1656">
<pin_list>
<pin id="1657" dir="0" index="0" bw="7" slack="1"/>
<pin id="1658" dir="1" index="1" bw="7" slack="1"/>
</pin_list>
<bind>
<opset="imag_op_0_addr "/>
</bind>
</comp>

<comp id="1662" class="1005" name="real_op_1_addr_reg_1662">
<pin_list>
<pin id="1663" dir="0" index="0" bw="7" slack="1"/>
<pin id="1664" dir="1" index="1" bw="7" slack="1"/>
</pin_list>
<bind>
<opset="real_op_1_addr "/>
</bind>
</comp>

<comp id="1668" class="1005" name="imag_op_1_addr_reg_1668">
<pin_list>
<pin id="1669" dir="0" index="0" bw="7" slack="1"/>
<pin id="1670" dir="1" index="1" bw="7" slack="1"/>
</pin_list>
<bind>
<opset="imag_op_1_addr "/>
</bind>
</comp>

<comp id="1674" class="1005" name="real_op_2_addr_reg_1674">
<pin_list>
<pin id="1675" dir="0" index="0" bw="7" slack="1"/>
<pin id="1676" dir="1" index="1" bw="7" slack="1"/>
</pin_list>
<bind>
<opset="real_op_2_addr "/>
</bind>
</comp>

<comp id="1680" class="1005" name="imag_op_2_addr_reg_1680">
<pin_list>
<pin id="1681" dir="0" index="0" bw="7" slack="1"/>
<pin id="1682" dir="1" index="1" bw="7" slack="1"/>
</pin_list>
<bind>
<opset="imag_op_2_addr "/>
</bind>
</comp>

<comp id="1686" class="1005" name="real_op_3_addr_reg_1686">
<pin_list>
<pin id="1687" dir="0" index="0" bw="7" slack="1"/>
<pin id="1688" dir="1" index="1" bw="7" slack="1"/>
</pin_list>
<bind>
<opset="real_op_3_addr "/>
</bind>
</comp>

<comp id="1692" class="1005" name="imag_op_3_addr_reg_1692">
<pin_list>
<pin id="1693" dir="0" index="0" bw="7" slack="1"/>
<pin id="1694" dir="1" index="1" bw="7" slack="1"/>
</pin_list>
<bind>
<opset="imag_op_3_addr "/>
</bind>
</comp>

<comp id="1698" class="1005" name="real_op_4_addr_reg_1698">
<pin_list>
<pin id="1699" dir="0" index="0" bw="7" slack="1"/>
<pin id="1700" dir="1" index="1" bw="7" slack="1"/>
</pin_list>
<bind>
<opset="real_op_4_addr "/>
</bind>
</comp>

<comp id="1704" class="1005" name="imag_op_4_addr_reg_1704">
<pin_list>
<pin id="1705" dir="0" index="0" bw="7" slack="1"/>
<pin id="1706" dir="1" index="1" bw="7" slack="1"/>
</pin_list>
<bind>
<opset="imag_op_4_addr "/>
</bind>
</comp>

<comp id="1710" class="1005" name="real_op_5_addr_reg_1710">
<pin_list>
<pin id="1711" dir="0" index="0" bw="7" slack="1"/>
<pin id="1712" dir="1" index="1" bw="7" slack="1"/>
</pin_list>
<bind>
<opset="real_op_5_addr "/>
</bind>
</comp>

<comp id="1716" class="1005" name="imag_op_5_addr_reg_1716">
<pin_list>
<pin id="1717" dir="0" index="0" bw="7" slack="1"/>
<pin id="1718" dir="1" index="1" bw="7" slack="1"/>
</pin_list>
<bind>
<opset="imag_op_5_addr "/>
</bind>
</comp>

<comp id="1722" class="1005" name="real_op_6_addr_reg_1722">
<pin_list>
<pin id="1723" dir="0" index="0" bw="7" slack="1"/>
<pin id="1724" dir="1" index="1" bw="7" slack="1"/>
</pin_list>
<bind>
<opset="real_op_6_addr "/>
</bind>
</comp>

<comp id="1728" class="1005" name="imag_op_6_addr_reg_1728">
<pin_list>
<pin id="1729" dir="0" index="0" bw="7" slack="1"/>
<pin id="1730" dir="1" index="1" bw="7" slack="1"/>
</pin_list>
<bind>
<opset="imag_op_6_addr "/>
</bind>
</comp>

<comp id="1734" class="1005" name="real_op_7_addr_reg_1734">
<pin_list>
<pin id="1735" dir="0" index="0" bw="7" slack="1"/>
<pin id="1736" dir="1" index="1" bw="7" slack="1"/>
</pin_list>
<bind>
<opset="real_op_7_addr "/>
</bind>
</comp>

<comp id="1740" class="1005" name="imag_op_7_addr_reg_1740">
<pin_list>
<pin id="1741" dir="0" index="0" bw="7" slack="1"/>
<pin id="1742" dir="1" index="1" bw="7" slack="1"/>
</pin_list>
<bind>
<opset="imag_op_7_addr "/>
</bind>
</comp>

<comp id="1746" class="1005" name="real_result_reg_1746">
<pin_list>
<pin id="1747" dir="0" index="0" bw="32" slack="1"/>
<pin id="1748" dir="1" index="1" bw="32" slack="1"/>
</pin_list>
<bind>
<opset="real_result "/>
</bind>
</comp>

<comp id="1751" class="1005" name="imag_result_reg_1751">
<pin_list>
<pin id="1752" dir="0" index="0" bw="32" slack="1"/>
<pin id="1753" dir="1" index="1" bw="32" slack="1"/>
</pin_list>
<bind>
<opset="imag_result "/>
</bind>
</comp>

<comp id="1756" class="1005" name="real_op_0_load_reg_1756">
<pin_list>
<pin id="1757" dir="0" index="0" bw="32" slack="1"/>
<pin id="1758" dir="1" index="1" bw="32" slack="1"/>
</pin_list>
<bind>
<opset="real_op_0_load "/>
</bind>
</comp>

<comp id="1761" class="1005" name="imag_op_0_load_reg_1761">
<pin_list>
<pin id="1762" dir="0" index="0" bw="32" slack="1"/>
<pin id="1763" dir="1" index="1" bw="32" slack="1"/>
</pin_list>
<bind>
<opset="imag_op_0_load "/>
</bind>
</comp>

<comp id="1766" class="1005" name="real_result_1_reg_1766">
<pin_list>
<pin id="1767" dir="0" index="0" bw="32" slack="1"/>
<pin id="1768" dir="1" index="1" bw="32" slack="1"/>
</pin_list>
<bind>
<opset="real_result_1 "/>
</bind>
</comp>

<comp id="1771" class="1005" name="imag_result_1_reg_1771">
<pin_list>
<pin id="1772" dir="0" index="0" bw="32" slack="1"/>
<pin id="1773" dir="1" index="1" bw="32" slack="1"/>
</pin_list>
<bind>
<opset="imag_result_1 "/>
</bind>
</comp>

<comp id="1776" class="1005" name="real_op_1_load_reg_1776">
<pin_list>
<pin id="1777" dir="0" index="0" bw="32" slack="1"/>
<pin id="1778" dir="1" index="1" bw="32" slack="1"/>
</pin_list>
<bind>
<opset="real_op_1_load "/>
</bind>
</comp>

<comp id="1781" class="1005" name="imag_op_1_load_reg_1781">
<pin_list>
<pin id="1782" dir="0" index="0" bw="32" slack="1"/>
<pin id="1783" dir="1" index="1" bw="32" slack="1"/>
</pin_list>
<bind>
<opset="imag_op_1_load "/>
</bind>
</comp>

<comp id="1786" class="1005" name="real_result_2_reg_1786">
<pin_list>
<pin id="1787" dir="0" index="0" bw="32" slack="1"/>
<pin id="1788" dir="1" index="1" bw="32" slack="1"/>
</pin_list>
<bind>
<opset="real_result_2 "/>
</bind>
</comp>

<comp id="1791" class="1005" name="imag_result_2_reg_1791">
<pin_list>
<pin id="1792" dir="0" index="0" bw="32" slack="1"/>
<pin id="1793" dir="1" index="1" bw="32" slack="1"/>
</pin_list>
<bind>
<opset="imag_result_2 "/>
</bind>
</comp>

<comp id="1796" class="1005" name="real_op_2_load_reg_1796">
<pin_list>
<pin id="1797" dir="0" index="0" bw="32" slack="1"/>
<pin id="1798" dir="1" index="1" bw="32" slack="1"/>
</pin_list>
<bind>
<opset="real_op_2_load "/>
</bind>
</comp>

<comp id="1801" class="1005" name="imag_op_2_load_reg_1801">
<pin_list>
<pin id="1802" dir="0" index="0" bw="32" slack="1"/>
<pin id="1803" dir="1" index="1" bw="32" slack="1"/>
</pin_list>
<bind>
<opset="imag_op_2_load "/>
</bind>
</comp>

<comp id="1806" class="1005" name="real_result_3_reg_1806">
<pin_list>
<pin id="1807" dir="0" index="0" bw="32" slack="1"/>
<pin id="1808" dir="1" index="1" bw="32" slack="1"/>
</pin_list>
<bind>
<opset="real_result_3 "/>
</bind>
</comp>

<comp id="1811" class="1005" name="imag_result_3_reg_1811">
<pin_list>
<pin id="1812" dir="0" index="0" bw="32" slack="1"/>
<pin id="1813" dir="1" index="1" bw="32" slack="1"/>
</pin_list>
<bind>
<opset="imag_result_3 "/>
</bind>
</comp>

<comp id="1816" class="1005" name="real_op_3_load_reg_1816">
<pin_list>
<pin id="1817" dir="0" index="0" bw="32" slack="1"/>
<pin id="1818" dir="1" index="1" bw="32" slack="1"/>
</pin_list>
<bind>
<opset="real_op_3_load "/>
</bind>
</comp>

<comp id="1821" class="1005" name="imag_op_3_load_reg_1821">
<pin_list>
<pin id="1822" dir="0" index="0" bw="32" slack="1"/>
<pin id="1823" dir="1" index="1" bw="32" slack="1"/>
</pin_list>
<bind>
<opset="imag_op_3_load "/>
</bind>
</comp>

<comp id="1826" class="1005" name="real_result_4_reg_1826">
<pin_list>
<pin id="1827" dir="0" index="0" bw="32" slack="1"/>
<pin id="1828" dir="1" index="1" bw="32" slack="1"/>
</pin_list>
<bind>
<opset="real_result_4 "/>
</bind>
</comp>

<comp id="1831" class="1005" name="imag_result_4_reg_1831">
<pin_list>
<pin id="1832" dir="0" index="0" bw="32" slack="1"/>
<pin id="1833" dir="1" index="1" bw="32" slack="1"/>
</pin_list>
<bind>
<opset="imag_result_4 "/>
</bind>
</comp>

<comp id="1836" class="1005" name="real_op_4_load_reg_1836">
<pin_list>
<pin id="1837" dir="0" index="0" bw="32" slack="1"/>
<pin id="1838" dir="1" index="1" bw="32" slack="1"/>
</pin_list>
<bind>
<opset="real_op_4_load "/>
</bind>
</comp>

<comp id="1841" class="1005" name="imag_op_4_load_reg_1841">
<pin_list>
<pin id="1842" dir="0" index="0" bw="32" slack="1"/>
<pin id="1843" dir="1" index="1" bw="32" slack="1"/>
</pin_list>
<bind>
<opset="imag_op_4_load "/>
</bind>
</comp>

<comp id="1846" class="1005" name="real_result_5_reg_1846">
<pin_list>
<pin id="1847" dir="0" index="0" bw="32" slack="1"/>
<pin id="1848" dir="1" index="1" bw="32" slack="1"/>
</pin_list>
<bind>
<opset="real_result_5 "/>
</bind>
</comp>

<comp id="1851" class="1005" name="imag_result_5_reg_1851">
<pin_list>
<pin id="1852" dir="0" index="0" bw="32" slack="1"/>
<pin id="1853" dir="1" index="1" bw="32" slack="1"/>
</pin_list>
<bind>
<opset="imag_result_5 "/>
</bind>
</comp>

<comp id="1856" class="1005" name="real_op_5_load_reg_1856">
<pin_list>
<pin id="1857" dir="0" index="0" bw="32" slack="1"/>
<pin id="1858" dir="1" index="1" bw="32" slack="1"/>
</pin_list>
<bind>
<opset="real_op_5_load "/>
</bind>
</comp>

<comp id="1861" class="1005" name="imag_op_5_load_reg_1861">
<pin_list>
<pin id="1862" dir="0" index="0" bw="32" slack="1"/>
<pin id="1863" dir="1" index="1" bw="32" slack="1"/>
</pin_list>
<bind>
<opset="imag_op_5_load "/>
</bind>
</comp>

<comp id="1866" class="1005" name="real_result_6_reg_1866">
<pin_list>
<pin id="1867" dir="0" index="0" bw="32" slack="1"/>
<pin id="1868" dir="1" index="1" bw="32" slack="1"/>
</pin_list>
<bind>
<opset="real_result_6 "/>
</bind>
</comp>

<comp id="1871" class="1005" name="imag_result_6_reg_1871">
<pin_list>
<pin id="1872" dir="0" index="0" bw="32" slack="1"/>
<pin id="1873" dir="1" index="1" bw="32" slack="1"/>
</pin_list>
<bind>
<opset="imag_result_6 "/>
</bind>
</comp>

<comp id="1876" class="1005" name="real_op_6_load_reg_1876">
<pin_list>
<pin id="1877" dir="0" index="0" bw="32" slack="1"/>
<pin id="1878" dir="1" index="1" bw="32" slack="1"/>
</pin_list>
<bind>
<opset="real_op_6_load "/>
</bind>
</comp>

<comp id="1881" class="1005" name="imag_op_6_load_reg_1881">
<pin_list>
<pin id="1882" dir="0" index="0" bw="32" slack="1"/>
<pin id="1883" dir="1" index="1" bw="32" slack="1"/>
</pin_list>
<bind>
<opset="imag_op_6_load "/>
</bind>
</comp>

<comp id="1886" class="1005" name="real_result_7_reg_1886">
<pin_list>
<pin id="1887" dir="0" index="0" bw="32" slack="1"/>
<pin id="1888" dir="1" index="1" bw="32" slack="1"/>
</pin_list>
<bind>
<opset="real_result_7 "/>
</bind>
</comp>

<comp id="1891" class="1005" name="imag_result_7_reg_1891">
<pin_list>
<pin id="1892" dir="0" index="0" bw="32" slack="1"/>
<pin id="1893" dir="1" index="1" bw="32" slack="1"/>
</pin_list>
<bind>
<opset="imag_result_7 "/>
</bind>
</comp>

<comp id="1896" class="1005" name="real_op_7_load_reg_1896">
<pin_list>
<pin id="1897" dir="0" index="0" bw="32" slack="1"/>
<pin id="1898" dir="1" index="1" bw="32" slack="1"/>
</pin_list>
<bind>
<opset="real_op_7_load "/>
</bind>
</comp>

<comp id="1901" class="1005" name="imag_op_7_load_reg_1901">
<pin_list>
<pin id="1902" dir="0" index="0" bw="32" slack="1"/>
<pin id="1903" dir="1" index="1" bw="32" slack="1"/>
</pin_list>
<bind>
<opset="imag_op_7_load "/>
</bind>
</comp>

<comp id="1906" class="1005" name="bitcast_ln45_reg_1906">
<pin_list>
<pin id="1907" dir="0" index="0" bw="32" slack="1"/>
<pin id="1908" dir="1" index="1" bw="32" slack="1"/>
</pin_list>
<bind>
<opset="bitcast_ln45 "/>
</bind>
</comp>

<comp id="1911" class="1005" name="bitcast_ln46_reg_1911">
<pin_list>
<pin id="1912" dir="0" index="0" bw="32" slack="1"/>
<pin id="1913" dir="1" index="1" bw="32" slack="1"/>
</pin_list>
<bind>
<opset="bitcast_ln46 "/>
</bind>
</comp>

<comp id="1916" class="1005" name="bitcast_ln45_2_reg_1916">
<pin_list>
<pin id="1917" dir="0" index="0" bw="32" slack="1"/>
<pin id="1918" dir="1" index="1" bw="32" slack="1"/>
</pin_list>
<bind>
<opset="bitcast_ln45_2 "/>
</bind>
</comp>

<comp id="1921" class="1005" name="bitcast_ln46_2_reg_1921">
<pin_list>
<pin id="1922" dir="0" index="0" bw="32" slack="1"/>
<pin id="1923" dir="1" index="1" bw="32" slack="1"/>
</pin_list>
<bind>
<opset="bitcast_ln46_2 "/>
</bind>
</comp>

<comp id="1926" class="1005" name="bitcast_ln45_4_reg_1926">
<pin_list>
<pin id="1927" dir="0" index="0" bw="32" slack="1"/>
<pin id="1928" dir="1" index="1" bw="32" slack="1"/>
</pin_list>
<bind>
<opset="bitcast_ln45_4 "/>
</bind>
</comp>

<comp id="1931" class="1005" name="bitcast_ln46_4_reg_1931">
<pin_list>
<pin id="1932" dir="0" index="0" bw="32" slack="1"/>
<pin id="1933" dir="1" index="1" bw="32" slack="1"/>
</pin_list>
<bind>
<opset="bitcast_ln46_4 "/>
</bind>
</comp>

<comp id="1936" class="1005" name="bitcast_ln45_6_reg_1936">
<pin_list>
<pin id="1937" dir="0" index="0" bw="32" slack="1"/>
<pin id="1938" dir="1" index="1" bw="32" slack="1"/>
</pin_list>
<bind>
<opset="bitcast_ln45_6 "/>
</bind>
</comp>

<comp id="1941" class="1005" name="bitcast_ln46_6_reg_1941">
<pin_list>
<pin id="1942" dir="0" index="0" bw="32" slack="1"/>
<pin id="1943" dir="1" index="1" bw="32" slack="1"/>
</pin_list>
<bind>
<opset="bitcast_ln46_6 "/>
</bind>
</comp>

<comp id="1946" class="1005" name="bitcast_ln45_8_reg_1946">
<pin_list>
<pin id="1947" dir="0" index="0" bw="32" slack="1"/>
<pin id="1948" dir="1" index="1" bw="32" slack="1"/>
</pin_list>
<bind>
<opset="bitcast_ln45_8 "/>
</bind>
</comp>

<comp id="1951" class="1005" name="bitcast_ln46_8_reg_1951">
<pin_list>
<pin id="1952" dir="0" index="0" bw="32" slack="1"/>
<pin id="1953" dir="1" index="1" bw="32" slack="1"/>
</pin_list>
<bind>
<opset="bitcast_ln46_8 "/>
</bind>
</comp>

<comp id="1956" class="1005" name="bitcast_ln45_10_reg_1956">
<pin_list>
<pin id="1957" dir="0" index="0" bw="32" slack="1"/>
<pin id="1958" dir="1" index="1" bw="32" slack="1"/>
</pin_list>
<bind>
<opset="bitcast_ln45_10 "/>
</bind>
</comp>

<comp id="1961" class="1005" name="bitcast_ln46_10_reg_1961">
<pin_list>
<pin id="1962" dir="0" index="0" bw="32" slack="1"/>
<pin id="1963" dir="1" index="1" bw="32" slack="1"/>
</pin_list>
<bind>
<opset="bitcast_ln46_10 "/>
</bind>
</comp>

<comp id="1966" class="1005" name="bitcast_ln45_12_reg_1966">
<pin_list>
<pin id="1967" dir="0" index="0" bw="32" slack="1"/>
<pin id="1968" dir="1" index="1" bw="32" slack="1"/>
</pin_list>
<bind>
<opset="bitcast_ln45_12 "/>
</bind>
</comp>

<comp id="1971" class="1005" name="bitcast_ln46_12_reg_1971">
<pin_list>
<pin id="1972" dir="0" index="0" bw="32" slack="1"/>
<pin id="1973" dir="1" index="1" bw="32" slack="1"/>
</pin_list>
<bind>
<opset="bitcast_ln46_12 "/>
</bind>
</comp>

<comp id="1976" class="1005" name="bitcast_ln45_14_reg_1976">
<pin_list>
<pin id="1977" dir="0" index="0" bw="32" slack="1"/>
<pin id="1978" dir="1" index="1" bw="32" slack="1"/>
</pin_list>
<bind>
<opset="bitcast_ln45_14 "/>
</bind>
</comp>

<comp id="1981" class="1005" name="bitcast_ln46_14_reg_1981">
<pin_list>
<pin id="1982" dir="0" index="0" bw="32" slack="1"/>
<pin id="1983" dir="1" index="1" bw="32" slack="1"/>
</pin_list>
<bind>
<opset="bitcast_ln46_14 "/>
</bind>
</comp>

<comp id="1986" class="1005" name="add17_1_reg_1986">
<pin_list>
<pin id="1987" dir="0" index="0" bw="32" slack="1"/>
<pin id="1988" dir="1" index="1" bw="32" slack="1"/>
</pin_list>
<bind>
<opset="add17_1 "/>
</bind>
</comp>

<comp id="1991" class="1005" name="add20_1_reg_1991">
<pin_list>
<pin id="1992" dir="0" index="0" bw="32" slack="1"/>
<pin id="1993" dir="1" index="1" bw="32" slack="1"/>
</pin_list>
<bind>
<opset="add20_1 "/>
</bind>
</comp>

<comp id="1996" class="1005" name="add17_1_1_reg_1996">
<pin_list>
<pin id="1997" dir="0" index="0" bw="32" slack="1"/>
<pin id="1998" dir="1" index="1" bw="32" slack="1"/>
</pin_list>
<bind>
<opset="add17_1_1 "/>
</bind>
</comp>

<comp id="2001" class="1005" name="add20_1_1_reg_2001">
<pin_list>
<pin id="2002" dir="0" index="0" bw="32" slack="1"/>
<pin id="2003" dir="1" index="1" bw="32" slack="1"/>
</pin_list>
<bind>
<opset="add20_1_1 "/>
</bind>
</comp>

<comp id="2006" class="1005" name="add17_1_2_reg_2006">
<pin_list>
<pin id="2007" dir="0" index="0" bw="32" slack="1"/>
<pin id="2008" dir="1" index="1" bw="32" slack="1"/>
</pin_list>
<bind>
<opset="add17_1_2 "/>
</bind>
</comp>

<comp id="2011" class="1005" name="add20_1_2_reg_2011">
<pin_list>
<pin id="2012" dir="0" index="0" bw="32" slack="1"/>
<pin id="2013" dir="1" index="1" bw="32" slack="1"/>
</pin_list>
<bind>
<opset="add20_1_2 "/>
</bind>
</comp>

<comp id="2016" class="1005" name="add17_1_3_reg_2016">
<pin_list>
<pin id="2017" dir="0" index="0" bw="32" slack="1"/>
<pin id="2018" dir="1" index="1" bw="32" slack="1"/>
</pin_list>
<bind>
<opset="add17_1_3 "/>
</bind>
</comp>

<comp id="2021" class="1005" name="add20_1_3_reg_2021">
<pin_list>
<pin id="2022" dir="0" index="0" bw="32" slack="1"/>
<pin id="2023" dir="1" index="1" bw="32" slack="1"/>
</pin_list>
<bind>
<opset="add20_1_3 "/>
</bind>
</comp>

<comp id="2026" class="1005" name="add17_1_4_reg_2026">
<pin_list>
<pin id="2027" dir="0" index="0" bw="32" slack="1"/>
<pin id="2028" dir="1" index="1" bw="32" slack="1"/>
</pin_list>
<bind>
<opset="add17_1_4 "/>
</bind>
</comp>

<comp id="2031" class="1005" name="add20_1_4_reg_2031">
<pin_list>
<pin id="2032" dir="0" index="0" bw="32" slack="1"/>
<pin id="2033" dir="1" index="1" bw="32" slack="1"/>
</pin_list>
<bind>
<opset="add20_1_4 "/>
</bind>
</comp>

<comp id="2036" class="1005" name="add17_1_5_reg_2036">
<pin_list>
<pin id="2037" dir="0" index="0" bw="32" slack="1"/>
<pin id="2038" dir="1" index="1" bw="32" slack="1"/>
</pin_list>
<bind>
<opset="add17_1_5 "/>
</bind>
</comp>

<comp id="2041" class="1005" name="add20_1_5_reg_2041">
<pin_list>
<pin id="2042" dir="0" index="0" bw="32" slack="1"/>
<pin id="2043" dir="1" index="1" bw="32" slack="1"/>
</pin_list>
<bind>
<opset="add20_1_5 "/>
</bind>
</comp>

<comp id="2046" class="1005" name="add17_1_6_reg_2046">
<pin_list>
<pin id="2047" dir="0" index="0" bw="32" slack="1"/>
<pin id="2048" dir="1" index="1" bw="32" slack="1"/>
</pin_list>
<bind>
<opset="add17_1_6 "/>
</bind>
</comp>

<comp id="2051" class="1005" name="add20_1_6_reg_2051">
<pin_list>
<pin id="2052" dir="0" index="0" bw="32" slack="1"/>
<pin id="2053" dir="1" index="1" bw="32" slack="1"/>
</pin_list>
<bind>
<opset="add20_1_6 "/>
</bind>
</comp>

<comp id="2056" class="1005" name="add17_1_7_reg_2056">
<pin_list>
<pin id="2057" dir="0" index="0" bw="32" slack="1"/>
<pin id="2058" dir="1" index="1" bw="32" slack="1"/>
</pin_list>
<bind>
<opset="add17_1_7 "/>
</bind>
</comp>

<comp id="2061" class="1005" name="add20_1_7_reg_2061">
<pin_list>
<pin id="2062" dir="0" index="0" bw="32" slack="1"/>
<pin id="2063" dir="1" index="1" bw="32" slack="1"/>
</pin_list>
<bind>
<opset="add20_1_7 "/>
</bind>
</comp>

</comp_list>

<net_list>
<net id="113"><net_src comp="42" pin="0"/><net_sink comp="110" pin=0"/></net>

<net id="118"><net_src comp="54" pin="0"/><net_sink comp="114" pin=0"/></net>

<net id="119"><net_src comp="36" pin="0"/><net_sink comp="114" pin=1"/></net>

<net id="124"><net_src comp="54" pin="0"/><net_sink comp="120" pin=0"/></net>

<net id="125"><net_src comp="34" pin="0"/><net_sink comp="120" pin=1"/></net>

<net id="130"><net_src comp="56" pin="0"/><net_sink comp="126" pin=0"/></net>

<net id="131"><net_src comp="32" pin="0"/><net_sink comp="126" pin=1"/></net>

<net id="137"><net_src comp="38" pin="0"/><net_sink comp="132" pin=0"/></net>

<net id="138"><net_src comp="98" pin="0"/><net_sink comp="132" pin=1"/></net>

<net id="172"><net_src comp="132" pin="3"/><net_sink comp="139" pin=18"/></net>

<net id="178"><net_src comp="40" pin="0"/><net_sink comp="173" pin=0"/></net>

<net id="179"><net_src comp="98" pin="0"/><net_sink comp="173" pin=1"/></net>

<net id="213"><net_src comp="173" pin="3"/><net_sink comp="180" pin=18"/></net>

<net id="219"><net_src comp="38" pin="0"/><net_sink comp="214" pin=0"/></net>

<net id="220"><net_src comp="98" pin="0"/><net_sink comp="214" pin=1"/></net>

<net id="221"><net_src comp="214" pin="3"/><net_sink comp="139" pin=16"/></net>

<net id="227"><net_src comp="40" pin="0"/><net_sink comp="222" pin=0"/></net>

<net id="228"><net_src comp="98" pin="0"/><net_sink comp="222" pin=1"/></net>

<net id="229"><net_src comp="222" pin="3"/><net_sink comp="180" pin=16"/></net>

<net id="235"><net_src comp="38" pin="0"/><net_sink comp="230" pin=0"/></net>

<net id="236"><net_src comp="98" pin="0"/><net_sink comp="230" pin=1"/></net>

<net id="237"><net_src comp="230" pin="3"/><net_sink comp="139" pin=13"/></net>

<net id="243"><net_src comp="40" pin="0"/><net_sink comp="238" pin=0"/></net>

<net id="244"><net_src comp="98" pin="0"/><net_sink comp="238" pin=1"/></net>

<net id="245"><net_src comp="238" pin="3"/><net_sink comp="180" pin=13"/></net>

<net id="251"><net_src comp="38" pin="0"/><net_sink comp="246" pin=0"/></net>

<net id="252"><net_src comp="98" pin="0"/><net_sink comp="246" pin=1"/></net>

<net id="253"><net_src comp="246" pin="3"/><net_sink comp="139" pin=10"/></net>

<net id="259"><net_src comp="40" pin="0"/><net_sink comp="254" pin=0"/></net>

<net id="260"><net_src comp="98" pin="0"/><net_sink comp="254" pin=1"/></net>

<net id="261"><net_src comp="254" pin="3"/><net_sink comp="180" pin=10"/></net>

<net id="267"><net_src comp="38" pin="0"/><net_sink comp="262" pin=0"/></net>

<net id="268"><net_src comp="98" pin="0"/><net_sink comp="262" pin=1"/></net>

<net id="269"><net_src comp="262" pin="3"/><net_sink comp="139" pin=8"/></net>

<net id="275"><net_src comp="40" pin="0"/><net_sink comp="270" pin=0"/></net>

<net id="276"><net_src comp="98" pin="0"/><net_sink comp="270" pin=1"/></net>

<net id="277"><net_src comp="270" pin="3"/><net_sink comp="180" pin=8"/></net>

<net id="283"><net_src comp="38" pin="0"/><net_sink comp="278" pin=0"/></net>

<net id="284"><net_src comp="98" pin="0"/><net_sink comp="278" pin=1"/></net>

<net id="285"><net_src comp="278" pin="3"/><net_sink comp="139" pin=5"/></net>

<net id="291"><net_src comp="40" pin="0"/><net_sink comp="286" pin=0"/></net>

<net id="292"><net_src comp="98" pin="0"/><net_sink comp="286" pin=1"/></net>

<net id="293"><net_src comp="286" pin="3"/><net_sink comp="180" pin=5"/></net>

<net id="299"><net_src comp="38" pin="0"/><net_sink comp="294" pin=0"/></net>

<net id="300"><net_src comp="98" pin="0"/><net_sink comp="294" pin=1"/></net>

<net id="301"><net_src comp="294" pin="3"/><net_sink comp="139" pin=2"/></net>

<net id="307"><net_src comp="40" pin="0"/><net_sink comp="302" pin=0"/></net>

<net id="308"><net_src comp="98" pin="0"/><net_sink comp="302" pin=1"/></net>

<net id="309"><net_src comp="302" pin="3"/><net_sink comp="180" pin=2"/></net>

<net id="315"><net_src comp="38" pin="0"/><net_sink comp="310" pin=0"/></net>

<net id="316"><net_src comp="98" pin="0"/><net_sink comp="310" pin=1"/></net>

<net id="317"><net_src comp="310" pin="3"/><net_sink comp="139" pin=0"/></net>

<net id="323"><net_src comp="40" pin="0"/><net_sink comp="318" pin=0"/></net>

<net id="324"><net_src comp="98" pin="0"/><net_sink comp="318" pin=1"/></net>

<net id="325"><net_src comp="318" pin="3"/><net_sink comp="180" pin=0"/></net>

<net id="331"><net_src comp="30" pin="0"/><net_sink comp="326" pin=0"/></net>

<net id="332"><net_src comp="98" pin="0"/><net_sink comp="326" pin=1"/></net>

<net id="342"><net_src comp="326" pin="3"/><net_sink comp="333" pin=2"/></net>

<net id="348"><net_src comp="14" pin="0"/><net_sink comp="343" pin=0"/></net>

<net id="349"><net_src comp="98" pin="0"/><net_sink comp="343" pin=1"/></net>

<net id="359"><net_src comp="343" pin="3"/><net_sink comp="350" pin=2"/></net>

<net id="365"><net_src comp="28" pin="0"/><net_sink comp="360" pin=0"/></net>

<net id="366"><net_src comp="98" pin="0"/><net_sink comp="360" pin=1"/></net>

<net id="376"><net_src comp="360" pin="3"/><net_sink comp="367" pin=2"/></net>

<net id="382"><net_src comp="12" pin="0"/><net_sink comp="377" pin=0"/></net>

<net id="383"><net_src comp="98" pin="0"/><net_sink comp="377" pin=1"/></net>

<net id="393"><net_src comp="377" pin="3"/><net_sink comp="384" pin=2"/></net>

<net id="399"><net_src comp="26" pin="0"/><net_sink comp="394" pin=0"/></net>

<net id="400"><net_src comp="98" pin="0"/><net_sink comp="394" pin=1"/></net>

<net id="410"><net_src comp="394" pin="3"/><net_sink comp="401" pin=2"/></net>

<net id="416"><net_src comp="10" pin="0"/><net_sink comp="411" pin=0"/></net>

<net id="417"><net_src comp="98" pin="0"/><net_sink comp="411" pin=1"/></net>

<net id="427"><net_src comp="411" pin="3"/><net_sink comp="418" pin=2"/></net>

<net id="433"><net_src comp="24" pin="0"/><net_sink comp="428" pin=0"/></net>

<net id="434"><net_src comp="98" pin="0"/><net_sink comp="428" pin=1"/></net>

<net id="444"><net_src comp="428" pin="3"/><net_sink comp="435" pin=2"/></net>

<net id="450"><net_src comp="8" pin="0"/><net_sink comp="445" pin=0"/></net>

<net id="451"><net_src comp="98" pin="0"/><net_sink comp="445" pin=1"/></net>

<net id="461"><net_src comp="445" pin="3"/><net_sink comp="452" pin=2"/></net>

<net id="467"><net_src comp="22" pin="0"/><net_sink comp="462" pin=0"/></net>

<net id="468"><net_src comp="98" pin="0"/><net_sink comp="462" pin=1"/></net>

<net id="478"><net_src comp="462" pin="3"/><net_sink comp="469" pin=2"/></net>

<net id="484"><net_src comp="6" pin="0"/><net_sink comp="479" pin=0"/></net>

<net id="485"><net_src comp="98" pin="0"/><net_sink comp="479" pin=1"/></net>

<net id="495"><net_src comp="479" pin="3"/><net_sink comp="486" pin=2"/></net>

<net id="501"><net_src comp="20" pin="0"/><net_sink comp="496" pin=0"/></net>

<net id="502"><net_src comp="98" pin="0"/><net_sink comp="496" pin=1"/></net>

<net id="512"><net_src comp="496" pin="3"/><net_sink comp="503" pin=2"/></net>

<net id="518"><net_src comp="4" pin="0"/><net_sink comp="513" pin=0"/></net>

<net id="519"><net_src comp="98" pin="0"/><net_sink comp="513" pin=1"/></net>

<net id="529"><net_src comp="513" pin="3"/><net_sink comp="520" pin=2"/></net>

<net id="535"><net_src comp="18" pin="0"/><net_sink comp="530" pin=0"/></net>

<net id="536"><net_src comp="98" pin="0"/><net_sink comp="530" pin=1"/></net>

<net id="546"><net_src comp="530" pin="3"/><net_sink comp="537" pin=2"/></net>

<net id="552"><net_src comp="2" pin="0"/><net_sink comp="547" pin=0"/></net>

<net id="553"><net_src comp="98" pin="0"/><net_sink comp="547" pin=1"/></net>

<net id="563"><net_src comp="547" pin="3"/><net_sink comp="554" pin=2"/></net>

<net id="569"><net_src comp="16" pin="0"/><net_sink comp="564" pin=0"/></net>

<net id="570"><net_src comp="98" pin="0"/><net_sink comp="564" pin=1"/></net>

<net id="580"><net_src comp="564" pin="3"/><net_sink comp="571" pin=2"/></net>

<net id="586"><net_src comp="0" pin="0"/><net_sink comp="581" pin=0"/></net>

<net id="587"><net_src comp="98" pin="0"/><net_sink comp="581" pin=1"/></net>

<net id="597"><net_src comp="581" pin="3"/><net_sink comp="588" pin=2"/></net>

<net id="858"><net_src comp="58" pin="0"/><net_sink comp="854" pin=0"/></net>

<net id="867"><net_src comp="60" pin="0"/><net_sink comp="862" pin=0"/></net>

<net id="868"><net_src comp="859" pin="1"/><net_sink comp="862" pin=1"/></net>

<net id="869"><net_src comp="62" pin="0"/><net_sink comp="862" pin=2"/></net>

<net id="873"><net_src comp="859" pin="1"/><net_sink comp="870" pin=0"/></net>

<net id="880"><net_src comp="64" pin="0"/><net_sink comp="874" pin=0"/></net>

<net id="881"><net_src comp="859" pin="1"/><net_sink comp="874" pin=1"/></net>

<net id="882"><net_src comp="66" pin="0"/><net_sink comp="874" pin=2"/></net>

<net id="883"><net_src comp="68" pin="0"/><net_sink comp="874" pin=3"/></net>

<net id="888"><net_src comp="870" pin="1"/><net_sink comp="884" pin=0"/></net>

<net id="889"><net_src comp="126" pin="2"/><net_sink comp="884" pin=1"/></net>

<net id="896"><net_src comp="70" pin="0"/><net_sink comp="890" pin=0"/></net>

<net id="897"><net_src comp="859" pin="1"/><net_sink comp="890" pin=1"/></net>

<net id="898"><net_src comp="42" pin="0"/><net_sink comp="890" pin=2"/></net>

<net id="899"><net_src comp="68" pin="0"/><net_sink comp="890" pin=3"/></net>

<net id="905"><net_src comp="72" pin="0"/><net_sink comp="900" pin=0"/></net>

<net id="906"><net_src comp="890" pin="4"/><net_sink comp="900" pin=1"/></net>

<net id="907"><net_src comp="74" pin="0"/><net_sink comp="900" pin=2"/></net>

<net id="912"><net_src comp="900" pin="3"/><net_sink comp="908" pin=0"/></net>

<net id="913"><net_src comp="126" pin="2"/><net_sink comp="908" pin=1"/></net>

<net id="920"><net_src comp="76" pin="0"/><net_sink comp="914" pin=0"/></net>

<net id="921"><net_src comp="859" pin="1"/><net_sink comp="914" pin=1"/></net>

<net id="922"><net_src comp="78" pin="0"/><net_sink comp="914" pin=2"/></net>

<net id="923"><net_src comp="68" pin="0"/><net_sink comp="914" pin=3"/></net>

<net id="929"><net_src comp="80" pin="0"/><net_sink comp="924" pin=0"/></net>

<net id="930"><net_src comp="914" pin="4"/><net_sink comp="924" pin=1"/></net>

<net id="931"><net_src comp="82" pin="0"/><net_sink comp="924" pin=2"/></net>

<net id="936"><net_src comp="924" pin="3"/><net_sink comp="932" pin=0"/></net>

<net id="937"><net_src comp="126" pin="2"/><net_sink comp="932" pin=1"/></net>

<net id="943"><net_src comp="80" pin="0"/><net_sink comp="938" pin=0"/></net>

<net id="944"><net_src comp="914" pin="4"/><net_sink comp="938" pin=1"/></net>

<net id="945"><net_src comp="84" pin="0"/><net_sink comp="938" pin=2"/></net>

<net id="950"><net_src comp="938" pin="3"/><net_sink comp="946" pin=0"/></net>

<net id="951"><net_src comp="126" pin="2"/><net_sink comp="946" pin=1"/></net>

<net id="957"><net_src comp="86" pin="0"/><net_sink comp="952" pin=0"/></net>

<net id="958"><net_src comp="874" pin="4"/><net_sink comp="952" pin=1"/></net>

<net id="959"><net_src comp="88" pin="0"/><net_sink comp="952" pin=2"/></net>

<net id="964"><net_src comp="952" pin="3"/><net_sink comp="960" pin=0"/></net>

<net id="965"><net_src comp="126" pin="2"/><net_sink comp="960" pin=1"/></net>

<net id="971"><net_src comp="60" pin="0"/><net_sink comp="966" pin=0"/></net>

<net id="972"><net_src comp="859" pin="1"/><net_sink comp="966" pin=1"/></net>

<net id="973"><net_src comp="42" pin="0"/><net_sink comp="966" pin=2"/></net>

<net id="981"><net_src comp="90" pin="0"/><net_sink comp="974" pin=0"/></net>

<net id="982"><net_src comp="874" pin="4"/><net_sink comp="974" pin=1"/></net>

<net id="983"><net_src comp="74" pin="0"/><net_sink comp="974" pin=2"/></net>

<net id="984"><net_src comp="966" pin="3"/><net_sink comp="974" pin=3"/></net>

<net id="985"><net_src comp="74" pin="0"/><net_sink comp="974" pin=4"/></net>

<net id="990"><net_src comp="974" pin="5"/><net_sink comp="986" pin=0"/></net>

<net id="991"><net_src comp="126" pin="2"/><net_sink comp="986" pin=1"/></net>

<net id="997"><net_src comp="86" pin="0"/><net_sink comp="992" pin=0"/></net>

<net id="998"><net_src comp="874" pin="4"/><net_sink comp="992" pin=1"/></net>

<net id="999"><net_src comp="92" pin="0"/><net_sink comp="992" pin=2"/></net>

<net id="1004"><net_src comp="992" pin="3"/><net_sink comp="1000" pin=0"/></net>

<net id="1005"><net_src comp="126" pin="2"/><net_sink comp="1000" pin=1"/></net>

<net id="1011"><net_src comp="86" pin="0"/><net_sink comp="1006" pin=0"/></net>

<net id="1012"><net_src comp="874" pin="4"/><net_sink comp="1006" pin=1"/></net>

<net id="1013"><net_src comp="94" pin="0"/><net_sink comp="1006" pin=2"/></net>

<net id="1018"><net_src comp="1006" pin="3"/><net_sink comp="1014" pin=0"/></net>

<net id="1019"><net_src comp="126" pin="2"/><net_sink comp="1014" pin=1"/></net>

<net id="1024"><net_src comp="859" pin="1"/><net_sink comp="1020" pin=0"/></net>

<net id="1025"><net_src comp="96" pin="0"/><net_sink comp="1020" pin=1"/></net>

<net id="1030"><net_src comp="1020" pin="2"/><net_sink comp="1026" pin=0"/></net>

<net id="1034"><net_src comp="1031" pin="1"/><net_sink comp="132" pin=2"/></net>

<net id="1035"><net_src comp="1031" pin="1"/><net_sink comp="173" pin=2"/></net>

<net id="1039"><net_src comp="1036" pin="1"/><net_sink comp="214" pin=2"/></net>

<net id="1040"><net_src comp="1036" pin="1"/><net_sink comp="222" pin=2"/></net>

<net id="1044"><net_src comp="1041" pin="1"/><net_sink comp="230" pin=2"/></net>

<net id="1045"><net_src comp="1041" pin="1"/><net_sink comp="238" pin=2"/></net>

<net id="1049"><net_src comp="1046" pin="1"/><net_sink comp="246" pin=2"/></net>

<net id="1050"><net_src comp="1046" pin="1"/><net_sink comp="254" pin=2"/></net>

<net id="1054"><net_src comp="1051" pin="1"/><net_sink comp="262" pin=2"/></net>

<net id="1055"><net_src comp="1051" pin="1"/><net_sink comp="270" pin=2"/></net>

<net id="1059"><net_src comp="1056" pin="1"/><net_sink comp="278" pin=2"/></net>

<net id="1060"><net_src comp="1056" pin="1"/><net_sink comp="286" pin=2"/></net>

<net id="1064"><net_src comp="1061" pin="1"/><net_sink comp="294" pin=2"/></net>

<net id="1065"><net_src comp="1061" pin="1"/><net_sink comp="302" pin=2"/></net>

<net id="1069"><net_src comp="1066" pin="1"/><net_sink comp="310" pin=2"/></net>

<net id="1070"><net_src comp="1066" pin="1"/><net_sink comp="318" pin=2"/></net>

<net id="1074"><net_src comp="1071" pin="1"/><net_sink comp="326" pin=2"/></net>

<net id="1075"><net_src comp="1071" pin="1"/><net_sink comp="343" pin=2"/></net>

<net id="1076"><net_src comp="1071" pin="1"/><net_sink comp="360" pin=2"/></net>

<net id="1077"><net_src comp="1071" pin="1"/><net_sink comp="377" pin=2"/></net>

<net id="1078"><net_src comp="1071" pin="1"/><net_sink comp="394" pin=2"/></net>

<net id="1079"><net_src comp="1071" pin="1"/><net_sink comp="411" pin=2"/></net>

<net id="1080"><net_src comp="1071" pin="1"/><net_sink comp="428" pin=2"/></net>

<net id="1081"><net_src comp="1071" pin="1"/><net_sink comp="445" pin=2"/></net>

<net id="1082"><net_src comp="1071" pin="1"/><net_sink comp="462" pin=2"/></net>

<net id="1083"><net_src comp="1071" pin="1"/><net_sink comp="479" pin=2"/></net>

<net id="1084"><net_src comp="1071" pin="1"/><net_sink comp="496" pin=2"/></net>

<net id="1085"><net_src comp="1071" pin="1"/><net_sink comp="513" pin=2"/></net>

<net id="1086"><net_src comp="1071" pin="1"/><net_sink comp="530" pin=2"/></net>

<net id="1087"><net_src comp="1071" pin="1"/><net_sink comp="547" pin=2"/></net>

<net id="1088"><net_src comp="1071" pin="1"/><net_sink comp="564" pin=2"/></net>

<net id="1089"><net_src comp="1071" pin="1"/><net_sink comp="581" pin=2"/></net>

<net id="1093"><net_src comp="1090" pin="1"/><net_sink comp="662" pin=0"/></net>

<net id="1097"><net_src comp="1094" pin="1"/><net_sink comp="666" pin=0"/></net>

<net id="1101"><net_src comp="1098" pin="1"/><net_sink comp="670" pin=0"/></net>

<net id="1105"><net_src comp="1102" pin="1"/><net_sink comp="674" pin=0"/></net>

<net id="1109"><net_src comp="1106" pin="1"/><net_sink comp="678" pin=0"/></net>

<net id="1113"><net_src comp="1110" pin="1"/><net_sink comp="682" pin=0"/></net>

<net id="1117"><net_src comp="1114" pin="1"/><net_sink comp="686" pin=0"/></net>

<net id="1121"><net_src comp="1118" pin="1"/><net_sink comp="690" pin=0"/></net>

<net id="1125"><net_src comp="1122" pin="1"/><net_sink comp="694" pin=0"/></net>

<net id="1129"><net_src comp="1126" pin="1"/><net_sink comp="698" pin=0"/></net>

<net id="1133"><net_src comp="1130" pin="1"/><net_sink comp="702" pin=0"/></net>

<net id="1137"><net_src comp="1134" pin="1"/><net_sink comp="706" pin=0"/></net>

<net id="1141"><net_src comp="1138" pin="1"/><net_sink comp="710" pin=0"/></net>

<net id="1145"><net_src comp="1142" pin="1"/><net_sink comp="714" pin=0"/></net>

<net id="1149"><net_src comp="1146" pin="1"/><net_sink comp="718" pin=0"/></net>

<net id="1153"><net_src comp="1150" pin="1"/><net_sink comp="722" pin=0"/></net>

<net id="1157"><net_src comp="1154" pin="1"/><net_sink comp="333" pin=1"/></net>

<net id="1161"><net_src comp="1158" pin="1"/><net_sink comp="350" pin=1"/></net>

<net id="1165"><net_src comp="1162" pin="1"/><net_sink comp="367" pin=1"/></net>

<net id="1169"><net_src comp="1166" pin="1"/><net_sink comp="384" pin=1"/></net>

<net id="1173"><net_src comp="1170" pin="1"/><net_sink comp="401" pin=1"/></net>

<net id="1177"><net_src comp="1174" pin="1"/><net_sink comp="418" pin=1"/></net>

<net id="1181"><net_src comp="1178" pin="1"/><net_sink comp="435" pin=1"/></net>

<net id="1185"><net_src comp="1182" pin="1"/><net_sink comp="452" pin=1"/></net>

<net id="1189"><net_src comp="1186" pin="1"/><net_sink comp="469" pin=1"/></net>

<net id="1193"><net_src comp="1190" pin="1"/><net_sink comp="486" pin=1"/></net>

<net id="1197"><net_src comp="1194" pin="1"/><net_sink comp="503" pin=1"/></net>

<net id="1201"><net_src comp="1198" pin="1"/><net_sink comp="520" pin=1"/></net>

<net id="1205"><net_src comp="1202" pin="1"/><net_sink comp="537" pin=1"/></net>

<net id="1209"><net_src comp="1206" pin="1"/><net_sink comp="554" pin=1"/></net>

<net id="1213"><net_src comp="1210" pin="1"/><net_sink comp="571" pin=1"/></net>

<net id="1217"><net_src comp="1214" pin="1"/><net_sink comp="588" pin=1"/></net>

<net id="1221"><net_src comp="110" pin="1"/><net_sink comp="1218" pin=0"/></net>

<net id="1222"><net_src comp="1218" pin="1"/><net_sink comp="854" pin=1"/></net>

<net id="1223"><net_src comp="1218" pin="1"/><net_sink comp="859" pin=0"/></net>

<net id="1224"><net_src comp="1218" pin="1"/><net_sink comp="1026" pin=1"/></net>

<net id="1228"><net_src comp="114" pin="2"/><net_sink comp="1225" pin=0"/></net>

<net id="1229"><net_src comp="1225" pin="1"/><net_sink comp="730" pin=0"/></net>

<net id="1230"><net_src comp="1225" pin="1"/><net_sink comp="738" pin=0"/></net>

<net id="1231"><net_src comp="1225" pin="1"/><net_sink comp="746" pin=0"/></net>

<net id="1232"><net_src comp="1225" pin="1"/><net_sink comp="754" pin=0"/></net>

<net id="1233"><net_src comp="1225" pin="1"/><net_sink comp="762" pin=0"/></net>

<net id="1234"><net_src comp="1225" pin="1"/><net_sink comp="770" pin=0"/></net>

<net id="1235"><net_src comp="1225" pin="1"/><net_sink comp="778" pin=0"/></net>

<net id="1236"><net_src comp="1225" pin="1"/><net_sink comp="786" pin=0"/></net>

<net id="1237"><net_src comp="1225" pin="1"/><net_sink comp="794" pin=0"/></net>

<net id="1238"><net_src comp="1225" pin="1"/><net_sink comp="802" pin=0"/></net>

<net id="1239"><net_src comp="1225" pin="1"/><net_sink comp="810" pin=0"/></net>

<net id="1240"><net_src comp="1225" pin="1"/><net_sink comp="818" pin=0"/></net>

<net id="1241"><net_src comp="1225" pin="1"/><net_sink comp="826" pin=0"/></net>

<net id="1242"><net_src comp="1225" pin="1"/><net_sink comp="834" pin=0"/></net>

<net id="1243"><net_src comp="1225" pin="1"/><net_sink comp="842" pin=0"/></net>

<net id="1244"><net_src comp="1225" pin="1"/><net_sink comp="850" pin=0"/></net>

<net id="1248"><net_src comp="120" pin="2"/><net_sink comp="1245" pin=0"/></net>

<net id="1249"><net_src comp="1245" pin="1"/><net_sink comp="726" pin=0"/></net>

<net id="1250"><net_src comp="1245" pin="1"/><net_sink comp="734" pin=0"/></net>

<net id="1251"><net_src comp="1245" pin="1"/><net_sink comp="742" pin=0"/></net>

<net id="1252"><net_src comp="1245" pin="1"/><net_sink comp="750" pin=0"/></net>

<net id="1253"><net_src comp="1245" pin="1"/><net_sink comp="758" pin=0"/></net>

<net id="1254"><net_src comp="1245" pin="1"/><net_sink comp="766" pin=0"/></net>

<net id="1255"><net_src comp="1245" pin="1"/><net_sink comp="774" pin=0"/></net>

<net id="1256"><net_src comp="1245" pin="1"/><net_sink comp="782" pin=0"/></net>

<net id="1257"><net_src comp="1245" pin="1"/><net_sink comp="790" pin=0"/></net>

<net id="1258"><net_src comp="1245" pin="1"/><net_sink comp="798" pin=0"/></net>

<net id="1259"><net_src comp="1245" pin="1"/><net_sink comp="806" pin=0"/></net>

<net id="1260"><net_src comp="1245" pin="1"/><net_sink comp="814" pin=0"/></net>

<net id="1261"><net_src comp="1245" pin="1"/><net_sink comp="822" pin=0"/></net>

<net id="1262"><net_src comp="1245" pin="1"/><net_sink comp="830" pin=0"/></net>

<net id="1263"><net_src comp="1245" pin="1"/><net_sink comp="838" pin=0"/></net>

<net id="1264"><net_src comp="1245" pin="1"/><net_sink comp="846" pin=0"/></net>

<net id="1268"><net_src comp="862" pin="3"/><net_sink comp="1265" pin=0"/></net>

<net id="1272"><net_src comp="874" pin="4"/><net_sink comp="1269" pin=0"/></net>

<net id="1273"><net_src comp="1269" pin="1"/><net_sink comp="1071" pin=0"/></net>

<net id="1277"><net_src comp="884" pin="2"/><net_sink comp="1274" pin=0"/></net>

<net id="1278"><net_src comp="1274" pin="1"/><net_sink comp="1031" pin=0"/></net>

<net id="1282"><net_src comp="908" pin="2"/><net_sink comp="1279" pin=0"/></net>

<net id="1283"><net_src comp="1279" pin="1"/><net_sink comp="1036" pin=0"/></net>

<net id="1287"><net_src comp="932" pin="2"/><net_sink comp="1284" pin=0"/></net>

<net id="1288"><net_src comp="1284" pin="1"/><net_sink comp="1041" pin=0"/></net>

<net id="1292"><net_src comp="946" pin="2"/><net_sink comp="1289" pin=0"/></net>

<net id="1293"><net_src comp="1289" pin="1"/><net_sink comp="1046" pin=0"/></net>

<net id="1297"><net_src comp="960" pin="2"/><net_sink comp="1294" pin=0"/></net>

<net id="1298"><net_src comp="1294" pin="1"/><net_sink comp="1051" pin=0"/></net>

<net id="1302"><net_src comp="986" pin="2"/><net_sink comp="1299" pin=0"/></net>

<net id="1303"><net_src comp="1299" pin="1"/><net_sink comp="1056" pin=0"/></net>

<net id="1307"><net_src comp="1000" pin="2"/><net_sink comp="1304" pin=0"/></net>

<net id="1308"><net_src comp="1304" pin="1"/><net_sink comp="1061" pin=0"/></net>

<net id="1312"><net_src comp="1014" pin="2"/><net_sink comp="1309" pin=0"/></net>

<net id="1313"><net_src comp="1309" pin="1"/><net_sink comp="1066" pin=0"/></net>

<net id="1317"><net_src comp="132" pin="3"/><net_sink comp="1314" pin=0"/></net>

<net id="1318"><net_src comp="1314" pin="1"/><net_sink comp="139" pin=18"/></net>

<net id="1322"><net_src comp="173" pin="3"/><net_sink comp="1319" pin=0"/></net>

<net id="1323"><net_src comp="1319" pin="1"/><net_sink comp="180" pin=18"/></net>

<net id="1327"><net_src comp="214" pin="3"/><net_sink comp="1324" pin=0"/></net>

<net id="1328"><net_src comp="1324" pin="1"/><net_sink comp="139" pin=16"/></net>

<net id="1332"><net_src comp="222" pin="3"/><net_sink comp="1329" pin=0"/></net>

<net id="1333"><net_src comp="1329" pin="1"/><net_sink comp="180" pin=16"/></net>

<net id="1337"><net_src comp="230" pin="3"/><net_sink comp="1334" pin=0"/></net>

<net id="1338"><net_src comp="1334" pin="1"/><net_sink comp="139" pin=13"/></net>

<net id="1342"><net_src comp="238" pin="3"/><net_sink comp="1339" pin=0"/></net>

<net id="1343"><net_src comp="1339" pin="1"/><net_sink comp="180" pin=13"/></net>

<net id="1347"><net_src comp="246" pin="3"/><net_sink comp="1344" pin=0"/></net>

<net id="1348"><net_src comp="1344" pin="1"/><net_sink comp="139" pin=10"/></net>

<net id="1352"><net_src comp="254" pin="3"/><net_sink comp="1349" pin=0"/></net>

<net id="1353"><net_src comp="1349" pin="1"/><net_sink comp="180" pin=10"/></net>

<net id="1357"><net_src comp="262" pin="3"/><net_sink comp="1354" pin=0"/></net>

<net id="1358"><net_src comp="1354" pin="1"/><net_sink comp="139" pin=8"/></net>

<net id="1362"><net_src comp="270" pin="3"/><net_sink comp="1359" pin=0"/></net>

<net id="1363"><net_src comp="1359" pin="1"/><net_sink comp="180" pin=8"/></net>

<net id="1367"><net_src comp="278" pin="3"/><net_sink comp="1364" pin=0"/></net>

<net id="1368"><net_src comp="1364" pin="1"/><net_sink comp="139" pin=5"/></net>

<net id="1372"><net_src comp="286" pin="3"/><net_sink comp="1369" pin=0"/></net>

<net id="1373"><net_src comp="1369" pin="1"/><net_sink comp="180" pin=5"/></net>

<net id="1377"><net_src comp="294" pin="3"/><net_sink comp="1374" pin=0"/></net>

<net id="1378"><net_src comp="1374" pin="1"/><net_sink comp="139" pin=2"/></net>

<net id="1382"><net_src comp="302" pin="3"/><net_sink comp="1379" pin=0"/></net>

<net id="1383"><net_src comp="1379" pin="1"/><net_sink comp="180" pin=2"/></net>

<net id="1387"><net_src comp="310" pin="3"/><net_sink comp="1384" pin=0"/></net>

<net id="1388"><net_src comp="1384" pin="1"/><net_sink comp="139" pin=0"/></net>

<net id="1392"><net_src comp="318" pin="3"/><net_sink comp="1389" pin=0"/></net>

<net id="1393"><net_src comp="1389" pin="1"/><net_sink comp="180" pin=0"/></net>

<net id="1397"><net_src comp="139" pin="31"/><net_sink comp="1394" pin=0"/></net>

<net id="1398"><net_src comp="1394" pin="1"/><net_sink comp="726" pin=1"/></net>

<net id="1399"><net_src comp="1394" pin="1"/><net_sink comp="738" pin=1"/></net>

<net id="1403"><net_src comp="180" pin="31"/><net_sink comp="1400" pin=0"/></net>

<net id="1404"><net_src comp="1400" pin="1"/><net_sink comp="730" pin=1"/></net>

<net id="1405"><net_src comp="1400" pin="1"/><net_sink comp="734" pin=1"/></net>

<net id="1409"><net_src comp="139" pin="27"/><net_sink comp="1406" pin=0"/></net>

<net id="1410"><net_src comp="1406" pin="1"/><net_sink comp="742" pin=1"/></net>

<net id="1411"><net_src comp="1406" pin="1"/><net_sink comp="754" pin=1"/></net>

<net id="1415"><net_src comp="180" pin="27"/><net_sink comp="1412" pin=0"/></net>

<net id="1416"><net_src comp="1412" pin="1"/><net_sink comp="746" pin=1"/></net>

<net id="1417"><net_src comp="1412" pin="1"/><net_sink comp="750" pin=1"/></net>

<net id="1421"><net_src comp="139" pin="23"/><net_sink comp="1418" pin=0"/></net>

<net id="1422"><net_src comp="1418" pin="1"/><net_sink comp="758" pin=1"/></net>

<net id="1423"><net_src comp="1418" pin="1"/><net_sink comp="770" pin=1"/></net>

<net id="1427"><net_src comp="180" pin="23"/><net_sink comp="1424" pin=0"/></net>

<net id="1428"><net_src comp="1424" pin="1"/><net_sink comp="762" pin=1"/></net>

<net id="1429"><net_src comp="1424" pin="1"/><net_sink comp="766" pin=1"/></net>

<net id="1433"><net_src comp="139" pin="19"/><net_sink comp="1430" pin=0"/></net>

<net id="1434"><net_src comp="1430" pin="1"/><net_sink comp="774" pin=1"/></net>

<net id="1435"><net_src comp="1430" pin="1"/><net_sink comp="786" pin=1"/></net>

<net id="1439"><net_src comp="180" pin="19"/><net_sink comp="1436" pin=0"/></net>

<net id="1440"><net_src comp="1436" pin="1"/><net_sink comp="778" pin=1"/></net>

<net id="1441"><net_src comp="1436" pin="1"/><net_sink comp="782" pin=1"/></net>

<net id="1445"><net_src comp="139" pin="15"/><net_sink comp="1442" pin=0"/></net>

<net id="1446"><net_src comp="1442" pin="1"/><net_sink comp="790" pin=1"/></net>

<net id="1447"><net_src comp="1442" pin="1"/><net_sink comp="802" pin=1"/></net>

<net id="1451"><net_src comp="180" pin="15"/><net_sink comp="1448" pin=0"/></net>

<net id="1452"><net_src comp="1448" pin="1"/><net_sink comp="794" pin=1"/></net>

<net id="1453"><net_src comp="1448" pin="1"/><net_sink comp="798" pin=1"/></net>

<net id="1457"><net_src comp="139" pin="11"/><net_sink comp="1454" pin=0"/></net>

<net id="1458"><net_src comp="1454" pin="1"/><net_sink comp="806" pin=1"/></net>

<net id="1459"><net_src comp="1454" pin="1"/><net_sink comp="818" pin=1"/></net>

<net id="1463"><net_src comp="180" pin="11"/><net_sink comp="1460" pin=0"/></net>

<net id="1464"><net_src comp="1460" pin="1"/><net_sink comp="810" pin=1"/></net>

<net id="1465"><net_src comp="1460" pin="1"/><net_sink comp="814" pin=1"/></net>

<net id="1469"><net_src comp="139" pin="7"/><net_sink comp="1466" pin=0"/></net>

<net id="1470"><net_src comp="1466" pin="1"/><net_sink comp="822" pin=1"/></net>

<net id="1471"><net_src comp="1466" pin="1"/><net_sink comp="834" pin=1"/></net>

<net id="1475"><net_src comp="180" pin="7"/><net_sink comp="1472" pin=0"/></net>

<net id="1476"><net_src comp="1472" pin="1"/><net_sink comp="826" pin=1"/></net>

<net id="1477"><net_src comp="1472" pin="1"/><net_sink comp="830" pin=1"/></net>

<net id="1481"><net_src comp="139" pin="3"/><net_sink comp="1478" pin=0"/></net>

<net id="1482"><net_src comp="1478" pin="1"/><net_sink comp="838" pin=1"/></net>

<net id="1483"><net_src comp="1478" pin="1"/><net_sink comp="850" pin=1"/></net>

<net id="1487"><net_src comp="180" pin="3"/><net_sink comp="1484" pin=0"/></net>

<net id="1488"><net_src comp="1484" pin="1"/><net_sink comp="842" pin=1"/></net>

<net id="1489"><net_src comp="1484" pin="1"/><net_sink comp="846" pin=1"/></net>

<net id="1493"><net_src comp="726" pin="2"/><net_sink comp="1490" pin=0"/></net>

<net id="1494"><net_src comp="1490" pin="1"/><net_sink comp="598" pin=0"/></net>

<net id="1498"><net_src comp="730" pin="2"/><net_sink comp="1495" pin=0"/></net>

<net id="1499"><net_src comp="1495" pin="1"/><net_sink comp="598" pin=1"/></net>

<net id="1503"><net_src comp="734" pin="2"/><net_sink comp="1500" pin=0"/></net>

<net id="1504"><net_src comp="1500" pin="1"/><net_sink comp="602" pin=0"/></net>

<net id="1508"><net_src comp="738" pin="2"/><net_sink comp="1505" pin=0"/></net>

<net id="1509"><net_src comp="1505" pin="1"/><net_sink comp="602" pin=1"/></net>

<net id="1513"><net_src comp="742" pin="2"/><net_sink comp="1510" pin=0"/></net>

<net id="1514"><net_src comp="1510" pin="1"/><net_sink comp="606" pin=0"/></net>

<net id="1518"><net_src comp="746" pin="2"/><net_sink comp="1515" pin=0"/></net>

<net id="1519"><net_src comp="1515" pin="1"/><net_sink comp="606" pin=1"/></net>

<net id="1523"><net_src comp="750" pin="2"/><net_sink comp="1520" pin=0"/></net>

<net id="1524"><net_src comp="1520" pin="1"/><net_sink comp="610" pin=0"/></net>

<net id="1528"><net_src comp="754" pin="2"/><net_sink comp="1525" pin=0"/></net>

<net id="1529"><net_src comp="1525" pin="1"/><net_sink comp="610" pin=1"/></net>

<net id="1533"><net_src comp="758" pin="2"/><net_sink comp="1530" pin=0"/></net>

<net id="1534"><net_src comp="1530" pin="1"/><net_sink comp="614" pin=0"/></net>

<net id="1538"><net_src comp="762" pin="2"/><net_sink comp="1535" pin=0"/></net>

<net id="1539"><net_src comp="1535" pin="1"/><net_sink comp="614" pin=1"/></net>

<net id="1543"><net_src comp="766" pin="2"/><net_sink comp="1540" pin=0"/></net>

<net id="1544"><net_src comp="1540" pin="1"/><net_sink comp="618" pin=0"/></net>

<net id="1548"><net_src comp="770" pin="2"/><net_sink comp="1545" pin=0"/></net>

<net id="1549"><net_src comp="1545" pin="1"/><net_sink comp="618" pin=1"/></net>

<net id="1553"><net_src comp="774" pin="2"/><net_sink comp="1550" pin=0"/></net>

<net id="1554"><net_src comp="1550" pin="1"/><net_sink comp="622" pin=0"/></net>

<net id="1558"><net_src comp="778" pin="2"/><net_sink comp="1555" pin=0"/></net>

<net id="1559"><net_src comp="1555" pin="1"/><net_sink comp="622" pin=1"/></net>

<net id="1563"><net_src comp="782" pin="2"/><net_sink comp="1560" pin=0"/></net>

<net id="1564"><net_src comp="1560" pin="1"/><net_sink comp="626" pin=0"/></net>

<net id="1568"><net_src comp="786" pin="2"/><net_sink comp="1565" pin=0"/></net>

<net id="1569"><net_src comp="1565" pin="1"/><net_sink comp="626" pin=1"/></net>

<net id="1573"><net_src comp="790" pin="2"/><net_sink comp="1570" pin=0"/></net>

<net id="1574"><net_src comp="1570" pin="1"/><net_sink comp="630" pin=0"/></net>

<net id="1578"><net_src comp="794" pin="2"/><net_sink comp="1575" pin=0"/></net>

<net id="1579"><net_src comp="1575" pin="1"/><net_sink comp="630" pin=1"/></net>

<net id="1583"><net_src comp="798" pin="2"/><net_sink comp="1580" pin=0"/></net>

<net id="1584"><net_src comp="1580" pin="1"/><net_sink comp="634" pin=0"/></net>

<net id="1588"><net_src comp="802" pin="2"/><net_sink comp="1585" pin=0"/></net>

<net id="1589"><net_src comp="1585" pin="1"/><net_sink comp="634" pin=1"/></net>

<net id="1593"><net_src comp="806" pin="2"/><net_sink comp="1590" pin=0"/></net>

<net id="1594"><net_src comp="1590" pin="1"/><net_sink comp="638" pin=0"/></net>

<net id="1598"><net_src comp="810" pin="2"/><net_sink comp="1595" pin=0"/></net>

<net id="1599"><net_src comp="1595" pin="1"/><net_sink comp="638" pin=1"/></net>

<net id="1603"><net_src comp="814" pin="2"/><net_sink comp="1600" pin=0"/></net>

<net id="1604"><net_src comp="1600" pin="1"/><net_sink comp="642" pin=0"/></net>

<net id="1608"><net_src comp="818" pin="2"/><net_sink comp="1605" pin=0"/></net>

<net id="1609"><net_src comp="1605" pin="1"/><net_sink comp="642" pin=1"/></net>

<net id="1613"><net_src comp="822" pin="2"/><net_sink comp="1610" pin=0"/></net>

<net id="1614"><net_src comp="1610" pin="1"/><net_sink comp="646" pin=0"/></net>

<net id="1618"><net_src comp="826" pin="2"/><net_sink comp="1615" pin=0"/></net>

<net id="1619"><net_src comp="1615" pin="1"/><net_sink comp="646" pin=1"/></net>

<net id="1623"><net_src comp="830" pin="2"/><net_sink comp="1620" pin=0"/></net>

<net id="1624"><net_src comp="1620" pin="1"/><net_sink comp="650" pin=0"/></net>

<net id="1628"><net_src comp="834" pin="2"/><net_sink comp="1625" pin=0"/></net>

<net id="1629"><net_src comp="1625" pin="1"/><net_sink comp="650" pin=1"/></net>

<net id="1633"><net_src comp="838" pin="2"/><net_sink comp="1630" pin=0"/></net>

<net id="1634"><net_src comp="1630" pin="1"/><net_sink comp="654" pin=0"/></net>

<net id="1638"><net_src comp="842" pin="2"/><net_sink comp="1635" pin=0"/></net>

<net id="1639"><net_src comp="1635" pin="1"/><net_sink comp="654" pin=1"/></net>

<net id="1643"><net_src comp="846" pin="2"/><net_sink comp="1640" pin=0"/></net>

<net id="1644"><net_src comp="1640" pin="1"/><net_sink comp="658" pin=0"/></net>

<net id="1648"><net_src comp="850" pin="2"/><net_sink comp="1645" pin=0"/></net>

<net id="1649"><net_src comp="1645" pin="1"/><net_sink comp="658" pin=1"/></net>

<net id="1653"><net_src comp="326" pin="3"/><net_sink comp="1650" pin=0"/></net>

<net id="1654"><net_src comp="1650" pin="1"/><net_sink comp="333" pin=2"/></net>

<net id="1655"><net_src comp="1650" pin="1"/><net_sink comp="333" pin=0"/></net>

<net id="1659"><net_src comp="343" pin="3"/><net_sink comp="1656" pin=0"/></net>

<net id="1660"><net_src comp="1656" pin="1"/><net_sink comp="350" pin=2"/></net>

<net id="1661"><net_src comp="1656" pin="1"/><net_sink comp="350" pin=0"/></net>

<net id="1665"><net_src comp="360" pin="3"/><net_sink comp="1662" pin=0"/></net>

<net id="1666"><net_src comp="1662" pin="1"/><net_sink comp="367" pin=2"/></net>

<net id="1667"><net_src comp="1662" pin="1"/><net_sink comp="367" pin=0"/></net>

<net id="1671"><net_src comp="377" pin="3"/><net_sink comp="1668" pin=0"/></net>

<net id="1672"><net_src comp="1668" pin="1"/><net_sink comp="384" pin=2"/></net>

<net id="1673"><net_src comp="1668" pin="1"/><net_sink comp="384" pin=0"/></net>

<net id="1677"><net_src comp="394" pin="3"/><net_sink comp="1674" pin=0"/></net>

<net id="1678"><net_src comp="1674" pin="1"/><net_sink comp="401" pin=2"/></net>

<net id="1679"><net_src comp="1674" pin="1"/><net_sink comp="401" pin=0"/></net>

<net id="1683"><net_src comp="411" pin="3"/><net_sink comp="1680" pin=0"/></net>

<net id="1684"><net_src comp="1680" pin="1"/><net_sink comp="418" pin=2"/></net>

<net id="1685"><net_src comp="1680" pin="1"/><net_sink comp="418" pin=0"/></net>

<net id="1689"><net_src comp="428" pin="3"/><net_sink comp="1686" pin=0"/></net>

<net id="1690"><net_src comp="1686" pin="1"/><net_sink comp="435" pin=2"/></net>

<net id="1691"><net_src comp="1686" pin="1"/><net_sink comp="435" pin=0"/></net>

<net id="1695"><net_src comp="445" pin="3"/><net_sink comp="1692" pin=0"/></net>

<net id="1696"><net_src comp="1692" pin="1"/><net_sink comp="452" pin=2"/></net>

<net id="1697"><net_src comp="1692" pin="1"/><net_sink comp="452" pin=0"/></net>

<net id="1701"><net_src comp="462" pin="3"/><net_sink comp="1698" pin=0"/></net>

<net id="1702"><net_src comp="1698" pin="1"/><net_sink comp="469" pin=2"/></net>

<net id="1703"><net_src comp="1698" pin="1"/><net_sink comp="469" pin=0"/></net>

<net id="1707"><net_src comp="479" pin="3"/><net_sink comp="1704" pin=0"/></net>

<net id="1708"><net_src comp="1704" pin="1"/><net_sink comp="486" pin=2"/></net>

<net id="1709"><net_src comp="1704" pin="1"/><net_sink comp="486" pin=0"/></net>

<net id="1713"><net_src comp="496" pin="3"/><net_sink comp="1710" pin=0"/></net>

<net id="1714"><net_src comp="1710" pin="1"/><net_sink comp="503" pin=2"/></net>

<net id="1715"><net_src comp="1710" pin="1"/><net_sink comp="503" pin=0"/></net>

<net id="1719"><net_src comp="513" pin="3"/><net_sink comp="1716" pin=0"/></net>

<net id="1720"><net_src comp="1716" pin="1"/><net_sink comp="520" pin=2"/></net>

<net id="1721"><net_src comp="1716" pin="1"/><net_sink comp="520" pin=0"/></net>

<net id="1725"><net_src comp="530" pin="3"/><net_sink comp="1722" pin=0"/></net>

<net id="1726"><net_src comp="1722" pin="1"/><net_sink comp="537" pin=2"/></net>

<net id="1727"><net_src comp="1722" pin="1"/><net_sink comp="537" pin=0"/></net>

<net id="1731"><net_src comp="547" pin="3"/><net_sink comp="1728" pin=0"/></net>

<net id="1732"><net_src comp="1728" pin="1"/><net_sink comp="554" pin=2"/></net>

<net id="1733"><net_src comp="1728" pin="1"/><net_sink comp="554" pin=0"/></net>

<net id="1737"><net_src comp="564" pin="3"/><net_sink comp="1734" pin=0"/></net>

<net id="1738"><net_src comp="1734" pin="1"/><net_sink comp="571" pin=2"/></net>

<net id="1739"><net_src comp="1734" pin="1"/><net_sink comp="571" pin=0"/></net>

<net id="1743"><net_src comp="581" pin="3"/><net_sink comp="1740" pin=0"/></net>

<net id="1744"><net_src comp="1740" pin="1"/><net_sink comp="588" pin=2"/></net>

<net id="1745"><net_src comp="1740" pin="1"/><net_sink comp="588" pin=0"/></net>

<net id="1749"><net_src comp="598" pin="2"/><net_sink comp="1746" pin=0"/></net>

<net id="1750"><net_src comp="1746" pin="1"/><net_sink comp="662" pin=1"/></net>

<net id="1754"><net_src comp="602" pin="2"/><net_sink comp="1751" pin=0"/></net>

<net id="1755"><net_src comp="1751" pin="1"/><net_sink comp="666" pin=1"/></net>

<net id="1759"><net_src comp="333" pin="7"/><net_sink comp="1756" pin=0"/></net>

<net id="1760"><net_src comp="1756" pin="1"/><net_sink comp="1090" pin=0"/></net>

<net id="1764"><net_src comp="350" pin="7"/><net_sink comp="1761" pin=0"/></net>

<net id="1765"><net_src comp="1761" pin="1"/><net_sink comp="1094" pin=0"/></net>

<net id="1769"><net_src comp="606" pin="2"/><net_sink comp="1766" pin=0"/></net>

<net id="1770"><net_src comp="1766" pin="1"/><net_sink comp="670" pin=1"/></net>

<net id="1774"><net_src comp="610" pin="2"/><net_sink comp="1771" pin=0"/></net>

<net id="1775"><net_src comp="1771" pin="1"/><net_sink comp="674" pin=1"/></net>

<net id="1779"><net_src comp="367" pin="7"/><net_sink comp="1776" pin=0"/></net>

<net id="1780"><net_src comp="1776" pin="1"/><net_sink comp="1098" pin=0"/></net>

<net id="1784"><net_src comp="384" pin="7"/><net_sink comp="1781" pin=0"/></net>

<net id="1785"><net_src comp="1781" pin="1"/><net_sink comp="1102" pin=0"/></net>

<net id="1789"><net_src comp="614" pin="2"/><net_sink comp="1786" pin=0"/></net>

<net id="1790"><net_src comp="1786" pin="1"/><net_sink comp="678" pin=1"/></net>

<net id="1794"><net_src comp="618" pin="2"/><net_sink comp="1791" pin=0"/></net>

<net id="1795"><net_src comp="1791" pin="1"/><net_sink comp="682" pin=1"/></net>

<net id="1799"><net_src comp="401" pin="7"/><net_sink comp="1796" pin=0"/></net>

<net id="1800"><net_src comp="1796" pin="1"/><net_sink comp="1106" pin=0"/></net>

<net id="1804"><net_src comp="418" pin="7"/><net_sink comp="1801" pin=0"/></net>

<net id="1805"><net_src comp="1801" pin="1"/><net_sink comp="1110" pin=0"/></net>

<net id="1809"><net_src comp="622" pin="2"/><net_sink comp="1806" pin=0"/></net>

<net id="1810"><net_src comp="1806" pin="1"/><net_sink comp="686" pin=1"/></net>

<net id="1814"><net_src comp="626" pin="2"/><net_sink comp="1811" pin=0"/></net>

<net id="1815"><net_src comp="1811" pin="1"/><net_sink comp="690" pin=1"/></net>

<net id="1819"><net_src comp="435" pin="7"/><net_sink comp="1816" pin=0"/></net>

<net id="1820"><net_src comp="1816" pin="1"/><net_sink comp="1114" pin=0"/></net>

<net id="1824"><net_src comp="452" pin="7"/><net_sink comp="1821" pin=0"/></net>

<net id="1825"><net_src comp="1821" pin="1"/><net_sink comp="1118" pin=0"/></net>

<net id="1829"><net_src comp="630" pin="2"/><net_sink comp="1826" pin=0"/></net>

<net id="1830"><net_src comp="1826" pin="1"/><net_sink comp="694" pin=1"/></net>

<net id="1834"><net_src comp="634" pin="2"/><net_sink comp="1831" pin=0"/></net>

<net id="1835"><net_src comp="1831" pin="1"/><net_sink comp="698" pin=1"/></net>

<net id="1839"><net_src comp="469" pin="7"/><net_sink comp="1836" pin=0"/></net>

<net id="1840"><net_src comp="1836" pin="1"/><net_sink comp="1122" pin=0"/></net>

<net id="1844"><net_src comp="486" pin="7"/><net_sink comp="1841" pin=0"/></net>

<net id="1845"><net_src comp="1841" pin="1"/><net_sink comp="1126" pin=0"/></net>

<net id="1849"><net_src comp="638" pin="2"/><net_sink comp="1846" pin=0"/></net>

<net id="1850"><net_src comp="1846" pin="1"/><net_sink comp="702" pin=1"/></net>

<net id="1854"><net_src comp="642" pin="2"/><net_sink comp="1851" pin=0"/></net>

<net id="1855"><net_src comp="1851" pin="1"/><net_sink comp="706" pin=1"/></net>

<net id="1859"><net_src comp="503" pin="7"/><net_sink comp="1856" pin=0"/></net>

<net id="1860"><net_src comp="1856" pin="1"/><net_sink comp="1130" pin=0"/></net>

<net id="1864"><net_src comp="520" pin="7"/><net_sink comp="1861" pin=0"/></net>

<net id="1865"><net_src comp="1861" pin="1"/><net_sink comp="1134" pin=0"/></net>

<net id="1869"><net_src comp="646" pin="2"/><net_sink comp="1866" pin=0"/></net>

<net id="1870"><net_src comp="1866" pin="1"/><net_sink comp="710" pin=1"/></net>

<net id="1874"><net_src comp="650" pin="2"/><net_sink comp="1871" pin=0"/></net>

<net id="1875"><net_src comp="1871" pin="1"/><net_sink comp="714" pin=1"/></net>

<net id="1879"><net_src comp="537" pin="7"/><net_sink comp="1876" pin=0"/></net>

<net id="1880"><net_src comp="1876" pin="1"/><net_sink comp="1138" pin=0"/></net>

<net id="1884"><net_src comp="554" pin="7"/><net_sink comp="1881" pin=0"/></net>

<net id="1885"><net_src comp="1881" pin="1"/><net_sink comp="1142" pin=0"/></net>

<net id="1889"><net_src comp="654" pin="2"/><net_sink comp="1886" pin=0"/></net>

<net id="1890"><net_src comp="1886" pin="1"/><net_sink comp="718" pin=1"/></net>

<net id="1894"><net_src comp="658" pin="2"/><net_sink comp="1891" pin=0"/></net>

<net id="1895"><net_src comp="1891" pin="1"/><net_sink comp="722" pin=1"/></net>

<net id="1899"><net_src comp="571" pin="7"/><net_sink comp="1896" pin=0"/></net>

<net id="1900"><net_src comp="1896" pin="1"/><net_sink comp="1146" pin=0"/></net>

<net id="1904"><net_src comp="588" pin="7"/><net_sink comp="1901" pin=0"/></net>

<net id="1905"><net_src comp="1901" pin="1"/><net_sink comp="1150" pin=0"/></net>

<net id="1909"><net_src comp="1090" pin="1"/><net_sink comp="1906" pin=0"/></net>

<net id="1910"><net_src comp="1906" pin="1"/><net_sink comp="662" pin=0"/></net>

<net id="1914"><net_src comp="1094" pin="1"/><net_sink comp="1911" pin=0"/></net>

<net id="1915"><net_src comp="1911" pin="1"/><net_sink comp="666" pin=0"/></net>

<net id="1919"><net_src comp="1098" pin="1"/><net_sink comp="1916" pin=0"/></net>

<net id="1920"><net_src comp="1916" pin="1"/><net_sink comp="670" pin=0"/></net>

<net id="1924"><net_src comp="1102" pin="1"/><net_sink comp="1921" pin=0"/></net>

<net id="1925"><net_src comp="1921" pin="1"/><net_sink comp="674" pin=0"/></net>

<net id="1929"><net_src comp="1106" pin="1"/><net_sink comp="1926" pin=0"/></net>

<net id="1930"><net_src comp="1926" pin="1"/><net_sink comp="678" pin=0"/></net>

<net id="1934"><net_src comp="1110" pin="1"/><net_sink comp="1931" pin=0"/></net>

<net id="1935"><net_src comp="1931" pin="1"/><net_sink comp="682" pin=0"/></net>

<net id="1939"><net_src comp="1114" pin="1"/><net_sink comp="1936" pin=0"/></net>

<net id="1940"><net_src comp="1936" pin="1"/><net_sink comp="686" pin=0"/></net>

<net id="1944"><net_src comp="1118" pin="1"/><net_sink comp="1941" pin=0"/></net>

<net id="1945"><net_src comp="1941" pin="1"/><net_sink comp="690" pin=0"/></net>

<net id="1949"><net_src comp="1122" pin="1"/><net_sink comp="1946" pin=0"/></net>

<net id="1950"><net_src comp="1946" pin="1"/><net_sink comp="694" pin=0"/></net>

<net id="1954"><net_src comp="1126" pin="1"/><net_sink comp="1951" pin=0"/></net>

<net id="1955"><net_src comp="1951" pin="1"/><net_sink comp="698" pin=0"/></net>

<net id="1959"><net_src comp="1130" pin="1"/><net_sink comp="1956" pin=0"/></net>

<net id="1960"><net_src comp="1956" pin="1"/><net_sink comp="702" pin=0"/></net>

<net id="1964"><net_src comp="1134" pin="1"/><net_sink comp="1961" pin=0"/></net>

<net id="1965"><net_src comp="1961" pin="1"/><net_sink comp="706" pin=0"/></net>

<net id="1969"><net_src comp="1138" pin="1"/><net_sink comp="1966" pin=0"/></net>

<net id="1970"><net_src comp="1966" pin="1"/><net_sink comp="710" pin=0"/></net>

<net id="1974"><net_src comp="1142" pin="1"/><net_sink comp="1971" pin=0"/></net>

<net id="1975"><net_src comp="1971" pin="1"/><net_sink comp="714" pin=0"/></net>

<net id="1979"><net_src comp="1146" pin="1"/><net_sink comp="1976" pin=0"/></net>

<net id="1980"><net_src comp="1976" pin="1"/><net_sink comp="718" pin=0"/></net>

<net id="1984"><net_src comp="1150" pin="1"/><net_sink comp="1981" pin=0"/></net>

<net id="1985"><net_src comp="1981" pin="1"/><net_sink comp="722" pin=0"/></net>

<net id="1989"><net_src comp="662" pin="2"/><net_sink comp="1986" pin=0"/></net>

<net id="1990"><net_src comp="1986" pin="1"/><net_sink comp="1154" pin=0"/></net>

<net id="1994"><net_src comp="666" pin="2"/><net_sink comp="1991" pin=0"/></net>

<net id="1995"><net_src comp="1991" pin="1"/><net_sink comp="1158" pin=0"/></net>

<net id="1999"><net_src comp="670" pin="2"/><net_sink comp="1996" pin=0"/></net>

<net id="2000"><net_src comp="1996" pin="1"/><net_sink comp="1162" pin=0"/></net>

<net id="2004"><net_src comp="674" pin="2"/><net_sink comp="2001" pin=0"/></net>

<net id="2005"><net_src comp="2001" pin="1"/><net_sink comp="1166" pin=0"/></net>

<net id="2009"><net_src comp="678" pin="2"/><net_sink comp="2006" pin=0"/></net>

<net id="2010"><net_src comp="2006" pin="1"/><net_sink comp="1170" pin=0"/></net>

<net id="2014"><net_src comp="682" pin="2"/><net_sink comp="2011" pin=0"/></net>

<net id="2015"><net_src comp="2011" pin="1"/><net_sink comp="1174" pin=0"/></net>

<net id="2019"><net_src comp="686" pin="2"/><net_sink comp="2016" pin=0"/></net>

<net id="2020"><net_src comp="2016" pin="1"/><net_sink comp="1178" pin=0"/></net>

<net id="2024"><net_src comp="690" pin="2"/><net_sink comp="2021" pin=0"/></net>

<net id="2025"><net_src comp="2021" pin="1"/><net_sink comp="1182" pin=0"/></net>

<net id="2029"><net_src comp="694" pin="2"/><net_sink comp="2026" pin=0"/></net>

<net id="2030"><net_src comp="2026" pin="1"/><net_sink comp="1186" pin=0"/></net>

<net id="2034"><net_src comp="698" pin="2"/><net_sink comp="2031" pin=0"/></net>

<net id="2035"><net_src comp="2031" pin="1"/><net_sink comp="1190" pin=0"/></net>

<net id="2039"><net_src comp="702" pin="2"/><net_sink comp="2036" pin=0"/></net>

<net id="2040"><net_src comp="2036" pin="1"/><net_sink comp="1194" pin=0"/></net>

<net id="2044"><net_src comp="706" pin="2"/><net_sink comp="2041" pin=0"/></net>

<net id="2045"><net_src comp="2041" pin="1"/><net_sink comp="1198" pin=0"/></net>

<net id="2049"><net_src comp="710" pin="2"/><net_sink comp="2046" pin=0"/></net>

<net id="2050"><net_src comp="2046" pin="1"/><net_sink comp="1202" pin=0"/></net>

<net id="2054"><net_src comp="714" pin="2"/><net_sink comp="2051" pin=0"/></net>

<net id="2055"><net_src comp="2051" pin="1"/><net_sink comp="1206" pin=0"/></net>

<net id="2059"><net_src comp="718" pin="2"/><net_sink comp="2056" pin=0"/></net>

<net id="2060"><net_src comp="2056" pin="1"/><net_sink comp="1210" pin=0"/></net>

<net id="2064"><net_src comp="722" pin="2"/><net_sink comp="2061" pin=0"/></net>

<net id="2065"><net_src comp="2061" pin="1"/><net_sink comp="1214" pin=0"/></net>

</net_list>

</model> 
---------------- Datapath Model END ------------------

* FSMD analyzer results:
  - Output states:
	Port: imag_op_7 | {18 }
	Port: imag_op_6 | {18 }
	Port: imag_op_5 | {18 }
	Port: imag_op_4 | {18 }
	Port: imag_op_3 | {18 }
	Port: imag_op_2 | {18 }
	Port: imag_op_1 | {18 }
	Port: imag_op_0 | {18 }
	Port: real_op_7 | {18 }
	Port: real_op_6 | {18 }
	Port: real_op_5 | {18 }
	Port: real_op_4 | {18 }
	Port: real_op_3 | {18 }
	Port: real_op_2 | {18 }
	Port: real_op_1 | {18 }
	Port: real_op_0 | {18 }
 - Input state : 
	Port: dft_Pipeline_INNER_LOOP1 : imag_op_7 | {11 12 }
	Port: dft_Pipeline_INNER_LOOP1 : imag_op_6 | {11 12 }
	Port: dft_Pipeline_INNER_LOOP1 : imag_op_5 | {11 12 }
	Port: dft_Pipeline_INNER_LOOP1 : imag_op_4 | {11 12 }
	Port: dft_Pipeline_INNER_LOOP1 : imag_op_3 | {11 12 }
	Port: dft_Pipeline_INNER_LOOP1 : imag_op_2 | {11 12 }
	Port: dft_Pipeline_INNER_LOOP1 : imag_op_1 | {11 12 }
	Port: dft_Pipeline_INNER_LOOP1 : imag_op_0 | {11 12 }
	Port: dft_Pipeline_INNER_LOOP1 : real_op_7 | {11 12 }
	Port: dft_Pipeline_INNER_LOOP1 : real_op_6 | {11 12 }
	Port: dft_Pipeline_INNER_LOOP1 : real_op_5 | {11 12 }
	Port: dft_Pipeline_INNER_LOOP1 : real_op_4 | {11 12 }
	Port: dft_Pipeline_INNER_LOOP1 : real_op_3 | {11 12 }
	Port: dft_Pipeline_INNER_LOOP1 : real_op_2 | {11 12 }
	Port: dft_Pipeline_INNER_LOOP1 : real_op_1 | {11 12 }
	Port: dft_Pipeline_INNER_LOOP1 : real_op_0 | {11 12 }
	Port: dft_Pipeline_INNER_LOOP1 : or_ln29_7 | {1 }
	Port: dft_Pipeline_INNER_LOOP1 : rs_1 | {1 }
	Port: dft_Pipeline_INNER_LOOP1 : is_1 | {1 }
	Port: dft_Pipeline_INNER_LOOP1 : cos_coefficients_table | {2 3 }
	Port: dft_Pipeline_INNER_LOOP1 : sin_coefficients_table | {2 3 }
  - Chain level:
	State 1
		store_ln22 : 1
		i_1 : 1
		tmp : 2
		br_ln22 : 3
		trunc_ln22 : 2
		lshr_ln22_1 : 2
		idx : 3
		tmp_s : 2
		or_ln29_8 : 3
		idx_1 : 4
		tmp_1 : 2
		or_ln29_9 : 3
		idx_2 : 4
		or_ln29_s : 3
		idx_3 : 4
		or_ln29_1 : 3
		idx_4 : 4
		tmp_2 : 2
		or_ln29_2 : 3
		idx_5 : 4
		or_ln29_3 : 3
		idx_6 : 4
		or_ln29_4 : 3
		idx_7 : 4
		add_ln22 : 2
		store_ln22 : 3
	State 2
		cos_coefficients_table_addr : 1
		c : 2
		sin_coefficients_table_addr : 1
		s : 2
		cos_coefficients_table_addr_1 : 1
		c_1 : 2
		sin_coefficients_table_addr_1 : 1
		s_1 : 2
		cos_coefficients_table_addr_2 : 1
		c_2 : 2
		sin_coefficients_table_addr_2 : 1
		s_2 : 2
		cos_coefficients_table_addr_3 : 1
		c_3 : 2
		sin_coefficients_table_addr_3 : 1
		s_3 : 2
		cos_coefficients_table_addr_4 : 1
		c_4 : 2
		sin_coefficients_table_addr_4 : 1
		s_4 : 2
		cos_coefficients_table_addr_5 : 1
		c_5 : 2
		sin_coefficients_table_addr_5 : 1
		s_5 : 2
		cos_coefficients_table_addr_6 : 1
		c_6 : 2
		sin_coefficients_table_addr_6 : 1
		s_6 : 2
		cos_coefficients_table_addr_7 : 1
		c_7 : 2
		sin_coefficients_table_addr_7 : 1
		s_7 : 2
	State 3
	State 4
	State 5
	State 6
	State 7
	State 8
	State 9
	State 10
	State 11
		real_op_0_addr : 1
		real_op_0_load : 2
		imag_op_0_addr : 1
		imag_op_0_load : 2
		real_op_1_addr : 1
		real_op_1_load : 2
		imag_op_1_addr : 1
		imag_op_1_load : 2
		real_op_2_addr : 1
		real_op_2_load : 2
		imag_op_2_addr : 1
		imag_op_2_load : 2
		real_op_3_addr : 1
		real_op_3_load : 2
		imag_op_3_addr : 1
		imag_op_3_load : 2
		real_op_4_addr : 1
		real_op_4_load : 2
		imag_op_4_addr : 1
		imag_op_4_load : 2
		real_op_5_addr : 1
		real_op_5_load : 2
		imag_op_5_addr : 1
		imag_op_5_load : 2
		real_op_6_addr : 1
		real_op_6_load : 2
		imag_op_6_addr : 1
		imag_op_6_load : 2
		real_op_7_addr : 1
		real_op_7_load : 2
		imag_op_7_addr : 1
		imag_op_7_load : 2
	State 12
	State 13
		add17_1 : 1
		add20_1 : 1
		add17_1_1 : 1
		add20_1_1 : 1
		add17_1_2 : 1
		add20_1_2 : 1
		add17_1_3 : 1
		add20_1_3 : 1
		add17_1_4 : 1
		add20_1_4 : 1
		add17_1_5 : 1
		add20_1_5 : 1
		add17_1_6 : 1
		add20_1_6 : 1
		add17_1_7 : 1
		add20_1_7 : 1
	State 14
	State 15
	State 16
	State 17
	State 18
		store_ln45 : 1
		store_ln46 : 1
		store_ln45 : 1
		store_ln46 : 1
		store_ln45 : 1
		store_ln46 : 1
		store_ln45 : 1
		store_ln46 : 1
		store_ln45 : 1
		store_ln46 : 1
		store_ln45 : 1
		store_ln46 : 1
		store_ln45 : 1
		store_ln46 : 1
		store_ln45 : 1
		store_ln46 : 1


============================================================
+ Verbose Summary: Datapath Resource usage 
============================================================

* Functional unit list:
|----------|----------------------------|---------|---------|---------|
| Operation|       Functional Unit      |   DSP   |    FF   |   LUT   |
|----------|----------------------------|---------|---------|---------|
|          |         grp_fu_598         |    2    |   205   |   390   |
|          |         grp_fu_602         |    2    |   205   |   390   |
|          |         grp_fu_606         |    2    |   205   |   390   |
|          |         grp_fu_610         |    2    |   205   |   390   |
|          |         grp_fu_614         |    2    |   205   |   390   |
|          |         grp_fu_618         |    2    |   205   |   390   |
|          |         grp_fu_622         |    2    |   205   |   390   |
|          |         grp_fu_626         |    2    |   205   |   390   |
|          |         grp_fu_630         |    2    |   205   |   390   |
|          |         grp_fu_634         |    2    |   205   |   390   |
|          |         grp_fu_638         |    2    |   205   |   390   |
|          |         grp_fu_642         |    2    |   205   |   390   |
|          |         grp_fu_646         |    2    |   205   |   390   |
|          |         grp_fu_650         |    2    |   205   |   390   |
|          |         grp_fu_654         |    2    |   205   |   390   |
|   fadd   |         grp_fu_658         |    2    |   205   |   390   |
|          |         grp_fu_662         |    2    |   205   |   390   |
|          |         grp_fu_666         |    2    |   205   |   390   |
|          |         grp_fu_670         |    2    |   205   |   390   |
|          |         grp_fu_674         |    2    |   205   |   390   |
|          |         grp_fu_678         |    2    |   205   |   390   |
|          |         grp_fu_682         |    2    |   205   |   390   |
|          |         grp_fu_686         |    2    |   205   |   390   |
|          |         grp_fu_690         |    2    |   205   |   390   |
|          |         grp_fu_694         |    2    |   205   |   390   |
|          |         grp_fu_698         |    2    |   205   |   390   |
|          |         grp_fu_702         |    2    |   205   |   390   |
|          |         grp_fu_706         |    2    |   205   |   390   |
|          |         grp_fu_710         |    2    |   205   |   390   |
|          |         grp_fu_714         |    2    |   205   |   390   |
|          |         grp_fu_718         |    2    |   205   |   390   |
|          |         grp_fu_722         |    2    |   205   |   390   |
|----------|----------------------------|---------|---------|---------|
|          |         grp_fu_726         |    3    |   143   |   321   |
|          |         grp_fu_730         |    3    |   143   |   321   |
|          |         grp_fu_734         |    3    |   143   |   321   |
|          |         grp_fu_738         |    3    |   143   |   321   |
|          |         grp_fu_742         |    3    |   143   |   321   |
|          |         grp_fu_746         |    3    |   143   |   321   |
|          |         grp_fu_750         |    3    |   143   |   321   |
|          |         grp_fu_754         |    3    |   143   |   321   |
|          |         grp_fu_758         |    3    |   143   |   321   |
|          |         grp_fu_762         |    3    |   143   |   321   |
|          |         grp_fu_766         |    3    |   143   |   321   |
|          |         grp_fu_770         |    3    |   143   |   321   |
|          |         grp_fu_774         |    3    |   143   |   321   |
|          |         grp_fu_778         |    3    |   143   |   321   |
|          |         grp_fu_782         |    3    |   143   |   321   |
|   fmul   |         grp_fu_786         |    3    |   143   |   321   |
|          |         grp_fu_790         |    3    |   143   |   321   |
|          |         grp_fu_794         |    3    |   143   |   321   |
|          |         grp_fu_798         |    3    |   143   |   321   |
|          |         grp_fu_802         |    3    |   143   |   321   |
|          |         grp_fu_806         |    3    |   143   |   321   |
|          |         grp_fu_810         |    3    |   143   |   321   |
|          |         grp_fu_814         |    3    |   143   |   321   |
|          |         grp_fu_818         |    3    |   143   |   321   |
|          |         grp_fu_822         |    3    |   143   |   321   |
|          |         grp_fu_826         |    3    |   143   |   321   |
|          |         grp_fu_830         |    3    |   143   |   321   |
|          |         grp_fu_834         |    3    |   143   |   321   |
|          |         grp_fu_838         |    3    |   143   |   321   |
|          |         grp_fu_842         |    3    |   143   |   321   |
|          |         grp_fu_846         |    3    |   143   |   321   |
|          |         grp_fu_850         |    3    |   143   |   321   |
|----------|----------------------------|---------|---------|---------|
|          |         idx_fu_884         |    0    |    0    |    63   |
|          |        idx_1_fu_908        |    0    |    0    |    63   |
|          |        idx_2_fu_932        |    0    |    0    |    63   |
|    mul   |        idx_3_fu_946        |    0    |    0    |    63   |
|          |        idx_4_fu_960        |    0    |    0    |    63   |
|          |        idx_5_fu_986        |    0    |    0    |    63   |
|          |        idx_6_fu_1000       |    0    |    0    |    63   |
|          |        idx_7_fu_1014       |    0    |    0    |    63   |
|----------|----------------------------|---------|---------|---------|
|    add   |      add_ln22_fu_1020      |    0    |    0    |    12   |
|----------|----------------------------|---------|---------|---------|
|          |    is_1_read_read_fu_114   |    0    |    0    |    0    |
|   read   |    rs_1_read_read_fu_120   |    0    |    0    |    0    |
|          | or_ln29_7_read_read_fu_126 |    0    |    0    |    0    |
|----------|----------------------------|---------|---------|---------|
| bitselect|         tmp_fu_862         |    0    |    0    |    0    |
|          |        tmp_2_fu_966        |    0    |    0    |    0    |
|----------|----------------------------|---------|---------|---------|
|   trunc  |      trunc_ln22_fu_870     |    0    |    0    |    0    |
|----------|----------------------------|---------|---------|---------|
|          |     lshr_ln22_1_fu_874     |    0    |    0    |    0    |
|partselect|        tmp_s_fu_890        |    0    |    0    |    0    |
|          |        tmp_1_fu_914        |    0    |    0    |    0    |
|----------|----------------------------|---------|---------|---------|
|          |      or_ln29_8_fu_900      |    0    |    0    |    0    |
|          |      or_ln29_9_fu_924      |    0    |    0    |    0    |
|          |      or_ln29_s_fu_938      |    0    |    0    |    0    |
|bitconcatenate|      or_ln29_1_fu_952      |    0    |    0    |    0    |
|          |      or_ln29_2_fu_974      |    0    |    0    |    0    |
|          |      or_ln29_3_fu_992      |    0    |    0    |    0    |
|          |      or_ln29_4_fu_1006     |    0    |    0    |    0    |
|----------|----------------------------|---------|---------|---------|
|          |      zext_ln32_fu_1031     |    0    |    0    |    0    |
|          |     zext_ln32_1_fu_1036    |    0    |    0    |    0    |
|          |     zext_ln32_2_fu_1041    |    0    |    0    |    0    |
|          |     zext_ln32_3_fu_1046    |    0    |    0    |    0    |
|   zext   |     zext_ln32_4_fu_1051    |    0    |    0    |    0    |
|          |     zext_ln32_5_fu_1056    |    0    |    0    |    0    |
|          |     zext_ln32_6_fu_1061    |    0    |    0    |    0    |
|          |     zext_ln32_7_fu_1066    |    0    |    0    |    0    |
|          |      zext_ln22_fu_1071     |    0    |    0    |    0    |
|----------|----------------------------|---------|---------|---------|
|   Total  |                            |   160   |  11136  |  23268  |
|----------|----------------------------|---------|---------|---------|

Memories:
N/A

* Register list:
+--------------------------------------+--------+
|                                      |   FF   |
+--------------------------------------+--------+
|          add17_1_1_reg_1996          |   32   |
|          add17_1_2_reg_2006          |   32   |
|          add17_1_3_reg_2016          |   32   |
|          add17_1_4_reg_2026          |   32   |
|          add17_1_5_reg_2036          |   32   |
|          add17_1_6_reg_2046          |   32   |
|          add17_1_7_reg_2056          |   32   |
|           add17_1_reg_1986           |   32   |
|          add20_1_1_reg_2001          |   32   |
|          add20_1_2_reg_2011          |   32   |
|          add20_1_3_reg_2021          |   32   |
|          add20_1_4_reg_2031          |   32   |
|          add20_1_5_reg_2041          |   32   |
|          add20_1_6_reg_2051          |   32   |
|          add20_1_7_reg_2061          |   32   |
|           add20_1_reg_1991           |   32   |
|       bitcast_ln45_10_reg_1956       |   32   |
|       bitcast_ln45_12_reg_1966       |   32   |
|       bitcast_ln45_14_reg_1976       |   32   |
|        bitcast_ln45_2_reg_1916       |   32   |
|        bitcast_ln45_4_reg_1926       |   32   |
|        bitcast_ln45_6_reg_1936       |   32   |
|        bitcast_ln45_8_reg_1946       |   32   |
|         bitcast_ln45_reg_1906        |   32   |
|       bitcast_ln46_10_reg_1961       |   32   |
|       bitcast_ln46_12_reg_1971       |   32   |
|       bitcast_ln46_14_reg_1981       |   32   |
|        bitcast_ln46_2_reg_1921       |   32   |
|        bitcast_ln46_4_reg_1931       |   32   |
|        bitcast_ln46_6_reg_1941       |   32   |
|        bitcast_ln46_8_reg_1951       |   32   |
|         bitcast_ln46_reg_1911        |   32   |
|             c_1_reg_1406             |   32   |
|             c_2_reg_1418             |   32   |
|             c_3_reg_1430             |   32   |
|             c_4_reg_1442             |   32   |
|             c_5_reg_1454             |   32   |
|             c_6_reg_1466             |   32   |
|             c_7_reg_1478             |   32   |
|              c_reg_1394              |   32   |
|cos_coefficients_table_addr_1_reg_1324|   10   |
|cos_coefficients_table_addr_2_reg_1334|   10   |
|cos_coefficients_table_addr_3_reg_1344|   10   |
|cos_coefficients_table_addr_4_reg_1354|   10   |
|cos_coefficients_table_addr_5_reg_1364|   10   |
|cos_coefficients_table_addr_6_reg_1374|   10   |
|cos_coefficients_table_addr_7_reg_1384|   10   |
| cos_coefficients_table_addr_reg_1314 |   10   |
|              i_reg_1218              |   11   |
|            idx_1_reg_1279            |   10   |
|            idx_2_reg_1284            |   10   |
|            idx_3_reg_1289            |   10   |
|            idx_4_reg_1294            |   10   |
|            idx_5_reg_1299            |   10   |
|            idx_6_reg_1304            |   10   |
|            idx_7_reg_1309            |   10   |
|             idx_reg_1274             |   10   |
|        imag_op_0_addr_reg_1656       |    7   |
|        imag_op_0_load_reg_1761       |   32   |
|        imag_op_1_addr_reg_1668       |    7   |
|        imag_op_1_load_reg_1781       |   32   |
|        imag_op_2_addr_reg_1680       |    7   |
|        imag_op_2_load_reg_1801       |   32   |
|        imag_op_3_addr_reg_1692       |    7   |
|        imag_op_3_load_reg_1821       |   32   |
|        imag_op_4_addr_reg_1704       |    7   |
|        imag_op_4_load_reg_1841       |   32   |
|        imag_op_5_addr_reg_1716       |    7   |
|        imag_op_5_load_reg_1861       |   32   |
|        imag_op_6_addr_reg_1728       |    7   |
|        imag_op_6_load_reg_1881       |   32   |
|        imag_op_7_addr_reg_1740       |    7   |
|        imag_op_7_load_reg_1901       |   32   |
|        imag_result_1_reg_1771        |   32   |
|        imag_result_2_reg_1791        |   32   |
|        imag_result_3_reg_1811        |   32   |
|        imag_result_4_reg_1831        |   32   |
|        imag_result_5_reg_1851        |   32   |
|        imag_result_6_reg_1871        |   32   |
|        imag_result_7_reg_1891        |   32   |
|         imag_result_reg_1751         |   32   |
|          is_1_read_reg_1225          |   32   |
|         lshr_ln22_1_reg_1269         |    7   |
|        real_op_0_addr_reg_1650       |    7   |
|        real_op_0_load_reg_1756       |   32   |
|        real_op_1_addr_reg_1662       |    7   |
|        real_op_1_load_reg_1776       |   32   |
|        real_op_2_addr_reg_1674       |    7   |
|        real_op_2_load_reg_1796       |   32   |
|        real_op_3_addr_reg_1686       |    7   |
|        real_op_3_load_reg_1816       |   32   |
|        real_op_4_addr_reg_1698       |    7   |
|        real_op_4_load_reg_1836       |   32   |
|        real_op_5_addr_reg_1710       |    7   |
|        real_op_5_load_reg_1856       |   32   |
|        real_op_6_addr_reg_1722       |    7   |
|        real_op_6_load_reg_1876       |   32   |
|        real_op_7_addr_reg_1734       |    7   |
|        real_op_7_load_reg_1896       |   32   |
|        real_result_1_reg_1766        |   32   |
|        real_result_2_reg_1786        |   32   |
|        real_result_3_reg_1806        |   32   |
|        real_result_4_reg_1826        |   32   |
|        real_result_5_reg_1846        |   32   |
|        real_result_6_reg_1866        |   32   |
|        real_result_7_reg_1886        |   32   |
|         real_result_reg_1746         |   32   |
|          rs_1_read_reg_1245          |   32   |
|             s_1_reg_1412             |   32   |
|             s_2_reg_1424             |   32   |
|             s_3_reg_1436             |   32   |
|             s_4_reg_1448             |   32   |
|             s_5_reg_1460             |   32   |
|             s_6_reg_1472             |   32   |
|             s_7_reg_1484             |   32   |
|              s_reg_1400              |   32   |
|sin_coefficients_table_addr_1_reg_1329|   10   |
|sin_coefficients_table_addr_2_reg_1339|   10   |
|sin_coefficients_table_addr_3_reg_1349|   10   |
|sin_coefficients_table_addr_4_reg_1359|   10   |
|sin_coefficients_table_addr_5_reg_1369|   10   |
|sin_coefficients_table_addr_6_reg_1379|   10   |
|sin_coefficients_table_addr_7_reg_1389|   10   |
| sin_coefficients_table_addr_reg_1319 |   10   |
|             t1_1_reg_1510            |   32   |
|             t1_2_reg_1530            |   32   |
|             t1_3_reg_1550            |   32   |
|             t1_4_reg_1570            |   32   |
|             t1_5_reg_1590            |   32   |
|             t1_6_reg_1610            |   32   |
|             t1_7_reg_1630            |   32   |
|              t1_reg_1490             |   32   |
|             t2_1_reg_1515            |   32   |
|             t2_2_reg_1535            |   32   |
|             t2_3_reg_1555            |   32   |
|             t2_4_reg_1575            |   32   |
|             t2_5_reg_1595            |   32   |
|             t2_6_reg_1615            |   32   |
|             t2_7_reg_1635            |   32   |
|              t2_reg_1495             |   32   |
|             t3_1_reg_1520            |   32   |
|             t3_2_reg_1540            |   32   |
|             t3_3_reg_1560            |   32   |
|             t3_4_reg_1580            |   32   |
|             t3_5_reg_1600            |   32   |
|             t3_6_reg_1620            |   32   |
|             t3_7_reg_1640            |   32   |
|              t3_reg_1500             |   32   |
|             t4_1_reg_1525            |   32   |
|             t4_2_reg_1545            |   32   |
|             t4_3_reg_1565            |   32   |
|             t4_4_reg_1585            |   32   |
|             t4_5_reg_1605            |   32   |
|             t4_6_reg_1625            |   32   |
|             t4_7_reg_1645            |   32   |
|              t4_reg_1505             |   32   |
|             tmp_reg_1265             |    1   |
+--------------------------------------+--------+
|                 Total                |  4019  |
+--------------------------------------+--------+

* Multiplexer (MUX) list: 
|-------------------|------|------|------|--------||---------||---------||---------|
|        Comp       |  Pin | Size |  BW  | S x BW ||  Delay  ||    FF   ||   LUT   |
|-------------------|------|------|------|--------||---------||---------||---------|
| grp_access_fu_139 |  p0  |   2  |  10  |   20   ||    0    ||    9    |
| grp_access_fu_139 |  p2  |   2  |   0  |    0   ||    0    ||    9    |
| grp_access_fu_139 |  p5  |   2  |  32  |   64   ||    0    ||    9    |
| grp_access_fu_139 |  p8  |   2  |  10  |   20   ||    0    ||    9    |
| grp_access_fu_139 |  p10 |   2  |   0  |    0   ||    0    ||    9    |
| grp_access_fu_139 |  p13 |   2  |  32  |   64   ||    0    ||    9    |
| grp_access_fu_139 |  p16 |   2  |  10  |   20   ||    0    ||    9    |
| grp_access_fu_139 |  p18 |   2  |   0  |    0   ||    0    ||    9    |
| grp_access_fu_180 |  p0  |   2  |  10  |   20   ||    0    ||    9    |
| grp_access_fu_180 |  p2  |   2  |   0  |    0   ||    0    ||    9    |
| grp_access_fu_180 |  p5  |   2  |  32  |   64   ||    0    ||    9    |
| grp_access_fu_180 |  p8  |   2  |  10  |   20   ||    0    ||    9    |
| grp_access_fu_180 |  p10 |   2  |   0  |    0   ||    0    ||    9    |
| grp_access_fu_180 |  p13 |   2  |  32  |   64   ||    0    ||    9    |
| grp_access_fu_180 |  p16 |   2  |  10  |   20   ||    0    ||    9    |
| grp_access_fu_180 |  p18 |   2  |   0  |    0   ||    0    ||    9    |
| grp_access_fu_333 |  p2  |   2  |   0  |    0   ||    0    ||    9    |
| grp_access_fu_350 |  p2  |   2  |   0  |    0   ||    0    ||    9    |
| grp_access_fu_367 |  p2  |   2  |   0  |    0   ||    0    ||    9    |
| grp_access_fu_384 |  p2  |   2  |   0  |    0   ||    0    ||    9    |
| grp_access_fu_401 |  p2  |   2  |   0  |    0   ||    0    ||    9    |
| grp_access_fu_418 |  p2  |   2  |   0  |    0   ||    0    ||    9    |
| grp_access_fu_435 |  p2  |   2  |   0  |    0   ||    0    ||    9    |
| grp_access_fu_452 |  p2  |   2  |   0  |    0   ||    0    ||    9    |
| grp_access_fu_469 |  p2  |   2  |   0  |    0   ||    0    ||    9    |
| grp_access_fu_486 |  p2  |   2  |   0  |    0   ||    0    ||    9    |
| grp_access_fu_503 |  p2  |   2  |   0  |    0   ||    0    ||    9    |
| grp_access_fu_520 |  p2  |   2  |   0  |    0   ||    0    ||    9    |
| grp_access_fu_537 |  p2  |   2  |   0  |    0   ||    0    ||    9    |
| grp_access_fu_554 |  p2  |   2  |   0  |    0   ||    0    ||    9    |
| grp_access_fu_571 |  p2  |   2  |   0  |    0   ||    0    ||    9    |
| grp_access_fu_588 |  p2  |   2  |   0  |    0   ||    0    ||    9    |
|     grp_fu_662    |  p0  |   2  |  32  |   64   ||    0    ||    9    |
|     grp_fu_666    |  p0  |   2  |  32  |   64   ||    0    ||    9    |
|     grp_fu_670    |  p0  |   2  |  32  |   64   ||    0    ||    9    |
|     grp_fu_674    |  p0  |   2  |  32  |   64   ||    0    ||    9    |
|     grp_fu_678    |  p0  |   2  |  32  |   64   ||    0    ||    9    |
|     grp_fu_682    |  p0  |   2  |  32  |   64   ||    0    ||    9    |
|     grp_fu_686    |  p0  |   2  |  32  |   64   ||    0    ||    9    |
|     grp_fu_690    |  p0  |   2  |  32  |   64   ||    0    ||    9    |
|     grp_fu_694    |  p0  |   2  |  32  |   64   ||    0    ||    9    |
|     grp_fu_698    |  p0  |   2  |  32  |   64   ||    0    ||    9    |
|     grp_fu_702    |  p0  |   2  |  32  |   64   ||    0    ||    9    |
|     grp_fu_706    |  p0  |   2  |  32  |   64   ||    0    ||    9    |
|     grp_fu_710    |  p0  |   2  |  32  |   64   ||    0    ||    9    |
|     grp_fu_714    |  p0  |   2  |  32  |   64   ||    0    ||    9    |
|     grp_fu_718    |  p0  |   2  |  32  |   64   ||    0    ||    9    |
|     grp_fu_722    |  p0  |   2  |  32  |   64   ||    0    ||    9    |
|-------------------|------|------|------|--------||---------||---------||---------|
|       Total       |      |      |      |  1400  ||  76.224 ||    0    ||   432   |
|-------------------|------|------|------|--------||---------||---------||---------|



* Summary:
+-----------+--------+--------+--------+--------+
|           |   DSP  |  Delay |   FF   |   LUT  |
+-----------+--------+--------+--------+--------+
|  Function |   160  |    -   |  11136 |  23268 |
|   Memory  |    -   |    -   |    -   |    -   |
|Multiplexer|    -   |   76   |    0   |   432  |
|  Register |    -   |    -   |  4019  |    -   |
+-----------+--------+--------+--------+--------+
|   Total   |   160  |   76   |  15155 |  23700 |
+-----------+--------+--------+--------+--------+
