

================================================================
== Vitis HLS Report for 'dft_Pipeline_INNER_LOOP1'
================================================================
* Date:           Fri Nov  7 20:22:19 2025

* Version:        2024.2 (Build 5238294 on Nov  8 2024)
* Project:        dft_1024_opt
* Solution:       hls (Vivado IP Flow Target)
* Product family: zynq
* Target device:  xc7z020-clg400-1


================================================================
== Performance Estimates
================================================================
+ Timing: 
    * Summary: 
    +--------+----------+----------+------------+
    |  Clock |  Target  | Estimated| Uncertainty|
    +--------+----------+----------+------------+
    |ap_clk  |  10.00 ns|  7.256 ns|     2.70 ns|
    +--------+----------+----------+------------+

+ Latency: 
    * Summary: 
    +---------+---------+----------+----------+-----+-----+------------------------------------------------+
    |  Latency (cycles) |  Latency (absolute) |  Interval |                    Pipeline                    |
    |   min   |   max   |    min   |    max   | min | max |                      Type                      |
    +---------+---------+----------+----------+-----+-----+------------------------------------------------+
    |      146|      146|  1.460 us|  1.460 us|  129|  129|  loop auto-rewind stp (delay=0 clock cycles(s))|
    +---------+---------+----------+----------+-----+-----+------------------------------------------------+

    + Detail: 
        * Instance: 
        N/A

        * Loop: 
        +--------------+---------+---------+----------+-----------+-----------+------+----------+
        |              |  Latency (cycles) | Iteration|  Initiation Interval  | Trip |          |
        |   Loop Name  |   min   |   max   |  Latency |  achieved |   target  | Count| Pipelined|
        +--------------+---------+---------+----------+-----------+-----------+------+----------+
        |- INNER_LOOP  |      144|      144|        18|          1|          1|   128|       yes|
        +--------------+---------+---------+----------+-----------+-----------+------+----------+

============================================================
+ Verbose Summary: Synthesis Manager
============================================================
InlineROM: 1
ExposeGlobal: 0
============================================================
+ Verbose Summary: CDFG Model
============================================================
IsTopModel: 0
ResetActiveHigh: 1
IsCombinational: 0
IsDatapathOnly: 0
HasWiredReturn: 1
HasMFsm: 2
HasVarLatency: 1
IsPipeline: 0
IsRtlPipelined: 0
IsInstanceOverlapped: 0
IsDontTouch: 0
HasImplIP: 0
IsGatedGlobalClock: 0

+ Individual pipeline summary: 
  * Pipeline-0: initiation interval (II) = 1, depth = 18


============================================================
+ Verbose Summary: Schedule
============================================================
* Number of FSM states : 18
* Pipeline : 1
  Pipeline-0 : II = 1, D = 18, States = { 1 2 3 4 5 6 7 8 9 10 11 12 13 14 15 16 17 18 }
* Dataflow Pipeline: 0

* FSM state transitions: 
1 --> 2 
2 --> 3 
3 --> 4 
4 --> 5 
5 --> 6 
6 --> 7 
7 --> 8 
8 --> 9 
9 --> 10 
10 --> 11 
11 --> 12 
12 --> 13 
13 --> 14 
14 --> 15 
15 --> 16 
16 --> 17 
17 --> 18 
18 --> 

* FSM state operations: 

State 1 <SV = 0> <Delay = 6.10>
ST_1 : Operation 21 [1/1] (0.00ns)   --->   "%i = alloca i32 1" [../dft.cpp:22]   --->   Operation 21 'alloca' 'i' <Predicate = true> <Delay = 0.00>
ST_1 : Operation 22 [1/1] (0.00ns)   --->   "%specinterface_ln0 = specinterface void @_ssdm_op_SpecInterface, i32 %imag_op_7, void @empty, i32 0, i32 0, void @empty_0, i32 4294967295, i32 0, void @empty_0, void @empty_0, void @empty_0, i32 0, i32 0, i32 0, i32 0, void @empty_0, void @empty_0, i32 4294967295, i32 0, i32 0"   --->   Operation 22 'specinterface' 'specinterface_ln0' <Predicate = true> <Delay = 0.00>
ST_1 : Operation 23 [1/1] (0.00ns)   --->   "%specinterface_ln0 = specinterface void @_ssdm_op_SpecInterface, i32 %imag_op_6, void @empty, i32 0, i32 0, void @empty_0, i32 4294967295, i32 0, void @empty_0, void @empty_0, void @empty_0, i32 0, i32 0, i32 0, i32 0, void @empty_0, void @empty_0, i32 4294967295, i32 0, i32 0"   --->   Operation 23 'specinterface' 'specinterface_ln0' <Predicate = true> <Delay = 0.00>
ST_1 : Operation 24 [1/1] (0.00ns)   --->   "%specinterface_ln0 = specinterface void @_ssdm_op_SpecInterface, i32 %imag_op_5, void @empty, i32 0, i32 0, void @empty_0, i32 4294967295, i32 0, void @empty_0, void @empty_0, void @empty_0, i32 0, i32 0, i32 0, i32 0, void @empty_0, void @empty_0, i32 4294967295, i32 0, i32 0"   --->   Operation 24 'specinterface' 'specinterface_ln0' <Predicate = true> <Delay = 0.00>
ST_1 : Operation 25 [1/1] (0.00ns)   --->   "%specinterface_ln0 = specinterface void @_ssdm_op_SpecInterface, i32 %imag_op_4, void @empty, i32 0, i32 0, void @empty_0, i32 4294967295, i32 0, void @empty_0, void @empty_0, void @empty_0, i32 0, i32 0, i32 0, i32 0, void @empty_0, void @empty_0, i32 4294967295, i32 0, i32 0"   --->   Operation 25 'specinterface' 'specinterface_ln0' <Predicate = true> <Delay = 0.00>
ST_1 : Operation 26 [1/1] (0.00ns)   --->   "%specinterface_ln0 = specinterface void @_ssdm_op_SpecInterface, i32 %imag_op_3, void @empty, i32 0, i32 0, void @empty_0, i32 4294967295, i32 0, void @empty_0, void @empty_0, void @empty_0, i32 0, i32 0, i32 0, i32 0, void @empty_0, void @empty_0, i32 4294967295, i32 0, i32 0"   --->   Operation 26 'specinterface' 'specinterface_ln0' <Predicate = true> <Delay = 0.00>
ST_1 : Operation 27 [1/1] (0.00ns)   --->   "%specinterface_ln0 = specinterface void @_ssdm_op_SpecInterface, i32 %imag_op_2, void @empty, i32 0, i32 0, void @empty_0, i32 4294967295, i32 0, void @empty_0, void @empty_0, void @empty_0, i32 0, i32 0, i32 0, i32 0, void @empty_0, void @empty_0, i32 4294967295, i32 0, i32 0"   --->   Operation 27 'specinterface' 'specinterface_ln0' <Predicate = true> <Delay = 0.00>
ST_1 : Operation 28 [1/1] (0.00ns)   --->   "%specinterface_ln0 = specinterface void @_ssdm_op_SpecInterface, i32 %imag_op_1, void @empty, i32 0, i32 0, void @empty_0, i32 4294967295, i32 0, void @empty_0, void @empty_0, void @empty_0, i32 0, i32 0, i32 0, i32 0, void @empty_0, void @empty_0, i32 4294967295, i32 0, i32 0"   --->   Operation 28 'specinterface' 'specinterface_ln0' <Predicate = true> <Delay = 0.00>
ST_1 : Operation 29 [1/1] (0.00ns)   --->   "%specinterface_ln0 = specinterface void @_ssdm_op_SpecInterface, i32 %imag_op_0, void @empty, i32 0, i32 0, void @empty_0, i32 4294967295, i32 0, void @empty_0, void @empty_0, void @empty_0, i32 0, i32 0, i32 0, i32 0, void @empty_0, void @empty_0, i32 4294967295, i32 0, i32 0"   --->   Operation 29 'specinterface' 'specinterface_ln0' <Predicate = true> <Delay = 0.00>
ST_1 : Operation 30 [1/1] (0.00ns)   --->   "%specinterface_ln0 = specinterface void @_ssdm_op_SpecInterface, i32 %real_op_7, void @empty, i32 0, i32 0, void @empty_0, i32 4294967295, i32 0, void @empty_0, void @empty_0, void @empty_0, i32 0, i32 0, i32 0, i32 0, void @empty_0, void @empty_0, i32 4294967295, i32 0, i32 0"   --->   Operation 30 'specinterface' 'specinterface_ln0' <Predicate = true> <Delay = 0.00>
ST_1 : Operation 31 [1/1] (0.00ns)   --->   "%specinterface_ln0 = specinterface void @_ssdm_op_SpecInterface, i32 %real_op_6, void @empty, i32 0, i32 0, void @empty_0, i32 4294967295, i32 0, void @empty_0, void @empty_0, void @empty_0, i32 0, i32 0, i32 0, i32 0, void @empty_0, void @empty_0, i32 4294967295, i32 0, i32 0"   --->   Operation 31 'specinterface' 'specinterface_ln0' <Predicate = true> <Delay = 0.00>
ST_1 : Operation 32 [1/1] (0.00ns)   --->   "%specinterface_ln0 = specinterface void @_ssdm_op_SpecInterface, i32 %real_op_5, void @empty, i32 0, i32 0, void @empty_0, i32 4294967295, i32 0, void @empty_0, void @empty_0, void @empty_0, i32 0, i32 0, i32 0, i32 0, void @empty_0, void @empty_0, i32 4294967295, i32 0, i32 0"   --->   Operation 32 'specinterface' 'specinterface_ln0' <Predicate = true> <Delay = 0.00>
ST_1 : Operation 33 [1/1] (0.00ns)   --->   "%specinterface_ln0 = specinterface void @_ssdm_op_SpecInterface, i32 %real_op_4, void @empty, i32 0, i32 0, void @empty_0, i32 4294967295, i32 0, void @empty_0, void @empty_0, void @empty_0, i32 0, i32 0, i32 0, i32 0, void @empty_0, void @empty_0, i32 4294967295, i32 0, i32 0"   --->   Operation 33 'specinterface' 'specinterface_ln0' <Predicate = true> <Delay = 0.00>
ST_1 : Operation 34 [1/1] (0.00ns)   --->   "%specinterface_ln0 = specinterface void @_ssdm_op_SpecInterface, i32 %real_op_3, void @empty, i32 0, i32 0, void @empty_0, i32 4294967295, i32 0, void @empty_0, void @empty_0, void @empty_0, i32 0, i32 0, i32 0, i32 0, void @empty_0, void @empty_0, i32 4294967295, i32 0, i32 0"   --->   Operation 34 'specinterface' 'specinterface_ln0' <Predicate = true> <Delay = 0.00>
ST_1 : Operation 35 [1/1] (0.00ns)   --->   "%specinterface_ln0 = specinterface void @_ssdm_op_SpecInterface, i32 %real_op_2, void @empty, i32 0, i32 0, void @empty_0, i32 4294967295, i32 0, void @empty_0, void @empty_0, void @empty_0, i32 0, i32 0, i32 0, i32 0, void @empty_0, void @empty_0, i32 4294967295, i32 0, i32 0"   --->   Operation 35 'specinterface' 'specinterface_ln0' <Predicate = true> <Delay = 0.00>
ST_1 : Operation 36 [1/1] (0.00ns)   --->   "%specinterface_ln0 = specinterface void @_ssdm_op_SpecInterface, i32 %real_op_1, void @empty, i32 0, i32 0, void @empty_0, i32 4294967295, i32 0, void @empty_0, void @empty_0, void @empty_0, i32 0, i32 0, i32 0, i32 0, void @empty_0, void @empty_0, i32 4294967295, i32 0, i32 0"   --->   Operation 36 'specinterface' 'specinterface_ln0' <Predicate = true> <Delay = 0.00>
ST_1 : Operation 37 [1/1] (0.00ns)   --->   "%specinterface_ln0 = specinterface void @_ssdm_op_SpecInterface, i32 %real_op_0, void @empty, i32 0, i32 0, void @empty_0, i32 4294967295, i32 0, void @empty_0, void @empty_0, void @empty_0, i32 0, i32 0, i32 0, i32 0, void @empty_0, void @empty_0, i32 4294967295, i32 0, i32 0"   --->   Operation 37 'specinterface' 'specinterface_ln0' <Predicate = true> <Delay = 0.00>
ST_1 : Operation 38 [1/1] (0.00ns)   --->   "%is_1_read = read i32 @_ssdm_op_Read.ap_auto.float, i32 %is_1"   --->   Operation 38 'read' 'is_1_read' <Predicate = true> <Delay = 0.00>
ST_1 : Operation 39 [1/1] (0.00ns)   --->   "%rs_1_read = read i32 @_ssdm_op_Read.ap_auto.float, i32 %rs_1"   --->   Operation 39 'read' 'rs_1_read' <Predicate = true> <Delay = 0.00>
ST_1 : Operation 40 [1/1] (0.00ns)   --->   "%or_ln29_7_read = read i10 @_ssdm_op_Read.ap_auto.i10, i10 %or_ln29_7"   --->   Operation 40 'read' 'or_ln29_7_read' <Predicate = true> <Delay = 0.00>
ST_1 : Operation 41 [1/1] (1.58ns)   --->   "%store_ln22 = store i11 0, i11 %i" [../dft.cpp:22]   --->   Operation 41 'store' 'store_ln22' <Predicate = true> <Delay = 1.58>
ST_1 : Operation 42 [1/1] (0.00ns)   --->   "%br_ln0 = br void %for.inc.1"   --->   Operation 42 'br' 'br_ln0' <Predicate = true> <Delay = 0.00>
ST_1 : Operation 43 [1/1] (0.00ns)   --->   "%i_1 = load i11 %i" [../dft.cpp:22]   --->   Operation 43 'load' 'i_1' <Predicate = true> <Delay = 0.00>
ST_1 : Operation 44 [1/1] (0.00ns)   --->   "%tmp = bitselect i1 @_ssdm_op_BitSelect.i1.i11.i32, i11 %i_1, i32 10" [../dft.cpp:22]   --->   Operation 44 'bitselect' 'tmp' <Predicate = true> <Delay = 0.00>
ST_1 : Operation 45 [1/1] (0.00ns)   --->   "%br_ln22 = br i1 %tmp, void %for.inc.1.split, void %for.inc21.1.exitStub" [../dft.cpp:22]   --->   Operation 45 'br' 'br_ln22' <Predicate = true> <Delay = 0.00>
ST_1 : Operation 46 [1/1] (0.00ns)   --->   "%trunc_ln22 = trunc i11 %i_1" [../dft.cpp:22]   --->   Operation 46 'trunc' 'trunc_ln22' <Predicate = (!tmp)> <Delay = 0.00>
ST_1 : Operation 47 [1/1] (0.00ns)   --->   "%lshr_ln22_1 = partselect i7 @_ssdm_op_PartSelect.i7.i11.i32.i32, i11 %i_1, i32 3, i32 9" [../dft.cpp:22]   --->   Operation 47 'partselect' 'lshr_ln22_1' <Predicate = (!tmp)> <Delay = 0.00>
ST_1 : Operation 48 [1/1] (4.52ns)   --->   "%idx = mul i10 %trunc_ln22, i10 %or_ln29_7_read" [../dft.cpp:29]   --->   Operation 48 'mul' 'idx' <Predicate = (!tmp)> <Delay = 4.52> <CoreInst = "Multiplier">   --->   Core 3 'Multiplier' <Latency = 0> <II = 1> <Delay = 4.52> <FuncUnit> <Opcode : 'mul'> <InPorts = 2> <OutPorts = 1>
ST_1 : Operation 49 [1/1] (0.00ns)   --->   "%tmp_s = partselect i9 @_ssdm_op_PartSelect.i9.i11.i32.i32, i11 %i_1, i32 1, i32 9" [../dft.cpp:29]   --->   Operation 49 'partselect' 'tmp_s' <Predicate = (!tmp)> <Delay = 0.00>
ST_1 : Operation 50 [1/1] (0.00ns)   --->   "%or_ln29_8 = bitconcatenate i10 @_ssdm_op_BitConcatenate.i10.i9.i1, i9 %tmp_s, i1 1" [../dft.cpp:29]   --->   Operation 50 'bitconcatenate' 'or_ln29_8' <Predicate = (!tmp)> <Delay = 0.00>
ST_1 : Operation 51 [1/1] (4.52ns)   --->   "%idx_1 = mul i10 %or_ln29_8, i10 %or_ln29_7_read" [../dft.cpp:29]   --->   Operation 51 'mul' 'idx_1' <Predicate = (!tmp)> <Delay = 4.52> <CoreInst = "Multiplier">   --->   Core 3 'Multiplier' <Latency = 0> <II = 1> <Delay = 4.52> <FuncUnit> <Opcode : 'mul'> <InPorts = 2> <OutPorts = 1>
ST_1 : Operation 52 [1/1] (0.00ns)   --->   "%tmp_1 = partselect i8 @_ssdm_op_PartSelect.i8.i11.i32.i32, i11 %i_1, i32 2, i32 9" [../dft.cpp:29]   --->   Operation 52 'partselect' 'tmp_1' <Predicate = (!tmp)> <Delay = 0.00>
ST_1 : Operation 53 [1/1] (0.00ns)   --->   "%or_ln29_9 = bitconcatenate i10 @_ssdm_op_BitConcatenate.i10.i8.i2, i8 %tmp_1, i2 2" [../dft.cpp:29]   --->   Operation 53 'bitconcatenate' 'or_ln29_9' <Predicate = (!tmp)> <Delay = 0.00>
ST_1 : Operation 54 [1/1] (4.52ns)   --->   "%idx_2 = mul i10 %or_ln29_9, i10 %or_ln29_7_read" [../dft.cpp:29]   --->   Operation 54 'mul' 'idx_2' <Predicate = (!tmp)> <Delay = 4.52> <CoreInst = "Multiplier">   --->   Core 3 'Multiplier' <Latency = 0> <II = 1> <Delay = 4.52> <FuncUnit> <Opcode : 'mul'> <InPorts = 2> <OutPorts = 1>
ST_1 : Operation 55 [1/1] (0.00ns)   --->   "%or_ln29_s = bitconcatenate i10 @_ssdm_op_BitConcatenate.i10.i8.i2, i8 %tmp_1, i2 3" [../dft.cpp:29]   --->   Operation 55 'bitconcatenate' 'or_ln29_s' <Predicate = (!tmp)> <Delay = 0.00>
ST_1 : Operation 56 [1/1] (4.52ns)   --->   "%idx_3 = mul i10 %or_ln29_s, i10 %or_ln29_7_read" [../dft.cpp:29]   --->   Operation 56 'mul' 'idx_3' <Predicate = (!tmp)> <Delay = 4.52> <CoreInst = "Multiplier">   --->   Core 3 'Multiplier' <Latency = 0> <II = 1> <Delay = 4.52> <FuncUnit> <Opcode : 'mul'> <InPorts = 2> <OutPorts = 1>
ST_1 : Operation 57 [1/1] (0.00ns)   --->   "%or_ln29_1 = bitconcatenate i10 @_ssdm_op_BitConcatenate.i10.i7.i3, i7 %lshr_ln22_1, i3 4" [../dft.cpp:29]   --->   Operation 57 'bitconcatenate' 'or_ln29_1' <Predicate = (!tmp)> <Delay = 0.00>
ST_1 : Operation 58 [1/1] (4.52ns)   --->   "%idx_4 = mul i10 %or_ln29_1, i10 %or_ln29_7_read" [../dft.cpp:29]   --->   Operation 58 'mul' 'idx_4' <Predicate = (!tmp)> <Delay = 4.52> <CoreInst = "Multiplier">   --->   Core 3 'Multiplier' <Latency = 0> <II = 1> <Delay = 4.52> <FuncUnit> <Opcode : 'mul'> <InPorts = 2> <OutPorts = 1>
ST_1 : Operation 59 [1/1] (0.00ns)   --->   "%tmp_2 = bitselect i1 @_ssdm_op_BitSelect.i1.i11.i32, i11 %i_1, i32 1" [../dft.cpp:29]   --->   Operation 59 'bitselect' 'tmp_2' <Predicate = (!tmp)> <Delay = 0.00>
ST_1 : Operation 60 [1/1] (0.00ns)   --->   "%or_ln29_2 = bitconcatenate i10 @_ssdm_op_BitConcatenate.i10.i7.i1.i1.i1, i7 %lshr_ln22_1, i1 1, i1 %tmp_2, i1 1" [../dft.cpp:29]   --->   Operation 60 'bitconcatenate' 'or_ln29_2' <Predicate = (!tmp)> <Delay = 0.00>
ST_1 : Operation 61 [1/1] (4.52ns)   --->   "%idx_5 = mul i10 %or_ln29_2, i10 %or_ln29_7_read" [../dft.cpp:29]   --->   Operation 61 'mul' 'idx_5' <Predicate = (!tmp)> <Delay = 4.52> <CoreInst = "Multiplier">   --->   Core 3 'Multiplier' <Latency = 0> <II = 1> <Delay = 4.52> <FuncUnit> <Opcode : 'mul'> <InPorts = 2> <OutPorts = 1>
ST_1 : Operation 62 [1/1] (0.00ns)   --->   "%or_ln29_3 = bitconcatenate i10 @_ssdm_op_BitConcatenate.i10.i7.i3, i7 %lshr_ln22_1, i3 6" [../dft.cpp:29]   --->   Operation 62 'bitconcatenate' 'or_ln29_3' <Predicate = (!tmp)> <Delay = 0.00>
ST_1 : Operation 63 [1/1] (4.52ns)   --->   "%idx_6 = mul i10 %or_ln29_3, i10 %or_ln29_7_read" [../dft.cpp:29]   --->   Operation 63 'mul' 'idx_6' <Predicate = (!tmp)> <Delay = 4.52> <CoreInst = "Multiplier">   --->   Core 3 'Multiplier' <Latency = 0> <II = 1> <Delay = 4.52> <FuncUnit> <Opcode : 'mul'> <InPorts = 2> <OutPorts = 1>
ST_1 : Operation 64 [1/1] (0.00ns)   --->   "%or_ln29_4 = bitconcatenate i10 @_ssdm_op_BitConcatenate.i10.i7.i3, i7 %lshr_ln22_1, i3 7" [../dft.cpp:29]   --->   Operation 64 'bitconcatenate' 'or_ln29_4' <Predicate = (!tmp)> <Delay = 0.00>
ST_1 : Operation 65 [1/1] (4.52ns)   --->   "%idx_7 = mul i10 %or_ln29_4, i10 %or_ln29_7_read" [../dft.cpp:29]   --->   Operation 65 'mul' 'idx_7' <Predicate = (!tmp)> <Delay = 4.52> <CoreInst = "Multiplier">   --->   Core 3 'Multiplier' <Latency = 0> <II = 1> <Delay = 4.52> <FuncUnit> <Opcode : 'mul'> <InPorts = 2> <OutPorts = 1>
ST_1 : Operation 66 [1/1] (1.63ns)   --->   "%add_ln22 = add i11 %i_1, i11 8" [../dft.cpp:22]   --->   Operation 66 'add' 'add_ln22' <Predicate = (!tmp)> <Delay = 1.63> <CoreInst = "Adder">   --->   Core 1 'Adder' <Latency = 0> <II = 1> <Delay = 1.63> <FuncUnit> <Opcode : 'add' 'sub'> <InPorts = 2> <OutPorts = 1>
ST_1 : Operation 67 [1/1] (1.58ns)   --->   "%store_ln22 = store i11 %add_ln22, i11 %i" [../dft.cpp:22]   --->   Operation 67 'store' 'store_ln22' <Predicate = (!tmp)> <Delay = 1.58>

State 2 <SV = 1> <Delay = 3.25>
ST_2 : Operation 68 [1/1] (0.00ns)   --->   "%zext_ln32 = zext i10 %idx" [../dft.cpp:32]   --->   Operation 68 'zext' 'zext_ln32' <Predicate = true> <Delay = 0.00>
ST_2 : Operation 69 [1/1] (0.00ns)   --->   "%cos_coefficients_table_addr = getelementptr i32 %cos_coefficients_table, i64 0, i64 %zext_ln32" [../dft.cpp:32]   --->   Operation 69 'getelementptr' 'cos_coefficients_table_addr' <Predicate = true> <Delay = 0.00>
ST_2 : Operation 70 [2/2] (3.25ns)   --->   "%c = load i10 %cos_coefficients_table_addr" [../dft.cpp:32]   --->   Operation 70 'load' 'c' <Predicate = true> <Delay = 3.25> <CoreInst = "ROM">   --->   Core 94 'ROM' <Latency = 1> <II = 1> <Delay = 3.25> <Storage> <Opcode : 'load'> <Ports = 0> <Width = 32> <Depth = 1024> <ROM>
ST_2 : Operation 71 [1/1] (0.00ns)   --->   "%sin_coefficients_table_addr = getelementptr i32 %sin_coefficients_table, i64 0, i64 %zext_ln32" [../dft.cpp:33]   --->   Operation 71 'getelementptr' 'sin_coefficients_table_addr' <Predicate = true> <Delay = 0.00>
ST_2 : Operation 72 [2/2] (3.25ns)   --->   "%s = load i10 %sin_coefficients_table_addr" [../dft.cpp:33]   --->   Operation 72 'load' 's' <Predicate = true> <Delay = 3.25> <CoreInst = "ROM">   --->   Core 94 'ROM' <Latency = 1> <II = 1> <Delay = 3.25> <Storage> <Opcode : 'load'> <Ports = 0> <Width = 32> <Depth = 1024> <ROM>
ST_2 : Operation 73 [1/1] (0.00ns)   --->   "%zext_ln32_1 = zext i10 %idx_1" [../dft.cpp:32]   --->   Operation 73 'zext' 'zext_ln32_1' <Predicate = true> <Delay = 0.00>
ST_2 : Operation 74 [1/1] (0.00ns)   --->   "%cos_coefficients_table_addr_1 = getelementptr i32 %cos_coefficients_table, i64 0, i64 %zext_ln32_1" [../dft.cpp:32]   --->   Operation 74 'getelementptr' 'cos_coefficients_table_addr_1' <Predicate = true> <Delay = 0.00>
ST_2 : Operation 75 [2/2] (3.25ns)   --->   "%c_1 = load i10 %cos_coefficients_table_addr_1" [../dft.cpp:32]   --->   Operation 75 'load' 'c_1' <Predicate = true> <Delay = 3.25> <CoreInst = "ROM">   --->   Core 94 'ROM' <Latency = 1> <II = 1> <Delay = 3.25> <Storage> <Opcode : 'load'> <Ports = 0> <Width = 32> <Depth = 1024> <ROM>
ST_2 : Operation 76 [1/1] (0.00ns)   --->   "%sin_coefficients_table_addr_1 = getelementptr i32 %sin_coefficients_table, i64 0, i64 %zext_ln32_1" [../dft.cpp:33]   --->   Operation 76 'getelementptr' 'sin_coefficients_table_addr_1' <Predicate = true> <Delay = 0.00>
ST_2 : Operation 77 [2/2] (3.25ns)   --->   "%s_1 = load i10 %sin_coefficients_table_addr_1" [../dft.cpp:33]   --->   Operation 77 'load' 's_1' <Predicate = true> <Delay = 3.25> <CoreInst = "ROM">   --->   Core 94 'ROM' <Latency = 1> <II = 1> <Delay = 3.25> <Storage> <Opcode : 'load'> <Ports = 0> <Width = 32> <Depth = 1024> <ROM>
ST_2 : Operation 78 [1/1] (0.00ns)   --->   "%zext_ln32_2 = zext i10 %idx_2" [../dft.cpp:32]   --->   Operation 78 'zext' 'zext_ln32_2' <Predicate = true> <Delay = 0.00>
ST_2 : Operation 79 [1/1] (0.00ns)   --->   "%cos_coefficients_table_addr_2 = getelementptr i32 %cos_coefficients_table, i64 0, i64 %zext_ln32_2" [../dft.cpp:32]   --->   Operation 79 'getelementptr' 'cos_coefficients_table_addr_2' <Predicate = true> <Delay = 0.00>
ST_2 : Operation 80 [2/2] (3.25ns)   --->   "%c_2 = load i10 %cos_coefficients_table_addr_2" [../dft.cpp:32]   --->   Operation 80 'load' 'c_2' <Predicate = true> <Delay = 3.25> <CoreInst = "ROM">   --->   Core 94 'ROM' <Latency = 1> <II = 1> <Delay = 3.25> <Storage> <Opcode : 'load'> <Ports = 0> <Width = 32> <Depth = 1024> <ROM>
ST_2 : Operation 81 [1/1] (0.00ns)   --->   "%sin_coefficients_table_addr_2 = getelementptr i32 %sin_coefficients_table, i64 0, i64 %zext_ln32_2" [../dft.cpp:33]   --->   Operation 81 'getelementptr' 'sin_coefficients_table_addr_2' <Predicate = true> <Delay = 0.00>
ST_2 : Operation 82 [2/2] (3.25ns)   --->   "%s_2 = load i10 %sin_coefficients_table_addr_2" [../dft.cpp:33]   --->   Operation 82 'load' 's_2' <Predicate = true> <Delay = 3.25> <CoreInst = "ROM">   --->   Core 94 'ROM' <Latency = 1> <II = 1> <Delay = 3.25> <Storage> <Opcode : 'load'> <Ports = 0> <Width = 32> <Depth = 1024> <ROM>
ST_2 : Operation 83 [1/1] (0.00ns)   --->   "%zext_ln32_3 = zext i10 %idx_3" [../dft.cpp:32]   --->   Operation 83 'zext' 'zext_ln32_3' <Predicate = true> <Delay = 0.00>
ST_2 : Operation 84 [1/1] (0.00ns)   --->   "%cos_coefficients_table_addr_3 = getelementptr i32 %cos_coefficients_table, i64 0, i64 %zext_ln32_3" [../dft.cpp:32]   --->   Operation 84 'getelementptr' 'cos_coefficients_table_addr_3' <Predicate = true> <Delay = 0.00>
ST_2 : Operation 85 [2/2] (3.25ns)   --->   "%c_3 = load i10 %cos_coefficients_table_addr_3" [../dft.cpp:32]   --->   Operation 85 'load' 'c_3' <Predicate = true> <Delay = 3.25> <CoreInst = "ROM">   --->   Core 94 'ROM' <Latency = 1> <II = 1> <Delay = 3.25> <Storage> <Opcode : 'load'> <Ports = 0> <Width = 32> <Depth = 1024> <ROM>
ST_2 : Operation 86 [1/1] (0.00ns)   --->   "%sin_coefficients_table_addr_3 = getelementptr i32 %sin_coefficients_table, i64 0, i64 %zext_ln32_3" [../dft.cpp:33]   --->   Operation 86 'getelementptr' 'sin_coefficients_table_addr_3' <Predicate = true> <Delay = 0.00>
ST_2 : Operation 87 [2/2] (3.25ns)   --->   "%s_3 = load i10 %sin_coefficients_table_addr_3" [../dft.cpp:33]   --->   Operation 87 'load' 's_3' <Predicate = true> <Delay = 3.25> <CoreInst = "ROM">   --->   Core 94 'ROM' <Latency = 1> <II = 1> <Delay = 3.25> <Storage> <Opcode : 'load'> <Ports = 0> <Width = 32> <Depth = 1024> <ROM>
ST_2 : Operation 88 [1/1] (0.00ns)   --->   "%zext_ln32_4 = zext i10 %idx_4" [../dft.cpp:32]   --->   Operation 88 'zext' 'zext_ln32_4' <Predicate = true> <Delay = 0.00>
ST_2 : Operation 89 [1/1] (0.00ns)   --->   "%cos_coefficients_table_addr_4 = getelementptr i32 %cos_coefficients_table, i64 0, i64 %zext_ln32_4" [../dft.cpp:32]   --->   Operation 89 'getelementptr' 'cos_coefficients_table_addr_4' <Predicate = true> <Delay = 0.00>
ST_2 : Operation 90 [2/2] (3.25ns)   --->   "%c_4 = load i10 %cos_coefficients_table_addr_4" [../dft.cpp:32]   --->   Operation 90 'load' 'c_4' <Predicate = true> <Delay = 3.25> <CoreInst = "ROM">   --->   Core 94 'ROM' <Latency = 1> <II = 1> <Delay = 3.25> <Storage> <Opcode : 'load'> <Ports = 0> <Width = 32> <Depth = 1024> <ROM>
ST_2 : Operation 91 [1/1] (0.00ns)   --->   "%sin_coefficients_table_addr_4 = getelementptr i32 %sin_coefficients_table, i64 0, i64 %zext_ln32_4" [../dft.cpp:33]   --->   Operation 91 'getelementptr' 'sin_coefficients_table_addr_4' <Predicate = true> <Delay = 0.00>
ST_2 : Operation 92 [2/2] (3.25ns)   --->   "%s_4 = load i10 %sin_coefficients_table_addr_4" [../dft.cpp:33]   --->   Operation 92 'load' 's_4' <Predicate = true> <Delay = 3.25> <CoreInst = "ROM">   --->   Core 94 'ROM' <Latency = 1> <II = 1> <Delay = 3.25> <Storage> <Opcode : 'load'> <Ports = 0> <Width = 32> <Depth = 1024> <ROM>
ST_2 : Operation 93 [1/1] (0.00ns)   --->   "%zext_ln32_5 = zext i10 %idx_5" [../dft.cpp:32]   --->   Operation 93 'zext' 'zext_ln32_5' <Predicate = true> <Delay = 0.00>
ST_2 : Operation 94 [1/1] (0.00ns)   --->   "%cos_coefficients_table_addr_5 = getelementptr i32 %cos_coefficients_table, i64 0, i64 %zext_ln32_5" [../dft.cpp:32]   --->   Operation 94 'getelementptr' 'cos_coefficients_table_addr_5' <Predicate = true> <Delay = 0.00>
ST_2 : Operation 95 [2/2] (3.25ns)   --->   "%c_5 = load i10 %cos_coefficients_table_addr_5" [../dft.cpp:32]   --->   Operation 95 'load' 'c_5' <Predicate = true> <Delay = 3.25> <CoreInst = "ROM">   --->   Core 94 'ROM' <Latency = 1> <II = 1> <Delay = 3.25> <Storage> <Opcode : 'load'> <Ports = 0> <Width = 32> <Depth = 1024> <ROM>
ST_2 : Operation 96 [1/1] (0.00ns)   --->   "%sin_coefficients_table_addr_5 = getelementptr i32 %sin_coefficients_table, i64 0, i64 %zext_ln32_5" [../dft.cpp:33]   --->   Operation 96 'getelementptr' 'sin_coefficients_table_addr_5' <Predicate = true> <Delay = 0.00>
ST_2 : Operation 97 [2/2] (3.25ns)   --->   "%s_5 = load i10 %sin_coefficients_table_addr_5" [../dft.cpp:33]   --->   Operation 97 'load' 's_5' <Predicate = true> <Delay = 3.25> <CoreInst = "ROM">   --->   Core 94 'ROM' <Latency = 1> <II = 1> <Delay = 3.25> <Storage> <Opcode : 'load'> <Ports = 0> <Width = 32> <Depth = 1024> <ROM>
ST_2 : Operation 98 [1/1] (0.00ns)   --->   "%zext_ln32_6 = zext i10 %idx_6" [../dft.cpp:32]   --->   Operation 98 'zext' 'zext_ln32_6' <Predicate = true> <Delay = 0.00>
ST_2 : Operation 99 [1/1] (0.00ns)   --->   "%cos_coefficients_table_addr_6 = getelementptr i32 %cos_coefficients_table, i64 0, i64 %zext_ln32_6" [../dft.cpp:32]   --->   Operation 99 'getelementptr' 'cos_coefficients_table_addr_6' <Predicate = true> <Delay = 0.00>
ST_2 : Operation 100 [2/2] (3.25ns)   --->   "%c_6 = load i10 %cos_coefficients_table_addr_6" [../dft.cpp:32]   --->   Operation 100 'load' 'c_6' <Predicate = true> <Delay = 3.25> <CoreInst = "ROM">   --->   Core 94 'ROM' <Latency = 1> <II = 1> <Delay = 3.25> <Storage> <Opcode : 'load'> <Ports = 0> <Width = 32> <Depth = 1024> <ROM>
ST_2 : Operation 101 [1/1] (0.00ns)   --->   "%sin_coefficients_table_addr_6 = getelementptr i32 %sin_coefficients_table, i64 0, i64 %zext_ln32_6" [../dft.cpp:33]   --->   Operation 101 'getelementptr' 'sin_coefficients_table_addr_6' <Predicate = true> <Delay = 0.00>
ST_2 : Operation 102 [2/2] (3.25ns)   --->   "%s_6 = load i10 %sin_coefficients_table_addr_6" [../dft.cpp:33]   --->   Operation 102 'load' 's_6' <Predicate = true> <Delay = 3.25> <CoreInst = "ROM">   --->   Core 94 'ROM' <Latency = 1> <II = 1> <Delay = 3.25> <Storage> <Opcode : 'load'> <Ports = 0> <Width = 32> <Depth = 1024> <ROM>
ST_2 : Operation 103 [1/1] (0.00ns)   --->   "%zext_ln32_7 = zext i10 %idx_7" [../dft.cpp:32]   --->   Operation 103 'zext' 'zext_ln32_7' <Predicate = true> <Delay = 0.00>
ST_2 : Operation 104 [1/1] (0.00ns)   --->   "%cos_coefficients_table_addr_7 = getelementptr i32 %cos_coefficients_table, i64 0, i64 %zext_ln32_7" [../dft.cpp:32]   --->   Operation 104 'getelementptr' 'cos_coefficients_table_addr_7' <Predicate = true> <Delay = 0.00>
ST_2 : Operation 105 [2/2] (3.25ns)   --->   "%c_7 = load i10 %cos_coefficients_table_addr_7" [../dft.cpp:32]   --->   Operation 105 'load' 'c_7' <Predicate = true> <Delay = 3.25> <CoreInst = "ROM">   --->   Core 94 'ROM' <Latency = 1> <II = 1> <Delay = 3.25> <Storage> <Opcode : 'load'> <Ports = 0> <Width = 32> <Depth = 1024> <ROM>
ST_2 : Operation 106 [1/1] (0.00ns)   --->   "%sin_coefficients_table_addr_7 = getelementptr i32 %sin_coefficients_table, i64 0, i64 %zext_ln32_7" [../dft.cpp:33]   --->   Operation 106 'getelementptr' 'sin_coefficients_table_addr_7' <Predicate = true> <Delay = 0.00>
ST_2 : Operation 107 [2/2] (3.25ns)   --->   "%s_7 = load i10 %sin_coefficients_table_addr_7" [../dft.cpp:33]   --->   Operation 107 'load' 's_7' <Predicate = true> <Delay = 3.25> <CoreInst = "ROM">   --->   Core 94 'ROM' <Latency = 1> <II = 1> <Delay = 3.25> <Storage> <Opcode : 'load'> <Ports = 0> <Width = 32> <Depth = 1024> <ROM>

State 3 <SV = 2> <Delay = 3.25>
ST_3 : Operation 108 [1/2] ( I:3.25ns O:3.25ns )   --->   "%c = load i10 %cos_coefficients_table_addr" [../dft.cpp:32]   --->   Operation 108 'load' 'c' <Predicate = true> <Delay = 3.25> <CoreInst = "ROM">   --->   Core 94 'ROM' <Latency = 1> <II = 1> <Delay = 3.25> <Storage> <Opcode : 'load'> <Ports = 0> <Width = 32> <Depth = 1024> <ROM>
ST_3 : Operation 109 [1/2] ( I:3.25ns O:3.25ns )   --->   "%s = load i10 %sin_coefficients_table_addr" [../dft.cpp:33]   --->   Operation 109 'load' 's' <Predicate = true> <Delay = 3.25> <CoreInst = "ROM">   --->   Core 94 'ROM' <Latency = 1> <II = 1> <Delay = 3.25> <Storage> <Opcode : 'load'> <Ports = 0> <Width = 32> <Depth = 1024> <ROM>
ST_3 : Operation 110 [1/2] ( I:3.25ns O:3.25ns )   --->   "%c_1 = load i10 %cos_coefficients_table_addr_1" [../dft.cpp:32]   --->   Operation 110 'load' 'c_1' <Predicate = true> <Delay = 3.25> <CoreInst = "ROM">   --->   Core 94 'ROM' <Latency = 1> <II = 1> <Delay = 3.25> <Storage> <Opcode : 'load'> <Ports = 0> <Width = 32> <Depth = 1024> <ROM>
ST_3 : Operation 111 [1/2] ( I:3.25ns O:3.25ns )   --->   "%s_1 = load i10 %sin_coefficients_table_addr_1" [../dft.cpp:33]   --->   Operation 111 'load' 's_1' <Predicate = true> <Delay = 3.25> <CoreInst = "ROM">   --->   Core 94 'ROM' <Latency = 1> <II = 1> <Delay = 3.25> <Storage> <Opcode : 'load'> <Ports = 0> <Width = 32> <Depth = 1024> <ROM>
ST_3 : Operation 112 [1/2] ( I:3.25ns O:3.25ns )   --->   "%c_2 = load i10 %cos_coefficients_table_addr_2" [../dft.cpp:32]   --->   Operation 112 'load' 'c_2' <Predicate = true> <Delay = 3.25> <CoreInst = "ROM">   --->   Core 94 'ROM' <Latency = 1> <II = 1> <Delay = 3.25> <Storage> <Opcode : 'load'> <Ports = 0> <Width = 32> <Depth = 1024> <ROM>
ST_3 : Operation 113 [1/2] ( I:3.25ns O:3.25ns )   --->   "%s_2 = load i10 %sin_coefficients_table_addr_2" [../dft.cpp:33]   --->   Operation 113 'load' 's_2' <Predicate = true> <Delay = 3.25> <CoreInst = "ROM">   --->   Core 94 'ROM' <Latency = 1> <II = 1> <Delay = 3.25> <Storage> <Opcode : 'load'> <Ports = 0> <Width = 32> <Depth = 1024> <ROM>
ST_3 : Operation 114 [1/2] ( I:3.25ns O:3.25ns )   --->   "%c_3 = load i10 %cos_coefficients_table_addr_3" [../dft.cpp:32]   --->   Operation 114 'load' 'c_3' <Predicate = true> <Delay = 3.25> <CoreInst = "ROM">   --->   Core 94 'ROM' <Latency = 1> <II = 1> <Delay = 3.25> <Storage> <Opcode : 'load'> <Ports = 0> <Width = 32> <Depth = 1024> <ROM>
ST_3 : Operation 115 [1/2] ( I:3.25ns O:3.25ns )   --->   "%s_3 = load i10 %sin_coefficients_table_addr_3" [../dft.cpp:33]   --->   Operation 115 'load' 's_3' <Predicate = true> <Delay = 3.25> <CoreInst = "ROM">   --->   Core 94 'ROM' <Latency = 1> <II = 1> <Delay = 3.25> <Storage> <Opcode : 'load'> <Ports = 0> <Width = 32> <Depth = 1024> <ROM>
ST_3 : Operation 116 [1/2] ( I:3.25ns O:3.25ns )   --->   "%c_4 = load i10 %cos_coefficients_table_addr_4" [../dft.cpp:32]   --->   Operation 116 'load' 'c_4' <Predicate = true> <Delay = 3.25> <CoreInst = "ROM">   --->   Core 94 'ROM' <Latency = 1> <II = 1> <Delay = 3.25> <Storage> <Opcode : 'load'> <Ports = 0> <Width = 32> <Depth = 1024> <ROM>
ST_3 : Operation 117 [1/2] ( I:3.25ns O:3.25ns )   --->   "%s_4 = load i10 %sin_coefficients_table_addr_4" [../dft.cpp:33]   --->   Operation 117 'load' 's_4' <Predicate = true> <Delay = 3.25> <CoreInst = "ROM">   --->   Core 94 'ROM' <Latency = 1> <II = 1> <Delay = 3.25> <Storage> <Opcode : 'load'> <Ports = 0> <Width = 32> <Depth = 1024> <ROM>
ST_3 : Operation 118 [1/2] ( I:3.25ns O:3.25ns )   --->   "%c_5 = load i10 %cos_coefficients_table_addr_5" [../dft.cpp:32]   --->   Operation 118 'load' 'c_5' <Predicate = true> <Delay = 3.25> <CoreInst = "ROM">   --->   Core 94 'ROM' <Latency = 1> <II = 1> <Delay = 3.25> <Storage> <Opcode : 'load'> <Ports = 0> <Width = 32> <Depth = 1024> <ROM>
ST_3 : Operation 119 [1/2] ( I:3.25ns O:3.25ns )   --->   "%s_5 = load i10 %sin_coefficients_table_addr_5" [../dft.cpp:33]   --->   Operation 119 'load' 's_5' <Predicate = true> <Delay = 3.25> <CoreInst = "ROM">   --->   Core 94 'ROM' <Latency = 1> <II = 1> <Delay = 3.25> <Storage> <Opcode : 'load'> <Ports = 0> <Width = 32> <Depth = 1024> <ROM>
ST_3 : Operation 120 [1/2] ( I:3.25ns O:3.25ns )   --->   "%c_6 = load i10 %cos_coefficients_table_addr_6" [../dft.cpp:32]   --->   Operation 120 'load' 'c_6' <Predicate = true> <Delay = 3.25> <CoreInst = "ROM">   --->   Core 94 'ROM' <Latency = 1> <II = 1> <Delay = 3.25> <Storage> <Opcode : 'load'> <Ports = 0> <Width = 32> <Depth = 1024> <ROM>
ST_3 : Operation 121 [1/2] ( I:3.25ns O:3.25ns )   --->   "%s_6 = load i10 %sin_coefficients_table_addr_6" [../dft.cpp:33]   --->   Operation 121 'load' 's_6' <Predicate = true> <Delay = 3.25> <CoreInst = "ROM">   --->   Core 94 'ROM' <Latency = 1> <II = 1> <Delay = 3.25> <Storage> <Opcode : 'load'> <Ports = 0> <Width = 32> <Depth = 1024> <ROM>
ST_3 : Operation 122 [1/2] ( I:3.25ns O:3.25ns )   --->   "%c_7 = load i10 %cos_coefficients_table_addr_7" [../dft.cpp:32]   --->   Operation 122 'load' 'c_7' <Predicate = true> <Delay = 3.25> <CoreInst = "ROM">   --->   Core 94 'ROM' <Latency = 1> <II = 1> <Delay = 3.25> <Storage> <Opcode : 'load'> <Ports = 0> <Width = 32> <Depth = 1024> <ROM>
ST_3 : Operation 123 [1/2] ( I:3.25ns O:3.25ns )   --->   "%s_7 = load i10 %sin_coefficients_table_addr_7" [../dft.cpp:33]   --->   Operation 123 'load' 's_7' <Predicate = true> <Delay = 3.25> <CoreInst = "ROM">   --->   Core 94 'ROM' <Latency = 1> <II = 1> <Delay = 3.25> <Storage> <Opcode : 'load'> <Ports = 0> <Width = 32> <Depth = 1024> <ROM>

State 4 <SV = 3> <Delay = 5.70>
ST_4 : Operation 124 [4/4] (5.70ns)   --->   "%t1 = fmul i32 %rs_1_read, i32 %c" [../dft.cpp:35]   --->   Operation 124 'fmul' 't1' <Predicate = true> <Delay = 5.70> <CoreInst = "FMul_maxdsp">   --->   Core 30 'FMul_maxdsp' <Latency = 3> <II = 1> <Delay = 5.70> <FuncUnit> <Opcode : 'fmul'> <InPorts = 2> <OutPorts = 1>
ST_4 : Operation 125 [4/4] (5.70ns)   --->   "%t2 = fmul i32 %is_1_read, i32 %s" [../dft.cpp:36]   --->   Operation 125 'fmul' 't2' <Predicate = true> <Delay = 5.70> <CoreInst = "FMul_maxdsp">   --->   Core 30 'FMul_maxdsp' <Latency = 3> <II = 1> <Delay = 5.70> <FuncUnit> <Opcode : 'fmul'> <InPorts = 2> <OutPorts = 1>
ST_4 : Operation 126 [4/4] (5.70ns)   --->   "%t3 = fmul i32 %rs_1_read, i32 %s" [../dft.cpp:37]   --->   Operation 126 'fmul' 't3' <Predicate = true> <Delay = 5.70> <CoreInst = "FMul_maxdsp">   --->   Core 30 'FMul_maxdsp' <Latency = 3> <II = 1> <Delay = 5.70> <FuncUnit> <Opcode : 'fmul'> <InPorts = 2> <OutPorts = 1>
ST_4 : Operation 127 [4/4] (5.70ns)   --->   "%t4 = fmul i32 %is_1_read, i32 %c" [../dft.cpp:38]   --->   Operation 127 'fmul' 't4' <Predicate = true> <Delay = 5.70> <CoreInst = "FMul_maxdsp">   --->   Core 30 'FMul_maxdsp' <Latency = 3> <II = 1> <Delay = 5.70> <FuncUnit> <Opcode : 'fmul'> <InPorts = 2> <OutPorts = 1>
ST_4 : Operation 128 [4/4] (5.70ns)   --->   "%t1_1 = fmul i32 %rs_1_read, i32 %c_1" [../dft.cpp:35]   --->   Operation 128 'fmul' 't1_1' <Predicate = true> <Delay = 5.70> <CoreInst = "FMul_maxdsp">   --->   Core 30 'FMul_maxdsp' <Latency = 3> <II = 1> <Delay = 5.70> <FuncUnit> <Opcode : 'fmul'> <InPorts = 2> <OutPorts = 1>
ST_4 : Operation 129 [4/4] (5.70ns)   --->   "%t2_1 = fmul i32 %is_1_read, i32 %s_1" [../dft.cpp:36]   --->   Operation 129 'fmul' 't2_1' <Predicate = true> <Delay = 5.70> <CoreInst = "FMul_maxdsp">   --->   Core 30 'FMul_maxdsp' <Latency = 3> <II = 1> <Delay = 5.70> <FuncUnit> <Opcode : 'fmul'> <InPorts = 2> <OutPorts = 1>
ST_4 : Operation 130 [4/4] (5.70ns)   --->   "%t3_1 = fmul i32 %rs_1_read, i32 %s_1" [../dft.cpp:37]   --->   Operation 130 'fmul' 't3_1' <Predicate = true> <Delay = 5.70> <CoreInst = "FMul_maxdsp">   --->   Core 30 'FMul_maxdsp' <Latency = 3> <II = 1> <Delay = 5.70> <FuncUnit> <Opcode : 'fmul'> <InPorts = 2> <OutPorts = 1>
ST_4 : Operation 131 [4/4] (5.70ns)   --->   "%t4_1 = fmul i32 %is_1_read, i32 %c_1" [../dft.cpp:38]   --->   Operation 131 'fmul' 't4_1' <Predicate = true> <Delay = 5.70> <CoreInst = "FMul_maxdsp">   --->   Core 30 'FMul_maxdsp' <Latency = 3> <II = 1> <Delay = 5.70> <FuncUnit> <Opcode : 'fmul'> <InPorts = 2> <OutPorts = 1>
ST_4 : Operation 132 [4/4] (5.70ns)   --->   "%t1_2 = fmul i32 %rs_1_read, i32 %c_2" [../dft.cpp:35]   --->   Operation 132 'fmul' 't1_2' <Predicate = true> <Delay = 5.70> <CoreInst = "FMul_maxdsp">   --->   Core 30 'FMul_maxdsp' <Latency = 3> <II = 1> <Delay = 5.70> <FuncUnit> <Opcode : 'fmul'> <InPorts = 2> <OutPorts = 1>
ST_4 : Operation 133 [4/4] (5.70ns)   --->   "%t2_2 = fmul i32 %is_1_read, i32 %s_2" [../dft.cpp:36]   --->   Operation 133 'fmul' 't2_2' <Predicate = true> <Delay = 5.70> <CoreInst = "FMul_maxdsp">   --->   Core 30 'FMul_maxdsp' <Latency = 3> <II = 1> <Delay = 5.70> <FuncUnit> <Opcode : 'fmul'> <InPorts = 2> <OutPorts = 1>
ST_4 : Operation 134 [4/4] (5.70ns)   --->   "%t3_2 = fmul i32 %rs_1_read, i32 %s_2" [../dft.cpp:37]   --->   Operation 134 'fmul' 't3_2' <Predicate = true> <Delay = 5.70> <CoreInst = "FMul_maxdsp">   --->   Core 30 'FMul_maxdsp' <Latency = 3> <II = 1> <Delay = 5.70> <FuncUnit> <Opcode : 'fmul'> <InPorts = 2> <OutPorts = 1>
ST_4 : Operation 135 [4/4] (5.70ns)   --->   "%t4_2 = fmul i32 %is_1_read, i32 %c_2" [../dft.cpp:38]   --->   Operation 135 'fmul' 't4_2' <Predicate = true> <Delay = 5.70> <CoreInst = "FMul_maxdsp">   --->   Core 30 'FMul_maxdsp' <Latency = 3> <II = 1> <Delay = 5.70> <FuncUnit> <Opcode : 'fmul'> <InPorts = 2> <OutPorts = 1>
ST_4 : Operation 136 [4/4] (5.70ns)   --->   "%t1_3 = fmul i32 %rs_1_read, i32 %c_3" [../dft.cpp:35]   --->   Operation 136 'fmul' 't1_3' <Predicate = true> <Delay = 5.70> <CoreInst = "FMul_maxdsp">   --->   Core 30 'FMul_maxdsp' <Latency = 3> <II = 1> <Delay = 5.70> <FuncUnit> <Opcode : 'fmul'> <InPorts = 2> <OutPorts = 1>
ST_4 : Operation 137 [4/4] (5.70ns)   --->   "%t2_3 = fmul i32 %is_1_read, i32 %s_3" [../dft.cpp:36]   --->   Operation 137 'fmul' 't2_3' <Predicate = true> <Delay = 5.70> <CoreInst = "FMul_maxdsp">   --->   Core 30 'FMul_maxdsp' <Latency = 3> <II = 1> <Delay = 5.70> <FuncUnit> <Opcode : 'fmul'> <InPorts = 2> <OutPorts = 1>
ST_4 : Operation 138 [4/4] (5.70ns)   --->   "%t3_3 = fmul i32 %rs_1_read, i32 %s_3" [../dft.cpp:37]   --->   Operation 138 'fmul' 't3_3' <Predicate = true> <Delay = 5.70> <CoreInst = "FMul_maxdsp">   --->   Core 30 'FMul_maxdsp' <Latency = 3> <II = 1> <Delay = 5.70> <FuncUnit> <Opcode : 'fmul'> <InPorts = 2> <OutPorts = 1>
ST_4 : Operation 139 [4/4] (5.70ns)   --->   "%t4_3 = fmul i32 %is_1_read, i32 %c_3" [../dft.cpp:38]   --->   Operation 139 'fmul' 't4_3' <Predicate = true> <Delay = 5.70> <CoreInst = "FMul_maxdsp">   --->   Core 30 'FMul_maxdsp' <Latency = 3> <II = 1> <Delay = 5.70> <FuncUnit> <Opcode : 'fmul'> <InPorts = 2> <OutPorts = 1>
ST_4 : Operation 140 [4/4] (5.70ns)   --->   "%t1_4 = fmul i32 %rs_1_read, i32 %c_4" [../dft.cpp:35]   --->   Operation 140 'fmul' 't1_4' <Predicate = true> <Delay = 5.70> <CoreInst = "FMul_maxdsp">   --->   Core 30 'FMul_maxdsp' <Latency = 3> <II = 1> <Delay = 5.70> <FuncUnit> <Opcode : 'fmul'> <InPorts = 2> <OutPorts = 1>
ST_4 : Operation 141 [4/4] (5.70ns)   --->   "%t2_4 = fmul i32 %is_1_read, i32 %s_4" [../dft.cpp:36]   --->   Operation 141 'fmul' 't2_4' <Predicate = true> <Delay = 5.70> <CoreInst = "FMul_maxdsp">   --->   Core 30 'FMul_maxdsp' <Latency = 3> <II = 1> <Delay = 5.70> <FuncUnit> <Opcode : 'fmul'> <InPorts = 2> <OutPorts = 1>
ST_4 : Operation 142 [4/4] (5.70ns)   --->   "%t3_4 = fmul i32 %rs_1_read, i32 %s_4" [../dft.cpp:37]   --->   Operation 142 'fmul' 't3_4' <Predicate = true> <Delay = 5.70> <CoreInst = "FMul_maxdsp">   --->   Core 30 'FMul_maxdsp' <Latency = 3> <II = 1> <Delay = 5.70> <FuncUnit> <Opcode : 'fmul'> <InPorts = 2> <OutPorts = 1>
ST_4 : Operation 143 [4/4] (5.70ns)   --->   "%t4_4 = fmul i32 %is_1_read, i32 %c_4" [../dft.cpp:38]   --->   Operation 143 'fmul' 't4_4' <Predicate = true> <Delay = 5.70> <CoreInst = "FMul_maxdsp">   --->   Core 30 'FMul_maxdsp' <Latency = 3> <II = 1> <Delay = 5.70> <FuncUnit> <Opcode : 'fmul'> <InPorts = 2> <OutPorts = 1>
ST_4 : Operation 144 [4/4] (5.70ns)   --->   "%t1_5 = fmul i32 %rs_1_read, i32 %c_5" [../dft.cpp:35]   --->   Operation 144 'fmul' 't1_5' <Predicate = true> <Delay = 5.70> <CoreInst = "FMul_maxdsp">   --->   Core 30 'FMul_maxdsp' <Latency = 3> <II = 1> <Delay = 5.70> <FuncUnit> <Opcode : 'fmul'> <InPorts = 2> <OutPorts = 1>
ST_4 : Operation 145 [4/4] (5.70ns)   --->   "%t2_5 = fmul i32 %is_1_read, i32 %s_5" [../dft.cpp:36]   --->   Operation 145 'fmul' 't2_5' <Predicate = true> <Delay = 5.70> <CoreInst = "FMul_maxdsp">   --->   Core 30 'FMul_maxdsp' <Latency = 3> <II = 1> <Delay = 5.70> <FuncUnit> <Opcode : 'fmul'> <InPorts = 2> <OutPorts = 1>
ST_4 : Operation 146 [4/4] (5.70ns)   --->   "%t3_5 = fmul i32 %rs_1_read, i32 %s_5" [../dft.cpp:37]   --->   Operation 146 'fmul' 't3_5' <Predicate = true> <Delay = 5.70> <CoreInst = "FMul_maxdsp">   --->   Core 30 'FMul_maxdsp' <Latency = 3> <II = 1> <Delay = 5.70> <FuncUnit> <Opcode : 'fmul'> <InPorts = 2> <OutPorts = 1>
ST_4 : Operation 147 [4/4] (5.70ns)   --->   "%t4_5 = fmul i32 %is_1_read, i32 %c_5" [../dft.cpp:38]   --->   Operation 147 'fmul' 't4_5' <Predicate = true> <Delay = 5.70> <CoreInst = "FMul_maxdsp">   --->   Core 30 'FMul_maxdsp' <Latency = 3> <II = 1> <Delay = 5.70> <FuncUnit> <Opcode : 'fmul'> <InPorts = 2> <OutPorts = 1>
ST_4 : Operation 148 [4/4] (5.70ns)   --->   "%t1_6 = fmul i32 %rs_1_read, i32 %c_6" [../dft.cpp:35]   --->   Operation 148 'fmul' 't1_6' <Predicate = true> <Delay = 5.70> <CoreInst = "FMul_maxdsp">   --->   Core 30 'FMul_maxdsp' <Latency = 3> <II = 1> <Delay = 5.70> <FuncUnit> <Opcode : 'fmul'> <InPorts = 2> <OutPorts = 1>
ST_4 : Operation 149 [4/4] (5.70ns)   --->   "%t2_6 = fmul i32 %is_1_read, i32 %s_6" [../dft.cpp:36]   --->   Operation 149 'fmul' 't2_6' <Predicate = true> <Delay = 5.70> <CoreInst = "FMul_maxdsp">   --->   Core 30 'FMul_maxdsp' <Latency = 3> <II = 1> <Delay = 5.70> <FuncUnit> <Opcode : 'fmul'> <InPorts = 2> <OutPorts = 1>
ST_4 : Operation 150 [4/4] (5.70ns)   --->   "%t3_6 = fmul i32 %rs_1_read, i32 %s_6" [../dft.cpp:37]   --->   Operation 150 'fmul' 't3_6' <Predicate = true> <Delay = 5.70> <CoreInst = "FMul_maxdsp">   --->   Core 30 'FMul_maxdsp' <Latency = 3> <II = 1> <Delay = 5.70> <FuncUnit> <Opcode : 'fmul'> <InPorts = 2> <OutPorts = 1>
ST_4 : Operation 151 [4/4] (5.70ns)   --->   "%t4_6 = fmul i32 %is_1_read, i32 %c_6" [../dft.cpp:38]   --->   Operation 151 'fmul' 't4_6' <Predicate = true> <Delay = 5.70> <CoreInst = "FMul_maxdsp">   --->   Core 30 'FMul_maxdsp' <Latency = 3> <II = 1> <Delay = 5.70> <FuncUnit> <Opcode : 'fmul'> <InPorts = 2> <OutPorts = 1>
ST_4 : Operation 152 [4/4] (5.70ns)   --->   "%t1_7 = fmul i32 %rs_1_read, i32 %c_7" [../dft.cpp:35]   --->   Operation 152 'fmul' 't1_7' <Predicate = true> <Delay = 5.70> <CoreInst = "FMul_maxdsp">   --->   Core 30 'FMul_maxdsp' <Latency = 3> <II = 1> <Delay = 5.70> <FuncUnit> <Opcode : 'fmul'> <InPorts = 2> <OutPorts = 1>
ST_4 : Operation 153 [4/4] (5.70ns)   --->   "%t2_7 = fmul i32 %is_1_read, i32 %s_7" [../dft.cpp:36]   --->   Operation 153 'fmul' 't2_7' <Predicate = true> <Delay = 5.70> <CoreInst = "FMul_maxdsp">   --->   Core 30 'FMul_maxdsp' <Latency = 3> <II = 1> <Delay = 5.70> <FuncUnit> <Opcode : 'fmul'> <InPorts = 2> <OutPorts = 1>
ST_4 : Operation 154 [4/4] (5.70ns)   --->   "%t3_7 = fmul i32 %rs_1_read, i32 %s_7" [../dft.cpp:37]   --->   Operation 154 'fmul' 't3_7' <Predicate = true> <Delay = 5.70> <CoreInst = "FMul_maxdsp">   --->   Core 30 'FMul_maxdsp' <Latency = 3> <II = 1> <Delay = 5.70> <FuncUnit> <Opcode : 'fmul'> <InPorts = 2> <OutPorts = 1>
ST_4 : Operation 155 [4/4] (5.70ns)   --->   "%t4_7 = fmul i32 %is_1_read, i32 %c_7" [../dft.cpp:38]   --->   Operation 155 'fmul' 't4_7' <Predicate = true> <Delay = 5.70> <CoreInst = "FMul_maxdsp">   --->   Core 30 'FMul_maxdsp' <Latency = 3> <II = 1> <Delay = 5.70> <FuncUnit> <Opcode : 'fmul'> <InPorts = 2> <OutPorts = 1>

State 5 <SV = 4> <Delay = 5.70>
ST_5 : Operation 156 [3/4] (5.70ns)   --->   "%t1 = fmul i32 %rs_1_read, i32 %c" [../dft.cpp:35]   --->   Operation 156 'fmul' 't1' <Predicate = true> <Delay = 5.70> <CoreInst = "FMul_maxdsp">   --->   Core 30 'FMul_maxdsp' <Latency = 3> <II = 1> <Delay = 5.70> <FuncUnit> <Opcode : 'fmul'> <InPorts = 2> <OutPorts = 1>
ST_5 : Operation 157 [3/4] (5.70ns)   --->   "%t2 = fmul i32 %is_1_read, i32 %s" [../dft.cpp:36]   --->   Operation 157 'fmul' 't2' <Predicate = true> <Delay = 5.70> <CoreInst = "FMul_maxdsp">   --->   Core 30 'FMul_maxdsp' <Latency = 3> <II = 1> <Delay = 5.70> <FuncUnit> <Opcode : 'fmul'> <InPorts = 2> <OutPorts = 1>
ST_5 : Operation 158 [3/4] (5.70ns)   --->   "%t3 = fmul i32 %rs_1_read, i32 %s" [../dft.cpp:37]   --->   Operation 158 'fmul' 't3' <Predicate = true> <Delay = 5.70> <CoreInst = "FMul_maxdsp">   --->   Core 30 'FMul_maxdsp' <Latency = 3> <II = 1> <Delay = 5.70> <FuncUnit> <Opcode : 'fmul'> <InPorts = 2> <OutPorts = 1>
ST_5 : Operation 159 [3/4] (5.70ns)   --->   "%t4 = fmul i32 %is_1_read, i32 %c" [../dft.cpp:38]   --->   Operation 159 'fmul' 't4' <Predicate = true> <Delay = 5.70> <CoreInst = "FMul_maxdsp">   --->   Core 30 'FMul_maxdsp' <Latency = 3> <II = 1> <Delay = 5.70> <FuncUnit> <Opcode : 'fmul'> <InPorts = 2> <OutPorts = 1>
ST_5 : Operation 160 [3/4] (5.70ns)   --->   "%t1_1 = fmul i32 %rs_1_read, i32 %c_1" [../dft.cpp:35]   --->   Operation 160 'fmul' 't1_1' <Predicate = true> <Delay = 5.70> <CoreInst = "FMul_maxdsp">   --->   Core 30 'FMul_maxdsp' <Latency = 3> <II = 1> <Delay = 5.70> <FuncUnit> <Opcode : 'fmul'> <InPorts = 2> <OutPorts = 1>
ST_5 : Operation 161 [3/4] (5.70ns)   --->   "%t2_1 = fmul i32 %is_1_read, i32 %s_1" [../dft.cpp:36]   --->   Operation 161 'fmul' 't2_1' <Predicate = true> <Delay = 5.70> <CoreInst = "FMul_maxdsp">   --->   Core 30 'FMul_maxdsp' <Latency = 3> <II = 1> <Delay = 5.70> <FuncUnit> <Opcode : 'fmul'> <InPorts = 2> <OutPorts = 1>
ST_5 : Operation 162 [3/4] (5.70ns)   --->   "%t3_1 = fmul i32 %rs_1_read, i32 %s_1" [../dft.cpp:37]   --->   Operation 162 'fmul' 't3_1' <Predicate = true> <Delay = 5.70> <CoreInst = "FMul_maxdsp">   --->   Core 30 'FMul_maxdsp' <Latency = 3> <II = 1> <Delay = 5.70> <FuncUnit> <Opcode : 'fmul'> <InPorts = 2> <OutPorts = 1>
ST_5 : Operation 163 [3/4] (5.70ns)   --->   "%t4_1 = fmul i32 %is_1_read, i32 %c_1" [../dft.cpp:38]   --->   Operation 163 'fmul' 't4_1' <Predicate = true> <Delay = 5.70> <CoreInst = "FMul_maxdsp">   --->   Core 30 'FMul_maxdsp' <Latency = 3> <II = 1> <Delay = 5.70> <FuncUnit> <Opcode : 'fmul'> <InPorts = 2> <OutPorts = 1>
ST_5 : Operation 164 [3/4] (5.70ns)   --->   "%t1_2 = fmul i32 %rs_1_read, i32 %c_2" [../dft.cpp:35]   --->   Operation 164 'fmul' 't1_2' <Predicate = true> <Delay = 5.70> <CoreInst = "FMul_maxdsp">   --->   Core 30 'FMul_maxdsp' <Latency = 3> <II = 1> <Delay = 5.70> <FuncUnit> <Opcode : 'fmul'> <InPorts = 2> <OutPorts = 1>
ST_5 : Operation 165 [3/4] (5.70ns)   --->   "%t2_2 = fmul i32 %is_1_read, i32 %s_2" [../dft.cpp:36]   --->   Operation 165 'fmul' 't2_2' <Predicate = true> <Delay = 5.70> <CoreInst = "FMul_maxdsp">   --->   Core 30 'FMul_maxdsp' <Latency = 3> <II = 1> <Delay = 5.70> <FuncUnit> <Opcode : 'fmul'> <InPorts = 2> <OutPorts = 1>
ST_5 : Operation 166 [3/4] (5.70ns)   --->   "%t3_2 = fmul i32 %rs_1_read, i32 %s_2" [../dft.cpp:37]   --->   Operation 166 'fmul' 't3_2' <Predicate = true> <Delay = 5.70> <CoreInst = "FMul_maxdsp">   --->   Core 30 'FMul_maxdsp' <Latency = 3> <II = 1> <Delay = 5.70> <FuncUnit> <Opcode : 'fmul'> <InPorts = 2> <OutPorts = 1>
ST_5 : Operation 167 [3/4] (5.70ns)   --->   "%t4_2 = fmul i32 %is_1_read, i32 %c_2" [../dft.cpp:38]   --->   Operation 167 'fmul' 't4_2' <Predicate = true> <Delay = 5.70> <CoreInst = "FMul_maxdsp">   --->   Core 30 'FMul_maxdsp' <Latency = 3> <II = 1> <Delay = 5.70> <FuncUnit> <Opcode : 'fmul'> <InPorts = 2> <OutPorts = 1>
ST_5 : Operation 168 [3/4] (5.70ns)   --->   "%t1_3 = fmul i32 %rs_1_read, i32 %c_3" [../dft.cpp:35]   --->   Operation 168 'fmul' 't1_3' <Predicate = true> <Delay = 5.70> <CoreInst = "FMul_maxdsp">   --->   Core 30 'FMul_maxdsp' <Latency = 3> <II = 1> <Delay = 5.70> <FuncUnit> <Opcode : 'fmul'> <InPorts = 2> <OutPorts = 1>
ST_5 : Operation 169 [3/4] (5.70ns)   --->   "%t2_3 = fmul i32 %is_1_read, i32 %s_3" [../dft.cpp:36]   --->   Operation 169 'fmul' 't2_3' <Predicate = true> <Delay = 5.70> <CoreInst = "FMul_maxdsp">   --->   Core 30 'FMul_maxdsp' <Latency = 3> <II = 1> <Delay = 5.70> <FuncUnit> <Opcode : 'fmul'> <InPorts = 2> <OutPorts = 1>
ST_5 : Operation 170 [3/4] (5.70ns)   --->   "%t3_3 = fmul i32 %rs_1_read, i32 %s_3" [../dft.cpp:37]   --->   Operation 170 'fmul' 't3_3' <Predicate = true> <Delay = 5.70> <CoreInst = "FMul_maxdsp">   --->   Core 30 'FMul_maxdsp' <Latency = 3> <II = 1> <Delay = 5.70> <FuncUnit> <Opcode : 'fmul'> <InPorts = 2> <OutPorts = 1>
ST_5 : Operation 171 [3/4] (5.70ns)   --->   "%t4_3 = fmul i32 %is_1_read, i32 %c_3" [../dft.cpp:38]   --->   Operation 171 'fmul' 't4_3' <Predicate = true> <Delay = 5.70> <CoreInst = "FMul_maxdsp">   --->   Core 30 'FMul_maxdsp' <Latency = 3> <II = 1> <Delay = 5.70> <FuncUnit> <Opcode : 'fmul'> <InPorts = 2> <OutPorts = 1>
ST_5 : Operation 172 [3/4] (5.70ns)   --->   "%t1_4 = fmul i32 %rs_1_read, i32 %c_4" [../dft.cpp:35]   --->   Operation 172 'fmul' 't1_4' <Predicate = true> <Delay = 5.70> <CoreInst = "FMul_maxdsp">   --->   Core 30 'FMul_maxdsp' <Latency = 3> <II = 1> <Delay = 5.70> <FuncUnit> <Opcode : 'fmul'> <InPorts = 2> <OutPorts = 1>
ST_5 : Operation 173 [3/4] (5.70ns)   --->   "%t2_4 = fmul i32 %is_1_read, i32 %s_4" [../dft.cpp:36]   --->   Operation 173 'fmul' 't2_4' <Predicate = true> <Delay = 5.70> <CoreInst = "FMul_maxdsp">   --->   Core 30 'FMul_maxdsp' <Latency = 3> <II = 1> <Delay = 5.70> <FuncUnit> <Opcode : 'fmul'> <InPorts = 2> <OutPorts = 1>
ST_5 : Operation 174 [3/4] (5.70ns)   --->   "%t3_4 = fmul i32 %rs_1_read, i32 %s_4" [../dft.cpp:37]   --->   Operation 174 'fmul' 't3_4' <Predicate = true> <Delay = 5.70> <CoreInst = "FMul_maxdsp">   --->   Core 30 'FMul_maxdsp' <Latency = 3> <II = 1> <Delay = 5.70> <FuncUnit> <Opcode : 'fmul'> <InPorts = 2> <OutPorts = 1>
ST_5 : Operation 175 [3/4] (5.70ns)   --->   "%t4_4 = fmul i32 %is_1_read, i32 %c_4" [../dft.cpp:38]   --->   Operation 175 'fmul' 't4_4' <Predicate = true> <Delay = 5.70> <CoreInst = "FMul_maxdsp">   --->   Core 30 'FMul_maxdsp' <Latency = 3> <II = 1> <Delay = 5.70> <FuncUnit> <Opcode : 'fmul'> <InPorts = 2> <OutPorts = 1>
ST_5 : Operation 176 [3/4] (5.70ns)   --->   "%t1_5 = fmul i32 %rs_1_read, i32 %c_5" [../dft.cpp:35]   --->   Operation 176 'fmul' 't1_5' <Predicate = true> <Delay = 5.70> <CoreInst = "FMul_maxdsp">   --->   Core 30 'FMul_maxdsp' <Latency = 3> <II = 1> <Delay = 5.70> <FuncUnit> <Opcode : 'fmul'> <InPorts = 2> <OutPorts = 1>
ST_5 : Operation 177 [3/4] (5.70ns)   --->   "%t2_5 = fmul i32 %is_1_read, i32 %s_5" [../dft.cpp:36]   --->   Operation 177 'fmul' 't2_5' <Predicate = true> <Delay = 5.70> <CoreInst = "FMul_maxdsp">   --->   Core 30 'FMul_maxdsp' <Latency = 3> <II = 1> <Delay = 5.70> <FuncUnit> <Opcode : 'fmul'> <InPorts = 2> <OutPorts = 1>
ST_5 : Operation 178 [3/4] (5.70ns)   --->   "%t3_5 = fmul i32 %rs_1_read, i32 %s_5" [../dft.cpp:37]   --->   Operation 178 'fmul' 't3_5' <Predicate = true> <Delay = 5.70> <CoreInst = "FMul_maxdsp">   --->   Core 30 'FMul_maxdsp' <Latency = 3> <II = 1> <Delay = 5.70> <FuncUnit> <Opcode : 'fmul'> <InPorts = 2> <OutPorts = 1>
ST_5 : Operation 179 [3/4] (5.70ns)   --->   "%t4_5 = fmul i32 %is_1_read, i32 %c_5" [../dft.cpp:38]   --->   Operation 179 'fmul' 't4_5' <Predicate = true> <Delay = 5.70> <CoreInst = "FMul_maxdsp">   --->   Core 30 'FMul_maxdsp' <Latency = 3> <II = 1> <Delay = 5.70> <FuncUnit> <Opcode : 'fmul'> <InPorts = 2> <OutPorts = 1>
ST_5 : Operation 180 [3/4] (5.70ns)   --->   "%t1_6 = fmul i32 %rs_1_read, i32 %c_6" [../dft.cpp:35]   --->   Operation 180 'fmul' 't1_6' <Predicate = true> <Delay = 5.70> <CoreInst = "FMul_maxdsp">   --->   Core 30 'FMul_maxdsp' <Latency = 3> <II = 1> <Delay = 5.70> <FuncUnit> <Opcode : 'fmul'> <InPorts = 2> <OutPorts = 1>
ST_5 : Operation 181 [3/4] (5.70ns)   --->   "%t2_6 = fmul i32 %is_1_read, i32 %s_6" [../dft.cpp:36]   --->   Operation 181 'fmul' 't2_6' <Predicate = true> <Delay = 5.70> <CoreInst = "FMul_maxdsp">   --->   Core 30 'FMul_maxdsp' <Latency = 3> <II = 1> <Delay = 5.70> <FuncUnit> <Opcode : 'fmul'> <InPorts = 2> <OutPorts = 1>
ST_5 : Operation 182 [3/4] (5.70ns)   --->   "%t3_6 = fmul i32 %rs_1_read, i32 %s_6" [../dft.cpp:37]   --->   Operation 182 'fmul' 't3_6' <Predicate = true> <Delay = 5.70> <CoreInst = "FMul_maxdsp">   --->   Core 30 'FMul_maxdsp' <Latency = 3> <II = 1> <Delay = 5.70> <FuncUnit> <Opcode : 'fmul'> <InPorts = 2> <OutPorts = 1>
ST_5 : Operation 183 [3/4] (5.70ns)   --->   "%t4_6 = fmul i32 %is_1_read, i32 %c_6" [../dft.cpp:38]   --->   Operation 183 'fmul' 't4_6' <Predicate = true> <Delay = 5.70> <CoreInst = "FMul_maxdsp">   --->   Core 30 'FMul_maxdsp' <Latency = 3> <II = 1> <Delay = 5.70> <FuncUnit> <Opcode : 'fmul'> <InPorts = 2> <OutPorts = 1>
ST_5 : Operation 184 [3/4] (5.70ns)   --->   "%t1_7 = fmul i32 %rs_1_read, i32 %c_7" [../dft.cpp:35]   --->   Operation 184 'fmul' 't1_7' <Predicate = true> <Delay = 5.70> <CoreInst = "FMul_maxdsp">   --->   Core 30 'FMul_maxdsp' <Latency = 3> <II = 1> <Delay = 5.70> <FuncUnit> <Opcode : 'fmul'> <InPorts = 2> <OutPorts = 1>
ST_5 : Operation 185 [3/4] (5.70ns)   --->   "%t2_7 = fmul i32 %is_1_read, i32 %s_7" [../dft.cpp:36]   --->   Operation 185 'fmul' 't2_7' <Predicate = true> <Delay = 5.70> <CoreInst = "FMul_maxdsp">   --->   Core 30 'FMul_maxdsp' <Latency = 3> <II = 1> <Delay = 5.70> <FuncUnit> <Opcode : 'fmul'> <InPorts = 2> <OutPorts = 1>
ST_5 : Operation 186 [3/4] (5.70ns)   --->   "%t3_7 = fmul i32 %rs_1_read, i32 %s_7" [../dft.cpp:37]   --->   Operation 186 'fmul' 't3_7' <Predicate = true> <Delay = 5.70> <CoreInst = "FMul_maxdsp">   --->   Core 30 'FMul_maxdsp' <Latency = 3> <II = 1> <Delay = 5.70> <FuncUnit> <Opcode : 'fmul'> <InPorts = 2> <OutPorts = 1>
ST_5 : Operation 187 [3/4] (5.70ns)   --->   "%t4_7 = fmul i32 %is_1_read, i32 %c_7" [../dft.cpp:38]   --->   Operation 187 'fmul' 't4_7' <Predicate = true> <Delay = 5.70> <CoreInst = "FMul_maxdsp">   --->   Core 30 'FMul_maxdsp' <Latency = 3> <II = 1> <Delay = 5.70> <FuncUnit> <Opcode : 'fmul'> <InPorts = 2> <OutPorts = 1>

State 6 <SV = 5> <Delay = 5.70>
ST_6 : Operation 188 [2/4] (5.70ns)   --->   "%t1 = fmul i32 %rs_1_read, i32 %c" [../dft.cpp:35]   --->   Operation 188 'fmul' 't1' <Predicate = true> <Delay = 5.70> <CoreInst = "FMul_maxdsp">   --->   Core 30 'FMul_maxdsp' <Latency = 3> <II = 1> <Delay = 5.70> <FuncUnit> <Opcode : 'fmul'> <InPorts = 2> <OutPorts = 1>
ST_6 : Operation 189 [2/4] (5.70ns)   --->   "%t2 = fmul i32 %is_1_read, i32 %s" [../dft.cpp:36]   --->   Operation 189 'fmul' 't2' <Predicate = true> <Delay = 5.70> <CoreInst = "FMul_maxdsp">   --->   Core 30 'FMul_maxdsp' <Latency = 3> <II = 1> <Delay = 5.70> <FuncUnit> <Opcode : 'fmul'> <InPorts = 2> <OutPorts = 1>
ST_6 : Operation 190 [2/4] (5.70ns)   --->   "%t3 = fmul i32 %rs_1_read, i32 %s" [../dft.cpp:37]   --->   Operation 190 'fmul' 't3' <Predicate = true> <Delay = 5.70> <CoreInst = "FMul_maxdsp">   --->   Core 30 'FMul_maxdsp' <Latency = 3> <II = 1> <Delay = 5.70> <FuncUnit> <Opcode : 'fmul'> <InPorts = 2> <OutPorts = 1>
ST_6 : Operation 191 [2/4] (5.70ns)   --->   "%t4 = fmul i32 %is_1_read, i32 %c" [../dft.cpp:38]   --->   Operation 191 'fmul' 't4' <Predicate = true> <Delay = 5.70> <CoreInst = "FMul_maxdsp">   --->   Core 30 'FMul_maxdsp' <Latency = 3> <II = 1> <Delay = 5.70> <FuncUnit> <Opcode : 'fmul'> <InPorts = 2> <OutPorts = 1>
ST_6 : Operation 192 [2/4] (5.70ns)   --->   "%t1_1 = fmul i32 %rs_1_read, i32 %c_1" [../dft.cpp:35]   --->   Operation 192 'fmul' 't1_1' <Predicate = true> <Delay = 5.70> <CoreInst = "FMul_maxdsp">   --->   Core 30 'FMul_maxdsp' <Latency = 3> <II = 1> <Delay = 5.70> <FuncUnit> <Opcode : 'fmul'> <InPorts = 2> <OutPorts = 1>
ST_6 : Operation 193 [2/4] (5.70ns)   --->   "%t2_1 = fmul i32 %is_1_read, i32 %s_1" [../dft.cpp:36]   --->   Operation 193 'fmul' 't2_1' <Predicate = true> <Delay = 5.70> <CoreInst = "FMul_maxdsp">   --->   Core 30 'FMul_maxdsp' <Latency = 3> <II = 1> <Delay = 5.70> <FuncUnit> <Opcode : 'fmul'> <InPorts = 2> <OutPorts = 1>
ST_6 : Operation 194 [2/4] (5.70ns)   --->   "%t3_1 = fmul i32 %rs_1_read, i32 %s_1" [../dft.cpp:37]   --->   Operation 194 'fmul' 't3_1' <Predicate = true> <Delay = 5.70> <CoreInst = "FMul_maxdsp">   --->   Core 30 'FMul_maxdsp' <Latency = 3> <II = 1> <Delay = 5.70> <FuncUnit> <Opcode : 'fmul'> <InPorts = 2> <OutPorts = 1>
ST_6 : Operation 195 [2/4] (5.70ns)   --->   "%t4_1 = fmul i32 %is_1_read, i32 %c_1" [../dft.cpp:38]   --->   Operation 195 'fmul' 't4_1' <Predicate = true> <Delay = 5.70> <CoreInst = "FMul_maxdsp">   --->   Core 30 'FMul_maxdsp' <Latency = 3> <II = 1> <Delay = 5.70> <FuncUnit> <Opcode : 'fmul'> <InPorts = 2> <OutPorts = 1>
ST_6 : Operation 196 [2/4] (5.70ns)   --->   "%t1_2 = fmul i32 %rs_1_read, i32 %c_2" [../dft.cpp:35]   --->   Operation 196 'fmul' 't1_2' <Predicate = true> <Delay = 5.70> <CoreInst = "FMul_maxdsp">   --->   Core 30 'FMul_maxdsp' <Latency = 3> <II = 1> <Delay = 5.70> <FuncUnit> <Opcode : 'fmul'> <InPorts = 2> <OutPorts = 1>
ST_6 : Operation 197 [2/4] (5.70ns)   --->   "%t2_2 = fmul i32 %is_1_read, i32 %s_2" [../dft.cpp:36]   --->   Operation 197 'fmul' 't2_2' <Predicate = true> <Delay = 5.70> <CoreInst = "FMul_maxdsp">   --->   Core 30 'FMul_maxdsp' <Latency = 3> <II = 1> <Delay = 5.70> <FuncUnit> <Opcode : 'fmul'> <InPorts = 2> <OutPorts = 1>
ST_6 : Operation 198 [2/4] (5.70ns)   --->   "%t3_2 = fmul i32 %rs_1_read, i32 %s_2" [../dft.cpp:37]   --->   Operation 198 'fmul' 't3_2' <Predicate = true> <Delay = 5.70> <CoreInst = "FMul_maxdsp">   --->   Core 30 'FMul_maxdsp' <Latency = 3> <II = 1> <Delay = 5.70> <FuncUnit> <Opcode : 'fmul'> <InPorts = 2> <OutPorts = 1>
ST_6 : Operation 199 [2/4] (5.70ns)   --->   "%t4_2 = fmul i32 %is_1_read, i32 %c_2" [../dft.cpp:38]   --->   Operation 199 'fmul' 't4_2' <Predicate = true> <Delay = 5.70> <CoreInst = "FMul_maxdsp">   --->   Core 30 'FMul_maxdsp' <Latency = 3> <II = 1> <Delay = 5.70> <FuncUnit> <Opcode : 'fmul'> <InPorts = 2> <OutPorts = 1>
ST_6 : Operation 200 [2/4] (5.70ns)   --->   "%t1_3 = fmul i32 %rs_1_read, i32 %c_3" [../dft.cpp:35]   --->   Operation 200 'fmul' 't1_3' <Predicate = true> <Delay = 5.70> <CoreInst = "FMul_maxdsp">   --->   Core 30 'FMul_maxdsp' <Latency = 3> <II = 1> <Delay = 5.70> <FuncUnit> <Opcode : 'fmul'> <InPorts = 2> <OutPorts = 1>
ST_6 : Operation 201 [2/4] (5.70ns)   --->   "%t2_3 = fmul i32 %is_1_read, i32 %s_3" [../dft.cpp:36]   --->   Operation 201 'fmul' 't2_3' <Predicate = true> <Delay = 5.70> <CoreInst = "FMul_maxdsp">   --->   Core 30 'FMul_maxdsp' <Latency = 3> <II = 1> <Delay = 5.70> <FuncUnit> <Opcode : 'fmul'> <InPorts = 2> <OutPorts = 1>
ST_6 : Operation 202 [2/4] (5.70ns)   --->   "%t3_3 = fmul i32 %rs_1_read, i32 %s_3" [../dft.cpp:37]   --->   Operation 202 'fmul' 't3_3' <Predicate = true> <Delay = 5.70> <CoreInst = "FMul_maxdsp">   --->   Core 30 'FMul_maxdsp' <Latency = 3> <II = 1> <Delay = 5.70> <FuncUnit> <Opcode : 'fmul'> <InPorts = 2> <OutPorts = 1>
ST_6 : Operation 203 [2/4] (5.70ns)   --->   "%t4_3 = fmul i32 %is_1_read, i32 %c_3" [../dft.cpp:38]   --->   Operation 203 'fmul' 't4_3' <Predicate = true> <Delay = 5.70> <CoreInst = "FMul_maxdsp">   --->   Core 30 'FMul_maxdsp' <Latency = 3> <II = 1> <Delay = 5.70> <FuncUnit> <Opcode : 'fmul'> <InPorts = 2> <OutPorts = 1>
ST_6 : Operation 204 [2/4] (5.70ns)   --->   "%t1_4 = fmul i32 %rs_1_read, i32 %c_4" [../dft.cpp:35]   --->   Operation 204 'fmul' 't1_4' <Predicate = true> <Delay = 5.70> <CoreInst = "FMul_maxdsp">   --->   Core 30 'FMul_maxdsp' <Latency = 3> <II = 1> <Delay = 5.70> <FuncUnit> <Opcode : 'fmul'> <InPorts = 2> <OutPorts = 1>
ST_6 : Operation 205 [2/4] (5.70ns)   --->   "%t2_4 = fmul i32 %is_1_read, i32 %s_4" [../dft.cpp:36]   --->   Operation 205 'fmul' 't2_4' <Predicate = true> <Delay = 5.70> <CoreInst = "FMul_maxdsp">   --->   Core 30 'FMul_maxdsp' <Latency = 3> <II = 1> <Delay = 5.70> <FuncUnit> <Opcode : 'fmul'> <InPorts = 2> <OutPorts = 1>
ST_6 : Operation 206 [2/4] (5.70ns)   --->   "%t3_4 = fmul i32 %rs_1_read, i32 %s_4" [../dft.cpp:37]   --->   Operation 206 'fmul' 't3_4' <Predicate = true> <Delay = 5.70> <CoreInst = "FMul_maxdsp">   --->   Core 30 'FMul_maxdsp' <Latency = 3> <II = 1> <Delay = 5.70> <FuncUnit> <Opcode : 'fmul'> <InPorts = 2> <OutPorts = 1>
ST_6 : Operation 207 [2/4] (5.70ns)   --->   "%t4_4 = fmul i32 %is_1_read, i32 %c_4" [../dft.cpp:38]   --->   Operation 207 'fmul' 't4_4' <Predicate = true> <Delay = 5.70> <CoreInst = "FMul_maxdsp">   --->   Core 30 'FMul_maxdsp' <Latency = 3> <II = 1> <Delay = 5.70> <FuncUnit> <Opcode : 'fmul'> <InPorts = 2> <OutPorts = 1>
ST_6 : Operation 208 [2/4] (5.70ns)   --->   "%t1_5 = fmul i32 %rs_1_read, i32 %c_5" [../dft.cpp:35]   --->   Operation 208 'fmul' 't1_5' <Predicate = true> <Delay = 5.70> <CoreInst = "FMul_maxdsp">   --->   Core 30 'FMul_maxdsp' <Latency = 3> <II = 1> <Delay = 5.70> <FuncUnit> <Opcode : 'fmul'> <InPorts = 2> <OutPorts = 1>
ST_6 : Operation 209 [2/4] (5.70ns)   --->   "%t2_5 = fmul i32 %is_1_read, i32 %s_5" [../dft.cpp:36]   --->   Operation 209 'fmul' 't2_5' <Predicate = true> <Delay = 5.70> <CoreInst = "FMul_maxdsp">   --->   Core 30 'FMul_maxdsp' <Latency = 3> <II = 1> <Delay = 5.70> <FuncUnit> <Opcode : 'fmul'> <InPorts = 2> <OutPorts = 1>
ST_6 : Operation 210 [2/4] (5.70ns)   --->   "%t3_5 = fmul i32 %rs_1_read, i32 %s_5" [../dft.cpp:37]   --->   Operation 210 'fmul' 't3_5' <Predicate = true> <Delay = 5.70> <CoreInst = "FMul_maxdsp">   --->   Core 30 'FMul_maxdsp' <Latency = 3> <II = 1> <Delay = 5.70> <FuncUnit> <Opcode : 'fmul'> <InPorts = 2> <OutPorts = 1>
ST_6 : Operation 211 [2/4] (5.70ns)   --->   "%t4_5 = fmul i32 %is_1_read, i32 %c_5" [../dft.cpp:38]   --->   Operation 211 'fmul' 't4_5' <Predicate = true> <Delay = 5.70> <CoreInst = "FMul_maxdsp">   --->   Core 30 'FMul_maxdsp' <Latency = 3> <II = 1> <Delay = 5.70> <FuncUnit> <Opcode : 'fmul'> <InPorts = 2> <OutPorts = 1>
ST_6 : Operation 212 [2/4] (5.70ns)   --->   "%t1_6 = fmul i32 %rs_1_read, i32 %c_6" [../dft.cpp:35]   --->   Operation 212 'fmul' 't1_6' <Predicate = true> <Delay = 5.70> <CoreInst = "FMul_maxdsp">   --->   Core 30 'FMul_maxdsp' <Latency = 3> <II = 1> <Delay = 5.70> <FuncUnit> <Opcode : 'fmul'> <InPorts = 2> <OutPorts = 1>
ST_6 : Operation 213 [2/4] (5.70ns)   --->   "%t2_6 = fmul i32 %is_1_read, i32 %s_6" [../dft.cpp:36]   --->   Operation 213 'fmul' 't2_6' <Predicate = true> <Delay = 5.70> <CoreInst = "FMul_maxdsp">   --->   Core 30 'FMul_maxdsp' <Latency = 3> <II = 1> <Delay = 5.70> <FuncUnit> <Opcode : 'fmul'> <InPorts = 2> <OutPorts = 1>
ST_6 : Operation 214 [2/4] (5.70ns)   --->   "%t3_6 = fmul i32 %rs_1_read, i32 %s_6" [../dft.cpp:37]   --->   Operation 214 'fmul' 't3_6' <Predicate = true> <Delay = 5.70> <CoreInst = "FMul_maxdsp">   --->   Core 30 'FMul_maxdsp' <Latency = 3> <II = 1> <Delay = 5.70> <FuncUnit> <Opcode : 'fmul'> <InPorts = 2> <OutPorts = 1>
ST_6 : Operation 215 [2/4] (5.70ns)   --->   "%t4_6 = fmul i32 %is_1_read, i32 %c_6" [../dft.cpp:38]   --->   Operation 215 'fmul' 't4_6' <Predicate = true> <Delay = 5.70> <CoreInst = "FMul_maxdsp">   --->   Core 30 'FMul_maxdsp' <Latency = 3> <II = 1> <Delay = 5.70> <FuncUnit> <Opcode : 'fmul'> <InPorts = 2> <OutPorts = 1>
ST_6 : Operation 216 [2/4] (5.70ns)   --->   "%t1_7 = fmul i32 %rs_1_read, i32 %c_7" [../dft.cpp:35]   --->   Operation 216 'fmul' 't1_7' <Predicate = true> <Delay = 5.70> <CoreInst = "FMul_maxdsp">   --->   Core 30 'FMul_maxdsp' <Latency = 3> <II = 1> <Delay = 5.70> <FuncUnit> <Opcode : 'fmul'> <InPorts = 2> <OutPorts = 1>
ST_6 : Operation 217 [2/4] (5.70ns)   --->   "%t2_7 = fmul i32 %is_1_read, i32 %s_7" [../dft.cpp:36]   --->   Operation 217 'fmul' 't2_7' <Predicate = true> <Delay = 5.70> <CoreInst = "FMul_maxdsp">   --->   Core 30 'FMul_maxdsp' <Latency = 3> <II = 1> <Delay = 5.70> <FuncUnit> <Opcode : 'fmul'> <InPorts = 2> <OutPorts = 1>
ST_6 : Operation 218 [2/4] (5.70ns)   --->   "%t3_7 = fmul i32 %rs_1_read, i32 %s_7" [../dft.cpp:37]   --->   Operation 218 'fmul' 't3_7' <Predicate = true> <Delay = 5.70> <CoreInst = "FMul_maxdsp">   --->   Core 30 'FMul_maxdsp' <Latency = 3> <II = 1> <Delay = 5.70> <FuncUnit> <Opcode : 'fmul'> <InPorts = 2> <OutPorts = 1>
ST_6 : Operation 219 [2/4] (5.70ns)   --->   "%t4_7 = fmul i32 %is_1_read, i32 %c_7" [../dft.cpp:38]   --->   Operation 219 'fmul' 't4_7' <Predicate = true> <Delay = 5.70> <CoreInst = "FMul_maxdsp">   --->   Core 30 'FMul_maxdsp' <Latency = 3> <II = 1> <Delay = 5.70> <FuncUnit> <Opcode : 'fmul'> <InPorts = 2> <OutPorts = 1>

State 7 <SV = 6> <Delay = 5.70>
ST_7 : Operation 220 [1/4] (5.70ns)   --->   "%t1 = fmul i32 %rs_1_read, i32 %c" [../dft.cpp:35]   --->   Operation 220 'fmul' 't1' <Predicate = true> <Delay = 5.70> <CoreInst = "FMul_maxdsp">   --->   Core 30 'FMul_maxdsp' <Latency = 3> <II = 1> <Delay = 5.70> <FuncUnit> <Opcode : 'fmul'> <InPorts = 2> <OutPorts = 1>
ST_7 : Operation 221 [1/4] (5.70ns)   --->   "%t2 = fmul i32 %is_1_read, i32 %s" [../dft.cpp:36]   --->   Operation 221 'fmul' 't2' <Predicate = true> <Delay = 5.70> <CoreInst = "FMul_maxdsp">   --->   Core 30 'FMul_maxdsp' <Latency = 3> <II = 1> <Delay = 5.70> <FuncUnit> <Opcode : 'fmul'> <InPorts = 2> <OutPorts = 1>
ST_7 : Operation 222 [1/4] (5.70ns)   --->   "%t3 = fmul i32 %rs_1_read, i32 %s" [../dft.cpp:37]   --->   Operation 222 'fmul' 't3' <Predicate = true> <Delay = 5.70> <CoreInst = "FMul_maxdsp">   --->   Core 30 'FMul_maxdsp' <Latency = 3> <II = 1> <Delay = 5.70> <FuncUnit> <Opcode : 'fmul'> <InPorts = 2> <OutPorts = 1>
ST_7 : Operation 223 [1/4] (5.70ns)   --->   "%t4 = fmul i32 %is_1_read, i32 %c" [../dft.cpp:38]   --->   Operation 223 'fmul' 't4' <Predicate = true> <Delay = 5.70> <CoreInst = "FMul_maxdsp">   --->   Core 30 'FMul_maxdsp' <Latency = 3> <II = 1> <Delay = 5.70> <FuncUnit> <Opcode : 'fmul'> <InPorts = 2> <OutPorts = 1>
ST_7 : Operation 224 [1/4] (5.70ns)   --->   "%t1_1 = fmul i32 %rs_1_read, i32 %c_1" [../dft.cpp:35]   --->   Operation 224 'fmul' 't1_1' <Predicate = true> <Delay = 5.70> <CoreInst = "FMul_maxdsp">   --->   Core 30 'FMul_maxdsp' <Latency = 3> <II = 1> <Delay = 5.70> <FuncUnit> <Opcode : 'fmul'> <InPorts = 2> <OutPorts = 1>
ST_7 : Operation 225 [1/4] (5.70ns)   --->   "%t2_1 = fmul i32 %is_1_read, i32 %s_1" [../dft.cpp:36]   --->   Operation 225 'fmul' 't2_1' <Predicate = true> <Delay = 5.70> <CoreInst = "FMul_maxdsp">   --->   Core 30 'FMul_maxdsp' <Latency = 3> <II = 1> <Delay = 5.70> <FuncUnit> <Opcode : 'fmul'> <InPorts = 2> <OutPorts = 1>
ST_7 : Operation 226 [1/4] (5.70ns)   --->   "%t3_1 = fmul i32 %rs_1_read, i32 %s_1" [../dft.cpp:37]   --->   Operation 226 'fmul' 't3_1' <Predicate = true> <Delay = 5.70> <CoreInst = "FMul_maxdsp">   --->   Core 30 'FMul_maxdsp' <Latency = 3> <II = 1> <Delay = 5.70> <FuncUnit> <Opcode : 'fmul'> <InPorts = 2> <OutPorts = 1>
ST_7 : Operation 227 [1/4] (5.70ns)   --->   "%t4_1 = fmul i32 %is_1_read, i32 %c_1" [../dft.cpp:38]   --->   Operation 227 'fmul' 't4_1' <Predicate = true> <Delay = 5.70> <CoreInst = "FMul_maxdsp">   --->   Core 30 'FMul_maxdsp' <Latency = 3> <II = 1> <Delay = 5.70> <FuncUnit> <Opcode : 'fmul'> <InPorts = 2> <OutPorts = 1>
ST_7 : Operation 228 [1/4] (5.70ns)   --->   "%t1_2 = fmul i32 %rs_1_read, i32 %c_2" [../dft.cpp:35]   --->   Operation 228 'fmul' 't1_2' <Predicate = true> <Delay = 5.70> <CoreInst = "FMul_maxdsp">   --->   Core 30 'FMul_maxdsp' <Latency = 3> <II = 1> <Delay = 5.70> <FuncUnit> <Opcode : 'fmul'> <InPorts = 2> <OutPorts = 1>
ST_7 : Operation 229 [1/4] (5.70ns)   --->   "%t2_2 = fmul i32 %is_1_read, i32 %s_2" [../dft.cpp:36]   --->   Operation 229 'fmul' 't2_2' <Predicate = true> <Delay = 5.70> <CoreInst = "FMul_maxdsp">   --->   Core 30 'FMul_maxdsp' <Latency = 3> <II = 1> <Delay = 5.70> <FuncUnit> <Opcode : 'fmul'> <InPorts = 2> <OutPorts = 1>
ST_7 : Operation 230 [1/4] (5.70ns)   --->   "%t3_2 = fmul i32 %rs_1_read, i32 %s_2" [../dft.cpp:37]   --->   Operation 230 'fmul' 't3_2' <Predicate = true> <Delay = 5.70> <CoreInst = "FMul_maxdsp">   --->   Core 30 'FMul_maxdsp' <Latency = 3> <II = 1> <Delay = 5.70> <FuncUnit> <Opcode : 'fmul'> <InPorts = 2> <OutPorts = 1>
ST_7 : Operation 231 [1/4] (5.70ns)   --->   "%t4_2 = fmul i32 %is_1_read, i32 %c_2" [../dft.cpp:38]   --->   Operation 231 'fmul' 't4_2' <Predicate = true> <Delay = 5.70> <CoreInst = "FMul_maxdsp">   --->   Core 30 'FMul_maxdsp' <Latency = 3> <II = 1> <Delay = 5.70> <FuncUnit> <Opcode : 'fmul'> <InPorts = 2> <OutPorts = 1>
ST_7 : Operation 232 [1/4] (5.70ns)   --->   "%t1_3 = fmul i32 %rs_1_read, i32 %c_3" [../dft.cpp:35]   --->   Operation 232 'fmul' 't1_3' <Predicate = true> <Delay = 5.70> <CoreInst = "FMul_maxdsp">   --->   Core 30 'FMul_maxdsp' <Latency = 3> <II = 1> <Delay = 5.70> <FuncUnit> <Opcode : 'fmul'> <InPorts = 2> <OutPorts = 1>
ST_7 : Operation 233 [1/4] (5.70ns)   --->   "%t2_3 = fmul i32 %is_1_read, i32 %s_3" [../dft.cpp:36]   --->   Operation 233 'fmul' 't2_3' <Predicate = true> <Delay = 5.70> <CoreInst = "FMul_maxdsp">   --->   Core 30 'FMul_maxdsp' <Latency = 3> <II = 1> <Delay = 5.70> <FuncUnit> <Opcode : 'fmul'> <InPorts = 2> <OutPorts = 1>
ST_7 : Operation 234 [1/4] (5.70ns)   --->   "%t3_3 = fmul i32 %rs_1_read, i32 %s_3" [../dft.cpp:37]   --->   Operation 234 'fmul' 't3_3' <Predicate = true> <Delay = 5.70> <CoreInst = "FMul_maxdsp">   --->   Core 30 'FMul_maxdsp' <Latency = 3> <II = 1> <Delay = 5.70> <FuncUnit> <Opcode : 'fmul'> <InPorts = 2> <OutPorts = 1>
ST_7 : Operation 235 [1/4] (5.70ns)   --->   "%t4_3 = fmul i32 %is_1_read, i32 %c_3" [../dft.cpp:38]   --->   Operation 235 'fmul' 't4_3' <Predicate = true> <Delay = 5.70> <CoreInst = "FMul_maxdsp">   --->   Core 30 'FMul_maxdsp' <Latency = 3> <II = 1> <Delay = 5.70> <FuncUnit> <Opcode : 'fmul'> <InPorts = 2> <OutPorts = 1>
ST_7 : Operation 236 [1/4] (5.70ns)   --->   "%t1_4 = fmul i32 %rs_1_read, i32 %c_4" [../dft.cpp:35]   --->   Operation 236 'fmul' 't1_4' <Predicate = true> <Delay = 5.70> <CoreInst = "FMul_maxdsp">   --->   Core 30 'FMul_maxdsp' <Latency = 3> <II = 1> <Delay = 5.70> <FuncUnit> <Opcode : 'fmul'> <InPorts = 2> <OutPorts = 1>
ST_7 : Operation 237 [1/4] (5.70ns)   --->   "%t2_4 = fmul i32 %is_1_read, i32 %s_4" [../dft.cpp:36]   --->   Operation 237 'fmul' 't2_4' <Predicate = true> <Delay = 5.70> <CoreInst = "FMul_maxdsp">   --->   Core 30 'FMul_maxdsp' <Latency = 3> <II = 1> <Delay = 5.70> <FuncUnit> <Opcode : 'fmul'> <InPorts = 2> <OutPorts = 1>
ST_7 : Operation 238 [1/4] (5.70ns)   --->   "%t3_4 = fmul i32 %rs_1_read, i32 %s_4" [../dft.cpp:37]   --->   Operation 238 'fmul' 't3_4' <Predicate = true> <Delay = 5.70> <CoreInst = "FMul_maxdsp">   --->   Core 30 'FMul_maxdsp' <Latency = 3> <II = 1> <Delay = 5.70> <FuncUnit> <Opcode : 'fmul'> <InPorts = 2> <OutPorts = 1>
ST_7 : Operation 239 [1/4] (5.70ns)   --->   "%t4_4 = fmul i32 %is_1_read, i32 %c_4" [../dft.cpp:38]   --->   Operation 239 'fmul' 't4_4' <Predicate = true> <Delay = 5.70> <CoreInst = "FMul_maxdsp">   --->   Core 30 'FMul_maxdsp' <Latency = 3> <II = 1> <Delay = 5.70> <FuncUnit> <Opcode : 'fmul'> <InPorts = 2> <OutPorts = 1>
ST_7 : Operation 240 [1/4] (5.70ns)   --->   "%t1_5 = fmul i32 %rs_1_read, i32 %c_5" [../dft.cpp:35]   --->   Operation 240 'fmul' 't1_5' <Predicate = true> <Delay = 5.70> <CoreInst = "FMul_maxdsp">   --->   Core 30 'FMul_maxdsp' <Latency = 3> <II = 1> <Delay = 5.70> <FuncUnit> <Opcode : 'fmul'> <InPorts = 2> <OutPorts = 1>
ST_7 : Operation 241 [1/4] (5.70ns)   --->   "%t2_5 = fmul i32 %is_1_read, i32 %s_5" [../dft.cpp:36]   --->   Operation 241 'fmul' 't2_5' <Predicate = true> <Delay = 5.70> <CoreInst = "FMul_maxdsp">   --->   Core 30 'FMul_maxdsp' <Latency = 3> <II = 1> <Delay = 5.70> <FuncUnit> <Opcode : 'fmul'> <InPorts = 2> <OutPorts = 1>
ST_7 : Operation 242 [1/4] (5.70ns)   --->   "%t3_5 = fmul i32 %rs_1_read, i32 %s_5" [../dft.cpp:37]   --->   Operation 242 'fmul' 't3_5' <Predicate = true> <Delay = 5.70> <CoreInst = "FMul_maxdsp">   --->   Core 30 'FMul_maxdsp' <Latency = 3> <II = 1> <Delay = 5.70> <FuncUnit> <Opcode : 'fmul'> <InPorts = 2> <OutPorts = 1>
ST_7 : Operation 243 [1/4] (5.70ns)   --->   "%t4_5 = fmul i32 %is_1_read, i32 %c_5" [../dft.cpp:38]   --->   Operation 243 'fmul' 't4_5' <Predicate = true> <Delay = 5.70> <CoreInst = "FMul_maxdsp">   --->   Core 30 'FMul_maxdsp' <Latency = 3> <II = 1> <Delay = 5.70> <FuncUnit> <Opcode : 'fmul'> <InPorts = 2> <OutPorts = 1>
ST_7 : Operation 244 [1/4] (5.70ns)   --->   "%t1_6 = fmul i32 %rs_1_read, i32 %c_6" [../dft.cpp:35]   --->   Operation 244 'fmul' 't1_6' <Predicate = true> <Delay = 5.70> <CoreInst = "FMul_maxdsp">   --->   Core 30 'FMul_maxdsp' <Latency = 3> <II = 1> <Delay = 5.70> <FuncUnit> <Opcode : 'fmul'> <InPorts = 2> <OutPorts = 1>
ST_7 : Operation 245 [1/4] (5.70ns)   --->   "%t2_6 = fmul i32 %is_1_read, i32 %s_6" [../dft.cpp:36]   --->   Operation 245 'fmul' 't2_6' <Predicate = true> <Delay = 5.70> <CoreInst = "FMul_maxdsp">   --->   Core 30 'FMul_maxdsp' <Latency = 3> <II = 1> <Delay = 5.70> <FuncUnit> <Opcode : 'fmul'> <InPorts = 2> <OutPorts = 1>
ST_7 : Operation 246 [1/4] (5.70ns)   --->   "%t3_6 = fmul i32 %rs_1_read, i32 %s_6" [../dft.cpp:37]   --->   Operation 246 'fmul' 't3_6' <Predicate = true> <Delay = 5.70> <CoreInst = "FMul_maxdsp">   --->   Core 30 'FMul_maxdsp' <Latency = 3> <II = 1> <Delay = 5.70> <FuncUnit> <Opcode : 'fmul'> <InPorts = 2> <OutPorts = 1>
ST_7 : Operation 247 [1/4] (5.70ns)   --->   "%t4_6 = fmul i32 %is_1_read, i32 %c_6" [../dft.cpp:38]   --->   Operation 247 'fmul' 't4_6' <Predicate = true> <Delay = 5.70> <CoreInst = "FMul_maxdsp">   --->   Core 30 'FMul_maxdsp' <Latency = 3> <II = 1> <Delay = 5.70> <FuncUnit> <Opcode : 'fmul'> <InPorts = 2> <OutPorts = 1>
ST_7 : Operation 248 [1/4] (5.70ns)   --->   "%t1_7 = fmul i32 %rs_1_read, i32 %c_7" [../dft.cpp:35]   --->   Operation 248 'fmul' 't1_7' <Predicate = true> <Delay = 5.70> <CoreInst = "FMul_maxdsp">   --->   Core 30 'FMul_maxdsp' <Latency = 3> <II = 1> <Delay = 5.70> <FuncUnit> <Opcode : 'fmul'> <InPorts = 2> <OutPorts = 1>
ST_7 : Operation 249 [1/4] (5.70ns)   --->   "%t2_7 = fmul i32 %is_1_read, i32 %s_7" [../dft.cpp:36]   --->   Operation 249 'fmul' 't2_7' <Predicate = true> <Delay = 5.70> <CoreInst = "FMul_maxdsp">   --->   Core 30 'FMul_maxdsp' <Latency = 3> <II = 1> <Delay = 5.70> <FuncUnit> <Opcode : 'fmul'> <InPorts = 2> <OutPorts = 1>
ST_7 : Operation 250 [1/4] (5.70ns)   --->   "%t3_7 = fmul i32 %rs_1_read, i32 %s_7" [../dft.cpp:37]   --->   Operation 250 'fmul' 't3_7' <Predicate = true> <Delay = 5.70> <CoreInst = "FMul_maxdsp">   --->   Core 30 'FMul_maxdsp' <Latency = 3> <II = 1> <Delay = 5.70> <FuncUnit> <Opcode : 'fmul'> <InPorts = 2> <OutPorts = 1>
ST_7 : Operation 251 [1/4] (5.70ns)   --->   "%t4_7 = fmul i32 %is_1_read, i32 %c_7" [../dft.cpp:38]   --->   Operation 251 'fmul' 't4_7' <Predicate = true> <Delay = 5.70> <CoreInst = "FMul_maxdsp">   --->   Core 30 'FMul_maxdsp' <Latency = 3> <II = 1> <Delay = 5.70> <FuncUnit> <Opcode : 'fmul'> <InPorts = 2> <OutPorts = 1>

State 8 <SV = 7> <Delay = 7.25>
ST_8 : Operation 252 [5/5] (7.25ns)   --->   "%real_result = fsub i32 %t1, i32 %t2" [../dft.cpp:41]   --->   Operation 252 'fsub' 'real_result' <Predicate = true> <Delay = 7.25> <CoreInst = "FAddSub_fulldsp">   --->   Core 18 'FAddSub_fulldsp' <Latency = 4> <II = 1> <Delay = 7.25> <FuncUnit> <Opcode : 'fadd' 'fsub'> <InPorts = 2> <OutPorts = 1>
ST_8 : Operation 253 [5/5] (7.25ns)   --->   "%imag_result = fadd i32 %t3, i32 %t4" [../dft.cpp:42]   --->   Operation 253 'fadd' 'imag_result' <Predicate = true> <Delay = 7.25> <CoreInst = "FAddSub_fulldsp">   --->   Core 18 'FAddSub_fulldsp' <Latency = 4> <II = 1> <Delay = 7.25> <FuncUnit> <Opcode : 'fadd' 'fsub'> <InPorts = 2> <OutPorts = 1>
ST_8 : Operation 254 [5/5] (7.25ns)   --->   "%real_result_1 = fsub i32 %t1_1, i32 %t2_1" [../dft.cpp:41]   --->   Operation 254 'fsub' 'real_result_1' <Predicate = true> <Delay = 7.25> <CoreInst = "FAddSub_fulldsp">   --->   Core 18 'FAddSub_fulldsp' <Latency = 4> <II = 1> <Delay = 7.25> <FuncUnit> <Opcode : 'fadd' 'fsub'> <InPorts = 2> <OutPorts = 1>
ST_8 : Operation 255 [5/5] (7.25ns)   --->   "%imag_result_1 = fadd i32 %t3_1, i32 %t4_1" [../dft.cpp:42]   --->   Operation 255 'fadd' 'imag_result_1' <Predicate = true> <Delay = 7.25> <CoreInst = "FAddSub_fulldsp">   --->   Core 18 'FAddSub_fulldsp' <Latency = 4> <II = 1> <Delay = 7.25> <FuncUnit> <Opcode : 'fadd' 'fsub'> <InPorts = 2> <OutPorts = 1>
ST_8 : Operation 256 [5/5] (7.25ns)   --->   "%real_result_2 = fsub i32 %t1_2, i32 %t2_2" [../dft.cpp:41]   --->   Operation 256 'fsub' 'real_result_2' <Predicate = true> <Delay = 7.25> <CoreInst = "FAddSub_fulldsp">   --->   Core 18 'FAddSub_fulldsp' <Latency = 4> <II = 1> <Delay = 7.25> <FuncUnit> <Opcode : 'fadd' 'fsub'> <InPorts = 2> <OutPorts = 1>
ST_8 : Operation 257 [5/5] (7.25ns)   --->   "%imag_result_2 = fadd i32 %t3_2, i32 %t4_2" [../dft.cpp:42]   --->   Operation 257 'fadd' 'imag_result_2' <Predicate = true> <Delay = 7.25> <CoreInst = "FAddSub_fulldsp">   --->   Core 18 'FAddSub_fulldsp' <Latency = 4> <II = 1> <Delay = 7.25> <FuncUnit> <Opcode : 'fadd' 'fsub'> <InPorts = 2> <OutPorts = 1>
ST_8 : Operation 258 [5/5] (7.25ns)   --->   "%real_result_3 = fsub i32 %t1_3, i32 %t2_3" [../dft.cpp:41]   --->   Operation 258 'fsub' 'real_result_3' <Predicate = true> <Delay = 7.25> <CoreInst = "FAddSub_fulldsp">   --->   Core 18 'FAddSub_fulldsp' <Latency = 4> <II = 1> <Delay = 7.25> <FuncUnit> <Opcode : 'fadd' 'fsub'> <InPorts = 2> <OutPorts = 1>
ST_8 : Operation 259 [5/5] (7.25ns)   --->   "%imag_result_3 = fadd i32 %t3_3, i32 %t4_3" [../dft.cpp:42]   --->   Operation 259 'fadd' 'imag_result_3' <Predicate = true> <Delay = 7.25> <CoreInst = "FAddSub_fulldsp">   --->   Core 18 'FAddSub_fulldsp' <Latency = 4> <II = 1> <Delay = 7.25> <FuncUnit> <Opcode : 'fadd' 'fsub'> <InPorts = 2> <OutPorts = 1>
ST_8 : Operation 260 [5/5] (7.25ns)   --->   "%real_result_4 = fsub i32 %t1_4, i32 %t2_4" [../dft.cpp:41]   --->   Operation 260 'fsub' 'real_result_4' <Predicate = true> <Delay = 7.25> <CoreInst = "FAddSub_fulldsp">   --->   Core 18 'FAddSub_fulldsp' <Latency = 4> <II = 1> <Delay = 7.25> <FuncUnit> <Opcode : 'fadd' 'fsub'> <InPorts = 2> <OutPorts = 1>
ST_8 : Operation 261 [5/5] (7.25ns)   --->   "%imag_result_4 = fadd i32 %t3_4, i32 %t4_4" [../dft.cpp:42]   --->   Operation 261 'fadd' 'imag_result_4' <Predicate = true> <Delay = 7.25> <CoreInst = "FAddSub_fulldsp">   --->   Core 18 'FAddSub_fulldsp' <Latency = 4> <II = 1> <Delay = 7.25> <FuncUnit> <Opcode : 'fadd' 'fsub'> <InPorts = 2> <OutPorts = 1>
ST_8 : Operation 262 [5/5] (7.25ns)   --->   "%real_result_5 = fsub i32 %t1_5, i32 %t2_5" [../dft.cpp:41]   --->   Operation 262 'fsub' 'real_result_5' <Predicate = true> <Delay = 7.25> <CoreInst = "FAddSub_fulldsp">   --->   Core 18 'FAddSub_fulldsp' <Latency = 4> <II = 1> <Delay = 7.25> <FuncUnit> <Opcode : 'fadd' 'fsub'> <InPorts = 2> <OutPorts = 1>
ST_8 : Operation 263 [5/5] (7.25ns)   --->   "%imag_result_5 = fadd i32 %t3_5, i32 %t4_5" [../dft.cpp:42]   --->   Operation 263 'fadd' 'imag_result_5' <Predicate = true> <Delay = 7.25> <CoreInst = "FAddSub_fulldsp">   --->   Core 18 'FAddSub_fulldsp' <Latency = 4> <II = 1> <Delay = 7.25> <FuncUnit> <Opcode : 'fadd' 'fsub'> <InPorts = 2> <OutPorts = 1>
ST_8 : Operation 264 [5/5] (7.25ns)   --->   "%real_result_6 = fsub i32 %t1_6, i32 %t2_6" [../dft.cpp:41]   --->   Operation 264 'fsub' 'real_result_6' <Predicate = true> <Delay = 7.25> <CoreInst = "FAddSub_fulldsp">   --->   Core 18 'FAddSub_fulldsp' <Latency = 4> <II = 1> <Delay = 7.25> <FuncUnit> <Opcode : 'fadd' 'fsub'> <InPorts = 2> <OutPorts = 1>
ST_8 : Operation 265 [5/5] (7.25ns)   --->   "%imag_result_6 = fadd i32 %t3_6, i32 %t4_6" [../dft.cpp:42]   --->   Operation 265 'fadd' 'imag_result_6' <Predicate = true> <Delay = 7.25> <CoreInst = "FAddSub_fulldsp">   --->   Core 18 'FAddSub_fulldsp' <Latency = 4> <II = 1> <Delay = 7.25> <FuncUnit> <Opcode : 'fadd' 'fsub'> <InPorts = 2> <OutPorts = 1>
ST_8 : Operation 266 [5/5] (7.25ns)   --->   "%real_result_7 = fsub i32 %t1_7, i32 %t2_7" [../dft.cpp:41]   --->   Operation 266 'fsub' 'real_result_7' <Predicate = true> <Delay = 7.25> <CoreInst = "FAddSub_fulldsp">   --->   Core 18 'FAddSub_fulldsp' <Latency = 4> <II = 1> <Delay = 7.25> <FuncUnit> <Opcode : 'fadd' 'fsub'> <InPorts = 2> <OutPorts = 1>
ST_8 : Operation 267 [5/5] (7.25ns)   --->   "%imag_result_7 = fadd i32 %t3_7, i32 %t4_7" [../dft.cpp:42]   --->   Operation 267 'fadd' 'imag_result_7' <Predicate = true> <Delay = 7.25> <CoreInst = "FAddSub_fulldsp">   --->   Core 18 'FAddSub_fulldsp' <Latency = 4> <II = 1> <Delay = 7.25> <FuncUnit> <Opcode : 'fadd' 'fsub'> <InPorts = 2> <OutPorts = 1>

State 9 <SV = 8> <Delay = 7.25>
ST_9 : Operation 268 [4/5] (7.25ns)   --->   "%real_result = fsub i32 %t1, i32 %t2" [../dft.cpp:41]   --->   Operation 268 'fsub' 'real_result' <Predicate = true> <Delay = 7.25> <CoreInst = "FAddSub_fulldsp">   --->   Core 18 'FAddSub_fulldsp' <Latency = 4> <II = 1> <Delay = 7.25> <FuncUnit> <Opcode : 'fadd' 'fsub'> <InPorts = 2> <OutPorts = 1>
ST_9 : Operation 269 [4/5] (7.25ns)   --->   "%imag_result = fadd i32 %t3, i32 %t4" [../dft.cpp:42]   --->   Operation 269 'fadd' 'imag_result' <Predicate = true> <Delay = 7.25> <CoreInst = "FAddSub_fulldsp">   --->   Core 18 'FAddSub_fulldsp' <Latency = 4> <II = 1> <Delay = 7.25> <FuncUnit> <Opcode : 'fadd' 'fsub'> <InPorts = 2> <OutPorts = 1>
ST_9 : Operation 270 [4/5] (7.25ns)   --->   "%real_result_1 = fsub i32 %t1_1, i32 %t2_1" [../dft.cpp:41]   --->   Operation 270 'fsub' 'real_result_1' <Predicate = true> <Delay = 7.25> <CoreInst = "FAddSub_fulldsp">   --->   Core 18 'FAddSub_fulldsp' <Latency = 4> <II = 1> <Delay = 7.25> <FuncUnit> <Opcode : 'fadd' 'fsub'> <InPorts = 2> <OutPorts = 1>
ST_9 : Operation 271 [4/5] (7.25ns)   --->   "%imag_result_1 = fadd i32 %t3_1, i32 %t4_1" [../dft.cpp:42]   --->   Operation 271 'fadd' 'imag_result_1' <Predicate = true> <Delay = 7.25> <CoreInst = "FAddSub_fulldsp">   --->   Core 18 'FAddSub_fulldsp' <Latency = 4> <II = 1> <Delay = 7.25> <FuncUnit> <Opcode : 'fadd' 'fsub'> <InPorts = 2> <OutPorts = 1>
ST_9 : Operation 272 [4/5] (7.25ns)   --->   "%real_result_2 = fsub i32 %t1_2, i32 %t2_2" [../dft.cpp:41]   --->   Operation 272 'fsub' 'real_result_2' <Predicate = true> <Delay = 7.25> <CoreInst = "FAddSub_fulldsp">   --->   Core 18 'FAddSub_fulldsp' <Latency = 4> <II = 1> <Delay = 7.25> <FuncUnit> <Opcode : 'fadd' 'fsub'> <InPorts = 2> <OutPorts = 1>
ST_9 : Operation 273 [4/5] (7.25ns)   --->   "%imag_result_2 = fadd i32 %t3_2, i32 %t4_2" [../dft.cpp:42]   --->   Operation 273 'fadd' 'imag_result_2' <Predicate = true> <Delay = 7.25> <CoreInst = "FAddSub_fulldsp">   --->   Core 18 'FAddSub_fulldsp' <Latency = 4> <II = 1> <Delay = 7.25> <FuncUnit> <Opcode : 'fadd' 'fsub'> <InPorts = 2> <OutPorts = 1>
ST_9 : Operation 274 [4/5] (7.25ns)   --->   "%real_result_3 = fsub i32 %t1_3, i32 %t2_3" [../dft.cpp:41]   --->   Operation 274 'fsub' 'real_result_3' <Predicate = true> <Delay = 7.25> <CoreInst = "FAddSub_fulldsp">   --->   Core 18 'FAddSub_fulldsp' <Latency = 4> <II = 1> <Delay = 7.25> <FuncUnit> <Opcode : 'fadd' 'fsub'> <InPorts = 2> <OutPorts = 1>
ST_9 : Operation 275 [4/5] (7.25ns)   --->   "%imag_result_3 = fadd i32 %t3_3, i32 %t4_3" [../dft.cpp:42]   --->   Operation 275 'fadd' 'imag_result_3' <Predicate = true> <Delay = 7.25> <CoreInst = "FAddSub_fulldsp">   --->   Core 18 'FAddSub_fulldsp' <Latency = 4> <II = 1> <Delay = 7.25> <FuncUnit> <Opcode : 'fadd' 'fsub'> <InPorts = 2> <OutPorts = 1>
ST_9 : Operation 276 [4/5] (7.25ns)   --->   "%real_result_4 = fsub i32 %t1_4, i32 %t2_4" [../dft.cpp:41]   --->   Operation 276 'fsub' 'real_result_4' <Predicate = true> <Delay = 7.25> <CoreInst = "FAddSub_fulldsp">   --->   Core 18 'FAddSub_fulldsp' <Latency = 4> <II = 1> <Delay = 7.25> <FuncUnit> <Opcode : 'fadd' 'fsub'> <InPorts = 2> <OutPorts = 1>
ST_9 : Operation 277 [4/5] (7.25ns)   --->   "%imag_result_4 = fadd i32 %t3_4, i32 %t4_4" [../dft.cpp:42]   --->   Operation 277 'fadd' 'imag_result_4' <Predicate = true> <Delay = 7.25> <CoreInst = "FAddSub_fulldsp">   --->   Core 18 'FAddSub_fulldsp' <Latency = 4> <II = 1> <Delay = 7.25> <FuncUnit> <Opcode : 'fadd' 'fsub'> <InPorts = 2> <OutPorts = 1>
ST_9 : Operation 278 [4/5] (7.25ns)   --->   "%real_result_5 = fsub i32 %t1_5, i32 %t2_5" [../dft.cpp:41]   --->   Operation 278 'fsub' 'real_result_5' <Predicate = true> <Delay = 7.25> <CoreInst = "FAddSub_fulldsp">   --->   Core 18 'FAddSub_fulldsp' <Latency = 4> <II = 1> <Delay = 7.25> <FuncUnit> <Opcode : 'fadd' 'fsub'> <InPorts = 2> <OutPorts = 1>
ST_9 : Operation 279 [4/5] (7.25ns)   --->   "%imag_result_5 = fadd i32 %t3_5, i32 %t4_5" [../dft.cpp:42]   --->   Operation 279 'fadd' 'imag_result_5' <Predicate = true> <Delay = 7.25> <CoreInst = "FAddSub_fulldsp">   --->   Core 18 'FAddSub_fulldsp' <Latency = 4> <II = 1> <Delay = 7.25> <FuncUnit> <Opcode : 'fadd' 'fsub'> <InPorts = 2> <OutPorts = 1>
ST_9 : Operation 280 [4/5] (7.25ns)   --->   "%real_result_6 = fsub i32 %t1_6, i32 %t2_6" [../dft.cpp:41]   --->   Operation 280 'fsub' 'real_result_6' <Predicate = true> <Delay = 7.25> <CoreInst = "FAddSub_fulldsp">   --->   Core 18 'FAddSub_fulldsp' <Latency = 4> <II = 1> <Delay = 7.25> <FuncUnit> <Opcode : 'fadd' 'fsub'> <InPorts = 2> <OutPorts = 1>
ST_9 : Operation 281 [4/5] (7.25ns)   --->   "%imag_result_6 = fadd i32 %t3_6, i32 %t4_6" [../dft.cpp:42]   --->   Operation 281 'fadd' 'imag_result_6' <Predicate = true> <Delay = 7.25> <CoreInst = "FAddSub_fulldsp">   --->   Core 18 'FAddSub_fulldsp' <Latency = 4> <II = 1> <Delay = 7.25> <FuncUnit> <Opcode : 'fadd' 'fsub'> <InPorts = 2> <OutPorts = 1>
ST_9 : Operation 282 [4/5] (7.25ns)   --->   "%real_result_7 = fsub i32 %t1_7, i32 %t2_7" [../dft.cpp:41]   --->   Operation 282 'fsub' 'real_result_7' <Predicate = true> <Delay = 7.25> <CoreInst = "FAddSub_fulldsp">   --->   Core 18 'FAddSub_fulldsp' <Latency = 4> <II = 1> <Delay = 7.25> <FuncUnit> <Opcode : 'fadd' 'fsub'> <InPorts = 2> <OutPorts = 1>
ST_9 : Operation 283 [4/5] (7.25ns)   --->   "%imag_result_7 = fadd i32 %t3_7, i32 %t4_7" [../dft.cpp:42]   --->   Operation 283 'fadd' 'imag_result_7' <Predicate = true> <Delay = 7.25> <CoreInst = "FAddSub_fulldsp">   --->   Core 18 'FAddSub_fulldsp' <Latency = 4> <II = 1> <Delay = 7.25> <FuncUnit> <Opcode : 'fadd' 'fsub'> <InPorts = 2> <OutPorts = 1>

State 10 <SV = 9> <Delay = 7.25>
ST_10 : Operation 284 [3/5] (7.25ns)   --->   "%real_result = fsub i32 %t1, i32 %t2" [../dft.cpp:41]   --->   Operation 284 'fsub' 'real_result' <Predicate = true> <Delay = 7.25> <CoreInst = "FAddSub_fulldsp">   --->   Core 18 'FAddSub_fulldsp' <Latency = 4> <II = 1> <Delay = 7.25> <FuncUnit> <Opcode : 'fadd' 'fsub'> <InPorts = 2> <OutPorts = 1>
ST_10 : Operation 285 [3/5] (7.25ns)   --->   "%imag_result = fadd i32 %t3, i32 %t4" [../dft.cpp:42]   --->   Operation 285 'fadd' 'imag_result' <Predicate = true> <Delay = 7.25> <CoreInst = "FAddSub_fulldsp">   --->   Core 18 'FAddSub_fulldsp' <Latency = 4> <II = 1> <Delay = 7.25> <FuncUnit> <Opcode : 'fadd' 'fsub'> <InPorts = 2> <OutPorts = 1>
ST_10 : Operation 286 [3/5] (7.25ns)   --->   "%real_result_1 = fsub i32 %t1_1, i32 %t2_1" [../dft.cpp:41]   --->   Operation 286 'fsub' 'real_result_1' <Predicate = true> <Delay = 7.25> <CoreInst = "FAddSub_fulldsp">   --->   Core 18 'FAddSub_fulldsp' <Latency = 4> <II = 1> <Delay = 7.25> <FuncUnit> <Opcode : 'fadd' 'fsub'> <InPorts = 2> <OutPorts = 1>
ST_10 : Operation 287 [3/5] (7.25ns)   --->   "%imag_result_1 = fadd i32 %t3_1, i32 %t4_1" [../dft.cpp:42]   --->   Operation 287 'fadd' 'imag_result_1' <Predicate = true> <Delay = 7.25> <CoreInst = "FAddSub_fulldsp">   --->   Core 18 'FAddSub_fulldsp' <Latency = 4> <II = 1> <Delay = 7.25> <FuncUnit> <Opcode : 'fadd' 'fsub'> <InPorts = 2> <OutPorts = 1>
ST_10 : Operation 288 [3/5] (7.25ns)   --->   "%real_result_2 = fsub i32 %t1_2, i32 %t2_2" [../dft.cpp:41]   --->   Operation 288 'fsub' 'real_result_2' <Predicate = true> <Delay = 7.25> <CoreInst = "FAddSub_fulldsp">   --->   Core 18 'FAddSub_fulldsp' <Latency = 4> <II = 1> <Delay = 7.25> <FuncUnit> <Opcode : 'fadd' 'fsub'> <InPorts = 2> <OutPorts = 1>
ST_10 : Operation 289 [3/5] (7.25ns)   --->   "%imag_result_2 = fadd i32 %t3_2, i32 %t4_2" [../dft.cpp:42]   --->   Operation 289 'fadd' 'imag_result_2' <Predicate = true> <Delay = 7.25> <CoreInst = "FAddSub_fulldsp">   --->   Core 18 'FAddSub_fulldsp' <Latency = 4> <II = 1> <Delay = 7.25> <FuncUnit> <Opcode : 'fadd' 'fsub'> <InPorts = 2> <OutPorts = 1>
ST_10 : Operation 290 [3/5] (7.25ns)   --->   "%real_result_3 = fsub i32 %t1_3, i32 %t2_3" [../dft.cpp:41]   --->   Operation 290 'fsub' 'real_result_3' <Predicate = true> <Delay = 7.25> <CoreInst = "FAddSub_fulldsp">   --->   Core 18 'FAddSub_fulldsp' <Latency = 4> <II = 1> <Delay = 7.25> <FuncUnit> <Opcode : 'fadd' 'fsub'> <InPorts = 2> <OutPorts = 1>
ST_10 : Operation 291 [3/5] (7.25ns)   --->   "%imag_result_3 = fadd i32 %t3_3, i32 %t4_3" [../dft.cpp:42]   --->   Operation 291 'fadd' 'imag_result_3' <Predicate = true> <Delay = 7.25> <CoreInst = "FAddSub_fulldsp">   --->   Core 18 'FAddSub_fulldsp' <Latency = 4> <II = 1> <Delay = 7.25> <FuncUnit> <Opcode : 'fadd' 'fsub'> <InPorts = 2> <OutPorts = 1>
ST_10 : Operation 292 [3/5] (7.25ns)   --->   "%real_result_4 = fsub i32 %t1_4, i32 %t2_4" [../dft.cpp:41]   --->   Operation 292 'fsub' 'real_result_4' <Predicate = true> <Delay = 7.25> <CoreInst = "FAddSub_fulldsp">   --->   Core 18 'FAddSub_fulldsp' <Latency = 4> <II = 1> <Delay = 7.25> <FuncUnit> <Opcode : 'fadd' 'fsub'> <InPorts = 2> <OutPorts = 1>
ST_10 : Operation 293 [3/5] (7.25ns)   --->   "%imag_result_4 = fadd i32 %t3_4, i32 %t4_4" [../dft.cpp:42]   --->   Operation 293 'fadd' 'imag_result_4' <Predicate = true> <Delay = 7.25> <CoreInst = "FAddSub_fulldsp">   --->   Core 18 'FAddSub_fulldsp' <Latency = 4> <II = 1> <Delay = 7.25> <FuncUnit> <Opcode : 'fadd' 'fsub'> <InPorts = 2> <OutPorts = 1>
ST_10 : Operation 294 [3/5] (7.25ns)   --->   "%real_result_5 = fsub i32 %t1_5, i32 %t2_5" [../dft.cpp:41]   --->   Operation 294 'fsub' 'real_result_5' <Predicate = true> <Delay = 7.25> <CoreInst = "FAddSub_fulldsp">   --->   Core 18 'FAddSub_fulldsp' <Latency = 4> <II = 1> <Delay = 7.25> <FuncUnit> <Opcode : 'fadd' 'fsub'> <InPorts = 2> <OutPorts = 1>
ST_10 : Operation 295 [3/5] (7.25ns)   --->   "%imag_result_5 = fadd i32 %t3_5, i32 %t4_5" [../dft.cpp:42]   --->   Operation 295 'fadd' 'imag_result_5' <Predicate = true> <Delay = 7.25> <CoreInst = "FAddSub_fulldsp">   --->   Core 18 'FAddSub_fulldsp' <Latency = 4> <II = 1> <Delay = 7.25> <FuncUnit> <Opcode : 'fadd' 'fsub'> <InPorts = 2> <OutPorts = 1>
ST_10 : Operation 296 [3/5] (7.25ns)   --->   "%real_result_6 = fsub i32 %t1_6, i32 %t2_6" [../dft.cpp:41]   --->   Operation 296 'fsub' 'real_result_6' <Predicate = true> <Delay = 7.25> <CoreInst = "FAddSub_fulldsp">   --->   Core 18 'FAddSub_fulldsp' <Latency = 4> <II = 1> <Delay = 7.25> <FuncUnit> <Opcode : 'fadd' 'fsub'> <InPorts = 2> <OutPorts = 1>
ST_10 : Operation 297 [3/5] (7.25ns)   --->   "%imag_result_6 = fadd i32 %t3_6, i32 %t4_6" [../dft.cpp:42]   --->   Operation 297 'fadd' 'imag_result_6' <Predicate = true> <Delay = 7.25> <CoreInst = "FAddSub_fulldsp">   --->   Core 18 'FAddSub_fulldsp' <Latency = 4> <II = 1> <Delay = 7.25> <FuncUnit> <Opcode : 'fadd' 'fsub'> <InPorts = 2> <OutPorts = 1>
ST_10 : Operation 298 [3/5] (7.25ns)   --->   "%real_result_7 = fsub i32 %t1_7, i32 %t2_7" [../dft.cpp:41]   --->   Operation 298 'fsub' 'real_result_7' <Predicate = true> <Delay = 7.25> <CoreInst = "FAddSub_fulldsp">   --->   Core 18 'FAddSub_fulldsp' <Latency = 4> <II = 1> <Delay = 7.25> <FuncUnit> <Opcode : 'fadd' 'fsub'> <InPorts = 2> <OutPorts = 1>
ST_10 : Operation 299 [3/5] (7.25ns)   --->   "%imag_result_7 = fadd i32 %t3_7, i32 %t4_7" [../dft.cpp:42]   --->   Operation 299 'fadd' 'imag_result_7' <Predicate = true> <Delay = 7.25> <CoreInst = "FAddSub_fulldsp">   --->   Core 18 'FAddSub_fulldsp' <Latency = 4> <II = 1> <Delay = 7.25> <FuncUnit> <Opcode : 'fadd' 'fsub'> <InPorts = 2> <OutPorts = 1>

State 11 <SV = 10> <Delay = 7.25>
ST_11 : Operation 300 [1/1] (0.00ns)   --->   "%zext_ln22 = zext i7 %lshr_ln22_1" [../dft.cpp:22]   --->   Operation 300 'zext' 'zext_ln22' <Predicate = true> <Delay = 0.00>
ST_11 : Operation 301 [2/5] (7.25ns)   --->   "%real_result = fsub i32 %t1, i32 %t2" [../dft.cpp:41]   --->   Operation 301 'fsub' 'real_result' <Predicate = true> <Delay = 7.25> <CoreInst = "FAddSub_fulldsp">   --->   Core 18 'FAddSub_fulldsp' <Latency = 4> <II = 1> <Delay = 7.25> <FuncUnit> <Opcode : 'fadd' 'fsub'> <InPorts = 2> <OutPorts = 1>
ST_11 : Operation 302 [2/5] (7.25ns)   --->   "%imag_result = fadd i32 %t3, i32 %t4" [../dft.cpp:42]   --->   Operation 302 'fadd' 'imag_result' <Predicate = true> <Delay = 7.25> <CoreInst = "FAddSub_fulldsp">   --->   Core 18 'FAddSub_fulldsp' <Latency = 4> <II = 1> <Delay = 7.25> <FuncUnit> <Opcode : 'fadd' 'fsub'> <InPorts = 2> <OutPorts = 1>
ST_11 : Operation 303 [1/1] (0.00ns)   --->   "%real_op_0_addr = getelementptr i32 %real_op_0, i64 0, i64 %zext_ln22" [../dft.cpp:45]   --->   Operation 303 'getelementptr' 'real_op_0_addr' <Predicate = true> <Delay = 0.00>
ST_11 : Operation 304 [2/2] (3.25ns)   --->   "%real_op_0_load = load i7 %real_op_0_addr" [../dft.cpp:45]   --->   Operation 304 'load' 'real_op_0_load' <Predicate = true> <Delay = 3.25> <CoreInst = "RAM">   --->   Core 81 'RAM' <Latency = 1> <II = 1> <Delay = 3.25> <Storage> <Opcode : 'load' 'store'> <Ports = 2> <Width = 32> <Depth = 128> <RAM>
ST_11 : Operation 305 [1/1] (0.00ns)   --->   "%imag_op_0_addr = getelementptr i32 %imag_op_0, i64 0, i64 %zext_ln22" [../dft.cpp:46]   --->   Operation 305 'getelementptr' 'imag_op_0_addr' <Predicate = true> <Delay = 0.00>
ST_11 : Operation 306 [2/2] (3.25ns)   --->   "%imag_op_0_load = load i7 %imag_op_0_addr" [../dft.cpp:46]   --->   Operation 306 'load' 'imag_op_0_load' <Predicate = true> <Delay = 3.25> <CoreInst = "RAM">   --->   Core 81 'RAM' <Latency = 1> <II = 1> <Delay = 3.25> <Storage> <Opcode : 'load' 'store'> <Ports = 2> <Width = 32> <Depth = 128> <RAM>
ST_11 : Operation 307 [2/5] (7.25ns)   --->   "%real_result_1 = fsub i32 %t1_1, i32 %t2_1" [../dft.cpp:41]   --->   Operation 307 'fsub' 'real_result_1' <Predicate = true> <Delay = 7.25> <CoreInst = "FAddSub_fulldsp">   --->   Core 18 'FAddSub_fulldsp' <Latency = 4> <II = 1> <Delay = 7.25> <FuncUnit> <Opcode : 'fadd' 'fsub'> <InPorts = 2> <OutPorts = 1>
ST_11 : Operation 308 [2/5] (7.25ns)   --->   "%imag_result_1 = fadd i32 %t3_1, i32 %t4_1" [../dft.cpp:42]   --->   Operation 308 'fadd' 'imag_result_1' <Predicate = true> <Delay = 7.25> <CoreInst = "FAddSub_fulldsp">   --->   Core 18 'FAddSub_fulldsp' <Latency = 4> <II = 1> <Delay = 7.25> <FuncUnit> <Opcode : 'fadd' 'fsub'> <InPorts = 2> <OutPorts = 1>
ST_11 : Operation 309 [1/1] (0.00ns)   --->   "%real_op_1_addr = getelementptr i32 %real_op_1, i64 0, i64 %zext_ln22" [../dft.cpp:45]   --->   Operation 309 'getelementptr' 'real_op_1_addr' <Predicate = true> <Delay = 0.00>
ST_11 : Operation 310 [2/2] (3.25ns)   --->   "%real_op_1_load = load i7 %real_op_1_addr" [../dft.cpp:45]   --->   Operation 310 'load' 'real_op_1_load' <Predicate = true> <Delay = 3.25> <CoreInst = "RAM">   --->   Core 81 'RAM' <Latency = 1> <II = 1> <Delay = 3.25> <Storage> <Opcode : 'load' 'store'> <Ports = 2> <Width = 32> <Depth = 128> <RAM>
ST_11 : Operation 311 [1/1] (0.00ns)   --->   "%imag_op_1_addr = getelementptr i32 %imag_op_1, i64 0, i64 %zext_ln22" [../dft.cpp:46]   --->   Operation 311 'getelementptr' 'imag_op_1_addr' <Predicate = true> <Delay = 0.00>
ST_11 : Operation 312 [2/2] (3.25ns)   --->   "%imag_op_1_load = load i7 %imag_op_1_addr" [../dft.cpp:46]   --->   Operation 312 'load' 'imag_op_1_load' <Predicate = true> <Delay = 3.25> <CoreInst = "RAM">   --->   Core 81 'RAM' <Latency = 1> <II = 1> <Delay = 3.25> <Storage> <Opcode : 'load' 'store'> <Ports = 2> <Width = 32> <Depth = 128> <RAM>
ST_11 : Operation 313 [2/5] (7.25ns)   --->   "%real_result_2 = fsub i32 %t1_2, i32 %t2_2" [../dft.cpp:41]   --->   Operation 313 'fsub' 'real_result_2' <Predicate = true> <Delay = 7.25> <CoreInst = "FAddSub_fulldsp">   --->   Core 18 'FAddSub_fulldsp' <Latency = 4> <II = 1> <Delay = 7.25> <FuncUnit> <Opcode : 'fadd' 'fsub'> <InPorts = 2> <OutPorts = 1>
ST_11 : Operation 314 [2/5] (7.25ns)   --->   "%imag_result_2 = fadd i32 %t3_2, i32 %t4_2" [../dft.cpp:42]   --->   Operation 314 'fadd' 'imag_result_2' <Predicate = true> <Delay = 7.25> <CoreInst = "FAddSub_fulldsp">   --->   Core 18 'FAddSub_fulldsp' <Latency = 4> <II = 1> <Delay = 7.25> <FuncUnit> <Opcode : 'fadd' 'fsub'> <InPorts = 2> <OutPorts = 1>
ST_11 : Operation 315 [1/1] (0.00ns)   --->   "%real_op_2_addr = getelementptr i32 %real_op_2, i64 0, i64 %zext_ln22" [../dft.cpp:45]   --->   Operation 315 'getelementptr' 'real_op_2_addr' <Predicate = true> <Delay = 0.00>
ST_11 : Operation 316 [2/2] (3.25ns)   --->   "%real_op_2_load = load i7 %real_op_2_addr" [../dft.cpp:45]   --->   Operation 316 'load' 'real_op_2_load' <Predicate = true> <Delay = 3.25> <CoreInst = "RAM">   --->   Core 81 'RAM' <Latency = 1> <II = 1> <Delay = 3.25> <Storage> <Opcode : 'load' 'store'> <Ports = 2> <Width = 32> <Depth = 128> <RAM>
ST_11 : Operation 317 [1/1] (0.00ns)   --->   "%imag_op_2_addr = getelementptr i32 %imag_op_2, i64 0, i64 %zext_ln22" [../dft.cpp:46]   --->   Operation 317 'getelementptr' 'imag_op_2_addr' <Predicate = true> <Delay = 0.00>
ST_11 : Operation 318 [2/2] (3.25ns)   --->   "%imag_op_2_load = load i7 %imag_op_2_addr" [../dft.cpp:46]   --->   Operation 318 'load' 'imag_op_2_load' <Predicate = true> <Delay = 3.25> <CoreInst = "RAM">   --->   Core 81 'RAM' <Latency = 1> <II = 1> <Delay = 3.25> <Storage> <Opcode : 'load' 'store'> <Ports = 2> <Width = 32> <Depth = 128> <RAM>
ST_11 : Operation 319 [2/5] (7.25ns)   --->   "%real_result_3 = fsub i32 %t1_3, i32 %t2_3" [../dft.cpp:41]   --->   Operation 319 'fsub' 'real_result_3' <Predicate = true> <Delay = 7.25> <CoreInst = "FAddSub_fulldsp">   --->   Core 18 'FAddSub_fulldsp' <Latency = 4> <II = 1> <Delay = 7.25> <FuncUnit> <Opcode : 'fadd' 'fsub'> <InPorts = 2> <OutPorts = 1>
ST_11 : Operation 320 [2/5] (7.25ns)   --->   "%imag_result_3 = fadd i32 %t3_3, i32 %t4_3" [../dft.cpp:42]   --->   Operation 320 'fadd' 'imag_result_3' <Predicate = true> <Delay = 7.25> <CoreInst = "FAddSub_fulldsp">   --->   Core 18 'FAddSub_fulldsp' <Latency = 4> <II = 1> <Delay = 7.25> <FuncUnit> <Opcode : 'fadd' 'fsub'> <InPorts = 2> <OutPorts = 1>
ST_11 : Operation 321 [1/1] (0.00ns)   --->   "%real_op_3_addr = getelementptr i32 %real_op_3, i64 0, i64 %zext_ln22" [../dft.cpp:45]   --->   Operation 321 'getelementptr' 'real_op_3_addr' <Predicate = true> <Delay = 0.00>
ST_11 : Operation 322 [2/2] (3.25ns)   --->   "%real_op_3_load = load i7 %real_op_3_addr" [../dft.cpp:45]   --->   Operation 322 'load' 'real_op_3_load' <Predicate = true> <Delay = 3.25> <CoreInst = "RAM">   --->   Core 81 'RAM' <Latency = 1> <II = 1> <Delay = 3.25> <Storage> <Opcode : 'load' 'store'> <Ports = 2> <Width = 32> <Depth = 128> <RAM>
ST_11 : Operation 323 [1/1] (0.00ns)   --->   "%imag_op_3_addr = getelementptr i32 %imag_op_3, i64 0, i64 %zext_ln22" [../dft.cpp:46]   --->   Operation 323 'getelementptr' 'imag_op_3_addr' <Predicate = true> <Delay = 0.00>
ST_11 : Operation 324 [2/2] (3.25ns)   --->   "%imag_op_3_load = load i7 %imag_op_3_addr" [../dft.cpp:46]   --->   Operation 324 'load' 'imag_op_3_load' <Predicate = true> <Delay = 3.25> <CoreInst = "RAM">   --->   Core 81 'RAM' <Latency = 1> <II = 1> <Delay = 3.25> <Storage> <Opcode : 'load' 'store'> <Ports = 2> <Width = 32> <Depth = 128> <RAM>
ST_11 : Operation 325 [2/5] (7.25ns)   --->   "%real_result_4 = fsub i32 %t1_4, i32 %t2_4" [../dft.cpp:41]   --->   Operation 325 'fsub' 'real_result_4' <Predicate = true> <Delay = 7.25> <CoreInst = "FAddSub_fulldsp">   --->   Core 18 'FAddSub_fulldsp' <Latency = 4> <II = 1> <Delay = 7.25> <FuncUnit> <Opcode : 'fadd' 'fsub'> <InPorts = 2> <OutPorts = 1>
ST_11 : Operation 326 [2/5] (7.25ns)   --->   "%imag_result_4 = fadd i32 %t3_4, i32 %t4_4" [../dft.cpp:42]   --->   Operation 326 'fadd' 'imag_result_4' <Predicate = true> <Delay = 7.25> <CoreInst = "FAddSub_fulldsp">   --->   Core 18 'FAddSub_fulldsp' <Latency = 4> <II = 1> <Delay = 7.25> <FuncUnit> <Opcode : 'fadd' 'fsub'> <InPorts = 2> <OutPorts = 1>
ST_11 : Operation 327 [1/1] (0.00ns)   --->   "%real_op_4_addr = getelementptr i32 %real_op_4, i64 0, i64 %zext_ln22" [../dft.cpp:45]   --->   Operation 327 'getelementptr' 'real_op_4_addr' <Predicate = true> <Delay = 0.00>
ST_11 : Operation 328 [2/2] (3.25ns)   --->   "%real_op_4_load = load i7 %real_op_4_addr" [../dft.cpp:45]   --->   Operation 328 'load' 'real_op_4_load' <Predicate = true> <Delay = 3.25> <CoreInst = "RAM">   --->   Core 81 'RAM' <Latency = 1> <II = 1> <Delay = 3.25> <Storage> <Opcode : 'load' 'store'> <Ports = 2> <Width = 32> <Depth = 128> <RAM>
ST_11 : Operation 329 [1/1] (0.00ns)   --->   "%imag_op_4_addr = getelementptr i32 %imag_op_4, i64 0, i64 %zext_ln22" [../dft.cpp:46]   --->   Operation 329 'getelementptr' 'imag_op_4_addr' <Predicate = true> <Delay = 0.00>
ST_11 : Operation 330 [2/2] (3.25ns)   --->   "%imag_op_4_load = load i7 %imag_op_4_addr" [../dft.cpp:46]   --->   Operation 330 'load' 'imag_op_4_load' <Predicate = true> <Delay = 3.25> <CoreInst = "RAM">   --->   Core 81 'RAM' <Latency = 1> <II = 1> <Delay = 3.25> <Storage> <Opcode : 'load' 'store'> <Ports = 2> <Width = 32> <Depth = 128> <RAM>
ST_11 : Operation 331 [2/5] (7.25ns)   --->   "%real_result_5 = fsub i32 %t1_5, i32 %t2_5" [../dft.cpp:41]   --->   Operation 331 'fsub' 'real_result_5' <Predicate = true> <Delay = 7.25> <CoreInst = "FAddSub_fulldsp">   --->   Core 18 'FAddSub_fulldsp' <Latency = 4> <II = 1> <Delay = 7.25> <FuncUnit> <Opcode : 'fadd' 'fsub'> <InPorts = 2> <OutPorts = 1>
ST_11 : Operation 332 [2/5] (7.25ns)   --->   "%imag_result_5 = fadd i32 %t3_5, i32 %t4_5" [../dft.cpp:42]   --->   Operation 332 'fadd' 'imag_result_5' <Predicate = true> <Delay = 7.25> <CoreInst = "FAddSub_fulldsp">   --->   Core 18 'FAddSub_fulldsp' <Latency = 4> <II = 1> <Delay = 7.25> <FuncUnit> <Opcode : 'fadd' 'fsub'> <InPorts = 2> <OutPorts = 1>
ST_11 : Operation 333 [1/1] (0.00ns)   --->   "%real_op_5_addr = getelementptr i32 %real_op_5, i64 0, i64 %zext_ln22" [../dft.cpp:45]   --->   Operation 333 'getelementptr' 'real_op_5_addr' <Predicate = true> <Delay = 0.00>
ST_11 : Operation 334 [2/2] (3.25ns)   --->   "%real_op_5_load = load i7 %real_op_5_addr" [../dft.cpp:45]   --->   Operation 334 'load' 'real_op_5_load' <Predicate = true> <Delay = 3.25> <CoreInst = "RAM">   --->   Core 81 'RAM' <Latency = 1> <II = 1> <Delay = 3.25> <Storage> <Opcode : 'load' 'store'> <Ports = 2> <Width = 32> <Depth = 128> <RAM>
ST_11 : Operation 335 [1/1] (0.00ns)   --->   "%imag_op_5_addr = getelementptr i32 %imag_op_5, i64 0, i64 %zext_ln22" [../dft.cpp:46]   --->   Operation 335 'getelementptr' 'imag_op_5_addr' <Predicate = true> <Delay = 0.00>
ST_11 : Operation 336 [2/2] (3.25ns)   --->   "%imag_op_5_load = load i7 %imag_op_5_addr" [../dft.cpp:46]   --->   Operation 336 'load' 'imag_op_5_load' <Predicate = true> <Delay = 3.25> <CoreInst = "RAM">   --->   Core 81 'RAM' <Latency = 1> <II = 1> <Delay = 3.25> <Storage> <Opcode : 'load' 'store'> <Ports = 2> <Width = 32> <Depth = 128> <RAM>
ST_11 : Operation 337 [2/5] (7.25ns)   --->   "%real_result_6 = fsub i32 %t1_6, i32 %t2_6" [../dft.cpp:41]   --->   Operation 337 'fsub' 'real_result_6' <Predicate = true> <Delay = 7.25> <CoreInst = "FAddSub_fulldsp">   --->   Core 18 'FAddSub_fulldsp' <Latency = 4> <II = 1> <Delay = 7.25> <FuncUnit> <Opcode : 'fadd' 'fsub'> <InPorts = 2> <OutPorts = 1>
ST_11 : Operation 338 [2/5] (7.25ns)   --->   "%imag_result_6 = fadd i32 %t3_6, i32 %t4_6" [../dft.cpp:42]   --->   Operation 338 'fadd' 'imag_result_6' <Predicate = true> <Delay = 7.25> <CoreInst = "FAddSub_fulldsp">   --->   Core 18 'FAddSub_fulldsp' <Latency = 4> <II = 1> <Delay = 7.25> <FuncUnit> <Opcode : 'fadd' 'fsub'> <InPorts = 2> <OutPorts = 1>
ST_11 : Operation 339 [1/1] (0.00ns)   --->   "%real_op_6_addr = getelementptr i32 %real_op_6, i64 0, i64 %zext_ln22" [../dft.cpp:45]   --->   Operation 339 'getelementptr' 'real_op_6_addr' <Predicate = true> <Delay = 0.00>
ST_11 : Operation 340 [2/2] (3.25ns)   --->   "%real_op_6_load = load i7 %real_op_6_addr" [../dft.cpp:45]   --->   Operation 340 'load' 'real_op_6_load' <Predicate = true> <Delay = 3.25> <CoreInst = "RAM">   --->   Core 81 'RAM' <Latency = 1> <II = 1> <Delay = 3.25> <Storage> <Opcode : 'load' 'store'> <Ports = 2> <Width = 32> <Depth = 128> <RAM>
ST_11 : Operation 341 [1/1] (0.00ns)   --->   "%imag_op_6_addr = getelementptr i32 %imag_op_6, i64 0, i64 %zext_ln22" [../dft.cpp:46]   --->   Operation 341 'getelementptr' 'imag_op_6_addr' <Predicate = true> <Delay = 0.00>
ST_11 : Operation 342 [2/2] (3.25ns)   --->   "%imag_op_6_load = load i7 %imag_op_6_addr" [../dft.cpp:46]   --->   Operation 342 'load' 'imag_op_6_load' <Predicate = true> <Delay = 3.25> <CoreInst = "RAM">   --->   Core 81 'RAM' <Latency = 1> <II = 1> <Delay = 3.25> <Storage> <Opcode : 'load' 'store'> <Ports = 2> <Width = 32> <Depth = 128> <RAM>
ST_11 : Operation 343 [2/5] (7.25ns)   --->   "%real_result_7 = fsub i32 %t1_7, i32 %t2_7" [../dft.cpp:41]   --->   Operation 343 'fsub' 'real_result_7' <Predicate = true> <Delay = 7.25> <CoreInst = "FAddSub_fulldsp">   --->   Core 18 'FAddSub_fulldsp' <Latency = 4> <II = 1> <Delay = 7.25> <FuncUnit> <Opcode : 'fadd' 'fsub'> <InPorts = 2> <OutPorts = 1>
ST_11 : Operation 344 [2/5] (7.25ns)   --->   "%imag_result_7 = fadd i32 %t3_7, i32 %t4_7" [../dft.cpp:42]   --->   Operation 344 'fadd' 'imag_result_7' <Predicate = true> <Delay = 7.25> <CoreInst = "FAddSub_fulldsp">   --->   Core 18 'FAddSub_fulldsp' <Latency = 4> <II = 1> <Delay = 7.25> <FuncUnit> <Opcode : 'fadd' 'fsub'> <InPorts = 2> <OutPorts = 1>
ST_11 : Operation 345 [1/1] (0.00ns)   --->   "%real_op_7_addr = getelementptr i32 %real_op_7, i64 0, i64 %zext_ln22" [../dft.cpp:45]   --->   Operation 345 'getelementptr' 'real_op_7_addr' <Predicate = true> <Delay = 0.00>
ST_11 : Operation 346 [2/2] (3.25ns)   --->   "%real_op_7_load = load i7 %real_op_7_addr" [../dft.cpp:45]   --->   Operation 346 'load' 'real_op_7_load' <Predicate = true> <Delay = 3.25> <CoreInst = "RAM">   --->   Core 81 'RAM' <Latency = 1> <II = 1> <Delay = 3.25> <Storage> <Opcode : 'load' 'store'> <Ports = 2> <Width = 32> <Depth = 128> <RAM>
ST_11 : Operation 347 [1/1] (0.00ns)   --->   "%imag_op_7_addr = getelementptr i32 %imag_op_7, i64 0, i64 %zext_ln22" [../dft.cpp:46]   --->   Operation 347 'getelementptr' 'imag_op_7_addr' <Predicate = true> <Delay = 0.00>
ST_11 : Operation 348 [2/2] (3.25ns)   --->   "%imag_op_7_load = load i7 %imag_op_7_addr" [../dft.cpp:46]   --->   Operation 348 'load' 'imag_op_7_load' <Predicate = true> <Delay = 3.25> <CoreInst = "RAM">   --->   Core 81 'RAM' <Latency = 1> <II = 1> <Delay = 3.25> <Storage> <Opcode : 'load' 'store'> <Ports = 2> <Width = 32> <Depth = 128> <RAM>

State 12 <SV = 11> <Delay = 7.25>
ST_12 : Operation 349 [1/5] (7.25ns)   --->   "%real_result = fsub i32 %t1, i32 %t2" [../dft.cpp:41]   --->   Operation 349 'fsub' 'real_result' <Predicate = true> <Delay = 7.25> <CoreInst = "FAddSub_fulldsp">   --->   Core 18 'FAddSub_fulldsp' <Latency = 4> <II = 1> <Delay = 7.25> <FuncUnit> <Opcode : 'fadd' 'fsub'> <InPorts = 2> <OutPorts = 1>
ST_12 : Operation 350 [1/5] (7.25ns)   --->   "%imag_result = fadd i32 %t3, i32 %t4" [../dft.cpp:42]   --->   Operation 350 'fadd' 'imag_result' <Predicate = true> <Delay = 7.25> <CoreInst = "FAddSub_fulldsp">   --->   Core 18 'FAddSub_fulldsp' <Latency = 4> <II = 1> <Delay = 7.25> <FuncUnit> <Opcode : 'fadd' 'fsub'> <InPorts = 2> <OutPorts = 1>
ST_12 : Operation 351 [1/2] ( I:3.25ns O:3.25ns )   --->   "%real_op_0_load = load i7 %real_op_0_addr" [../dft.cpp:45]   --->   Operation 351 'load' 'real_op_0_load' <Predicate = true> <Delay = 3.25> <CoreInst = "RAM">   --->   Core 81 'RAM' <Latency = 1> <II = 1> <Delay = 3.25> <Storage> <Opcode : 'load' 'store'> <Ports = 2> <Width = 32> <Depth = 128> <RAM>
ST_12 : Operation 352 [1/2] ( I:3.25ns O:3.25ns )   --->   "%imag_op_0_load = load i7 %imag_op_0_addr" [../dft.cpp:46]   --->   Operation 352 'load' 'imag_op_0_load' <Predicate = true> <Delay = 3.25> <CoreInst = "RAM">   --->   Core 81 'RAM' <Latency = 1> <II = 1> <Delay = 3.25> <Storage> <Opcode : 'load' 'store'> <Ports = 2> <Width = 32> <Depth = 128> <RAM>
ST_12 : Operation 353 [1/5] (7.25ns)   --->   "%real_result_1 = fsub i32 %t1_1, i32 %t2_1" [../dft.cpp:41]   --->   Operation 353 'fsub' 'real_result_1' <Predicate = true> <Delay = 7.25> <CoreInst = "FAddSub_fulldsp">   --->   Core 18 'FAddSub_fulldsp' <Latency = 4> <II = 1> <Delay = 7.25> <FuncUnit> <Opcode : 'fadd' 'fsub'> <InPorts = 2> <OutPorts = 1>
ST_12 : Operation 354 [1/5] (7.25ns)   --->   "%imag_result_1 = fadd i32 %t3_1, i32 %t4_1" [../dft.cpp:42]   --->   Operation 354 'fadd' 'imag_result_1' <Predicate = true> <Delay = 7.25> <CoreInst = "FAddSub_fulldsp">   --->   Core 18 'FAddSub_fulldsp' <Latency = 4> <II = 1> <Delay = 7.25> <FuncUnit> <Opcode : 'fadd' 'fsub'> <InPorts = 2> <OutPorts = 1>
ST_12 : Operation 355 [1/2] ( I:3.25ns O:3.25ns )   --->   "%real_op_1_load = load i7 %real_op_1_addr" [../dft.cpp:45]   --->   Operation 355 'load' 'real_op_1_load' <Predicate = true> <Delay = 3.25> <CoreInst = "RAM">   --->   Core 81 'RAM' <Latency = 1> <II = 1> <Delay = 3.25> <Storage> <Opcode : 'load' 'store'> <Ports = 2> <Width = 32> <Depth = 128> <RAM>
ST_12 : Operation 356 [1/2] ( I:3.25ns O:3.25ns )   --->   "%imag_op_1_load = load i7 %imag_op_1_addr" [../dft.cpp:46]   --->   Operation 356 'load' 'imag_op_1_load' <Predicate = true> <Delay = 3.25> <CoreInst = "RAM">   --->   Core 81 'RAM' <Latency = 1> <II = 1> <Delay = 3.25> <Storage> <Opcode : 'load' 'store'> <Ports = 2> <Width = 32> <Depth = 128> <RAM>
ST_12 : Operation 357 [1/5] (7.25ns)   --->   "%real_result_2 = fsub i32 %t1_2, i32 %t2_2" [../dft.cpp:41]   --->   Operation 357 'fsub' 'real_result_2' <Predicate = true> <Delay = 7.25> <CoreInst = "FAddSub_fulldsp">   --->   Core 18 'FAddSub_fulldsp' <Latency = 4> <II = 1> <Delay = 7.25> <FuncUnit> <Opcode : 'fadd' 'fsub'> <InPorts = 2> <OutPorts = 1>
ST_12 : Operation 358 [1/5] (7.25ns)   --->   "%imag_result_2 = fadd i32 %t3_2, i32 %t4_2" [../dft.cpp:42]   --->   Operation 358 'fadd' 'imag_result_2' <Predicate = true> <Delay = 7.25> <CoreInst = "FAddSub_fulldsp">   --->   Core 18 'FAddSub_fulldsp' <Latency = 4> <II = 1> <Delay = 7.25> <FuncUnit> <Opcode : 'fadd' 'fsub'> <InPorts = 2> <OutPorts = 1>
ST_12 : Operation 359 [1/2] ( I:3.25ns O:3.25ns )   --->   "%real_op_2_load = load i7 %real_op_2_addr" [../dft.cpp:45]   --->   Operation 359 'load' 'real_op_2_load' <Predicate = true> <Delay = 3.25> <CoreInst = "RAM">   --->   Core 81 'RAM' <Latency = 1> <II = 1> <Delay = 3.25> <Storage> <Opcode : 'load' 'store'> <Ports = 2> <Width = 32> <Depth = 128> <RAM>
ST_12 : Operation 360 [1/2] ( I:3.25ns O:3.25ns )   --->   "%imag_op_2_load = load i7 %imag_op_2_addr" [../dft.cpp:46]   --->   Operation 360 'load' 'imag_op_2_load' <Predicate = true> <Delay = 3.25> <CoreInst = "RAM">   --->   Core 81 'RAM' <Latency = 1> <II = 1> <Delay = 3.25> <Storage> <Opcode : 'load' 'store'> <Ports = 2> <Width = 32> <Depth = 128> <RAM>
ST_12 : Operation 361 [1/5] (7.25ns)   --->   "%real_result_3 = fsub i32 %t1_3, i32 %t2_3" [../dft.cpp:41]   --->   Operation 361 'fsub' 'real_result_3' <Predicate = true> <Delay = 7.25> <CoreInst = "FAddSub_fulldsp">   --->   Core 18 'FAddSub_fulldsp' <Latency = 4> <II = 1> <Delay = 7.25> <FuncUnit> <Opcode : 'fadd' 'fsub'> <InPorts = 2> <OutPorts = 1>
ST_12 : Operation 362 [1/5] (7.25ns)   --->   "%imag_result_3 = fadd i32 %t3_3, i32 %t4_3" [../dft.cpp:42]   --->   Operation 362 'fadd' 'imag_result_3' <Predicate = true> <Delay = 7.25> <CoreInst = "FAddSub_fulldsp">   --->   Core 18 'FAddSub_fulldsp' <Latency = 4> <II = 1> <Delay = 7.25> <FuncUnit> <Opcode : 'fadd' 'fsub'> <InPorts = 2> <OutPorts = 1>
ST_12 : Operation 363 [1/2] ( I:3.25ns O:3.25ns )   --->   "%real_op_3_load = load i7 %real_op_3_addr" [../dft.cpp:45]   --->   Operation 363 'load' 'real_op_3_load' <Predicate = true> <Delay = 3.25> <CoreInst = "RAM">   --->   Core 81 'RAM' <Latency = 1> <II = 1> <Delay = 3.25> <Storage> <Opcode : 'load' 'store'> <Ports = 2> <Width = 32> <Depth = 128> <RAM>
ST_12 : Operation 364 [1/2] ( I:3.25ns O:3.25ns )   --->   "%imag_op_3_load = load i7 %imag_op_3_addr" [../dft.cpp:46]   --->   Operation 364 'load' 'imag_op_3_load' <Predicate = true> <Delay = 3.25> <CoreInst = "RAM">   --->   Core 81 'RAM' <Latency = 1> <II = 1> <Delay = 3.25> <Storage> <Opcode : 'load' 'store'> <Ports = 2> <Width = 32> <Depth = 128> <RAM>
ST_12 : Operation 365 [1/5] (7.25ns)   --->   "%real_result_4 = fsub i32 %t1_4, i32 %t2_4" [../dft.cpp:41]   --->   Operation 365 'fsub' 'real_result_4' <Predicate = true> <Delay = 7.25> <CoreInst = "FAddSub_fulldsp">   --->   Core 18 'FAddSub_fulldsp' <Latency = 4> <II = 1> <Delay = 7.25> <FuncUnit> <Opcode : 'fadd' 'fsub'> <InPorts = 2> <OutPorts = 1>
ST_12 : Operation 366 [1/5] (7.25ns)   --->   "%imag_result_4 = fadd i32 %t3_4, i32 %t4_4" [../dft.cpp:42]   --->   Operation 366 'fadd' 'imag_result_4' <Predicate = true> <Delay = 7.25> <CoreInst = "FAddSub_fulldsp">   --->   Core 18 'FAddSub_fulldsp' <Latency = 4> <II = 1> <Delay = 7.25> <FuncUnit> <Opcode : 'fadd' 'fsub'> <InPorts = 2> <OutPorts = 1>
ST_12 : Operation 367 [1/2] ( I:3.25ns O:3.25ns )   --->   "%real_op_4_load = load i7 %real_op_4_addr" [../dft.cpp:45]   --->   Operation 367 'load' 'real_op_4_load' <Predicate = true> <Delay = 3.25> <CoreInst = "RAM">   --->   Core 81 'RAM' <Latency = 1> <II = 1> <Delay = 3.25> <Storage> <Opcode : 'load' 'store'> <Ports = 2> <Width = 32> <Depth = 128> <RAM>
ST_12 : Operation 368 [1/2] ( I:3.25ns O:3.25ns )   --->   "%imag_op_4_load = load i7 %imag_op_4_addr" [../dft.cpp:46]   --->   Operation 368 'load' 'imag_op_4_load' <Predicate = true> <Delay = 3.25> <CoreInst = "RAM">   --->   Core 81 'RAM' <Latency = 1> <II = 1> <Delay = 3.25> <Storage> <Opcode : 'load' 'store'> <Ports = 2> <Width = 32> <Depth = 128> <RAM>
ST_12 : Operation 369 [1/5] (7.25ns)   --->   "%real_result_5 = fsub i32 %t1_5, i32 %t2_5" [../dft.cpp:41]   --->   Operation 369 'fsub' 'real_result_5' <Predicate = true> <Delay = 7.25> <CoreInst = "FAddSub_fulldsp">   --->   Core 18 'FAddSub_fulldsp' <Latency = 4> <II = 1> <Delay = 7.25> <FuncUnit> <Opcode : 'fadd' 'fsub'> <InPorts = 2> <OutPorts = 1>
ST_12 : Operation 370 [1/5] (7.25ns)   --->   "%imag_result_5 = fadd i32 %t3_5, i32 %t4_5" [../dft.cpp:42]   --->   Operation 370 'fadd' 'imag_result_5' <Predicate = true> <Delay = 7.25> <CoreInst = "FAddSub_fulldsp">   --->   Core 18 'FAddSub_fulldsp' <Latency = 4> <II = 1> <Delay = 7.25> <FuncUnit> <Opcode : 'fadd' 'fsub'> <InPorts = 2> <OutPorts = 1>
ST_12 : Operation 371 [1/2] ( I:3.25ns O:3.25ns )   --->   "%real_op_5_load = load i7 %real_op_5_addr" [../dft.cpp:45]   --->   Operation 371 'load' 'real_op_5_load' <Predicate = true> <Delay = 3.25> <CoreInst = "RAM">   --->   Core 81 'RAM' <Latency = 1> <II = 1> <Delay = 3.25> <Storage> <Opcode : 'load' 'store'> <Ports = 2> <Width = 32> <Depth = 128> <RAM>
ST_12 : Operation 372 [1/2] ( I:3.25ns O:3.25ns )   --->   "%imag_op_5_load = load i7 %imag_op_5_addr" [../dft.cpp:46]   --->   Operation 372 'load' 'imag_op_5_load' <Predicate = true> <Delay = 3.25> <CoreInst = "RAM">   --->   Core 81 'RAM' <Latency = 1> <II = 1> <Delay = 3.25> <Storage> <Opcode : 'load' 'store'> <Ports = 2> <Width = 32> <Depth = 128> <RAM>
ST_12 : Operation 373 [1/5] (7.25ns)   --->   "%real_result_6 = fsub i32 %t1_6, i32 %t2_6" [../dft.cpp:41]   --->   Operation 373 'fsub' 'real_result_6' <Predicate = true> <Delay = 7.25> <CoreInst = "FAddSub_fulldsp">   --->   Core 18 'FAddSub_fulldsp' <Latency = 4> <II = 1> <Delay = 7.25> <FuncUnit> <Opcode : 'fadd' 'fsub'> <InPorts = 2> <OutPorts = 1>
ST_12 : Operation 374 [1/5] (7.25ns)   --->   "%imag_result_6 = fadd i32 %t3_6, i32 %t4_6" [../dft.cpp:42]   --->   Operation 374 'fadd' 'imag_result_6' <Predicate = true> <Delay = 7.25> <CoreInst = "FAddSub_fulldsp">   --->   Core 18 'FAddSub_fulldsp' <Latency = 4> <II = 1> <Delay = 7.25> <FuncUnit> <Opcode : 'fadd' 'fsub'> <InPorts = 2> <OutPorts = 1>
ST_12 : Operation 375 [1/2] ( I:3.25ns O:3.25ns )   --->   "%real_op_6_load = load i7 %real_op_6_addr" [../dft.cpp:45]   --->   Operation 375 'load' 'real_op_6_load' <Predicate = true> <Delay = 3.25> <CoreInst = "RAM">   --->   Core 81 'RAM' <Latency = 1> <II = 1> <Delay = 3.25> <Storage> <Opcode : 'load' 'store'> <Ports = 2> <Width = 32> <Depth = 128> <RAM>
ST_12 : Operation 376 [1/2] ( I:3.25ns O:3.25ns )   --->   "%imag_op_6_load = load i7 %imag_op_6_addr" [../dft.cpp:46]   --->   Operation 376 'load' 'imag_op_6_load' <Predicate = true> <Delay = 3.25> <CoreInst = "RAM">   --->   Core 81 'RAM' <Latency = 1> <II = 1> <Delay = 3.25> <Storage> <Opcode : 'load' 'store'> <Ports = 2> <Width = 32> <Depth = 128> <RAM>
ST_12 : Operation 377 [1/5] (7.25ns)   --->   "%real_result_7 = fsub i32 %t1_7, i32 %t2_7" [../dft.cpp:41]   --->   Operation 377 'fsub' 'real_result_7' <Predicate = true> <Delay = 7.25> <CoreInst = "FAddSub_fulldsp">   --->   Core 18 'FAddSub_fulldsp' <Latency = 4> <II = 1> <Delay = 7.25> <FuncUnit> <Opcode : 'fadd' 'fsub'> <InPorts = 2> <OutPorts = 1>
ST_12 : Operation 378 [1/5] (7.25ns)   --->   "%imag_result_7 = fadd i32 %t3_7, i32 %t4_7" [../dft.cpp:42]   --->   Operation 378 'fadd' 'imag_result_7' <Predicate = true> <Delay = 7.25> <CoreInst = "FAddSub_fulldsp">   --->   Core 18 'FAddSub_fulldsp' <Latency = 4> <II = 1> <Delay = 7.25> <FuncUnit> <Opcode : 'fadd' 'fsub'> <InPorts = 2> <OutPorts = 1>
ST_12 : Operation 379 [1/2] ( I:3.25ns O:3.25ns )   --->   "%real_op_7_load = load i7 %real_op_7_addr" [../dft.cpp:45]   --->   Operation 379 'load' 'real_op_7_load' <Predicate = true> <Delay = 3.25> <CoreInst = "RAM">   --->   Core 81 'RAM' <Latency = 1> <II = 1> <Delay = 3.25> <Storage> <Opcode : 'load' 'store'> <Ports = 2> <Width = 32> <Depth = 128> <RAM>
ST_12 : Operation 380 [1/2] ( I:3.25ns O:3.25ns )   --->   "%imag_op_7_load = load i7 %imag_op_7_addr" [../dft.cpp:46]   --->   Operation 380 'load' 'imag_op_7_load' <Predicate = true> <Delay = 3.25> <CoreInst = "RAM">   --->   Core 81 'RAM' <Latency = 1> <II = 1> <Delay = 3.25> <Storage> <Opcode : 'load' 'store'> <Ports = 2> <Width = 32> <Depth = 128> <RAM>

State 13 <SV = 12> <Delay = 7.25>
ST_13 : Operation 381 [1/1] (0.00ns)   --->   "%bitcast_ln45 = bitcast i32 %real_op_0_load" [../dft.cpp:45]   --->   Operation 381 'bitcast' 'bitcast_ln45' <Predicate = true> <Delay = 0.00>
ST_13 : Operation 382 [5/5] (7.25ns)   --->   "%add17_1 = fadd i32 %bitcast_ln45, i32 %real_result" [../dft.cpp:45]   --->   Operation 382 'fadd' 'add17_1' <Predicate = true> <Delay = 7.25> <CoreInst = "FAddSub_fulldsp">   --->   Core 18 'FAddSub_fulldsp' <Latency = 4> <II = 1> <Delay = 7.25> <FuncUnit> <Opcode : 'fadd' 'fsub'> <InPorts = 2> <OutPorts = 1>
ST_13 : Operation 383 [1/1] (0.00ns)   --->   "%bitcast_ln46 = bitcast i32 %imag_op_0_load" [../dft.cpp:46]   --->   Operation 383 'bitcast' 'bitcast_ln46' <Predicate = true> <Delay = 0.00>
ST_13 : Operation 384 [5/5] (7.25ns)   --->   "%add20_1 = fadd i32 %bitcast_ln46, i32 %imag_result" [../dft.cpp:46]   --->   Operation 384 'fadd' 'add20_1' <Predicate = true> <Delay = 7.25> <CoreInst = "FAddSub_fulldsp">   --->   Core 18 'FAddSub_fulldsp' <Latency = 4> <II = 1> <Delay = 7.25> <FuncUnit> <Opcode : 'fadd' 'fsub'> <InPorts = 2> <OutPorts = 1>
ST_13 : Operation 385 [1/1] (0.00ns)   --->   "%bitcast_ln45_2 = bitcast i32 %real_op_1_load" [../dft.cpp:45]   --->   Operation 385 'bitcast' 'bitcast_ln45_2' <Predicate = true> <Delay = 0.00>
ST_13 : Operation 386 [5/5] (7.25ns)   --->   "%add17_1_1 = fadd i32 %bitcast_ln45_2, i32 %real_result_1" [../dft.cpp:45]   --->   Operation 386 'fadd' 'add17_1_1' <Predicate = true> <Delay = 7.25> <CoreInst = "FAddSub_fulldsp">   --->   Core 18 'FAddSub_fulldsp' <Latency = 4> <II = 1> <Delay = 7.25> <FuncUnit> <Opcode : 'fadd' 'fsub'> <InPorts = 2> <OutPorts = 1>
ST_13 : Operation 387 [1/1] (0.00ns)   --->   "%bitcast_ln46_2 = bitcast i32 %imag_op_1_load" [../dft.cpp:46]   --->   Operation 387 'bitcast' 'bitcast_ln46_2' <Predicate = true> <Delay = 0.00>
ST_13 : Operation 388 [5/5] (7.25ns)   --->   "%add20_1_1 = fadd i32 %bitcast_ln46_2, i32 %imag_result_1" [../dft.cpp:46]   --->   Operation 388 'fadd' 'add20_1_1' <Predicate = true> <Delay = 7.25> <CoreInst = "FAddSub_fulldsp">   --->   Core 18 'FAddSub_fulldsp' <Latency = 4> <II = 1> <Delay = 7.25> <FuncUnit> <Opcode : 'fadd' 'fsub'> <InPorts = 2> <OutPorts = 1>
ST_13 : Operation 389 [1/1] (0.00ns)   --->   "%bitcast_ln45_4 = bitcast i32 %real_op_2_load" [../dft.cpp:45]   --->   Operation 389 'bitcast' 'bitcast_ln45_4' <Predicate = true> <Delay = 0.00>
ST_13 : Operation 390 [5/5] (7.25ns)   --->   "%add17_1_2 = fadd i32 %bitcast_ln45_4, i32 %real_result_2" [../dft.cpp:45]   --->   Operation 390 'fadd' 'add17_1_2' <Predicate = true> <Delay = 7.25> <CoreInst = "FAddSub_fulldsp">   --->   Core 18 'FAddSub_fulldsp' <Latency = 4> <II = 1> <Delay = 7.25> <FuncUnit> <Opcode : 'fadd' 'fsub'> <InPorts = 2> <OutPorts = 1>
ST_13 : Operation 391 [1/1] (0.00ns)   --->   "%bitcast_ln46_4 = bitcast i32 %imag_op_2_load" [../dft.cpp:46]   --->   Operation 391 'bitcast' 'bitcast_ln46_4' <Predicate = true> <Delay = 0.00>
ST_13 : Operation 392 [5/5] (7.25ns)   --->   "%add20_1_2 = fadd i32 %bitcast_ln46_4, i32 %imag_result_2" [../dft.cpp:46]   --->   Operation 392 'fadd' 'add20_1_2' <Predicate = true> <Delay = 7.25> <CoreInst = "FAddSub_fulldsp">   --->   Core 18 'FAddSub_fulldsp' <Latency = 4> <II = 1> <Delay = 7.25> <FuncUnit> <Opcode : 'fadd' 'fsub'> <InPorts = 2> <OutPorts = 1>
ST_13 : Operation 393 [1/1] (0.00ns)   --->   "%bitcast_ln45_6 = bitcast i32 %real_op_3_load" [../dft.cpp:45]   --->   Operation 393 'bitcast' 'bitcast_ln45_6' <Predicate = true> <Delay = 0.00>
ST_13 : Operation 394 [5/5] (7.25ns)   --->   "%add17_1_3 = fadd i32 %bitcast_ln45_6, i32 %real_result_3" [../dft.cpp:45]   --->   Operation 394 'fadd' 'add17_1_3' <Predicate = true> <Delay = 7.25> <CoreInst = "FAddSub_fulldsp">   --->   Core 18 'FAddSub_fulldsp' <Latency = 4> <II = 1> <Delay = 7.25> <FuncUnit> <Opcode : 'fadd' 'fsub'> <InPorts = 2> <OutPorts = 1>
ST_13 : Operation 395 [1/1] (0.00ns)   --->   "%bitcast_ln46_6 = bitcast i32 %imag_op_3_load" [../dft.cpp:46]   --->   Operation 395 'bitcast' 'bitcast_ln46_6' <Predicate = true> <Delay = 0.00>
ST_13 : Operation 396 [5/5] (7.25ns)   --->   "%add20_1_3 = fadd i32 %bitcast_ln46_6, i32 %imag_result_3" [../dft.cpp:46]   --->   Operation 396 'fadd' 'add20_1_3' <Predicate = true> <Delay = 7.25> <CoreInst = "FAddSub_fulldsp">   --->   Core 18 'FAddSub_fulldsp' <Latency = 4> <II = 1> <Delay = 7.25> <FuncUnit> <Opcode : 'fadd' 'fsub'> <InPorts = 2> <OutPorts = 1>
ST_13 : Operation 397 [1/1] (0.00ns)   --->   "%bitcast_ln45_8 = bitcast i32 %real_op_4_load" [../dft.cpp:45]   --->   Operation 397 'bitcast' 'bitcast_ln45_8' <Predicate = true> <Delay = 0.00>
ST_13 : Operation 398 [5/5] (7.25ns)   --->   "%add17_1_4 = fadd i32 %bitcast_ln45_8, i32 %real_result_4" [../dft.cpp:45]   --->   Operation 398 'fadd' 'add17_1_4' <Predicate = true> <Delay = 7.25> <CoreInst = "FAddSub_fulldsp">   --->   Core 18 'FAddSub_fulldsp' <Latency = 4> <II = 1> <Delay = 7.25> <FuncUnit> <Opcode : 'fadd' 'fsub'> <InPorts = 2> <OutPorts = 1>
ST_13 : Operation 399 [1/1] (0.00ns)   --->   "%bitcast_ln46_8 = bitcast i32 %imag_op_4_load" [../dft.cpp:46]   --->   Operation 399 'bitcast' 'bitcast_ln46_8' <Predicate = true> <Delay = 0.00>
ST_13 : Operation 400 [5/5] (7.25ns)   --->   "%add20_1_4 = fadd i32 %bitcast_ln46_8, i32 %imag_result_4" [../dft.cpp:46]   --->   Operation 400 'fadd' 'add20_1_4' <Predicate = true> <Delay = 7.25> <CoreInst = "FAddSub_fulldsp">   --->   Core 18 'FAddSub_fulldsp' <Latency = 4> <II = 1> <Delay = 7.25> <FuncUnit> <Opcode : 'fadd' 'fsub'> <InPorts = 2> <OutPorts = 1>
ST_13 : Operation 401 [1/1] (0.00ns)   --->   "%bitcast_ln45_10 = bitcast i32 %real_op_5_load" [../dft.cpp:45]   --->   Operation 401 'bitcast' 'bitcast_ln45_10' <Predicate = true> <Delay = 0.00>
ST_13 : Operation 402 [5/5] (7.25ns)   --->   "%add17_1_5 = fadd i32 %bitcast_ln45_10, i32 %real_result_5" [../dft.cpp:45]   --->   Operation 402 'fadd' 'add17_1_5' <Predicate = true> <Delay = 7.25> <CoreInst = "FAddSub_fulldsp">   --->   Core 18 'FAddSub_fulldsp' <Latency = 4> <II = 1> <Delay = 7.25> <FuncUnit> <Opcode : 'fadd' 'fsub'> <InPorts = 2> <OutPorts = 1>
ST_13 : Operation 403 [1/1] (0.00ns)   --->   "%bitcast_ln46_10 = bitcast i32 %imag_op_5_load" [../dft.cpp:46]   --->   Operation 403 'bitcast' 'bitcast_ln46_10' <Predicate = true> <Delay = 0.00>
ST_13 : Operation 404 [5/5] (7.25ns)   --->   "%add20_1_5 = fadd i32 %bitcast_ln46_10, i32 %imag_result_5" [../dft.cpp:46]   --->   Operation 404 'fadd' 'add20_1_5' <Predicate = true> <Delay = 7.25> <CoreInst = "FAddSub_fulldsp">   --->   Core 18 'FAddSub_fulldsp' <Latency = 4> <II = 1> <Delay = 7.25> <FuncUnit> <Opcode : 'fadd' 'fsub'> <InPorts = 2> <OutPorts = 1>
ST_13 : Operation 405 [1/1] (0.00ns)   --->   "%bitcast_ln45_12 = bitcast i32 %real_op_6_load" [../dft.cpp:45]   --->   Operation 405 'bitcast' 'bitcast_ln45_12' <Predicate = true> <Delay = 0.00>
ST_13 : Operation 406 [5/5] (7.25ns)   --->   "%add17_1_6 = fadd i32 %bitcast_ln45_12, i32 %real_result_6" [../dft.cpp:45]   --->   Operation 406 'fadd' 'add17_1_6' <Predicate = true> <Delay = 7.25> <CoreInst = "FAddSub_fulldsp">   --->   Core 18 'FAddSub_fulldsp' <Latency = 4> <II = 1> <Delay = 7.25> <FuncUnit> <Opcode : 'fadd' 'fsub'> <InPorts = 2> <OutPorts = 1>
ST_13 : Operation 407 [1/1] (0.00ns)   --->   "%bitcast_ln46_12 = bitcast i32 %imag_op_6_load" [../dft.cpp:46]   --->   Operation 407 'bitcast' 'bitcast_ln46_12' <Predicate = true> <Delay = 0.00>
ST_13 : Operation 408 [5/5] (7.25ns)   --->   "%add20_1_6 = fadd i32 %bitcast_ln46_12, i32 %imag_result_6" [../dft.cpp:46]   --->   Operation 408 'fadd' 'add20_1_6' <Predicate = true> <Delay = 7.25> <CoreInst = "FAddSub_fulldsp">   --->   Core 18 'FAddSub_fulldsp' <Latency = 4> <II = 1> <Delay = 7.25> <FuncUnit> <Opcode : 'fadd' 'fsub'> <InPorts = 2> <OutPorts = 1>
ST_13 : Operation 409 [1/1] (0.00ns)   --->   "%bitcast_ln45_14 = bitcast i32 %real_op_7_load" [../dft.cpp:45]   --->   Operation 409 'bitcast' 'bitcast_ln45_14' <Predicate = true> <Delay = 0.00>
ST_13 : Operation 410 [5/5] (7.25ns)   --->   "%add17_1_7 = fadd i32 %bitcast_ln45_14, i32 %real_result_7" [../dft.cpp:45]   --->   Operation 410 'fadd' 'add17_1_7' <Predicate = true> <Delay = 7.25> <CoreInst = "FAddSub_fulldsp">   --->   Core 18 'FAddSub_fulldsp' <Latency = 4> <II = 1> <Delay = 7.25> <FuncUnit> <Opcode : 'fadd' 'fsub'> <InPorts = 2> <OutPorts = 1>
ST_13 : Operation 411 [1/1] (0.00ns)   --->   "%bitcast_ln46_14 = bitcast i32 %imag_op_7_load" [../dft.cpp:46]   --->   Operation 411 'bitcast' 'bitcast_ln46_14' <Predicate = true> <Delay = 0.00>
ST_13 : Operation 412 [5/5] (7.25ns)   --->   "%add20_1_7 = fadd i32 %bitcast_ln46_14, i32 %imag_result_7" [../dft.cpp:46]   --->   Operation 412 'fadd' 'add20_1_7' <Predicate = true> <Delay = 7.25> <CoreInst = "FAddSub_fulldsp">   --->   Core 18 'FAddSub_fulldsp' <Latency = 4> <II = 1> <Delay = 7.25> <FuncUnit> <Opcode : 'fadd' 'fsub'> <InPorts = 2> <OutPorts = 1>

State 14 <SV = 13> <Delay = 7.25>
ST_14 : Operation 413 [4/5] (7.25ns)   --->   "%add17_1 = fadd i32 %bitcast_ln45, i32 %real_result" [../dft.cpp:45]   --->   Operation 413 'fadd' 'add17_1' <Predicate = true> <Delay = 7.25> <CoreInst = "FAddSub_fulldsp">   --->   Core 18 'FAddSub_fulldsp' <Latency = 4> <II = 1> <Delay = 7.25> <FuncUnit> <Opcode : 'fadd' 'fsub'> <InPorts = 2> <OutPorts = 1>
ST_14 : Operation 414 [4/5] (7.25ns)   --->   "%add20_1 = fadd i32 %bitcast_ln46, i32 %imag_result" [../dft.cpp:46]   --->   Operation 414 'fadd' 'add20_1' <Predicate = true> <Delay = 7.25> <CoreInst = "FAddSub_fulldsp">   --->   Core 18 'FAddSub_fulldsp' <Latency = 4> <II = 1> <Delay = 7.25> <FuncUnit> <Opcode : 'fadd' 'fsub'> <InPorts = 2> <OutPorts = 1>
ST_14 : Operation 415 [4/5] (7.25ns)   --->   "%add17_1_1 = fadd i32 %bitcast_ln45_2, i32 %real_result_1" [../dft.cpp:45]   --->   Operation 415 'fadd' 'add17_1_1' <Predicate = true> <Delay = 7.25> <CoreInst = "FAddSub_fulldsp">   --->   Core 18 'FAddSub_fulldsp' <Latency = 4> <II = 1> <Delay = 7.25> <FuncUnit> <Opcode : 'fadd' 'fsub'> <InPorts = 2> <OutPorts = 1>
ST_14 : Operation 416 [4/5] (7.25ns)   --->   "%add20_1_1 = fadd i32 %bitcast_ln46_2, i32 %imag_result_1" [../dft.cpp:46]   --->   Operation 416 'fadd' 'add20_1_1' <Predicate = true> <Delay = 7.25> <CoreInst = "FAddSub_fulldsp">   --->   Core 18 'FAddSub_fulldsp' <Latency = 4> <II = 1> <Delay = 7.25> <FuncUnit> <Opcode : 'fadd' 'fsub'> <InPorts = 2> <OutPorts = 1>
ST_14 : Operation 417 [4/5] (7.25ns)   --->   "%add17_1_2 = fadd i32 %bitcast_ln45_4, i32 %real_result_2" [../dft.cpp:45]   --->   Operation 417 'fadd' 'add17_1_2' <Predicate = true> <Delay = 7.25> <CoreInst = "FAddSub_fulldsp">   --->   Core 18 'FAddSub_fulldsp' <Latency = 4> <II = 1> <Delay = 7.25> <FuncUnit> <Opcode : 'fadd' 'fsub'> <InPorts = 2> <OutPorts = 1>
ST_14 : Operation 418 [4/5] (7.25ns)   --->   "%add20_1_2 = fadd i32 %bitcast_ln46_4, i32 %imag_result_2" [../dft.cpp:46]   --->   Operation 418 'fadd' 'add20_1_2' <Predicate = true> <Delay = 7.25> <CoreInst = "FAddSub_fulldsp">   --->   Core 18 'FAddSub_fulldsp' <Latency = 4> <II = 1> <Delay = 7.25> <FuncUnit> <Opcode : 'fadd' 'fsub'> <InPorts = 2> <OutPorts = 1>
ST_14 : Operation 419 [4/5] (7.25ns)   --->   "%add17_1_3 = fadd i32 %bitcast_ln45_6, i32 %real_result_3" [../dft.cpp:45]   --->   Operation 419 'fadd' 'add17_1_3' <Predicate = true> <Delay = 7.25> <CoreInst = "FAddSub_fulldsp">   --->   Core 18 'FAddSub_fulldsp' <Latency = 4> <II = 1> <Delay = 7.25> <FuncUnit> <Opcode : 'fadd' 'fsub'> <InPorts = 2> <OutPorts = 1>
ST_14 : Operation 420 [4/5] (7.25ns)   --->   "%add20_1_3 = fadd i32 %bitcast_ln46_6, i32 %imag_result_3" [../dft.cpp:46]   --->   Operation 420 'fadd' 'add20_1_3' <Predicate = true> <Delay = 7.25> <CoreInst = "FAddSub_fulldsp">   --->   Core 18 'FAddSub_fulldsp' <Latency = 4> <II = 1> <Delay = 7.25> <FuncUnit> <Opcode : 'fadd' 'fsub'> <InPorts = 2> <OutPorts = 1>
ST_14 : Operation 421 [4/5] (7.25ns)   --->   "%add17_1_4 = fadd i32 %bitcast_ln45_8, i32 %real_result_4" [../dft.cpp:45]   --->   Operation 421 'fadd' 'add17_1_4' <Predicate = true> <Delay = 7.25> <CoreInst = "FAddSub_fulldsp">   --->   Core 18 'FAddSub_fulldsp' <Latency = 4> <II = 1> <Delay = 7.25> <FuncUnit> <Opcode : 'fadd' 'fsub'> <InPorts = 2> <OutPorts = 1>
ST_14 : Operation 422 [4/5] (7.25ns)   --->   "%add20_1_4 = fadd i32 %bitcast_ln46_8, i32 %imag_result_4" [../dft.cpp:46]   --->   Operation 422 'fadd' 'add20_1_4' <Predicate = true> <Delay = 7.25> <CoreInst = "FAddSub_fulldsp">   --->   Core 18 'FAddSub_fulldsp' <Latency = 4> <II = 1> <Delay = 7.25> <FuncUnit> <Opcode : 'fadd' 'fsub'> <InPorts = 2> <OutPorts = 1>
ST_14 : Operation 423 [4/5] (7.25ns)   --->   "%add17_1_5 = fadd i32 %bitcast_ln45_10, i32 %real_result_5" [../dft.cpp:45]   --->   Operation 423 'fadd' 'add17_1_5' <Predicate = true> <Delay = 7.25> <CoreInst = "FAddSub_fulldsp">   --->   Core 18 'FAddSub_fulldsp' <Latency = 4> <II = 1> <Delay = 7.25> <FuncUnit> <Opcode : 'fadd' 'fsub'> <InPorts = 2> <OutPorts = 1>
ST_14 : Operation 424 [4/5] (7.25ns)   --->   "%add20_1_5 = fadd i32 %bitcast_ln46_10, i32 %imag_result_5" [../dft.cpp:46]   --->   Operation 424 'fadd' 'add20_1_5' <Predicate = true> <Delay = 7.25> <CoreInst = "FAddSub_fulldsp">   --->   Core 18 'FAddSub_fulldsp' <Latency = 4> <II = 1> <Delay = 7.25> <FuncUnit> <Opcode : 'fadd' 'fsub'> <InPorts = 2> <OutPorts = 1>
ST_14 : Operation 425 [4/5] (7.25ns)   --->   "%add17_1_6 = fadd i32 %bitcast_ln45_12, i32 %real_result_6" [../dft.cpp:45]   --->   Operation 425 'fadd' 'add17_1_6' <Predicate = true> <Delay = 7.25> <CoreInst = "FAddSub_fulldsp">   --->   Core 18 'FAddSub_fulldsp' <Latency = 4> <II = 1> <Delay = 7.25> <FuncUnit> <Opcode : 'fadd' 'fsub'> <InPorts = 2> <OutPorts = 1>
ST_14 : Operation 426 [4/5] (7.25ns)   --->   "%add20_1_6 = fadd i32 %bitcast_ln46_12, i32 %imag_result_6" [../dft.cpp:46]   --->   Operation 426 'fadd' 'add20_1_6' <Predicate = true> <Delay = 7.25> <CoreInst = "FAddSub_fulldsp">   --->   Core 18 'FAddSub_fulldsp' <Latency = 4> <II = 1> <Delay = 7.25> <FuncUnit> <Opcode : 'fadd' 'fsub'> <InPorts = 2> <OutPorts = 1>
ST_14 : Operation 427 [4/5] (7.25ns)   --->   "%add17_1_7 = fadd i32 %bitcast_ln45_14, i32 %real_result_7" [../dft.cpp:45]   --->   Operation 427 'fadd' 'add17_1_7' <Predicate = true> <Delay = 7.25> <CoreInst = "FAddSub_fulldsp">   --->   Core 18 'FAddSub_fulldsp' <Latency = 4> <II = 1> <Delay = 7.25> <FuncUnit> <Opcode : 'fadd' 'fsub'> <InPorts = 2> <OutPorts = 1>
ST_14 : Operation 428 [4/5] (7.25ns)   --->   "%add20_1_7 = fadd i32 %bitcast_ln46_14, i32 %imag_result_7" [../dft.cpp:46]   --->   Operation 428 'fadd' 'add20_1_7' <Predicate = true> <Delay = 7.25> <CoreInst = "FAddSub_fulldsp">   --->   Core 18 'FAddSub_fulldsp' <Latency = 4> <II = 1> <Delay = 7.25> <FuncUnit> <Opcode : 'fadd' 'fsub'> <InPorts = 2> <OutPorts = 1>

State 15 <SV = 14> <Delay = 7.25>
ST_15 : Operation 429 [3/5] (7.25ns)   --->   "%add17_1 = fadd i32 %bitcast_ln45, i32 %real_result" [../dft.cpp:45]   --->   Operation 429 'fadd' 'add17_1' <Predicate = true> <Delay = 7.25> <CoreInst = "FAddSub_fulldsp">   --->   Core 18 'FAddSub_fulldsp' <Latency = 4> <II = 1> <Delay = 7.25> <FuncUnit> <Opcode : 'fadd' 'fsub'> <InPorts = 2> <OutPorts = 1>
ST_15 : Operation 430 [3/5] (7.25ns)   --->   "%add20_1 = fadd i32 %bitcast_ln46, i32 %imag_result" [../dft.cpp:46]   --->   Operation 430 'fadd' 'add20_1' <Predicate = true> <Delay = 7.25> <CoreInst = "FAddSub_fulldsp">   --->   Core 18 'FAddSub_fulldsp' <Latency = 4> <II = 1> <Delay = 7.25> <FuncUnit> <Opcode : 'fadd' 'fsub'> <InPorts = 2> <OutPorts = 1>
ST_15 : Operation 431 [3/5] (7.25ns)   --->   "%add17_1_1 = fadd i32 %bitcast_ln45_2, i32 %real_result_1" [../dft.cpp:45]   --->   Operation 431 'fadd' 'add17_1_1' <Predicate = true> <Delay = 7.25> <CoreInst = "FAddSub_fulldsp">   --->   Core 18 'FAddSub_fulldsp' <Latency = 4> <II = 1> <Delay = 7.25> <FuncUnit> <Opcode : 'fadd' 'fsub'> <InPorts = 2> <OutPorts = 1>
ST_15 : Operation 432 [3/5] (7.25ns)   --->   "%add20_1_1 = fadd i32 %bitcast_ln46_2, i32 %imag_result_1" [../dft.cpp:46]   --->   Operation 432 'fadd' 'add20_1_1' <Predicate = true> <Delay = 7.25> <CoreInst = "FAddSub_fulldsp">   --->   Core 18 'FAddSub_fulldsp' <Latency = 4> <II = 1> <Delay = 7.25> <FuncUnit> <Opcode : 'fadd' 'fsub'> <InPorts = 2> <OutPorts = 1>
ST_15 : Operation 433 [3/5] (7.25ns)   --->   "%add17_1_2 = fadd i32 %bitcast_ln45_4, i32 %real_result_2" [../dft.cpp:45]   --->   Operation 433 'fadd' 'add17_1_2' <Predicate = true> <Delay = 7.25> <CoreInst = "FAddSub_fulldsp">   --->   Core 18 'FAddSub_fulldsp' <Latency = 4> <II = 1> <Delay = 7.25> <FuncUnit> <Opcode : 'fadd' 'fsub'> <InPorts = 2> <OutPorts = 1>
ST_15 : Operation 434 [3/5] (7.25ns)   --->   "%add20_1_2 = fadd i32 %bitcast_ln46_4, i32 %imag_result_2" [../dft.cpp:46]   --->   Operation 434 'fadd' 'add20_1_2' <Predicate = true> <Delay = 7.25> <CoreInst = "FAddSub_fulldsp">   --->   Core 18 'FAddSub_fulldsp' <Latency = 4> <II = 1> <Delay = 7.25> <FuncUnit> <Opcode : 'fadd' 'fsub'> <InPorts = 2> <OutPorts = 1>
ST_15 : Operation 435 [3/5] (7.25ns)   --->   "%add17_1_3 = fadd i32 %bitcast_ln45_6, i32 %real_result_3" [../dft.cpp:45]   --->   Operation 435 'fadd' 'add17_1_3' <Predicate = true> <Delay = 7.25> <CoreInst = "FAddSub_fulldsp">   --->   Core 18 'FAddSub_fulldsp' <Latency = 4> <II = 1> <Delay = 7.25> <FuncUnit> <Opcode : 'fadd' 'fsub'> <InPorts = 2> <OutPorts = 1>
ST_15 : Operation 436 [3/5] (7.25ns)   --->   "%add20_1_3 = fadd i32 %bitcast_ln46_6, i32 %imag_result_3" [../dft.cpp:46]   --->   Operation 436 'fadd' 'add20_1_3' <Predicate = true> <Delay = 7.25> <CoreInst = "FAddSub_fulldsp">   --->   Core 18 'FAddSub_fulldsp' <Latency = 4> <II = 1> <Delay = 7.25> <FuncUnit> <Opcode : 'fadd' 'fsub'> <InPorts = 2> <OutPorts = 1>
ST_15 : Operation 437 [3/5] (7.25ns)   --->   "%add17_1_4 = fadd i32 %bitcast_ln45_8, i32 %real_result_4" [../dft.cpp:45]   --->   Operation 437 'fadd' 'add17_1_4' <Predicate = true> <Delay = 7.25> <CoreInst = "FAddSub_fulldsp">   --->   Core 18 'FAddSub_fulldsp' <Latency = 4> <II = 1> <Delay = 7.25> <FuncUnit> <Opcode : 'fadd' 'fsub'> <InPorts = 2> <OutPorts = 1>
ST_15 : Operation 438 [3/5] (7.25ns)   --->   "%add20_1_4 = fadd i32 %bitcast_ln46_8, i32 %imag_result_4" [../dft.cpp:46]   --->   Operation 438 'fadd' 'add20_1_4' <Predicate = true> <Delay = 7.25> <CoreInst = "FAddSub_fulldsp">   --->   Core 18 'FAddSub_fulldsp' <Latency = 4> <II = 1> <Delay = 7.25> <FuncUnit> <Opcode : 'fadd' 'fsub'> <InPorts = 2> <OutPorts = 1>
ST_15 : Operation 439 [3/5] (7.25ns)   --->   "%add17_1_5 = fadd i32 %bitcast_ln45_10, i32 %real_result_5" [../dft.cpp:45]   --->   Operation 439 'fadd' 'add17_1_5' <Predicate = true> <Delay = 7.25> <CoreInst = "FAddSub_fulldsp">   --->   Core 18 'FAddSub_fulldsp' <Latency = 4> <II = 1> <Delay = 7.25> <FuncUnit> <Opcode : 'fadd' 'fsub'> <InPorts = 2> <OutPorts = 1>
ST_15 : Operation 440 [3/5] (7.25ns)   --->   "%add20_1_5 = fadd i32 %bitcast_ln46_10, i32 %imag_result_5" [../dft.cpp:46]   --->   Operation 440 'fadd' 'add20_1_5' <Predicate = true> <Delay = 7.25> <CoreInst = "FAddSub_fulldsp">   --->   Core 18 'FAddSub_fulldsp' <Latency = 4> <II = 1> <Delay = 7.25> <FuncUnit> <Opcode : 'fadd' 'fsub'> <InPorts = 2> <OutPorts = 1>
ST_15 : Operation 441 [3/5] (7.25ns)   --->   "%add17_1_6 = fadd i32 %bitcast_ln45_12, i32 %real_result_6" [../dft.cpp:45]   --->   Operation 441 'fadd' 'add17_1_6' <Predicate = true> <Delay = 7.25> <CoreInst = "FAddSub_fulldsp">   --->   Core 18 'FAddSub_fulldsp' <Latency = 4> <II = 1> <Delay = 7.25> <FuncUnit> <Opcode : 'fadd' 'fsub'> <InPorts = 2> <OutPorts = 1>
ST_15 : Operation 442 [3/5] (7.25ns)   --->   "%add20_1_6 = fadd i32 %bitcast_ln46_12, i32 %imag_result_6" [../dft.cpp:46]   --->   Operation 442 'fadd' 'add20_1_6' <Predicate = true> <Delay = 7.25> <CoreInst = "FAddSub_fulldsp">   --->   Core 18 'FAddSub_fulldsp' <Latency = 4> <II = 1> <Delay = 7.25> <FuncUnit> <Opcode : 'fadd' 'fsub'> <InPorts = 2> <OutPorts = 1>
ST_15 : Operation 443 [3/5] (7.25ns)   --->   "%add17_1_7 = fadd i32 %bitcast_ln45_14, i32 %real_result_7" [../dft.cpp:45]   --->   Operation 443 'fadd' 'add17_1_7' <Predicate = true> <Delay = 7.25> <CoreInst = "FAddSub_fulldsp">   --->   Core 18 'FAddSub_fulldsp' <Latency = 4> <II = 1> <Delay = 7.25> <FuncUnit> <Opcode : 'fadd' 'fsub'> <InPorts = 2> <OutPorts = 1>
ST_15 : Operation 444 [3/5] (7.25ns)   --->   "%add20_1_7 = fadd i32 %bitcast_ln46_14, i32 %imag_result_7" [../dft.cpp:46]   --->   Operation 444 'fadd' 'add20_1_7' <Predicate = true> <Delay = 7.25> <CoreInst = "FAddSub_fulldsp">   --->   Core 18 'FAddSub_fulldsp' <Latency = 4> <II = 1> <Delay = 7.25> <FuncUnit> <Opcode : 'fadd' 'fsub'> <InPorts = 2> <OutPorts = 1>

State 16 <SV = 15> <Delay = 7.25>
ST_16 : Operation 445 [2/5] (7.25ns)   --->   "%add17_1 = fadd i32 %bitcast_ln45, i32 %real_result" [../dft.cpp:45]   --->   Operation 445 'fadd' 'add17_1' <Predicate = true> <Delay = 7.25> <CoreInst = "FAddSub_fulldsp">   --->   Core 18 'FAddSub_fulldsp' <Latency = 4> <II = 1> <Delay = 7.25> <FuncUnit> <Opcode : 'fadd' 'fsub'> <InPorts = 2> <OutPorts = 1>
ST_16 : Operation 446 [2/5] (7.25ns)   --->   "%add20_1 = fadd i32 %bitcast_ln46, i32 %imag_result" [../dft.cpp:46]   --->   Operation 446 'fadd' 'add20_1' <Predicate = true> <Delay = 7.25> <CoreInst = "FAddSub_fulldsp">   --->   Core 18 'FAddSub_fulldsp' <Latency = 4> <II = 1> <Delay = 7.25> <FuncUnit> <Opcode : 'fadd' 'fsub'> <InPorts = 2> <OutPorts = 1>
ST_16 : Operation 447 [2/5] (7.25ns)   --->   "%add17_1_1 = fadd i32 %bitcast_ln45_2, i32 %real_result_1" [../dft.cpp:45]   --->   Operation 447 'fadd' 'add17_1_1' <Predicate = true> <Delay = 7.25> <CoreInst = "FAddSub_fulldsp">   --->   Core 18 'FAddSub_fulldsp' <Latency = 4> <II = 1> <Delay = 7.25> <FuncUnit> <Opcode : 'fadd' 'fsub'> <InPorts = 2> <OutPorts = 1>
ST_16 : Operation 448 [2/5] (7.25ns)   --->   "%add20_1_1 = fadd i32 %bitcast_ln46_2, i32 %imag_result_1" [../dft.cpp:46]   --->   Operation 448 'fadd' 'add20_1_1' <Predicate = true> <Delay = 7.25> <CoreInst = "FAddSub_fulldsp">   --->   Core 18 'FAddSub_fulldsp' <Latency = 4> <II = 1> <Delay = 7.25> <FuncUnit> <Opcode : 'fadd' 'fsub'> <InPorts = 2> <OutPorts = 1>
ST_16 : Operation 449 [2/5] (7.25ns)   --->   "%add17_1_2 = fadd i32 %bitcast_ln45_4, i32 %real_result_2" [../dft.cpp:45]   --->   Operation 449 'fadd' 'add17_1_2' <Predicate = true> <Delay = 7.25> <CoreInst = "FAddSub_fulldsp">   --->   Core 18 'FAddSub_fulldsp' <Latency = 4> <II = 1> <Delay = 7.25> <FuncUnit> <Opcode : 'fadd' 'fsub'> <InPorts = 2> <OutPorts = 1>
ST_16 : Operation 450 [2/5] (7.25ns)   --->   "%add20_1_2 = fadd i32 %bitcast_ln46_4, i32 %imag_result_2" [../dft.cpp:46]   --->   Operation 450 'fadd' 'add20_1_2' <Predicate = true> <Delay = 7.25> <CoreInst = "FAddSub_fulldsp">   --->   Core 18 'FAddSub_fulldsp' <Latency = 4> <II = 1> <Delay = 7.25> <FuncUnit> <Opcode : 'fadd' 'fsub'> <InPorts = 2> <OutPorts = 1>
ST_16 : Operation 451 [2/5] (7.25ns)   --->   "%add17_1_3 = fadd i32 %bitcast_ln45_6, i32 %real_result_3" [../dft.cpp:45]   --->   Operation 451 'fadd' 'add17_1_3' <Predicate = true> <Delay = 7.25> <CoreInst = "FAddSub_fulldsp">   --->   Core 18 'FAddSub_fulldsp' <Latency = 4> <II = 1> <Delay = 7.25> <FuncUnit> <Opcode : 'fadd' 'fsub'> <InPorts = 2> <OutPorts = 1>
ST_16 : Operation 452 [2/5] (7.25ns)   --->   "%add20_1_3 = fadd i32 %bitcast_ln46_6, i32 %imag_result_3" [../dft.cpp:46]   --->   Operation 452 'fadd' 'add20_1_3' <Predicate = true> <Delay = 7.25> <CoreInst = "FAddSub_fulldsp">   --->   Core 18 'FAddSub_fulldsp' <Latency = 4> <II = 1> <Delay = 7.25> <FuncUnit> <Opcode : 'fadd' 'fsub'> <InPorts = 2> <OutPorts = 1>
ST_16 : Operation 453 [2/5] (7.25ns)   --->   "%add17_1_4 = fadd i32 %bitcast_ln45_8, i32 %real_result_4" [../dft.cpp:45]   --->   Operation 453 'fadd' 'add17_1_4' <Predicate = true> <Delay = 7.25> <CoreInst = "FAddSub_fulldsp">   --->   Core 18 'FAddSub_fulldsp' <Latency = 4> <II = 1> <Delay = 7.25> <FuncUnit> <Opcode : 'fadd' 'fsub'> <InPorts = 2> <OutPorts = 1>
ST_16 : Operation 454 [2/5] (7.25ns)   --->   "%add20_1_4 = fadd i32 %bitcast_ln46_8, i32 %imag_result_4" [../dft.cpp:46]   --->   Operation 454 'fadd' 'add20_1_4' <Predicate = true> <Delay = 7.25> <CoreInst = "FAddSub_fulldsp">   --->   Core 18 'FAddSub_fulldsp' <Latency = 4> <II = 1> <Delay = 7.25> <FuncUnit> <Opcode : 'fadd' 'fsub'> <InPorts = 2> <OutPorts = 1>
ST_16 : Operation 455 [2/5] (7.25ns)   --->   "%add17_1_5 = fadd i32 %bitcast_ln45_10, i32 %real_result_5" [../dft.cpp:45]   --->   Operation 455 'fadd' 'add17_1_5' <Predicate = true> <Delay = 7.25> <CoreInst = "FAddSub_fulldsp">   --->   Core 18 'FAddSub_fulldsp' <Latency = 4> <II = 1> <Delay = 7.25> <FuncUnit> <Opcode : 'fadd' 'fsub'> <InPorts = 2> <OutPorts = 1>
ST_16 : Operation 456 [2/5] (7.25ns)   --->   "%add20_1_5 = fadd i32 %bitcast_ln46_10, i32 %imag_result_5" [../dft.cpp:46]   --->   Operation 456 'fadd' 'add20_1_5' <Predicate = true> <Delay = 7.25> <CoreInst = "FAddSub_fulldsp">   --->   Core 18 'FAddSub_fulldsp' <Latency = 4> <II = 1> <Delay = 7.25> <FuncUnit> <Opcode : 'fadd' 'fsub'> <InPorts = 2> <OutPorts = 1>
ST_16 : Operation 457 [2/5] (7.25ns)   --->   "%add17_1_6 = fadd i32 %bitcast_ln45_12, i32 %real_result_6" [../dft.cpp:45]   --->   Operation 457 'fadd' 'add17_1_6' <Predicate = true> <Delay = 7.25> <CoreInst = "FAddSub_fulldsp">   --->   Core 18 'FAddSub_fulldsp' <Latency = 4> <II = 1> <Delay = 7.25> <FuncUnit> <Opcode : 'fadd' 'fsub'> <InPorts = 2> <OutPorts = 1>
ST_16 : Operation 458 [2/5] (7.25ns)   --->   "%add20_1_6 = fadd i32 %bitcast_ln46_12, i32 %imag_result_6" [../dft.cpp:46]   --->   Operation 458 'fadd' 'add20_1_6' <Predicate = true> <Delay = 7.25> <CoreInst = "FAddSub_fulldsp">   --->   Core 18 'FAddSub_fulldsp' <Latency = 4> <II = 1> <Delay = 7.25> <FuncUnit> <Opcode : 'fadd' 'fsub'> <InPorts = 2> <OutPorts = 1>
ST_16 : Operation 459 [2/5] (7.25ns)   --->   "%add17_1_7 = fadd i32 %bitcast_ln45_14, i32 %real_result_7" [../dft.cpp:45]   --->   Operation 459 'fadd' 'add17_1_7' <Predicate = true> <Delay = 7.25> <CoreInst = "FAddSub_fulldsp">   --->   Core 18 'FAddSub_fulldsp' <Latency = 4> <II = 1> <Delay = 7.25> <FuncUnit> <Opcode : 'fadd' 'fsub'> <InPorts = 2> <OutPorts = 1>
ST_16 : Operation 460 [2/5] (7.25ns)   --->   "%add20_1_7 = fadd i32 %bitcast_ln46_14, i32 %imag_result_7" [../dft.cpp:46]   --->   Operation 460 'fadd' 'add20_1_7' <Predicate = true> <Delay = 7.25> <CoreInst = "FAddSub_fulldsp">   --->   Core 18 'FAddSub_fulldsp' <Latency = 4> <II = 1> <Delay = 7.25> <FuncUnit> <Opcode : 'fadd' 'fsub'> <InPorts = 2> <OutPorts = 1>

State 17 <SV = 16> <Delay = 7.25>
ST_17 : Operation 461 [1/5] (7.25ns)   --->   "%add17_1 = fadd i32 %bitcast_ln45, i32 %real_result" [../dft.cpp:45]   --->   Operation 461 'fadd' 'add17_1' <Predicate = true> <Delay = 7.25> <CoreInst = "FAddSub_fulldsp">   --->   Core 18 'FAddSub_fulldsp' <Latency = 4> <II = 1> <Delay = 7.25> <FuncUnit> <Opcode : 'fadd' 'fsub'> <InPorts = 2> <OutPorts = 1>
ST_17 : Operation 462 [1/5] (7.25ns)   --->   "%add20_1 = fadd i32 %bitcast_ln46, i32 %imag_result" [../dft.cpp:46]   --->   Operation 462 'fadd' 'add20_1' <Predicate = true> <Delay = 7.25> <CoreInst = "FAddSub_fulldsp">   --->   Core 18 'FAddSub_fulldsp' <Latency = 4> <II = 1> <Delay = 7.25> <FuncUnit> <Opcode : 'fadd' 'fsub'> <InPorts = 2> <OutPorts = 1>
ST_17 : Operation 463 [1/5] (7.25ns)   --->   "%add17_1_1 = fadd i32 %bitcast_ln45_2, i32 %real_result_1" [../dft.cpp:45]   --->   Operation 463 'fadd' 'add17_1_1' <Predicate = true> <Delay = 7.25> <CoreInst = "FAddSub_fulldsp">   --->   Core 18 'FAddSub_fulldsp' <Latency = 4> <II = 1> <Delay = 7.25> <FuncUnit> <Opcode : 'fadd' 'fsub'> <InPorts = 2> <OutPorts = 1>
ST_17 : Operation 464 [1/5] (7.25ns)   --->   "%add20_1_1 = fadd i32 %bitcast_ln46_2, i32 %imag_result_1" [../dft.cpp:46]   --->   Operation 464 'fadd' 'add20_1_1' <Predicate = true> <Delay = 7.25> <CoreInst = "FAddSub_fulldsp">   --->   Core 18 'FAddSub_fulldsp' <Latency = 4> <II = 1> <Delay = 7.25> <FuncUnit> <Opcode : 'fadd' 'fsub'> <InPorts = 2> <OutPorts = 1>
ST_17 : Operation 465 [1/5] (7.25ns)   --->   "%add17_1_2 = fadd i32 %bitcast_ln45_4, i32 %real_result_2" [../dft.cpp:45]   --->   Operation 465 'fadd' 'add17_1_2' <Predicate = true> <Delay = 7.25> <CoreInst = "FAddSub_fulldsp">   --->   Core 18 'FAddSub_fulldsp' <Latency = 4> <II = 1> <Delay = 7.25> <FuncUnit> <Opcode : 'fadd' 'fsub'> <InPorts = 2> <OutPorts = 1>
ST_17 : Operation 466 [1/5] (7.25ns)   --->   "%add20_1_2 = fadd i32 %bitcast_ln46_4, i32 %imag_result_2" [../dft.cpp:46]   --->   Operation 466 'fadd' 'add20_1_2' <Predicate = true> <Delay = 7.25> <CoreInst = "FAddSub_fulldsp">   --->   Core 18 'FAddSub_fulldsp' <Latency = 4> <II = 1> <Delay = 7.25> <FuncUnit> <Opcode : 'fadd' 'fsub'> <InPorts = 2> <OutPorts = 1>
ST_17 : Operation 467 [1/5] (7.25ns)   --->   "%add17_1_3 = fadd i32 %bitcast_ln45_6, i32 %real_result_3" [../dft.cpp:45]   --->   Operation 467 'fadd' 'add17_1_3' <Predicate = true> <Delay = 7.25> <CoreInst = "FAddSub_fulldsp">   --->   Core 18 'FAddSub_fulldsp' <Latency = 4> <II = 1> <Delay = 7.25> <FuncUnit> <Opcode : 'fadd' 'fsub'> <InPorts = 2> <OutPorts = 1>
ST_17 : Operation 468 [1/5] (7.25ns)   --->   "%add20_1_3 = fadd i32 %bitcast_ln46_6, i32 %imag_result_3" [../dft.cpp:46]   --->   Operation 468 'fadd' 'add20_1_3' <Predicate = true> <Delay = 7.25> <CoreInst = "FAddSub_fulldsp">   --->   Core 18 'FAddSub_fulldsp' <Latency = 4> <II = 1> <Delay = 7.25> <FuncUnit> <Opcode : 'fadd' 'fsub'> <InPorts = 2> <OutPorts = 1>
ST_17 : Operation 469 [1/5] (7.25ns)   --->   "%add17_1_4 = fadd i32 %bitcast_ln45_8, i32 %real_result_4" [../dft.cpp:45]   --->   Operation 469 'fadd' 'add17_1_4' <Predicate = true> <Delay = 7.25> <CoreInst = "FAddSub_fulldsp">   --->   Core 18 'FAddSub_fulldsp' <Latency = 4> <II = 1> <Delay = 7.25> <FuncUnit> <Opcode : 'fadd' 'fsub'> <InPorts = 2> <OutPorts = 1>
ST_17 : Operation 470 [1/5] (7.25ns)   --->   "%add20_1_4 = fadd i32 %bitcast_ln46_8, i32 %imag_result_4" [../dft.cpp:46]   --->   Operation 470 'fadd' 'add20_1_4' <Predicate = true> <Delay = 7.25> <CoreInst = "FAddSub_fulldsp">   --->   Core 18 'FAddSub_fulldsp' <Latency = 4> <II = 1> <Delay = 7.25> <FuncUnit> <Opcode : 'fadd' 'fsub'> <InPorts = 2> <OutPorts = 1>
ST_17 : Operation 471 [1/5] (7.25ns)   --->   "%add17_1_5 = fadd i32 %bitcast_ln45_10, i32 %real_result_5" [../dft.cpp:45]   --->   Operation 471 'fadd' 'add17_1_5' <Predicate = true> <Delay = 7.25> <CoreInst = "FAddSub_fulldsp">   --->   Core 18 'FAddSub_fulldsp' <Latency = 4> <II = 1> <Delay = 7.25> <FuncUnit> <Opcode : 'fadd' 'fsub'> <InPorts = 2> <OutPorts = 1>
ST_17 : Operation 472 [1/5] (7.25ns)   --->   "%add20_1_5 = fadd i32 %bitcast_ln46_10, i32 %imag_result_5" [../dft.cpp:46]   --->   Operation 472 'fadd' 'add20_1_5' <Predicate = true> <Delay = 7.25> <CoreInst = "FAddSub_fulldsp">   --->   Core 18 'FAddSub_fulldsp' <Latency = 4> <II = 1> <Delay = 7.25> <FuncUnit> <Opcode : 'fadd' 'fsub'> <InPorts = 2> <OutPorts = 1>
ST_17 : Operation 473 [1/5] (7.25ns)   --->   "%add17_1_6 = fadd i32 %bitcast_ln45_12, i32 %real_result_6" [../dft.cpp:45]   --->   Operation 473 'fadd' 'add17_1_6' <Predicate = true> <Delay = 7.25> <CoreInst = "FAddSub_fulldsp">   --->   Core 18 'FAddSub_fulldsp' <Latency = 4> <II = 1> <Delay = 7.25> <FuncUnit> <Opcode : 'fadd' 'fsub'> <InPorts = 2> <OutPorts = 1>
ST_17 : Operation 474 [1/5] (7.25ns)   --->   "%add20_1_6 = fadd i32 %bitcast_ln46_12, i32 %imag_result_6" [../dft.cpp:46]   --->   Operation 474 'fadd' 'add20_1_6' <Predicate = true> <Delay = 7.25> <CoreInst = "FAddSub_fulldsp">   --->   Core 18 'FAddSub_fulldsp' <Latency = 4> <II = 1> <Delay = 7.25> <FuncUnit> <Opcode : 'fadd' 'fsub'> <InPorts = 2> <OutPorts = 1>
ST_17 : Operation 475 [1/5] (7.25ns)   --->   "%add17_1_7 = fadd i32 %bitcast_ln45_14, i32 %real_result_7" [../dft.cpp:45]   --->   Operation 475 'fadd' 'add17_1_7' <Predicate = true> <Delay = 7.25> <CoreInst = "FAddSub_fulldsp">   --->   Core 18 'FAddSub_fulldsp' <Latency = 4> <II = 1> <Delay = 7.25> <FuncUnit> <Opcode : 'fadd' 'fsub'> <InPorts = 2> <OutPorts = 1>
ST_17 : Operation 476 [1/5] (7.25ns)   --->   "%add20_1_7 = fadd i32 %bitcast_ln46_14, i32 %imag_result_7" [../dft.cpp:46]   --->   Operation 476 'fadd' 'add20_1_7' <Predicate = true> <Delay = 7.25> <CoreInst = "FAddSub_fulldsp">   --->   Core 18 'FAddSub_fulldsp' <Latency = 4> <II = 1> <Delay = 7.25> <FuncUnit> <Opcode : 'fadd' 'fsub'> <InPorts = 2> <OutPorts = 1>
ST_17 : Operation 513 [1/1] (1.58ns)   --->   "%ret_ln0 = ret"   --->   Operation 513 'ret' 'ret_ln0' <Predicate = (tmp)> <Delay = 1.58>

State 18 <SV = 17> <Delay = 3.25>
ST_18 : Operation 477 [1/1] (0.00ns)   --->   "%specpipeline_ln22 = specpipeline void @_ssdm_op_SpecPipeline, i32 4294967295, i32 0, i32 0, i32 0, void @empty_0" [../dft.cpp:22]   --->   Operation 477 'specpipeline' 'specpipeline_ln22' <Predicate = true> <Delay = 0.00>
ST_18 : Operation 478 [1/1] (0.00ns)   --->   "%speclooptripcount_ln23 = speclooptripcount void @_ssdm_op_SpecLoopTripCount, i64 128, i64 128, i64 128" [../dft.cpp:23]   --->   Operation 478 'speclooptripcount' 'speclooptripcount_ln23' <Predicate = true> <Delay = 0.00>
ST_18 : Operation 479 [1/1] (0.00ns)   --->   "%specloopname_ln22 = specloopname void @_ssdm_op_SpecLoopName, void @empty_2" [../dft.cpp:22]   --->   Operation 479 'specloopname' 'specloopname_ln22' <Predicate = true> <Delay = 0.00>
ST_18 : Operation 480 [1/1] (0.00ns)   --->   "%bitcast_ln45_1 = bitcast i32 %add17_1" [../dft.cpp:45]   --->   Operation 480 'bitcast' 'bitcast_ln45_1' <Predicate = true> <Delay = 0.00>
ST_18 : Operation 481 [1/1] ( I:3.25ns O:3.25ns )   --->   "%store_ln45 = store i32 %bitcast_ln45_1, i7 %real_op_0_addr" [../dft.cpp:45]   --->   Operation 481 'store' 'store_ln45' <Predicate = true> <Delay = 3.25> <CoreInst = "RAM">   --->   Core 81 'RAM' <Latency = 1> <II = 1> <Delay = 3.25> <Storage> <Opcode : 'load' 'store'> <Ports = 2> <Width = 32> <Depth = 128> <RAM>
ST_18 : Operation 482 [1/1] (0.00ns)   --->   "%bitcast_ln46_1 = bitcast i32 %add20_1" [../dft.cpp:46]   --->   Operation 482 'bitcast' 'bitcast_ln46_1' <Predicate = true> <Delay = 0.00>
ST_18 : Operation 483 [1/1] ( I:3.25ns O:3.25ns )   --->   "%store_ln46 = store i32 %bitcast_ln46_1, i7 %imag_op_0_addr" [../dft.cpp:46]   --->   Operation 483 'store' 'store_ln46' <Predicate = true> <Delay = 3.25> <CoreInst = "RAM">   --->   Core 81 'RAM' <Latency = 1> <II = 1> <Delay = 3.25> <Storage> <Opcode : 'load' 'store'> <Ports = 2> <Width = 32> <Depth = 128> <RAM>
ST_18 : Operation 484 [1/1] (0.00ns)   --->   "%bitcast_ln45_3 = bitcast i32 %add17_1_1" [../dft.cpp:45]   --->   Operation 484 'bitcast' 'bitcast_ln45_3' <Predicate = true> <Delay = 0.00>
ST_18 : Operation 485 [1/1] ( I:3.25ns O:3.25ns )   --->   "%store_ln45 = store i32 %bitcast_ln45_3, i7 %real_op_1_addr" [../dft.cpp:45]   --->   Operation 485 'store' 'store_ln45' <Predicate = true> <Delay = 3.25> <CoreInst = "RAM">   --->   Core 81 'RAM' <Latency = 1> <II = 1> <Delay = 3.25> <Storage> <Opcode : 'load' 'store'> <Ports = 2> <Width = 32> <Depth = 128> <RAM>
ST_18 : Operation 486 [1/1] (0.00ns)   --->   "%bitcast_ln46_3 = bitcast i32 %add20_1_1" [../dft.cpp:46]   --->   Operation 486 'bitcast' 'bitcast_ln46_3' <Predicate = true> <Delay = 0.00>
ST_18 : Operation 487 [1/1] ( I:3.25ns O:3.25ns )   --->   "%store_ln46 = store i32 %bitcast_ln46_3, i7 %imag_op_1_addr" [../dft.cpp:46]   --->   Operation 487 'store' 'store_ln46' <Predicate = true> <Delay = 3.25> <CoreInst = "RAM">   --->   Core 81 'RAM' <Latency = 1> <II = 1> <Delay = 3.25> <Storage> <Opcode : 'load' 'store'> <Ports = 2> <Width = 32> <Depth = 128> <RAM>
ST_18 : Operation 488 [1/1] (0.00ns)   --->   "%bitcast_ln45_5 = bitcast i32 %add17_1_2" [../dft.cpp:45]   --->   Operation 488 'bitcast' 'bitcast_ln45_5' <Predicate = true> <Delay = 0.00>
ST_18 : Operation 489 [1/1] ( I:3.25ns O:3.25ns )   --->   "%store_ln45 = store i32 %bitcast_ln45_5, i7 %real_op_2_addr" [../dft.cpp:45]   --->   Operation 489 'store' 'store_ln45' <Predicate = true> <Delay = 3.25> <CoreInst = "RAM">   --->   Core 81 'RAM' <Latency = 1> <II = 1> <Delay = 3.25> <Storage> <Opcode : 'load' 'store'> <Ports = 2> <Width = 32> <Depth = 128> <RAM>
ST_18 : Operation 490 [1/1] (0.00ns)   --->   "%bitcast_ln46_5 = bitcast i32 %add20_1_2" [../dft.cpp:46]   --->   Operation 490 'bitcast' 'bitcast_ln46_5' <Predicate = true> <Delay = 0.00>
ST_18 : Operation 491 [1/1] ( I:3.25ns O:3.25ns )   --->   "%store_ln46 = store i32 %bitcast_ln46_5, i7 %imag_op_2_addr" [../dft.cpp:46]   --->   Operation 491 'store' 'store_ln46' <Predicate = true> <Delay = 3.25> <CoreInst = "RAM">   --->   Core 81 'RAM' <Latency = 1> <II = 1> <Delay = 3.25> <Storage> <Opcode : 'load' 'store'> <Ports = 2> <Width = 32> <Depth = 128> <RAM>
ST_18 : Operation 492 [1/1] (0.00ns)   --->   "%bitcast_ln45_7 = bitcast i32 %add17_1_3" [../dft.cpp:45]   --->   Operation 492 'bitcast' 'bitcast_ln45_7' <Predicate = true> <Delay = 0.00>
ST_18 : Operation 493 [1/1] ( I:3.25ns O:3.25ns )   --->   "%store_ln45 = store i32 %bitcast_ln45_7, i7 %real_op_3_addr" [../dft.cpp:45]   --->   Operation 493 'store' 'store_ln45' <Predicate = true> <Delay = 3.25> <CoreInst = "RAM">   --->   Core 81 'RAM' <Latency = 1> <II = 1> <Delay = 3.25> <Storage> <Opcode : 'load' 'store'> <Ports = 2> <Width = 32> <Depth = 128> <RAM>
ST_18 : Operation 494 [1/1] (0.00ns)   --->   "%bitcast_ln46_7 = bitcast i32 %add20_1_3" [../dft.cpp:46]   --->   Operation 494 'bitcast' 'bitcast_ln46_7' <Predicate = true> <Delay = 0.00>
ST_18 : Operation 495 [1/1] ( I:3.25ns O:3.25ns )   --->   "%store_ln46 = store i32 %bitcast_ln46_7, i7 %imag_op_3_addr" [../dft.cpp:46]   --->   Operation 495 'store' 'store_ln46' <Predicate = true> <Delay = 3.25> <CoreInst = "RAM">   --->   Core 81 'RAM' <Latency = 1> <II = 1> <Delay = 3.25> <Storage> <Opcode : 'load' 'store'> <Ports = 2> <Width = 32> <Depth = 128> <RAM>
ST_18 : Operation 496 [1/1] (0.00ns)   --->   "%bitcast_ln45_9 = bitcast i32 %add17_1_4" [../dft.cpp:45]   --->   Operation 496 'bitcast' 'bitcast_ln45_9' <Predicate = true> <Delay = 0.00>
ST_18 : Operation 497 [1/1] ( I:3.25ns O:3.25ns )   --->   "%store_ln45 = store i32 %bitcast_ln45_9, i7 %real_op_4_addr" [../dft.cpp:45]   --->   Operation 497 'store' 'store_ln45' <Predicate = true> <Delay = 3.25> <CoreInst = "RAM">   --->   Core 81 'RAM' <Latency = 1> <II = 1> <Delay = 3.25> <Storage> <Opcode : 'load' 'store'> <Ports = 2> <Width = 32> <Depth = 128> <RAM>
ST_18 : Operation 498 [1/1] (0.00ns)   --->   "%bitcast_ln46_9 = bitcast i32 %add20_1_4" [../dft.cpp:46]   --->   Operation 498 'bitcast' 'bitcast_ln46_9' <Predicate = true> <Delay = 0.00>
ST_18 : Operation 499 [1/1] ( I:3.25ns O:3.25ns )   --->   "%store_ln46 = store i32 %bitcast_ln46_9, i7 %imag_op_4_addr" [../dft.cpp:46]   --->   Operation 499 'store' 'store_ln46' <Predicate = true> <Delay = 3.25> <CoreInst = "RAM">   --->   Core 81 'RAM' <Latency = 1> <II = 1> <Delay = 3.25> <Storage> <Opcode : 'load' 'store'> <Ports = 2> <Width = 32> <Depth = 128> <RAM>
ST_18 : Operation 500 [1/1] (0.00ns)   --->   "%bitcast_ln45_11 = bitcast i32 %add17_1_5" [../dft.cpp:45]   --->   Operation 500 'bitcast' 'bitcast_ln45_11' <Predicate = true> <Delay = 0.00>
ST_18 : Operation 501 [1/1] ( I:3.25ns O:3.25ns )   --->   "%store_ln45 = store i32 %bitcast_ln45_11, i7 %real_op_5_addr" [../dft.cpp:45]   --->   Operation 501 'store' 'store_ln45' <Predicate = true> <Delay = 3.25> <CoreInst = "RAM">   --->   Core 81 'RAM' <Latency = 1> <II = 1> <Delay = 3.25> <Storage> <Opcode : 'load' 'store'> <Ports = 2> <Width = 32> <Depth = 128> <RAM>
ST_18 : Operation 502 [1/1] (0.00ns)   --->   "%bitcast_ln46_11 = bitcast i32 %add20_1_5" [../dft.cpp:46]   --->   Operation 502 'bitcast' 'bitcast_ln46_11' <Predicate = true> <Delay = 0.00>
ST_18 : Operation 503 [1/1] ( I:3.25ns O:3.25ns )   --->   "%store_ln46 = store i32 %bitcast_ln46_11, i7 %imag_op_5_addr" [../dft.cpp:46]   --->   Operation 503 'store' 'store_ln46' <Predicate = true> <Delay = 3.25> <CoreInst = "RAM">   --->   Core 81 'RAM' <Latency = 1> <II = 1> <Delay = 3.25> <Storage> <Opcode : 'load' 'store'> <Ports = 2> <Width = 32> <Depth = 128> <RAM>
ST_18 : Operation 504 [1/1] (0.00ns)   --->   "%bitcast_ln45_13 = bitcast i32 %add17_1_6" [../dft.cpp:45]   --->   Operation 504 'bitcast' 'bitcast_ln45_13' <Predicate = true> <Delay = 0.00>
ST_18 : Operation 505 [1/1] ( I:3.25ns O:3.25ns )   --->   "%store_ln45 = store i32 %bitcast_ln45_13, i7 %real_op_6_addr" [../dft.cpp:45]   --->   Operation 505 'store' 'store_ln45' <Predicate = true> <Delay = 3.25> <CoreInst = "RAM">   --->   Core 81 'RAM' <Latency = 1> <II = 1> <Delay = 3.25> <Storage> <Opcode : 'load' 'store'> <Ports = 2> <Width = 32> <Depth = 128> <RAM>
ST_18 : Operation 506 [1/1] (0.00ns)   --->   "%bitcast_ln46_13 = bitcast i32 %add20_1_6" [../dft.cpp:46]   --->   Operation 506 'bitcast' 'bitcast_ln46_13' <Predicate = true> <Delay = 0.00>
ST_18 : Operation 507 [1/1] ( I:3.25ns O:3.25ns )   --->   "%store_ln46 = store i32 %bitcast_ln46_13, i7 %imag_op_6_addr" [../dft.cpp:46]   --->   Operation 507 'store' 'store_ln46' <Predicate = true> <Delay = 3.25> <CoreInst = "RAM">   --->   Core 81 'RAM' <Latency = 1> <II = 1> <Delay = 3.25> <Storage> <Opcode : 'load' 'store'> <Ports = 2> <Width = 32> <Depth = 128> <RAM>
ST_18 : Operation 508 [1/1] (0.00ns)   --->   "%bitcast_ln45_15 = bitcast i32 %add17_1_7" [../dft.cpp:45]   --->   Operation 508 'bitcast' 'bitcast_ln45_15' <Predicate = true> <Delay = 0.00>
ST_18 : Operation 509 [1/1] ( I:3.25ns O:3.25ns )   --->   "%store_ln45 = store i32 %bitcast_ln45_15, i7 %real_op_7_addr" [../dft.cpp:45]   --->   Operation 509 'store' 'store_ln45' <Predicate = true> <Delay = 3.25> <CoreInst = "RAM">   --->   Core 81 'RAM' <Latency = 1> <II = 1> <Delay = 3.25> <Storage> <Opcode : 'load' 'store'> <Ports = 2> <Width = 32> <Depth = 128> <RAM>
ST_18 : Operation 510 [1/1] (0.00ns)   --->   "%bitcast_ln46_15 = bitcast i32 %add20_1_7" [../dft.cpp:46]   --->   Operation 510 'bitcast' 'bitcast_ln46_15' <Predicate = true> <Delay = 0.00>
ST_18 : Operation 511 [1/1] ( I:3.25ns O:3.25ns )   --->   "%store_ln46 = store i32 %bitcast_ln46_15, i7 %imag_op_7_addr" [../dft.cpp:46]   --->   Operation 511 'store' 'store_ln46' <Predicate = true> <Delay = 3.25> <CoreInst = "RAM">   --->   Core 81 'RAM' <Latency = 1> <II = 1> <Delay = 3.25> <Storage> <Opcode : 'load' 'store'> <Ports = 2> <Width = 32> <Depth = 128> <RAM>
ST_18 : Operation 512 [1/1] (0.00ns)   --->   "%br_ln22 = br void %for.inc.1" [../dft.cpp:22]   --->   Operation 512 'br' 'br_ln22' <Predicate = true> <Delay = 0.00>


============================================================
+ Verbose Summary: Timing violations
============================================================
Target clock period: 10.000ns, clock uncertainty: 2.700ns.

 <State 1>: 6.108ns
The critical path consists of the following:
	'store' operation 0 bit ('store_ln22', ../dft.cpp:22) of constant 0 on local variable 'i', ../dft.cpp:22 [42]  (1.588 ns)
	'load' operation 11 bit ('i', ../dft.cpp:22) on local variable 'i', ../dft.cpp:22 [45]  (0.000 ns)
	'mul' operation 10 bit ('idx', ../dft.cpp:29) [55]  (4.520 ns)

 <State 2>: 3.254ns
The critical path consists of the following:
	'getelementptr' operation 10 bit ('cos_coefficients_table_addr', ../dft.cpp:32) [57]  (0.000 ns)
	'load' operation 32 bit ('c', ../dft.cpp:32) on array 'cos_coefficients_table' [58]  (3.254 ns)

 <State 3>: 3.254ns
The critical path consists of the following:
	'load' operation 32 bit ('c', ../dft.cpp:32) on array 'cos_coefficients_table' [58]  (3.254 ns)

 <State 4>: 5.702ns
The critical path consists of the following:
	'fmul' operation 32 bit ('t1', ../dft.cpp:35) [61]  (5.702 ns)

 <State 5>: 5.702ns
The critical path consists of the following:
	'fmul' operation 32 bit ('t1', ../dft.cpp:35) [61]  (5.702 ns)

 <State 6>: 5.702ns
The critical path consists of the following:
	'fmul' operation 32 bit ('t1', ../dft.cpp:35) [61]  (5.702 ns)

 <State 7>: 5.702ns
The critical path consists of the following:
	'fmul' operation 32 bit ('t1', ../dft.cpp:35) [61]  (5.702 ns)

 <State 8>: 7.256ns
The critical path consists of the following:
	'fsub' operation 32 bit ('real_result', ../dft.cpp:41) [65]  (7.256 ns)

 <State 9>: 7.256ns
The critical path consists of the following:
	'fsub' operation 32 bit ('real_result', ../dft.cpp:41) [65]  (7.256 ns)

 <State 10>: 7.256ns
The critical path consists of the following:
	'fsub' operation 32 bit ('real_result', ../dft.cpp:41) [65]  (7.256 ns)

 <State 11>: 7.256ns
The critical path consists of the following:
	'fsub' operation 32 bit ('real_result', ../dft.cpp:41) [65]  (7.256 ns)

 <State 12>: 7.256ns
The critical path consists of the following:
	'fsub' operation 32 bit ('real_result', ../dft.cpp:41) [65]  (7.256 ns)

 <State 13>: 7.256ns
The critical path consists of the following:
	'fadd' operation 32 bit ('add17_1', ../dft.cpp:45) [70]  (7.256 ns)

 <State 14>: 7.256ns
The critical path consists of the following:
	'fadd' operation 32 bit ('add17_1', ../dft.cpp:45) [70]  (7.256 ns)

 <State 15>: 7.256ns
The critical path consists of the following:
	'fadd' operation 32 bit ('add17_1', ../dft.cpp:45) [70]  (7.256 ns)

 <State 16>: 7.256ns
The critical path consists of the following:
	'fadd' operation 32 bit ('add17_1', ../dft.cpp:45) [70]  (7.256 ns)

 <State 17>: 7.256ns
The critical path consists of the following:
	'fadd' operation 32 bit ('add17_1', ../dft.cpp:45) [70]  (7.256 ns)

 <State 18>: 3.254ns
The critical path consists of the following:
	'store' operation 0 bit ('store_ln45', ../dft.cpp:45) of variable 'bitcast_ln45_1', ../dft.cpp:45 on array 'real_op_0' [72]  (3.254 ns)


============================================================
+ Verbose Summary: Binding
============================================================
N/A
* FSMD analyzer results:
  - Output states:
 - Input state : 
  - Chain level:
	State 1
	State 2
	State 3
	State 4
	State 5
	State 6
	State 7
	State 8
	State 9
	State 10
	State 11
	State 12
	State 13
	State 14
	State 15
	State 16
	State 17
	State 18


============================================================
+ Verbose Summary: Datapath Resource usage 
============================================================
N/A
