Copyright 1986-2022 Xilinx, Inc. All Rights Reserved. Copyright 2022-2024 Advanced Micro Devices, Inc. All Rights Reserved.
------------------------------------------------------------------------------------------------------------------------------------------------------------------------------------------------------------------------------------------------------------
| Tool Version : Vivado v.2024.2 (lin64) Build 5239630 Fri Nov 08 22:34:34 MST 2024
| Date         : Sat Dec 13 17:22:15 2025
| Host         : ieng6-304.ucsd.edu running 64-bit Linux Mint 22.1
| Command      : report_timing_summary -max_paths 10 -report_unconstrained -file chole_bhature_wrapper_timing_summary_routed.rpt -pb chole_bhature_wrapper_timing_summary_routed.pb -rpx chole_bhature_wrapper_timing_summary_routed.rpx -warn_on_violation
| Design       : chole_bhature_wrapper
| Device       : 7z020-clg400
| Speed File   : -1  PRODUCTION 1.12 2019-11-22
| Design State : Routed
------------------------------------------------------------------------------------------------------------------------------------------------------------------------------------------------------------------------------------------------------------

Timing Summary Report

------------------------------------------------------------------------------------------------
| Timer Settings
| --------------
------------------------------------------------------------------------------------------------

  Enable Multi Corner Analysis               :  Yes
  Enable Pessimism Removal                   :  Yes
  Pessimism Removal Resolution               :  Nearest Common Node
  Enable Input Delay Default Clock           :  No
  Enable Preset / Clear Arcs                 :  No
  Disable Flight Delays                      :  No
  Ignore I/O Paths                           :  No
  Timing Early Launch at Borrowing Latches   :  No
  Borrow Time for Max Delay Exceptions       :  Yes
  Merge Timing Exceptions                    :  Yes
  Inter-SLR Compensation                     :  Conservative

  Corner  Analyze    Analyze    
  Name    Max Paths  Min Paths  
  ------  ---------  ---------  
  Slow    Yes        Yes        
  Fast    Yes        Yes        


------------------------------------------------------------------------------------------------
| Report Methodology
| ------------------
------------------------------------------------------------------------------------------------

Rule     Severity  Description                   Violations  
-------  --------  ----------------------------  ----------  
LUTAR-1  Warning   LUT drives async reset alert  3           

Note: This report is based on the most recent report_methodology run and may not be up-to-date. Run report_methodology on the current design for the latest report.



check_timing report

Table of Contents
-----------------
1. checking no_clock (0)
2. checking constant_clock (0)
3. checking pulse_width_clock (0)
4. checking unconstrained_internal_endpoints (0)
5. checking no_input_delay (0)
6. checking no_output_delay (0)
7. checking multiple_clock (0)
8. checking generated_clocks (0)
9. checking loops (0)
10. checking partial_input_delay (0)
11. checking partial_output_delay (0)
12. checking latch_loops (0)

1. checking no_clock (0)
------------------------
 There are 0 register/latch pins with no clock.


2. checking constant_clock (0)
------------------------------
 There are 0 register/latch pins with constant_clock.


3. checking pulse_width_clock (0)
---------------------------------
 There are 0 register/latch pins which need pulse_width check


4. checking unconstrained_internal_endpoints (0)
------------------------------------------------
 There are 0 pins that are not constrained for maximum delay.

 There are 0 pins that are not constrained for maximum delay due to constant clock.


5. checking no_input_delay (0)
------------------------------
 There are 0 input ports with no input delay specified.

 There are 0 input ports with no input delay but user has a false path constraint.


6. checking no_output_delay (0)
-------------------------------
 There are 0 ports with no output delay specified.

 There are 0 ports with no output delay but user has a false path constraint

 There are 0 ports with no output delay but with a timing clock defined on it or propagating through it


7. checking multiple_clock (0)
------------------------------
 There are 0 register/latch pins with multiple clocks.


8. checking generated_clocks (0)
--------------------------------
 There are 0 generated clocks that are not connected to a clock source.


9. checking loops (0)
---------------------
 There are 0 combinational loops in the design.


10. checking partial_input_delay (0)
------------------------------------
 There are 0 input ports with partial input delay specified.


11. checking partial_output_delay (0)
-------------------------------------
 There are 0 ports with partial output delay specified.


12. checking latch_loops (0)
----------------------------
 There are 0 combinational latch loops in the design through latch input



------------------------------------------------------------------------------------------------
| Design Timing Summary
| ---------------------
------------------------------------------------------------------------------------------------

    WNS(ns)      TNS(ns)  TNS Failing Endpoints  TNS Total Endpoints      WHS(ns)      THS(ns)  THS Failing Endpoints  THS Total Endpoints     WPWS(ns)     TPWS(ns)  TPWS Failing Endpoints  TPWS Total Endpoints  
    -------      -------  ---------------------  -------------------      -------      -------  ---------------------  -------------------     --------     --------  ----------------------  --------------------  
      5.193        0.000                      0                38422        0.008        0.000                      0                38422        8.750        0.000                       0                 18462  


All user specified timing constraints are met.


------------------------------------------------------------------------------------------------
| Clock Summary
| -------------
------------------------------------------------------------------------------------------------

Clock       Waveform(ns)       Period(ns)      Frequency(MHz)
-----       ------------       ----------      --------------
clk_fpga_0  {0.000 10.000}     20.000          50.000          


------------------------------------------------------------------------------------------------
| Intra Clock Table
| -----------------
------------------------------------------------------------------------------------------------

Clock             WNS(ns)      TNS(ns)  TNS Failing Endpoints  TNS Total Endpoints      WHS(ns)      THS(ns)  THS Failing Endpoints  THS Total Endpoints     WPWS(ns)     TPWS(ns)  TPWS Failing Endpoints  TPWS Total Endpoints  
-----             -------      -------  ---------------------  -------------------      -------      -------  ---------------------  -------------------     --------     --------  ----------------------  --------------------  
clk_fpga_0          5.193        0.000                      0                38326        0.008        0.000                      0                38326        8.750        0.000                       0                 18462  


------------------------------------------------------------------------------------------------
| Inter Clock Table
| -----------------
------------------------------------------------------------------------------------------------

From Clock    To Clock          WNS(ns)      TNS(ns)  TNS Failing Endpoints  TNS Total Endpoints      WHS(ns)      THS(ns)  THS Failing Endpoints  THS Total Endpoints  
----------    --------          -------      -------  ---------------------  -------------------      -------      -------  ---------------------  -------------------  


------------------------------------------------------------------------------------------------
| Other Path Groups Table
| -----------------------
------------------------------------------------------------------------------------------------

Path Group         From Clock         To Clock               WNS(ns)      TNS(ns)  TNS Failing Endpoints  TNS Total Endpoints      WHS(ns)      THS(ns)  THS Failing Endpoints  THS Total Endpoints  
----------         ----------         --------               -------      -------  ---------------------  -------------------      -------      -------  ---------------------  -------------------  
**async_default**  clk_fpga_0         clk_fpga_0              16.013        0.000                      0                   96        0.522        0.000                      0                   96  


------------------------------------------------------------------------------------------------
| User Ignored Path Table
| -----------------------
------------------------------------------------------------------------------------------------

Path Group    From Clock    To Clock    
----------    ----------    --------    
(none)                      clk_fpga_0    
(none)        clk_fpga_0    clk_fpga_0    


------------------------------------------------------------------------------------------------
| Unconstrained Path Table
| ------------------------
------------------------------------------------------------------------------------------------

Path Group    From Clock    To Clock    
----------    ----------    --------    


------------------------------------------------------------------------------------------------
| Timing Details
| --------------
------------------------------------------------------------------------------------------------


---------------------------------------------------------------------------------------------------
From Clock:  clk_fpga_0
  To Clock:  clk_fpga_0

Setup :            0  Failing Endpoints,  Worst Slack        5.193ns,  Total Violation        0.000ns
Hold  :            0  Failing Endpoints,  Worst Slack        0.008ns,  Total Violation        0.000ns
PW    :            0  Failing Endpoints,  Worst Slack        8.750ns,  Total Violation        0.000ns
---------------------------------------------------------------------------------------------------


Max Delay Paths
--------------------------------------------------------------------------------------
Slack (MET) :             5.193ns  (required time - arrival time)
  Source:                 chole_bhature_i/bnn_0/inst/compute_L1_U0/grp_compute_L1_Pipeline_L1_DOT_PROD_fu_1105/k_2_reg_91775_pp0_iter2_reg_reg[4]/C
                            (rising edge-triggered cell FDRE clocked by clk_fpga_0  {rise@0.000ns fall@10.000ns period=20.000ns})
  Destination:            chole_bhature_i/bnn_0/inst/compute_L1_U0/grp_compute_L1_Pipeline_L1_DOT_PROD_fu_1105/s3_28_reg_103026_reg[0]/D
                            (rising edge-triggered cell FDRE clocked by clk_fpga_0  {rise@0.000ns fall@10.000ns period=20.000ns})
  Path Group:             clk_fpga_0
  Path Type:              Setup (Max at Slow Process Corner)
  Requirement:            20.000ns  (clk_fpga_0 rise@20.000ns - clk_fpga_0 rise@0.000ns)
  Data Path Delay:        14.441ns  (logic 1.058ns (7.326%)  route 13.383ns (92.674%))
  Logic Levels:           3  (LUT2=1 LUT3=1 LUT6=1)
  Clock Path Skew:        -0.145ns (DCD - SCD + CPR)
    Destination Clock Delay (DCD):    2.671ns = ( 22.671 - 20.000 ) 
    Source Clock Delay      (SCD):    2.945ns
    Clock Pessimism Removal (CPR):    0.129ns
  Clock Uncertainty:      0.302ns  ((TSJ^2 + TIJ^2)^1/2 + DJ) / 2 + PE
    Total System Jitter     (TSJ):    0.071ns
    Total Input Jitter      (TIJ):    0.600ns
    Discrete Jitter          (DJ):    0.000ns
    Phase Error              (PE):    0.000ns

    Location             Delay type                Incr(ns)  Path(ns)    Netlist Resource(s)
  -------------------------------------------------------------------    -------------------
                         (clock clk_fpga_0 rise edge)
                                                      0.000     0.000 r  
    PS7_X0Y0             PS7                          0.000     0.000 r  chole_bhature_i/processing_system7_0/inst/PS7_i/FCLKCLK[0]
                         net (fo=1, routed)           1.193     1.193    chole_bhature_i/processing_system7_0/inst/FCLK_CLK_unbuffered[0]
    BUFGCTRL_X0Y16       BUFG (Prop_bufg_I_O)         0.101     1.294 r  chole_bhature_i/processing_system7_0/inst/buffer_fclk_clk_0.FCLK_CLK_0_BUFG/O
                         net (fo=18463, routed)       1.651     2.945    chole_bhature_i/bnn_0/inst/compute_L1_U0/grp_compute_L1_Pipeline_L1_DOT_PROD_fu_1105/ap_clk
    SLICE_X51Y36         FDRE                                         r  chole_bhature_i/bnn_0/inst/compute_L1_U0/grp_compute_L1_Pipeline_L1_DOT_PROD_fu_1105/k_2_reg_91775_pp0_iter2_reg_reg[4]/C
  -------------------------------------------------------------------    -------------------
    SLICE_X51Y36         FDRE (Prop_fdre_C_Q)         0.456     3.401 f  chole_bhature_i/bnn_0/inst/compute_L1_U0/grp_compute_L1_Pipeline_L1_DOT_PROD_fu_1105/k_2_reg_91775_pp0_iter2_reg_reg[4]/Q
                         net (fo=43, routed)          4.820     8.221    chole_bhature_i/bnn_0/inst/compute_L1_U0/grp_compute_L1_Pipeline_L1_DOT_PROD_fu_1105/k_2_reg_91775_pp0_iter2_reg[4]
    SLICE_X95Y4          LUT2 (Prop_lut2_I1_O)        0.152     8.373 r  chole_bhature_i/bnn_0/inst/compute_L1_U0/grp_compute_L1_Pipeline_L1_DOT_PROD_fu_1105/s7_28_reg_103046[1]_i_6/O
                         net (fo=128, routed)         7.063    15.437    chole_bhature_i/bnn_0/inst/compute_L1_U0/grp_compute_L1_Pipeline_L1_DOT_PROD_fu_1105/s7_28_reg_103046[1]_i_6_n_2
    SLICE_X12Y11         LUT6 (Prop_lut6_I1_O)        0.326    15.763 r  chole_bhature_i/bnn_0/inst/compute_L1_U0/grp_compute_L1_Pipeline_L1_DOT_PROD_fu_1105/s3_28_reg_103026[1]_i_3/O
                         net (fo=2, routed)           1.500    17.262    chole_bhature_i/bnn_0/inst/compute_L1_U0/grp_compute_L1_Pipeline_L1_DOT_PROD_fu_1105/zext_ln30_904_fu_33236_p1
    SLICE_X32Y11         LUT3 (Prop_lut3_I2_O)        0.124    17.386 r  chole_bhature_i/bnn_0/inst/compute_L1_U0/grp_compute_L1_Pipeline_L1_DOT_PROD_fu_1105/s3_28_reg_103026[0]_i_1/O
                         net (fo=1, routed)           0.000    17.386    chole_bhature_i/bnn_0/inst/compute_L1_U0/grp_compute_L1_Pipeline_L1_DOT_PROD_fu_1105/s3_28_fu_33269_p2[0]
    SLICE_X32Y11         FDRE                                         r  chole_bhature_i/bnn_0/inst/compute_L1_U0/grp_compute_L1_Pipeline_L1_DOT_PROD_fu_1105/s3_28_reg_103026_reg[0]/D
  -------------------------------------------------------------------    -------------------

                         (clock clk_fpga_0 rise edge)
                                                     20.000    20.000 r  
    PS7_X0Y0             PS7                          0.000    20.000 r  chole_bhature_i/processing_system7_0/inst/PS7_i/FCLKCLK[0]
                         net (fo=1, routed)           1.088    21.088    chole_bhature_i/processing_system7_0/inst/FCLK_CLK_unbuffered[0]
    BUFGCTRL_X0Y16       BUFG (Prop_bufg_I_O)         0.091    21.179 r  chole_bhature_i/processing_system7_0/inst/buffer_fclk_clk_0.FCLK_CLK_0_BUFG/O
                         net (fo=18463, routed)       1.492    22.671    chole_bhature_i/bnn_0/inst/compute_L1_U0/grp_compute_L1_Pipeline_L1_DOT_PROD_fu_1105/ap_clk
    SLICE_X32Y11         FDRE                                         r  chole_bhature_i/bnn_0/inst/compute_L1_U0/grp_compute_L1_Pipeline_L1_DOT_PROD_fu_1105/s3_28_reg_103026_reg[0]/C
                         clock pessimism              0.129    22.800    
                         clock uncertainty           -0.302    22.498    
    SLICE_X32Y11         FDRE (Setup_fdre_C_D)        0.081    22.579    chole_bhature_i/bnn_0/inst/compute_L1_U0/grp_compute_L1_Pipeline_L1_DOT_PROD_fu_1105/s3_28_reg_103026_reg[0]
  -------------------------------------------------------------------
                         required time                         22.579    
                         arrival time                         -17.386    
  -------------------------------------------------------------------
                         slack                                  5.193    

Slack (MET) :             5.202ns  (required time - arrival time)
  Source:                 chole_bhature_i/bnn_0/inst/compute_L1_U0/grp_compute_L1_Pipeline_L1_DOT_PROD_fu_1105/k_2_reg_91775_pp0_iter2_reg_reg[4]/C
                            (rising edge-triggered cell FDRE clocked by clk_fpga_0  {rise@0.000ns fall@10.000ns period=20.000ns})
  Destination:            chole_bhature_i/bnn_0/inst/compute_L1_U0/grp_compute_L1_Pipeline_L1_DOT_PROD_fu_1105/s3_28_reg_103026_reg[1]/D
                            (rising edge-triggered cell FDRE clocked by clk_fpga_0  {rise@0.000ns fall@10.000ns period=20.000ns})
  Path Group:             clk_fpga_0
  Path Type:              Setup (Max at Slow Process Corner)
  Requirement:            20.000ns  (clk_fpga_0 rise@20.000ns - clk_fpga_0 rise@0.000ns)
  Data Path Delay:        14.469ns  (logic 1.086ns (7.506%)  route 13.383ns (92.494%))
  Logic Levels:           3  (LUT2=1 LUT3=1 LUT6=1)
  Clock Path Skew:        -0.145ns (DCD - SCD + CPR)
    Destination Clock Delay (DCD):    2.671ns = ( 22.671 - 20.000 ) 
    Source Clock Delay      (SCD):    2.945ns
    Clock Pessimism Removal (CPR):    0.129ns
  Clock Uncertainty:      0.302ns  ((TSJ^2 + TIJ^2)^1/2 + DJ) / 2 + PE
    Total System Jitter     (TSJ):    0.071ns
    Total Input Jitter      (TIJ):    0.600ns
    Discrete Jitter          (DJ):    0.000ns
    Phase Error              (PE):    0.000ns

    Location             Delay type                Incr(ns)  Path(ns)    Netlist Resource(s)
  -------------------------------------------------------------------    -------------------
                         (clock clk_fpga_0 rise edge)
                                                      0.000     0.000 r  
    PS7_X0Y0             PS7                          0.000     0.000 r  chole_bhature_i/processing_system7_0/inst/PS7_i/FCLKCLK[0]
                         net (fo=1, routed)           1.193     1.193    chole_bhature_i/processing_system7_0/inst/FCLK_CLK_unbuffered[0]
    BUFGCTRL_X0Y16       BUFG (Prop_bufg_I_O)         0.101     1.294 r  chole_bhature_i/processing_system7_0/inst/buffer_fclk_clk_0.FCLK_CLK_0_BUFG/O
                         net (fo=18463, routed)       1.651     2.945    chole_bhature_i/bnn_0/inst/compute_L1_U0/grp_compute_L1_Pipeline_L1_DOT_PROD_fu_1105/ap_clk
    SLICE_X51Y36         FDRE                                         r  chole_bhature_i/bnn_0/inst/compute_L1_U0/grp_compute_L1_Pipeline_L1_DOT_PROD_fu_1105/k_2_reg_91775_pp0_iter2_reg_reg[4]/C
  -------------------------------------------------------------------    -------------------
    SLICE_X51Y36         FDRE (Prop_fdre_C_Q)         0.456     3.401 f  chole_bhature_i/bnn_0/inst/compute_L1_U0/grp_compute_L1_Pipeline_L1_DOT_PROD_fu_1105/k_2_reg_91775_pp0_iter2_reg_reg[4]/Q
                         net (fo=43, routed)          4.820     8.221    chole_bhature_i/bnn_0/inst/compute_L1_U0/grp_compute_L1_Pipeline_L1_DOT_PROD_fu_1105/k_2_reg_91775_pp0_iter2_reg[4]
    SLICE_X95Y4          LUT2 (Prop_lut2_I1_O)        0.152     8.373 r  chole_bhature_i/bnn_0/inst/compute_L1_U0/grp_compute_L1_Pipeline_L1_DOT_PROD_fu_1105/s7_28_reg_103046[1]_i_6/O
                         net (fo=128, routed)         7.063    15.437    chole_bhature_i/bnn_0/inst/compute_L1_U0/grp_compute_L1_Pipeline_L1_DOT_PROD_fu_1105/s7_28_reg_103046[1]_i_6_n_2
    SLICE_X12Y11         LUT6 (Prop_lut6_I1_O)        0.326    15.763 r  chole_bhature_i/bnn_0/inst/compute_L1_U0/grp_compute_L1_Pipeline_L1_DOT_PROD_fu_1105/s3_28_reg_103026[1]_i_3/O
                         net (fo=2, routed)           1.500    17.262    chole_bhature_i/bnn_0/inst/compute_L1_U0/grp_compute_L1_Pipeline_L1_DOT_PROD_fu_1105/zext_ln30_904_fu_33236_p1
    SLICE_X32Y11         LUT3 (Prop_lut3_I1_O)        0.152    17.414 r  chole_bhature_i/bnn_0/inst/compute_L1_U0/grp_compute_L1_Pipeline_L1_DOT_PROD_fu_1105/s3_28_reg_103026[1]_i_1/O
                         net (fo=1, routed)           0.000    17.414    chole_bhature_i/bnn_0/inst/compute_L1_U0/grp_compute_L1_Pipeline_L1_DOT_PROD_fu_1105/s3_28_fu_33269_p2[1]
    SLICE_X32Y11         FDRE                                         r  chole_bhature_i/bnn_0/inst/compute_L1_U0/grp_compute_L1_Pipeline_L1_DOT_PROD_fu_1105/s3_28_reg_103026_reg[1]/D
  -------------------------------------------------------------------    -------------------

                         (clock clk_fpga_0 rise edge)
                                                     20.000    20.000 r  
    PS7_X0Y0             PS7                          0.000    20.000 r  chole_bhature_i/processing_system7_0/inst/PS7_i/FCLKCLK[0]
                         net (fo=1, routed)           1.088    21.088    chole_bhature_i/processing_system7_0/inst/FCLK_CLK_unbuffered[0]
    BUFGCTRL_X0Y16       BUFG (Prop_bufg_I_O)         0.091    21.179 r  chole_bhature_i/processing_system7_0/inst/buffer_fclk_clk_0.FCLK_CLK_0_BUFG/O
                         net (fo=18463, routed)       1.492    22.671    chole_bhature_i/bnn_0/inst/compute_L1_U0/grp_compute_L1_Pipeline_L1_DOT_PROD_fu_1105/ap_clk
    SLICE_X32Y11         FDRE                                         r  chole_bhature_i/bnn_0/inst/compute_L1_U0/grp_compute_L1_Pipeline_L1_DOT_PROD_fu_1105/s3_28_reg_103026_reg[1]/C
                         clock pessimism              0.129    22.800    
                         clock uncertainty           -0.302    22.498    
    SLICE_X32Y11         FDRE (Setup_fdre_C_D)        0.118    22.616    chole_bhature_i/bnn_0/inst/compute_L1_U0/grp_compute_L1_Pipeline_L1_DOT_PROD_fu_1105/s3_28_reg_103026_reg[1]
  -------------------------------------------------------------------
                         required time                         22.616    
                         arrival time                         -17.414    
  -------------------------------------------------------------------
                         slack                                  5.202    

Slack (MET) :             5.224ns  (required time - arrival time)
  Source:                 chole_bhature_i/bnn_0/inst/compute_L1_U0/grp_compute_L1_Pipeline_L1_DOT_PROD_fu_1105/k_2_reg_91775_pp0_iter2_reg_reg[4]/C
                            (rising edge-triggered cell FDRE clocked by clk_fpga_0  {rise@0.000ns fall@10.000ns period=20.000ns})
  Destination:            chole_bhature_i/bnn_0/inst/compute_L1_U0/grp_compute_L1_Pipeline_L1_DOT_PROD_fu_1105/s1_75_reg_105501_reg[0]/D
                            (rising edge-triggered cell FDRE clocked by clk_fpga_0  {rise@0.000ns fall@10.000ns period=20.000ns})
  Path Group:             clk_fpga_0
  Path Type:              Setup (Max at Slow Process Corner)
  Requirement:            20.000ns  (clk_fpga_0 rise@20.000ns - clk_fpga_0 rise@0.000ns)
  Data Path Delay:        14.430ns  (logic 1.064ns (7.373%)  route 13.366ns (92.627%))
  Logic Levels:           3  (LUT2=1 LUT3=1 LUT6=1)
  Clock Path Skew:        -0.073ns (DCD - SCD + CPR)
    Destination Clock Delay (DCD):    2.743ns = ( 22.743 - 20.000 ) 
    Source Clock Delay      (SCD):    2.945ns
    Clock Pessimism Removal (CPR):    0.129ns
  Clock Uncertainty:      0.302ns  ((TSJ^2 + TIJ^2)^1/2 + DJ) / 2 + PE
    Total System Jitter     (TSJ):    0.071ns
    Total Input Jitter      (TIJ):    0.600ns
    Discrete Jitter          (DJ):    0.000ns
    Phase Error              (PE):    0.000ns

    Location             Delay type                Incr(ns)  Path(ns)    Netlist Resource(s)
  -------------------------------------------------------------------    -------------------
                         (clock clk_fpga_0 rise edge)
                                                      0.000     0.000 r  
    PS7_X0Y0             PS7                          0.000     0.000 r  chole_bhature_i/processing_system7_0/inst/PS7_i/FCLKCLK[0]
                         net (fo=1, routed)           1.193     1.193    chole_bhature_i/processing_system7_0/inst/FCLK_CLK_unbuffered[0]
    BUFGCTRL_X0Y16       BUFG (Prop_bufg_I_O)         0.101     1.294 r  chole_bhature_i/processing_system7_0/inst/buffer_fclk_clk_0.FCLK_CLK_0_BUFG/O
                         net (fo=18463, routed)       1.651     2.945    chole_bhature_i/bnn_0/inst/compute_L1_U0/grp_compute_L1_Pipeline_L1_DOT_PROD_fu_1105/ap_clk
    SLICE_X51Y36         FDRE                                         r  chole_bhature_i/bnn_0/inst/compute_L1_U0/grp_compute_L1_Pipeline_L1_DOT_PROD_fu_1105/k_2_reg_91775_pp0_iter2_reg_reg[4]/C
  -------------------------------------------------------------------    -------------------
    SLICE_X51Y36         FDRE (Prop_fdre_C_Q)         0.456     3.401 f  chole_bhature_i/bnn_0/inst/compute_L1_U0/grp_compute_L1_Pipeline_L1_DOT_PROD_fu_1105/k_2_reg_91775_pp0_iter2_reg_reg[4]/Q
                         net (fo=43, routed)          4.819     8.220    chole_bhature_i/bnn_0/inst/compute_L1_U0/grp_compute_L1_Pipeline_L1_DOT_PROD_fu_1105/k_2_reg_91775_pp0_iter2_reg[4]
    SLICE_X95Y4          LUT2 (Prop_lut2_I1_O)        0.152     8.372 r  chole_bhature_i/bnn_0/inst/compute_L1_U0/grp_compute_L1_Pipeline_L1_DOT_PROD_fu_1105/s4_75_reg_105516[1]_i_6/O
                         net (fo=158, routed)         7.280    15.652    chole_bhature_i/bnn_0/inst/compute_L1_U0/grp_compute_L1_Pipeline_L1_DOT_PROD_fu_1105/s4_75_reg_105516[1]_i_6_n_2
    SLICE_X17Y21         LUT6 (Prop_lut6_I1_O)        0.332    15.984 r  chole_bhature_i/bnn_0/inst/compute_L1_U0/grp_compute_L1_Pipeline_L1_DOT_PROD_fu_1105/s1_75_reg_105501[1]_i_4/O
                         net (fo=2, routed)           1.267    17.251    chole_bhature_i/bnn_0/inst/compute_L1_U0/grp_compute_L1_Pipeline_L1_DOT_PROD_fu_1105/zext_ln30_2307_fu_76700_p1
    SLICE_X27Y17         LUT3 (Prop_lut3_I0_O)        0.124    17.375 r  chole_bhature_i/bnn_0/inst/compute_L1_U0/grp_compute_L1_Pipeline_L1_DOT_PROD_fu_1105/s1_75_reg_105501[0]_i_1/O
                         net (fo=1, routed)           0.000    17.375    chole_bhature_i/bnn_0/inst/compute_L1_U0/grp_compute_L1_Pipeline_L1_DOT_PROD_fu_1105/s1_75_fu_76756_p2[0]
    SLICE_X27Y17         FDRE                                         r  chole_bhature_i/bnn_0/inst/compute_L1_U0/grp_compute_L1_Pipeline_L1_DOT_PROD_fu_1105/s1_75_reg_105501_reg[0]/D
  -------------------------------------------------------------------    -------------------

                         (clock clk_fpga_0 rise edge)
                                                     20.000    20.000 r  
    PS7_X0Y0             PS7                          0.000    20.000 r  chole_bhature_i/processing_system7_0/inst/PS7_i/FCLKCLK[0]
                         net (fo=1, routed)           1.088    21.088    chole_bhature_i/processing_system7_0/inst/FCLK_CLK_unbuffered[0]
    BUFGCTRL_X0Y16       BUFG (Prop_bufg_I_O)         0.091    21.179 r  chole_bhature_i/processing_system7_0/inst/buffer_fclk_clk_0.FCLK_CLK_0_BUFG/O
                         net (fo=18463, routed)       1.564    22.743    chole_bhature_i/bnn_0/inst/compute_L1_U0/grp_compute_L1_Pipeline_L1_DOT_PROD_fu_1105/ap_clk
    SLICE_X27Y17         FDRE                                         r  chole_bhature_i/bnn_0/inst/compute_L1_U0/grp_compute_L1_Pipeline_L1_DOT_PROD_fu_1105/s1_75_reg_105501_reg[0]/C
                         clock pessimism              0.129    22.872    
                         clock uncertainty           -0.302    22.570    
    SLICE_X27Y17         FDRE (Setup_fdre_C_D)        0.029    22.599    chole_bhature_i/bnn_0/inst/compute_L1_U0/grp_compute_L1_Pipeline_L1_DOT_PROD_fu_1105/s1_75_reg_105501_reg[0]
  -------------------------------------------------------------------
                         required time                         22.599    
                         arrival time                         -17.375    
  -------------------------------------------------------------------
                         slack                                  5.224    

Slack (MET) :             5.239ns  (required time - arrival time)
  Source:                 chole_bhature_i/bnn_0/inst/compute_L1_U0/grp_compute_L1_Pipeline_L1_DOT_PROD_fu_1105/flow_control_loop_pipe_sequential_init_U/ap_loop_init_int_reg/C
                            (rising edge-triggered cell FDRE clocked by clk_fpga_0  {rise@0.000ns fall@10.000ns period=20.000ns})
  Destination:            chole_bhature_i/bnn_0/inst/compute_L1_U0/grp_compute_L1_Pipeline_L1_DOT_PROD_fu_1105/p_ZL10WEIGHTS_L1_43_U/q1_reg[26]/D
                            (rising edge-triggered cell FDRE clocked by clk_fpga_0  {rise@0.000ns fall@10.000ns period=20.000ns})
  Path Group:             clk_fpga_0
  Path Type:              Setup (Max at Slow Process Corner)
  Requirement:            20.000ns  (clk_fpga_0 rise@20.000ns - clk_fpga_0 rise@0.000ns)
  Data Path Delay:        14.475ns  (logic 2.120ns (14.646%)  route 12.355ns (85.354%))
  Logic Levels:           7  (CARRY4=3 LUT2=3 LUT6=1)
  Clock Path Skew:        -0.016ns (DCD - SCD + CPR)
    Destination Clock Delay (DCD):    2.803ns = ( 22.803 - 20.000 ) 
    Source Clock Delay      (SCD):    2.934ns
    Clock Pessimism Removal (CPR):    0.115ns
  Clock Uncertainty:      0.302ns  ((TSJ^2 + TIJ^2)^1/2 + DJ) / 2 + PE
    Total System Jitter     (TSJ):    0.071ns
    Total Input Jitter      (TIJ):    0.600ns
    Discrete Jitter          (DJ):    0.000ns
    Phase Error              (PE):    0.000ns

    Location             Delay type                Incr(ns)  Path(ns)    Netlist Resource(s)
  -------------------------------------------------------------------    -------------------
                         (clock clk_fpga_0 rise edge)
                                                      0.000     0.000 r  
    PS7_X0Y0             PS7                          0.000     0.000 r  chole_bhature_i/processing_system7_0/inst/PS7_i/FCLKCLK[0]
                         net (fo=1, routed)           1.193     1.193    chole_bhature_i/processing_system7_0/inst/FCLK_CLK_unbuffered[0]
    BUFGCTRL_X0Y16       BUFG (Prop_bufg_I_O)         0.101     1.294 r  chole_bhature_i/processing_system7_0/inst/buffer_fclk_clk_0.FCLK_CLK_0_BUFG/O
                         net (fo=18463, routed)       1.640     2.934    chole_bhature_i/bnn_0/inst/compute_L1_U0/grp_compute_L1_Pipeline_L1_DOT_PROD_fu_1105/flow_control_loop_pipe_sequential_init_U/ap_clk
    SLICE_X52Y51         FDRE                                         r  chole_bhature_i/bnn_0/inst/compute_L1_U0/grp_compute_L1_Pipeline_L1_DOT_PROD_fu_1105/flow_control_loop_pipe_sequential_init_U/ap_loop_init_int_reg/C
  -------------------------------------------------------------------    -------------------
    SLICE_X52Y51         FDRE (Prop_fdre_C_Q)         0.456     3.390 f  chole_bhature_i/bnn_0/inst/compute_L1_U0/grp_compute_L1_Pipeline_L1_DOT_PROD_fu_1105/flow_control_loop_pipe_sequential_init_U/ap_loop_init_int_reg/Q
                         net (fo=3, routed)           0.640     4.030    chole_bhature_i/bnn_0/inst/compute_L1_U0/grp_compute_L1_Pipeline_L1_DOT_PROD_fu_1105/flow_control_loop_pipe_sequential_init_U/ap_loop_init_int
    SLICE_X52Y51         LUT2 (Prop_lut2_I1_O)        0.124     4.154 f  chole_bhature_i/bnn_0/inst/compute_L1_U0/grp_compute_L1_Pipeline_L1_DOT_PROD_fu_1105/flow_control_loop_pipe_sequential_init_U/empty_85_fu_820[10]_i_1/O
                         net (fo=729, routed)         1.061     5.215    chole_bhature_i/bnn_0/inst/compute_L1_U0/grp_compute_L1_Pipeline_L1_DOT_PROD_fu_1105/flow_control_loop_pipe_sequential_init_U/ap_sig_allocacmp_k_21
    SLICE_X46Y42         LUT2 (Prop_lut2_I1_O)        0.149     5.364 r  chole_bhature_i/bnn_0/inst/compute_L1_U0/grp_compute_L1_Pipeline_L1_DOT_PROD_fu_1105/flow_control_loop_pipe_sequential_init_U/k_2_reg_91775[3]_i_1/O
                         net (fo=92, routed)          3.162     8.525    chole_bhature_i/bnn_0/inst/compute_L1_U0/grp_compute_L1_Pipeline_L1_DOT_PROD_fu_1105/flow_control_loop_pipe_sequential_init_U/k_fu_900_reg[3]
    SLICE_X11Y22         LUT2 (Prop_lut2_I1_O)        0.355     8.880 r  chole_bhature_i/bnn_0/inst/compute_L1_U0/grp_compute_L1_Pipeline_L1_DOT_PROD_fu_1105/flow_control_loop_pipe_sequential_init_U/q1[31]_i_6/O
                         net (fo=1, routed)           0.000     8.880    chole_bhature_i/bnn_0/inst/compute_L1_U0/grp_compute_L1_Pipeline_L1_DOT_PROD_fu_1105/flow_control_loop_pipe_sequential_init_U/q1[31]_i_6_n_2
    SLICE_X11Y22         CARRY4 (Prop_carry4_S[3]_CO[3])
                                                      0.401     9.281 r  chole_bhature_i/bnn_0/inst/compute_L1_U0/grp_compute_L1_Pipeline_L1_DOT_PROD_fu_1105/flow_control_loop_pipe_sequential_init_U/q1_reg[31]_i_4/CO[3]
                         net (fo=1, routed)           0.000     9.281    chole_bhature_i/bnn_0/inst/compute_L1_U0/grp_compute_L1_Pipeline_L1_DOT_PROD_fu_1105/flow_control_loop_pipe_sequential_init_U/q1_reg[31]_i_4_n_2
    SLICE_X11Y23         CARRY4 (Prop_carry4_CI_CO[3])
                                                      0.114     9.395 r  chole_bhature_i/bnn_0/inst/compute_L1_U0/grp_compute_L1_Pipeline_L1_DOT_PROD_fu_1105/flow_control_loop_pipe_sequential_init_U/q1_reg[31]_i_3/CO[3]
                         net (fo=1, routed)           0.000     9.395    chole_bhature_i/bnn_0/inst/compute_L1_U0/grp_compute_L1_Pipeline_L1_DOT_PROD_fu_1105/flow_control_loop_pipe_sequential_init_U/q1_reg[31]_i_3_n_2
    SLICE_X11Y24         CARRY4 (Prop_carry4_CI_O[0])
                                                      0.222     9.617 r  chole_bhature_i/bnn_0/inst/compute_L1_U0/grp_compute_L1_Pipeline_L1_DOT_PROD_fu_1105/flow_control_loop_pipe_sequential_init_U/q1_reg[31]_i_2/O[0]
                         net (fo=800, routed)         7.493    17.110    chole_bhature_i/bnn_0/inst/compute_L1_U0/grp_compute_L1_Pipeline_L1_DOT_PROD_fu_1105/flow_control_loop_pipe_sequential_init_U/p_ZL10WEIGHTS_L1_0_address2[2]
    SLICE_X95Y46         LUT6 (Prop_lut6_I2_O)        0.299    17.409 r  chole_bhature_i/bnn_0/inst/compute_L1_U0/grp_compute_L1_Pipeline_L1_DOT_PROD_fu_1105/flow_control_loop_pipe_sequential_init_U/q1[26]_i_1__21/O
                         net (fo=1, routed)           0.000    17.409    chole_bhature_i/bnn_0/inst/compute_L1_U0/grp_compute_L1_Pipeline_L1_DOT_PROD_fu_1105/p_ZL10WEIGHTS_L1_43_U/q10[26]
    SLICE_X95Y46         FDRE                                         r  chole_bhature_i/bnn_0/inst/compute_L1_U0/grp_compute_L1_Pipeline_L1_DOT_PROD_fu_1105/p_ZL10WEIGHTS_L1_43_U/q1_reg[26]/D
  -------------------------------------------------------------------    -------------------

                         (clock clk_fpga_0 rise edge)
                                                     20.000    20.000 r  
    PS7_X0Y0             PS7                          0.000    20.000 r  chole_bhature_i/processing_system7_0/inst/PS7_i/FCLKCLK[0]
                         net (fo=1, routed)           1.088    21.088    chole_bhature_i/processing_system7_0/inst/FCLK_CLK_unbuffered[0]
    BUFGCTRL_X0Y16       BUFG (Prop_bufg_I_O)         0.091    21.179 r  chole_bhature_i/processing_system7_0/inst/buffer_fclk_clk_0.FCLK_CLK_0_BUFG/O
                         net (fo=18463, routed)       1.624    22.803    chole_bhature_i/bnn_0/inst/compute_L1_U0/grp_compute_L1_Pipeline_L1_DOT_PROD_fu_1105/p_ZL10WEIGHTS_L1_43_U/ap_clk
    SLICE_X95Y46         FDRE                                         r  chole_bhature_i/bnn_0/inst/compute_L1_U0/grp_compute_L1_Pipeline_L1_DOT_PROD_fu_1105/p_ZL10WEIGHTS_L1_43_U/q1_reg[26]/C
                         clock pessimism              0.115    22.918    
                         clock uncertainty           -0.302    22.616    
    SLICE_X95Y46         FDRE (Setup_fdre_C_D)        0.032    22.648    chole_bhature_i/bnn_0/inst/compute_L1_U0/grp_compute_L1_Pipeline_L1_DOT_PROD_fu_1105/p_ZL10WEIGHTS_L1_43_U/q1_reg[26]
  -------------------------------------------------------------------
                         required time                         22.648    
                         arrival time                         -17.409    
  -------------------------------------------------------------------
                         slack                                  5.239    

Slack (MET) :             5.242ns  (required time - arrival time)
  Source:                 chole_bhature_i/bnn_0/inst/compute_L1_U0/grp_compute_L1_Pipeline_L1_DOT_PROD_fu_1105/k_2_reg_91775_pp0_iter2_reg_reg[4]/C
                            (rising edge-triggered cell FDRE clocked by clk_fpga_0  {rise@0.000ns fall@10.000ns period=20.000ns})
  Destination:            chole_bhature_i/bnn_0/inst/compute_L1_U0/grp_compute_L1_Pipeline_L1_DOT_PROD_fu_1105/s1_75_reg_105501_reg[1]/D
                            (rising edge-triggered cell FDRE clocked by clk_fpga_0  {rise@0.000ns fall@10.000ns period=20.000ns})
  Path Group:             clk_fpga_0
  Path Type:              Setup (Max at Slow Process Corner)
  Requirement:            20.000ns  (clk_fpga_0 rise@20.000ns - clk_fpga_0 rise@0.000ns)
  Data Path Delay:        14.458ns  (logic 1.092ns (7.553%)  route 13.366ns (92.447%))
  Logic Levels:           3  (LUT2=1 LUT3=1 LUT6=1)
  Clock Path Skew:        -0.073ns (DCD - SCD + CPR)
    Destination Clock Delay (DCD):    2.743ns = ( 22.743 - 20.000 ) 
    Source Clock Delay      (SCD):    2.945ns
    Clock Pessimism Removal (CPR):    0.129ns
  Clock Uncertainty:      0.302ns  ((TSJ^2 + TIJ^2)^1/2 + DJ) / 2 + PE
    Total System Jitter     (TSJ):    0.071ns
    Total Input Jitter      (TIJ):    0.600ns
    Discrete Jitter          (DJ):    0.000ns
    Phase Error              (PE):    0.000ns

    Location             Delay type                Incr(ns)  Path(ns)    Netlist Resource(s)
  -------------------------------------------------------------------    -------------------
                         (clock clk_fpga_0 rise edge)
                                                      0.000     0.000 r  
    PS7_X0Y0             PS7                          0.000     0.000 r  chole_bhature_i/processing_system7_0/inst/PS7_i/FCLKCLK[0]
                         net (fo=1, routed)           1.193     1.193    chole_bhature_i/processing_system7_0/inst/FCLK_CLK_unbuffered[0]
    BUFGCTRL_X0Y16       BUFG (Prop_bufg_I_O)         0.101     1.294 r  chole_bhature_i/processing_system7_0/inst/buffer_fclk_clk_0.FCLK_CLK_0_BUFG/O
                         net (fo=18463, routed)       1.651     2.945    chole_bhature_i/bnn_0/inst/compute_L1_U0/grp_compute_L1_Pipeline_L1_DOT_PROD_fu_1105/ap_clk
    SLICE_X51Y36         FDRE                                         r  chole_bhature_i/bnn_0/inst/compute_L1_U0/grp_compute_L1_Pipeline_L1_DOT_PROD_fu_1105/k_2_reg_91775_pp0_iter2_reg_reg[4]/C
  -------------------------------------------------------------------    -------------------
    SLICE_X51Y36         FDRE (Prop_fdre_C_Q)         0.456     3.401 f  chole_bhature_i/bnn_0/inst/compute_L1_U0/grp_compute_L1_Pipeline_L1_DOT_PROD_fu_1105/k_2_reg_91775_pp0_iter2_reg_reg[4]/Q
                         net (fo=43, routed)          4.819     8.220    chole_bhature_i/bnn_0/inst/compute_L1_U0/grp_compute_L1_Pipeline_L1_DOT_PROD_fu_1105/k_2_reg_91775_pp0_iter2_reg[4]
    SLICE_X95Y4          LUT2 (Prop_lut2_I1_O)        0.152     8.372 r  chole_bhature_i/bnn_0/inst/compute_L1_U0/grp_compute_L1_Pipeline_L1_DOT_PROD_fu_1105/s4_75_reg_105516[1]_i_6/O
                         net (fo=158, routed)         7.280    15.652    chole_bhature_i/bnn_0/inst/compute_L1_U0/grp_compute_L1_Pipeline_L1_DOT_PROD_fu_1105/s4_75_reg_105516[1]_i_6_n_2
    SLICE_X17Y21         LUT6 (Prop_lut6_I1_O)        0.332    15.984 r  chole_bhature_i/bnn_0/inst/compute_L1_U0/grp_compute_L1_Pipeline_L1_DOT_PROD_fu_1105/s1_75_reg_105501[1]_i_4/O
                         net (fo=2, routed)           1.267    17.251    chole_bhature_i/bnn_0/inst/compute_L1_U0/grp_compute_L1_Pipeline_L1_DOT_PROD_fu_1105/zext_ln30_2307_fu_76700_p1
    SLICE_X27Y17         LUT3 (Prop_lut3_I2_O)        0.152    17.403 r  chole_bhature_i/bnn_0/inst/compute_L1_U0/grp_compute_L1_Pipeline_L1_DOT_PROD_fu_1105/s1_75_reg_105501[1]_i_1/O
                         net (fo=1, routed)           0.000    17.403    chole_bhature_i/bnn_0/inst/compute_L1_U0/grp_compute_L1_Pipeline_L1_DOT_PROD_fu_1105/s1_75_fu_76756_p2[1]
    SLICE_X27Y17         FDRE                                         r  chole_bhature_i/bnn_0/inst/compute_L1_U0/grp_compute_L1_Pipeline_L1_DOT_PROD_fu_1105/s1_75_reg_105501_reg[1]/D
  -------------------------------------------------------------------    -------------------

                         (clock clk_fpga_0 rise edge)
                                                     20.000    20.000 r  
    PS7_X0Y0             PS7                          0.000    20.000 r  chole_bhature_i/processing_system7_0/inst/PS7_i/FCLKCLK[0]
                         net (fo=1, routed)           1.088    21.088    chole_bhature_i/processing_system7_0/inst/FCLK_CLK_unbuffered[0]
    BUFGCTRL_X0Y16       BUFG (Prop_bufg_I_O)         0.091    21.179 r  chole_bhature_i/processing_system7_0/inst/buffer_fclk_clk_0.FCLK_CLK_0_BUFG/O
                         net (fo=18463, routed)       1.564    22.743    chole_bhature_i/bnn_0/inst/compute_L1_U0/grp_compute_L1_Pipeline_L1_DOT_PROD_fu_1105/ap_clk
    SLICE_X27Y17         FDRE                                         r  chole_bhature_i/bnn_0/inst/compute_L1_U0/grp_compute_L1_Pipeline_L1_DOT_PROD_fu_1105/s1_75_reg_105501_reg[1]/C
                         clock pessimism              0.129    22.872    
                         clock uncertainty           -0.302    22.570    
    SLICE_X27Y17         FDRE (Setup_fdre_C_D)        0.075    22.645    chole_bhature_i/bnn_0/inst/compute_L1_U0/grp_compute_L1_Pipeline_L1_DOT_PROD_fu_1105/s1_75_reg_105501_reg[1]
  -------------------------------------------------------------------
                         required time                         22.645    
                         arrival time                         -17.403    
  -------------------------------------------------------------------
                         slack                                  5.242    

Slack (MET) :             5.264ns  (required time - arrival time)
  Source:                 chole_bhature_i/bnn_0/inst/compute_L1_U0/grp_compute_L1_Pipeline_L1_DOT_PROD_fu_1105/k_2_reg_91775_pp0_iter2_reg_reg[4]/C
                            (rising edge-triggered cell FDRE clocked by clk_fpga_0  {rise@0.000ns fall@10.000ns period=20.000ns})
  Destination:            chole_bhature_i/bnn_0/inst/compute_L1_U0/grp_compute_L1_Pipeline_L1_DOT_PROD_fu_1105/s3_65_reg_104961_reg[1]/D
                            (rising edge-triggered cell FDRE clocked by clk_fpga_0  {rise@0.000ns fall@10.000ns period=20.000ns})
  Path Group:             clk_fpga_0
  Path Type:              Setup (Max at Slow Process Corner)
  Requirement:            20.000ns  (clk_fpga_0 rise@20.000ns - clk_fpga_0 rise@0.000ns)
  Data Path Delay:        14.318ns  (logic 0.828ns (5.783%)  route 13.490ns (94.217%))
  Logic Levels:           3  (LUT2=1 LUT6=2)
  Clock Path Skew:        -0.147ns (DCD - SCD + CPR)
    Destination Clock Delay (DCD):    2.669ns = ( 22.670 - 20.000 ) 
    Source Clock Delay      (SCD):    2.945ns
    Clock Pessimism Removal (CPR):    0.129ns
  Clock Uncertainty:      0.302ns  ((TSJ^2 + TIJ^2)^1/2 + DJ) / 2 + PE
    Total System Jitter     (TSJ):    0.071ns
    Total Input Jitter      (TIJ):    0.600ns
    Discrete Jitter          (DJ):    0.000ns
    Phase Error              (PE):    0.000ns

    Location             Delay type                Incr(ns)  Path(ns)    Netlist Resource(s)
  -------------------------------------------------------------------    -------------------
                         (clock clk_fpga_0 rise edge)
                                                      0.000     0.000 r  
    PS7_X0Y0             PS7                          0.000     0.000 r  chole_bhature_i/processing_system7_0/inst/PS7_i/FCLKCLK[0]
                         net (fo=1, routed)           1.193     1.193    chole_bhature_i/processing_system7_0/inst/FCLK_CLK_unbuffered[0]
    BUFGCTRL_X0Y16       BUFG (Prop_bufg_I_O)         0.101     1.294 r  chole_bhature_i/processing_system7_0/inst/buffer_fclk_clk_0.FCLK_CLK_0_BUFG/O
                         net (fo=18463, routed)       1.651     2.945    chole_bhature_i/bnn_0/inst/compute_L1_U0/grp_compute_L1_Pipeline_L1_DOT_PROD_fu_1105/ap_clk
    SLICE_X51Y36         FDRE                                         r  chole_bhature_i/bnn_0/inst/compute_L1_U0/grp_compute_L1_Pipeline_L1_DOT_PROD_fu_1105/k_2_reg_91775_pp0_iter2_reg_reg[4]/C
  -------------------------------------------------------------------    -------------------
    SLICE_X51Y36         FDRE (Prop_fdre_C_Q)         0.456     3.401 f  chole_bhature_i/bnn_0/inst/compute_L1_U0/grp_compute_L1_Pipeline_L1_DOT_PROD_fu_1105/k_2_reg_91775_pp0_iter2_reg_reg[4]/Q
                         net (fo=43, routed)          4.819     8.220    chole_bhature_i/bnn_0/inst/compute_L1_U0/grp_compute_L1_Pipeline_L1_DOT_PROD_fu_1105/k_2_reg_91775_pp0_iter2_reg[4]
    SLICE_X95Y4          LUT2 (Prop_lut2_I1_O)        0.124     8.344 r  chole_bhature_i/bnn_0/inst/compute_L1_U0/grp_compute_L1_Pipeline_L1_DOT_PROD_fu_1105/s10_62_reg_104831[1]_i_5/O
                         net (fo=128, routed)         6.600    14.944    chole_bhature_i/bnn_0/inst/compute_L1_U0/grp_compute_L1_Pipeline_L1_DOT_PROD_fu_1105/s10_62_reg_104831[1]_i_5_n_2
    SLICE_X19Y13         LUT6 (Prop_lut6_I2_O)        0.124    15.068 r  chole_bhature_i/bnn_0/inst/compute_L1_U0/grp_compute_L1_Pipeline_L1_DOT_PROD_fu_1105/s3_65_reg_104961[1]_i_3/O
                         net (fo=2, routed)           2.071    17.139    chole_bhature_i/bnn_0/inst/compute_L1_U0/grp_compute_L1_Pipeline_L1_DOT_PROD_fu_1105/tmp_2239_fu_67216_p3
    SLICE_X39Y14         LUT6 (Prop_lut6_I3_O)        0.124    17.263 r  chole_bhature_i/bnn_0/inst/compute_L1_U0/grp_compute_L1_Pipeline_L1_DOT_PROD_fu_1105/s3_65_reg_104961[1]_i_1/O
                         net (fo=1, routed)           0.000    17.263    chole_bhature_i/bnn_0/inst/compute_L1_U0/grp_compute_L1_Pipeline_L1_DOT_PROD_fu_1105/s3_65_fu_67268_p2[1]
    SLICE_X39Y14         FDRE                                         r  chole_bhature_i/bnn_0/inst/compute_L1_U0/grp_compute_L1_Pipeline_L1_DOT_PROD_fu_1105/s3_65_reg_104961_reg[1]/D
  -------------------------------------------------------------------    -------------------

                         (clock clk_fpga_0 rise edge)
                                                     20.000    20.000 r  
    PS7_X0Y0             PS7                          0.000    20.000 r  chole_bhature_i/processing_system7_0/inst/PS7_i/FCLKCLK[0]
                         net (fo=1, routed)           1.088    21.088    chole_bhature_i/processing_system7_0/inst/FCLK_CLK_unbuffered[0]
    BUFGCTRL_X0Y16       BUFG (Prop_bufg_I_O)         0.091    21.179 r  chole_bhature_i/processing_system7_0/inst/buffer_fclk_clk_0.FCLK_CLK_0_BUFG/O
                         net (fo=18463, routed)       1.490    22.670    chole_bhature_i/bnn_0/inst/compute_L1_U0/grp_compute_L1_Pipeline_L1_DOT_PROD_fu_1105/ap_clk
    SLICE_X39Y14         FDRE                                         r  chole_bhature_i/bnn_0/inst/compute_L1_U0/grp_compute_L1_Pipeline_L1_DOT_PROD_fu_1105/s3_65_reg_104961_reg[1]/C
                         clock pessimism              0.129    22.798    
                         clock uncertainty           -0.302    22.496    
    SLICE_X39Y14         FDRE (Setup_fdre_C_D)        0.031    22.527    chole_bhature_i/bnn_0/inst/compute_L1_U0/grp_compute_L1_Pipeline_L1_DOT_PROD_fu_1105/s3_65_reg_104961_reg[1]
  -------------------------------------------------------------------
                         required time                         22.527    
                         arrival time                         -17.263    
  -------------------------------------------------------------------
                         slack                                  5.264    

Slack (MET) :             5.373ns  (required time - arrival time)
  Source:                 chole_bhature_i/bnn_0/inst/compute_L1_U0/grp_compute_L1_Pipeline_L1_DOT_PROD_fu_1105/k_2_reg_91775_pp0_iter2_reg_reg[4]/C
                            (rising edge-triggered cell FDRE clocked by clk_fpga_0  {rise@0.000ns fall@10.000ns period=20.000ns})
  Destination:            chole_bhature_i/bnn_0/inst/compute_L1_U0/grp_compute_L1_Pipeline_L1_DOT_PROD_fu_1105/s3_29_reg_103081_reg[0]/D
                            (rising edge-triggered cell FDRE clocked by clk_fpga_0  {rise@0.000ns fall@10.000ns period=20.000ns})
  Path Group:             clk_fpga_0
  Path Type:              Setup (Max at Slow Process Corner)
  Requirement:            20.000ns  (clk_fpga_0 rise@20.000ns - clk_fpga_0 rise@0.000ns)
  Data Path Delay:        14.208ns  (logic 1.064ns (7.489%)  route 13.144ns (92.511%))
  Logic Levels:           3  (LUT2=1 LUT6=2)
  Clock Path Skew:        -0.147ns (DCD - SCD + CPR)
    Destination Clock Delay (DCD):    2.669ns = ( 22.670 - 20.000 ) 
    Source Clock Delay      (SCD):    2.945ns
    Clock Pessimism Removal (CPR):    0.129ns
  Clock Uncertainty:      0.302ns  ((TSJ^2 + TIJ^2)^1/2 + DJ) / 2 + PE
    Total System Jitter     (TSJ):    0.071ns
    Total Input Jitter      (TIJ):    0.600ns
    Discrete Jitter          (DJ):    0.000ns
    Phase Error              (PE):    0.000ns

    Location             Delay type                Incr(ns)  Path(ns)    Netlist Resource(s)
  -------------------------------------------------------------------    -------------------
                         (clock clk_fpga_0 rise edge)
                                                      0.000     0.000 r  
    PS7_X0Y0             PS7                          0.000     0.000 r  chole_bhature_i/processing_system7_0/inst/PS7_i/FCLKCLK[0]
                         net (fo=1, routed)           1.193     1.193    chole_bhature_i/processing_system7_0/inst/FCLK_CLK_unbuffered[0]
    BUFGCTRL_X0Y16       BUFG (Prop_bufg_I_O)         0.101     1.294 r  chole_bhature_i/processing_system7_0/inst/buffer_fclk_clk_0.FCLK_CLK_0_BUFG/O
                         net (fo=18463, routed)       1.651     2.945    chole_bhature_i/bnn_0/inst/compute_L1_U0/grp_compute_L1_Pipeline_L1_DOT_PROD_fu_1105/ap_clk
    SLICE_X51Y36         FDRE                                         r  chole_bhature_i/bnn_0/inst/compute_L1_U0/grp_compute_L1_Pipeline_L1_DOT_PROD_fu_1105/k_2_reg_91775_pp0_iter2_reg_reg[4]/C
  -------------------------------------------------------------------    -------------------
    SLICE_X51Y36         FDRE (Prop_fdre_C_Q)         0.456     3.401 f  chole_bhature_i/bnn_0/inst/compute_L1_U0/grp_compute_L1_Pipeline_L1_DOT_PROD_fu_1105/k_2_reg_91775_pp0_iter2_reg_reg[4]/Q
                         net (fo=43, routed)          4.819     8.220    chole_bhature_i/bnn_0/inst/compute_L1_U0/grp_compute_L1_Pipeline_L1_DOT_PROD_fu_1105/k_2_reg_91775_pp0_iter2_reg[4]
    SLICE_X95Y4          LUT2 (Prop_lut2_I1_O)        0.152     8.372 r  chole_bhature_i/bnn_0/inst/compute_L1_U0/grp_compute_L1_Pipeline_L1_DOT_PROD_fu_1105/s4_75_reg_105516[1]_i_6/O
                         net (fo=158, routed)         6.529    14.901    chole_bhature_i/bnn_0/inst/compute_L1_U0/grp_compute_L1_Pipeline_L1_DOT_PROD_fu_1105/s4_75_reg_105516[1]_i_6_n_2
    SLICE_X17Y12         LUT6 (Prop_lut6_I2_O)        0.332    15.233 r  chole_bhature_i/bnn_0/inst/compute_L1_U0/grp_compute_L1_Pipeline_L1_DOT_PROD_fu_1105/s3_29_reg_103081[1]_i_3/O
                         net (fo=2, routed)           1.795    17.029    chole_bhature_i/bnn_0/inst/compute_L1_U0/grp_compute_L1_Pipeline_L1_DOT_PROD_fu_1105/tmp_1123_fu_34182_p3
    SLICE_X40Y14         LUT6 (Prop_lut6_I4_O)        0.124    17.153 r  chole_bhature_i/bnn_0/inst/compute_L1_U0/grp_compute_L1_Pipeline_L1_DOT_PROD_fu_1105/s3_29_reg_103081[0]_i_1/O
                         net (fo=1, routed)           0.000    17.153    chole_bhature_i/bnn_0/inst/compute_L1_U0/grp_compute_L1_Pipeline_L1_DOT_PROD_fu_1105/s3_29_fu_34234_p2[0]
    SLICE_X40Y14         FDRE                                         r  chole_bhature_i/bnn_0/inst/compute_L1_U0/grp_compute_L1_Pipeline_L1_DOT_PROD_fu_1105/s3_29_reg_103081_reg[0]/D
  -------------------------------------------------------------------    -------------------

                         (clock clk_fpga_0 rise edge)
                                                     20.000    20.000 r  
    PS7_X0Y0             PS7                          0.000    20.000 r  chole_bhature_i/processing_system7_0/inst/PS7_i/FCLKCLK[0]
                         net (fo=1, routed)           1.088    21.088    chole_bhature_i/processing_system7_0/inst/FCLK_CLK_unbuffered[0]
    BUFGCTRL_X0Y16       BUFG (Prop_bufg_I_O)         0.091    21.179 r  chole_bhature_i/processing_system7_0/inst/buffer_fclk_clk_0.FCLK_CLK_0_BUFG/O
                         net (fo=18463, routed)       1.490    22.670    chole_bhature_i/bnn_0/inst/compute_L1_U0/grp_compute_L1_Pipeline_L1_DOT_PROD_fu_1105/ap_clk
    SLICE_X40Y14         FDRE                                         r  chole_bhature_i/bnn_0/inst/compute_L1_U0/grp_compute_L1_Pipeline_L1_DOT_PROD_fu_1105/s3_29_reg_103081_reg[0]/C
                         clock pessimism              0.129    22.798    
                         clock uncertainty           -0.302    22.496    
    SLICE_X40Y14         FDRE (Setup_fdre_C_D)        0.029    22.525    chole_bhature_i/bnn_0/inst/compute_L1_U0/grp_compute_L1_Pipeline_L1_DOT_PROD_fu_1105/s3_29_reg_103081_reg[0]
  -------------------------------------------------------------------
                         required time                         22.525    
                         arrival time                         -17.153    
  -------------------------------------------------------------------
                         slack                                  5.373    

Slack (MET) :             5.383ns  (required time - arrival time)
  Source:                 chole_bhature_i/bnn_0/inst/compute_L1_U0/grp_compute_L1_Pipeline_L1_DOT_PROD_fu_1105/k_2_reg_91775_pp0_iter2_reg_reg[4]/C
                            (rising edge-triggered cell FDRE clocked by clk_fpga_0  {rise@0.000ns fall@10.000ns period=20.000ns})
  Destination:            chole_bhature_i/bnn_0/inst/compute_L1_U0/grp_compute_L1_Pipeline_L1_DOT_PROD_fu_1105/s3_29_reg_103081_reg[1]/D
                            (rising edge-triggered cell FDRE clocked by clk_fpga_0  {rise@0.000ns fall@10.000ns period=20.000ns})
  Path Group:             clk_fpga_0
  Path Type:              Setup (Max at Slow Process Corner)
  Requirement:            20.000ns  (clk_fpga_0 rise@20.000ns - clk_fpga_0 rise@0.000ns)
  Data Path Delay:        14.200ns  (logic 1.064ns (7.493%)  route 13.136ns (92.507%))
  Logic Levels:           3  (LUT2=1 LUT6=2)
  Clock Path Skew:        -0.147ns (DCD - SCD + CPR)
    Destination Clock Delay (DCD):    2.669ns = ( 22.670 - 20.000 ) 
    Source Clock Delay      (SCD):    2.945ns
    Clock Pessimism Removal (CPR):    0.129ns
  Clock Uncertainty:      0.302ns  ((TSJ^2 + TIJ^2)^1/2 + DJ) / 2 + PE
    Total System Jitter     (TSJ):    0.071ns
    Total Input Jitter      (TIJ):    0.600ns
    Discrete Jitter          (DJ):    0.000ns
    Phase Error              (PE):    0.000ns

    Location             Delay type                Incr(ns)  Path(ns)    Netlist Resource(s)
  -------------------------------------------------------------------    -------------------
                         (clock clk_fpga_0 rise edge)
                                                      0.000     0.000 r  
    PS7_X0Y0             PS7                          0.000     0.000 r  chole_bhature_i/processing_system7_0/inst/PS7_i/FCLKCLK[0]
                         net (fo=1, routed)           1.193     1.193    chole_bhature_i/processing_system7_0/inst/FCLK_CLK_unbuffered[0]
    BUFGCTRL_X0Y16       BUFG (Prop_bufg_I_O)         0.101     1.294 r  chole_bhature_i/processing_system7_0/inst/buffer_fclk_clk_0.FCLK_CLK_0_BUFG/O
                         net (fo=18463, routed)       1.651     2.945    chole_bhature_i/bnn_0/inst/compute_L1_U0/grp_compute_L1_Pipeline_L1_DOT_PROD_fu_1105/ap_clk
    SLICE_X51Y36         FDRE                                         r  chole_bhature_i/bnn_0/inst/compute_L1_U0/grp_compute_L1_Pipeline_L1_DOT_PROD_fu_1105/k_2_reg_91775_pp0_iter2_reg_reg[4]/C
  -------------------------------------------------------------------    -------------------
    SLICE_X51Y36         FDRE (Prop_fdre_C_Q)         0.456     3.401 f  chole_bhature_i/bnn_0/inst/compute_L1_U0/grp_compute_L1_Pipeline_L1_DOT_PROD_fu_1105/k_2_reg_91775_pp0_iter2_reg_reg[4]/Q
                         net (fo=43, routed)          4.819     8.220    chole_bhature_i/bnn_0/inst/compute_L1_U0/grp_compute_L1_Pipeline_L1_DOT_PROD_fu_1105/k_2_reg_91775_pp0_iter2_reg[4]
    SLICE_X95Y4          LUT2 (Prop_lut2_I1_O)        0.152     8.372 r  chole_bhature_i/bnn_0/inst/compute_L1_U0/grp_compute_L1_Pipeline_L1_DOT_PROD_fu_1105/s4_75_reg_105516[1]_i_6/O
                         net (fo=158, routed)         6.529    14.901    chole_bhature_i/bnn_0/inst/compute_L1_U0/grp_compute_L1_Pipeline_L1_DOT_PROD_fu_1105/s4_75_reg_105516[1]_i_6_n_2
    SLICE_X17Y12         LUT6 (Prop_lut6_I2_O)        0.332    15.233 r  chole_bhature_i/bnn_0/inst/compute_L1_U0/grp_compute_L1_Pipeline_L1_DOT_PROD_fu_1105/s3_29_reg_103081[1]_i_3/O
                         net (fo=2, routed)           1.787    17.021    chole_bhature_i/bnn_0/inst/compute_L1_U0/grp_compute_L1_Pipeline_L1_DOT_PROD_fu_1105/tmp_1123_fu_34182_p3
    SLICE_X40Y14         LUT6 (Prop_lut6_I3_O)        0.124    17.145 r  chole_bhature_i/bnn_0/inst/compute_L1_U0/grp_compute_L1_Pipeline_L1_DOT_PROD_fu_1105/s3_29_reg_103081[1]_i_1/O
                         net (fo=1, routed)           0.000    17.145    chole_bhature_i/bnn_0/inst/compute_L1_U0/grp_compute_L1_Pipeline_L1_DOT_PROD_fu_1105/s3_29_fu_34234_p2[1]
    SLICE_X40Y14         FDRE                                         r  chole_bhature_i/bnn_0/inst/compute_L1_U0/grp_compute_L1_Pipeline_L1_DOT_PROD_fu_1105/s3_29_reg_103081_reg[1]/D
  -------------------------------------------------------------------    -------------------

                         (clock clk_fpga_0 rise edge)
                                                     20.000    20.000 r  
    PS7_X0Y0             PS7                          0.000    20.000 r  chole_bhature_i/processing_system7_0/inst/PS7_i/FCLKCLK[0]
                         net (fo=1, routed)           1.088    21.088    chole_bhature_i/processing_system7_0/inst/FCLK_CLK_unbuffered[0]
    BUFGCTRL_X0Y16       BUFG (Prop_bufg_I_O)         0.091    21.179 r  chole_bhature_i/processing_system7_0/inst/buffer_fclk_clk_0.FCLK_CLK_0_BUFG/O
                         net (fo=18463, routed)       1.490    22.670    chole_bhature_i/bnn_0/inst/compute_L1_U0/grp_compute_L1_Pipeline_L1_DOT_PROD_fu_1105/ap_clk
    SLICE_X40Y14         FDRE                                         r  chole_bhature_i/bnn_0/inst/compute_L1_U0/grp_compute_L1_Pipeline_L1_DOT_PROD_fu_1105/s3_29_reg_103081_reg[1]/C
                         clock pessimism              0.129    22.798    
                         clock uncertainty           -0.302    22.496    
    SLICE_X40Y14         FDRE (Setup_fdre_C_D)        0.031    22.527    chole_bhature_i/bnn_0/inst/compute_L1_U0/grp_compute_L1_Pipeline_L1_DOT_PROD_fu_1105/s3_29_reg_103081_reg[1]
  -------------------------------------------------------------------
                         required time                         22.527    
                         arrival time                         -17.145    
  -------------------------------------------------------------------
                         slack                                  5.383    

Slack (MET) :             5.424ns  (required time - arrival time)
  Source:                 chole_bhature_i/bnn_0/inst/compute_L1_U0/grp_compute_L1_Pipeline_L1_DOT_PROD_fu_1105/k_2_reg_91775_pp0_iter2_reg_reg[4]/C
                            (rising edge-triggered cell FDRE clocked by clk_fpga_0  {rise@0.000ns fall@10.000ns period=20.000ns})
  Destination:            chole_bhature_i/bnn_0/inst/compute_L1_U0/grp_compute_L1_Pipeline_L1_DOT_PROD_fu_1105/s1_62_reg_104786_reg[0]/D
                            (rising edge-triggered cell FDRE clocked by clk_fpga_0  {rise@0.000ns fall@10.000ns period=20.000ns})
  Path Group:             clk_fpga_0
  Path Type:              Setup (Max at Slow Process Corner)
  Requirement:            20.000ns  (clk_fpga_0 rise@20.000ns - clk_fpga_0 rise@0.000ns)
  Data Path Delay:        14.363ns  (logic 0.828ns (5.765%)  route 13.535ns (94.235%))
  Logic Levels:           3  (LUT2=1 LUT6=2)
  Clock Path Skew:        0.011ns (DCD - SCD + CPR)
    Destination Clock Delay (DCD):    2.827ns = ( 22.827 - 20.000 ) 
    Source Clock Delay      (SCD):    2.945ns
    Clock Pessimism Removal (CPR):    0.129ns
  Clock Uncertainty:      0.302ns  ((TSJ^2 + TIJ^2)^1/2 + DJ) / 2 + PE
    Total System Jitter     (TSJ):    0.071ns
    Total Input Jitter      (TIJ):    0.600ns
    Discrete Jitter          (DJ):    0.000ns
    Phase Error              (PE):    0.000ns

    Location             Delay type                Incr(ns)  Path(ns)    Netlist Resource(s)
  -------------------------------------------------------------------    -------------------
                         (clock clk_fpga_0 rise edge)
                                                      0.000     0.000 r  
    PS7_X0Y0             PS7                          0.000     0.000 r  chole_bhature_i/processing_system7_0/inst/PS7_i/FCLKCLK[0]
                         net (fo=1, routed)           1.193     1.193    chole_bhature_i/processing_system7_0/inst/FCLK_CLK_unbuffered[0]
    BUFGCTRL_X0Y16       BUFG (Prop_bufg_I_O)         0.101     1.294 r  chole_bhature_i/processing_system7_0/inst/buffer_fclk_clk_0.FCLK_CLK_0_BUFG/O
                         net (fo=18463, routed)       1.651     2.945    chole_bhature_i/bnn_0/inst/compute_L1_U0/grp_compute_L1_Pipeline_L1_DOT_PROD_fu_1105/ap_clk
    SLICE_X51Y36         FDRE                                         r  chole_bhature_i/bnn_0/inst/compute_L1_U0/grp_compute_L1_Pipeline_L1_DOT_PROD_fu_1105/k_2_reg_91775_pp0_iter2_reg_reg[4]/C
  -------------------------------------------------------------------    -------------------
    SLICE_X51Y36         FDRE (Prop_fdre_C_Q)         0.456     3.401 f  chole_bhature_i/bnn_0/inst/compute_L1_U0/grp_compute_L1_Pipeline_L1_DOT_PROD_fu_1105/k_2_reg_91775_pp0_iter2_reg_reg[4]/Q
                         net (fo=43, routed)          4.819     8.220    chole_bhature_i/bnn_0/inst/compute_L1_U0/grp_compute_L1_Pipeline_L1_DOT_PROD_fu_1105/k_2_reg_91775_pp0_iter2_reg[4]
    SLICE_X95Y4          LUT2 (Prop_lut2_I1_O)        0.124     8.344 r  chole_bhature_i/bnn_0/inst/compute_L1_U0/grp_compute_L1_Pipeline_L1_DOT_PROD_fu_1105/s10_62_reg_104831[1]_i_5/O
                         net (fo=128, routed)         7.590    15.934    chole_bhature_i/bnn_0/inst/compute_L1_U0/grp_compute_L1_Pipeline_L1_DOT_PROD_fu_1105/s10_62_reg_104831[1]_i_5_n_2
    SLICE_X9Y23          LUT6 (Prop_lut6_I2_O)        0.124    16.058 r  chole_bhature_i/bnn_0/inst/compute_L1_U0/grp_compute_L1_Pipeline_L1_DOT_PROD_fu_1105/s1_62_reg_104786[1]_i_4/O
                         net (fo=2, routed)           1.126    17.184    chole_bhature_i/bnn_0/inst/compute_L1_U0/grp_compute_L1_Pipeline_L1_DOT_PROD_fu_1105/tmp_2139_fu_64136_p3
    SLICE_X6Y18          LUT6 (Prop_lut6_I1_O)        0.124    17.308 r  chole_bhature_i/bnn_0/inst/compute_L1_U0/grp_compute_L1_Pipeline_L1_DOT_PROD_fu_1105/s1_62_reg_104786[0]_i_1/O
                         net (fo=1, routed)           0.000    17.308    chole_bhature_i/bnn_0/inst/compute_L1_U0/grp_compute_L1_Pipeline_L1_DOT_PROD_fu_1105/s1_62_fu_64211_p2[0]
    SLICE_X6Y18          FDRE                                         r  chole_bhature_i/bnn_0/inst/compute_L1_U0/grp_compute_L1_Pipeline_L1_DOT_PROD_fu_1105/s1_62_reg_104786_reg[0]/D
  -------------------------------------------------------------------    -------------------

                         (clock clk_fpga_0 rise edge)
                                                     20.000    20.000 r  
    PS7_X0Y0             PS7                          0.000    20.000 r  chole_bhature_i/processing_system7_0/inst/PS7_i/FCLKCLK[0]
                         net (fo=1, routed)           1.088    21.088    chole_bhature_i/processing_system7_0/inst/FCLK_CLK_unbuffered[0]
    BUFGCTRL_X0Y16       BUFG (Prop_bufg_I_O)         0.091    21.179 r  chole_bhature_i/processing_system7_0/inst/buffer_fclk_clk_0.FCLK_CLK_0_BUFG/O
                         net (fo=18463, routed)       1.648    22.827    chole_bhature_i/bnn_0/inst/compute_L1_U0/grp_compute_L1_Pipeline_L1_DOT_PROD_fu_1105/ap_clk
    SLICE_X6Y18          FDRE                                         r  chole_bhature_i/bnn_0/inst/compute_L1_U0/grp_compute_L1_Pipeline_L1_DOT_PROD_fu_1105/s1_62_reg_104786_reg[0]/C
                         clock pessimism              0.129    22.956    
                         clock uncertainty           -0.302    22.654    
    SLICE_X6Y18          FDRE (Setup_fdre_C_D)        0.077    22.731    chole_bhature_i/bnn_0/inst/compute_L1_U0/grp_compute_L1_Pipeline_L1_DOT_PROD_fu_1105/s1_62_reg_104786_reg[0]
  -------------------------------------------------------------------
                         required time                         22.731    
                         arrival time                         -17.308    
  -------------------------------------------------------------------
                         slack                                  5.424    

Slack (MET) :             5.435ns  (required time - arrival time)
  Source:                 chole_bhature_i/bnn_0/inst/compute_L1_U0/grp_compute_L1_Pipeline_L1_DOT_PROD_fu_1105/k_2_reg_91775_pp0_iter2_reg_reg[4]/C
                            (rising edge-triggered cell FDRE clocked by clk_fpga_0  {rise@0.000ns fall@10.000ns period=20.000ns})
  Destination:            chole_bhature_i/bnn_0/inst/compute_L1_U0/grp_compute_L1_Pipeline_L1_DOT_PROD_fu_1105/s3_24_reg_102806_reg[0]/D
                            (rising edge-triggered cell FDRE clocked by clk_fpga_0  {rise@0.000ns fall@10.000ns period=20.000ns})
  Path Group:             clk_fpga_0
  Path Type:              Setup (Max at Slow Process Corner)
  Requirement:            20.000ns  (clk_fpga_0 rise@20.000ns - clk_fpga_0 rise@0.000ns)
  Data Path Delay:        14.146ns  (logic 1.064ns (7.522%)  route 13.082ns (92.478%))
  Logic Levels:           3  (LUT2=1 LUT3=1 LUT6=1)
  Clock Path Skew:        -0.147ns (DCD - SCD + CPR)
    Destination Clock Delay (DCD):    2.669ns = ( 22.670 - 20.000 ) 
    Source Clock Delay      (SCD):    2.945ns
    Clock Pessimism Removal (CPR):    0.129ns
  Clock Uncertainty:      0.302ns  ((TSJ^2 + TIJ^2)^1/2 + DJ) / 2 + PE
    Total System Jitter     (TSJ):    0.071ns
    Total Input Jitter      (TIJ):    0.600ns
    Discrete Jitter          (DJ):    0.000ns
    Phase Error              (PE):    0.000ns

    Location             Delay type                Incr(ns)  Path(ns)    Netlist Resource(s)
  -------------------------------------------------------------------    -------------------
                         (clock clk_fpga_0 rise edge)
                                                      0.000     0.000 r  
    PS7_X0Y0             PS7                          0.000     0.000 r  chole_bhature_i/processing_system7_0/inst/PS7_i/FCLKCLK[0]
                         net (fo=1, routed)           1.193     1.193    chole_bhature_i/processing_system7_0/inst/FCLK_CLK_unbuffered[0]
    BUFGCTRL_X0Y16       BUFG (Prop_bufg_I_O)         0.101     1.294 r  chole_bhature_i/processing_system7_0/inst/buffer_fclk_clk_0.FCLK_CLK_0_BUFG/O
                         net (fo=18463, routed)       1.651     2.945    chole_bhature_i/bnn_0/inst/compute_L1_U0/grp_compute_L1_Pipeline_L1_DOT_PROD_fu_1105/ap_clk
    SLICE_X51Y36         FDRE                                         r  chole_bhature_i/bnn_0/inst/compute_L1_U0/grp_compute_L1_Pipeline_L1_DOT_PROD_fu_1105/k_2_reg_91775_pp0_iter2_reg_reg[4]/C
  -------------------------------------------------------------------    -------------------
    SLICE_X51Y36         FDRE (Prop_fdre_C_Q)         0.456     3.401 f  chole_bhature_i/bnn_0/inst/compute_L1_U0/grp_compute_L1_Pipeline_L1_DOT_PROD_fu_1105/k_2_reg_91775_pp0_iter2_reg_reg[4]/Q
                         net (fo=43, routed)          4.819     8.220    chole_bhature_i/bnn_0/inst/compute_L1_U0/grp_compute_L1_Pipeline_L1_DOT_PROD_fu_1105/k_2_reg_91775_pp0_iter2_reg[4]
    SLICE_X95Y4          LUT2 (Prop_lut2_I1_O)        0.152     8.372 r  chole_bhature_i/bnn_0/inst/compute_L1_U0/grp_compute_L1_Pipeline_L1_DOT_PROD_fu_1105/s4_75_reg_105516[1]_i_6/O
                         net (fo=158, routed)         6.322    14.694    chole_bhature_i/bnn_0/inst/compute_L1_U0/grp_compute_L1_Pipeline_L1_DOT_PROD_fu_1105/s4_75_reg_105516[1]_i_6_n_2
    SLICE_X16Y12         LUT6 (Prop_lut6_I2_O)        0.332    15.026 r  chole_bhature_i/bnn_0/inst/compute_L1_U0/grp_compute_L1_Pipeline_L1_DOT_PROD_fu_1105/s3_24_reg_102806[1]_i_3/O
                         net (fo=2, routed)           1.940    16.967    chole_bhature_i/bnn_0/inst/compute_L1_U0/grp_compute_L1_Pipeline_L1_DOT_PROD_fu_1105/zext_ln30_784_fu_29376_p1
    SLICE_X37Y14         LUT3 (Prop_lut3_I2_O)        0.124    17.091 r  chole_bhature_i/bnn_0/inst/compute_L1_U0/grp_compute_L1_Pipeline_L1_DOT_PROD_fu_1105/s3_24_reg_102806[0]_i_1/O
                         net (fo=1, routed)           0.000    17.091    chole_bhature_i/bnn_0/inst/compute_L1_U0/grp_compute_L1_Pipeline_L1_DOT_PROD_fu_1105/s3_24_fu_29409_p2[0]
    SLICE_X37Y14         FDRE                                         r  chole_bhature_i/bnn_0/inst/compute_L1_U0/grp_compute_L1_Pipeline_L1_DOT_PROD_fu_1105/s3_24_reg_102806_reg[0]/D
  -------------------------------------------------------------------    -------------------

                         (clock clk_fpga_0 rise edge)
                                                     20.000    20.000 r  
    PS7_X0Y0             PS7                          0.000    20.000 r  chole_bhature_i/processing_system7_0/inst/PS7_i/FCLKCLK[0]
                         net (fo=1, routed)           1.088    21.088    chole_bhature_i/processing_system7_0/inst/FCLK_CLK_unbuffered[0]
    BUFGCTRL_X0Y16       BUFG (Prop_bufg_I_O)         0.091    21.179 r  chole_bhature_i/processing_system7_0/inst/buffer_fclk_clk_0.FCLK_CLK_0_BUFG/O
                         net (fo=18463, routed)       1.490    22.670    chole_bhature_i/bnn_0/inst/compute_L1_U0/grp_compute_L1_Pipeline_L1_DOT_PROD_fu_1105/ap_clk
    SLICE_X37Y14         FDRE                                         r  chole_bhature_i/bnn_0/inst/compute_L1_U0/grp_compute_L1_Pipeline_L1_DOT_PROD_fu_1105/s3_24_reg_102806_reg[0]/C
                         clock pessimism              0.129    22.798    
                         clock uncertainty           -0.302    22.496    
    SLICE_X37Y14         FDRE (Setup_fdre_C_D)        0.029    22.525    chole_bhature_i/bnn_0/inst/compute_L1_U0/grp_compute_L1_Pipeline_L1_DOT_PROD_fu_1105/s3_24_reg_102806_reg[0]
  -------------------------------------------------------------------
                         required time                         22.525    
                         arrival time                         -17.091    
  -------------------------------------------------------------------
                         slack                                  5.435    





Min Delay Paths
--------------------------------------------------------------------------------------
Slack (MET) :             0.008ns  (arrival time - required time)
  Source:                 chole_bhature_i/bnn_0/inst/compute_L1_U0/grp_compute_L1_Pipeline_L1_DOT_PROD_fu_1105/p_ZL10WEIGHTS_L1_4_U/q1_reg[16]/C
                            (rising edge-triggered cell FDRE clocked by clk_fpga_0  {rise@0.000ns fall@10.000ns period=20.000ns})
  Destination:            chole_bhature_i/bnn_0/inst/compute_L1_U0/grp_compute_L1_Pipeline_L1_DOT_PROD_fu_1105/p_ZL10WEIGHTS_L1_4_load_13_reg_98436_reg[16]/D
                            (rising edge-triggered cell FDRE clocked by clk_fpga_0  {rise@0.000ns fall@10.000ns period=20.000ns})
  Path Group:             clk_fpga_0
  Path Type:              Hold (Min at Fast Process Corner)
  Requirement:            0.000ns  (clk_fpga_0 rise@0.000ns - clk_fpga_0 rise@0.000ns)
  Data Path Delay:        0.342ns  (logic 0.164ns (47.990%)  route 0.178ns (52.010%))
  Logic Levels:           0  
  Clock Path Skew:        0.263ns (DCD - SCD - CPR)
    Destination Clock Delay (DCD):    1.220ns
    Source Clock Delay      (SCD):    0.927ns
    Clock Pessimism Removal (CPR):    0.030ns

    Location             Delay type                Incr(ns)  Path(ns)    Netlist Resource(s)
  -------------------------------------------------------------------    -------------------
                         (clock clk_fpga_0 rise edge)
                                                      0.000     0.000 r  
    PS7_X0Y0             PS7                          0.000     0.000 r  chole_bhature_i/processing_system7_0/inst/PS7_i/FCLKCLK[0]
                         net (fo=1, routed)           0.310     0.310    chole_bhature_i/processing_system7_0/inst/FCLK_CLK_unbuffered[0]
    BUFGCTRL_X0Y16       BUFG (Prop_bufg_I_O)         0.026     0.336 r  chole_bhature_i/processing_system7_0/inst/buffer_fclk_clk_0.FCLK_CLK_0_BUFG/O
                         net (fo=18463, routed)       0.591     0.927    chole_bhature_i/bnn_0/inst/compute_L1_U0/grp_compute_L1_Pipeline_L1_DOT_PROD_fu_1105/p_ZL10WEIGHTS_L1_4_U/ap_clk
    SLICE_X86Y49         FDRE                                         r  chole_bhature_i/bnn_0/inst/compute_L1_U0/grp_compute_L1_Pipeline_L1_DOT_PROD_fu_1105/p_ZL10WEIGHTS_L1_4_U/q1_reg[16]/C
  -------------------------------------------------------------------    -------------------
    SLICE_X86Y49         FDRE (Prop_fdre_C_Q)         0.164     1.091 r  chole_bhature_i/bnn_0/inst/compute_L1_U0/grp_compute_L1_Pipeline_L1_DOT_PROD_fu_1105/p_ZL10WEIGHTS_L1_4_U/q1_reg[16]/Q
                         net (fo=1, routed)           0.178     1.268    chole_bhature_i/bnn_0/inst/compute_L1_U0/grp_compute_L1_Pipeline_L1_DOT_PROD_fu_1105/p_ZL10WEIGHTS_L1_4_q1[16]
    SLICE_X87Y50         FDRE                                         r  chole_bhature_i/bnn_0/inst/compute_L1_U0/grp_compute_L1_Pipeline_L1_DOT_PROD_fu_1105/p_ZL10WEIGHTS_L1_4_load_13_reg_98436_reg[16]/D
  -------------------------------------------------------------------    -------------------

                         (clock clk_fpga_0 rise edge)
                                                      0.000     0.000 r  
    PS7_X0Y0             PS7                          0.000     0.000 r  chole_bhature_i/processing_system7_0/inst/PS7_i/FCLKCLK[0]
                         net (fo=1, routed)           0.337     0.337    chole_bhature_i/processing_system7_0/inst/FCLK_CLK_unbuffered[0]
    BUFGCTRL_X0Y16       BUFG (Prop_bufg_I_O)         0.029     0.366 r  chole_bhature_i/processing_system7_0/inst/buffer_fclk_clk_0.FCLK_CLK_0_BUFG/O
                         net (fo=18463, routed)       0.854     1.220    chole_bhature_i/bnn_0/inst/compute_L1_U0/grp_compute_L1_Pipeline_L1_DOT_PROD_fu_1105/ap_clk
    SLICE_X87Y50         FDRE                                         r  chole_bhature_i/bnn_0/inst/compute_L1_U0/grp_compute_L1_Pipeline_L1_DOT_PROD_fu_1105/p_ZL10WEIGHTS_L1_4_load_13_reg_98436_reg[16]/C
                         clock pessimism             -0.030     1.190    
    SLICE_X87Y50         FDRE (Hold_fdre_C_D)         0.070     1.260    chole_bhature_i/bnn_0/inst/compute_L1_U0/grp_compute_L1_Pipeline_L1_DOT_PROD_fu_1105/p_ZL10WEIGHTS_L1_4_load_13_reg_98436_reg[16]
  -------------------------------------------------------------------
                         required time                         -1.260    
                         arrival time                           1.268    
  -------------------------------------------------------------------
                         slack                                  0.008    

Slack (MET) :             0.022ns  (arrival time - required time)
  Source:                 chole_bhature_i/axi_mem_intercon/s00_couplers/auto_us/inst/gen_upsizer.gen_full_upsizer.axi_upsizer_inst/USE_READ.gen_non_fifo_r_upsizer.mi_register_slice_inst/r.r_pipe/m_payload_i_reg[9]/C
                            (rising edge-triggered cell FDRE clocked by clk_fpga_0  {rise@0.000ns fall@10.000ns period=20.000ns})
  Destination:            chole_bhature_i/axi_dma_0/U0/I_PRMRY_DATAMOVER/GEN_MM2S_FULL.I_MM2S_FULL_WRAPPER/GEN_INCLUDE_MM2S_SF.I_RD_SF/I_DATA_FIFO/BLK_MEM.I_SYNC_FIFOGEN_FIFO/xpm_fifo_instance.xpm_fifo_sync_inst/xpm_fifo_base_inst/gen_sdpram.xpm_memory_base_inst/gen_wr_a.gen_word_narrow.mem_reg/DIADI[9]
                            (rising edge-triggered cell RAMB36E1 clocked by clk_fpga_0  {rise@0.000ns fall@10.000ns period=20.000ns})
  Path Group:             clk_fpga_0
  Path Type:              Hold (Min at Fast Process Corner)
  Requirement:            0.000ns  (clk_fpga_0 rise@0.000ns - clk_fpga_0 rise@0.000ns)
  Data Path Delay:        0.622ns  (logic 0.227ns (36.508%)  route 0.395ns (63.492%))
  Logic Levels:           1  (LUT4=1)
  Clock Path Skew:        0.304ns (DCD - SCD - CPR)
    Destination Clock Delay (DCD):    1.234ns
    Source Clock Delay      (SCD):    0.901ns
    Clock Pessimism Removal (CPR):    0.030ns

    Location             Delay type                Incr(ns)  Path(ns)    Netlist Resource(s)
  -------------------------------------------------------------------    -------------------
                         (clock clk_fpga_0 rise edge)
                                                      0.000     0.000 r  
    PS7_X0Y0             PS7                          0.000     0.000 r  chole_bhature_i/processing_system7_0/inst/PS7_i/FCLKCLK[0]
                         net (fo=1, routed)           0.310     0.310    chole_bhature_i/processing_system7_0/inst/FCLK_CLK_unbuffered[0]
    BUFGCTRL_X0Y16       BUFG (Prop_bufg_I_O)         0.026     0.336 r  chole_bhature_i/processing_system7_0/inst/buffer_fclk_clk_0.FCLK_CLK_0_BUFG/O
                         net (fo=18463, routed)       0.565     0.901    chole_bhature_i/axi_mem_intercon/s00_couplers/auto_us/inst/gen_upsizer.gen_full_upsizer.axi_upsizer_inst/USE_READ.gen_non_fifo_r_upsizer.mi_register_slice_inst/r.r_pipe/out
    SLICE_X33Y47         FDRE                                         r  chole_bhature_i/axi_mem_intercon/s00_couplers/auto_us/inst/gen_upsizer.gen_full_upsizer.axi_upsizer_inst/USE_READ.gen_non_fifo_r_upsizer.mi_register_slice_inst/r.r_pipe/m_payload_i_reg[9]/C
  -------------------------------------------------------------------    -------------------
    SLICE_X33Y47         FDRE (Prop_fdre_C_Q)         0.128     1.029 r  chole_bhature_i/axi_mem_intercon/s00_couplers/auto_us/inst/gen_upsizer.gen_full_upsizer.axi_upsizer_inst/USE_READ.gen_non_fifo_r_upsizer.mi_register_slice_inst/r.r_pipe/m_payload_i_reg[9]/Q
                         net (fo=1, routed)           0.110     1.138    chole_bhature_i/axi_mem_intercon/s00_couplers/auto_us/inst/gen_upsizer.gen_full_upsizer.axi_upsizer_inst/USE_READ.gen_non_fifo_r_upsizer.read_data_inst/Q[9]
    SLICE_X33Y48         LUT4 (Prop_lut4_I1_O)        0.099     1.237 r  chole_bhature_i/axi_mem_intercon/s00_couplers/auto_us/inst/gen_upsizer.gen_full_upsizer.axi_upsizer_inst/USE_READ.gen_non_fifo_r_upsizer.read_data_inst/s_axi_rdata[9]_INST_0/O
                         net (fo=1, routed)           0.285     1.522    chole_bhature_i/axi_dma_0/U0/I_PRMRY_DATAMOVER/GEN_MM2S_FULL.I_MM2S_FULL_WRAPPER/GEN_INCLUDE_MM2S_SF.I_RD_SF/I_DATA_FIFO/BLK_MEM.I_SYNC_FIFOGEN_FIFO/xpm_fifo_instance.xpm_fifo_sync_inst/xpm_fifo_base_inst/gen_sdpram.xpm_memory_base_inst/dina[9]
    RAMB36_X2Y10         RAMB36E1                                     r  chole_bhature_i/axi_dma_0/U0/I_PRMRY_DATAMOVER/GEN_MM2S_FULL.I_MM2S_FULL_WRAPPER/GEN_INCLUDE_MM2S_SF.I_RD_SF/I_DATA_FIFO/BLK_MEM.I_SYNC_FIFOGEN_FIFO/xpm_fifo_instance.xpm_fifo_sync_inst/xpm_fifo_base_inst/gen_sdpram.xpm_memory_base_inst/gen_wr_a.gen_word_narrow.mem_reg/DIADI[9]
  -------------------------------------------------------------------    -------------------

                         (clock clk_fpga_0 rise edge)
                                                      0.000     0.000 r  
    PS7_X0Y0             PS7                          0.000     0.000 r  chole_bhature_i/processing_system7_0/inst/PS7_i/FCLKCLK[0]
                         net (fo=1, routed)           0.337     0.337    chole_bhature_i/processing_system7_0/inst/FCLK_CLK_unbuffered[0]
    BUFGCTRL_X0Y16       BUFG (Prop_bufg_I_O)         0.029     0.366 r  chole_bhature_i/processing_system7_0/inst/buffer_fclk_clk_0.FCLK_CLK_0_BUFG/O
                         net (fo=18463, routed)       0.868     1.234    chole_bhature_i/axi_dma_0/U0/I_PRMRY_DATAMOVER/GEN_MM2S_FULL.I_MM2S_FULL_WRAPPER/GEN_INCLUDE_MM2S_SF.I_RD_SF/I_DATA_FIFO/BLK_MEM.I_SYNC_FIFOGEN_FIFO/xpm_fifo_instance.xpm_fifo_sync_inst/xpm_fifo_base_inst/gen_sdpram.xpm_memory_base_inst/clka
    RAMB36_X2Y10         RAMB36E1                                     r  chole_bhature_i/axi_dma_0/U0/I_PRMRY_DATAMOVER/GEN_MM2S_FULL.I_MM2S_FULL_WRAPPER/GEN_INCLUDE_MM2S_SF.I_RD_SF/I_DATA_FIFO/BLK_MEM.I_SYNC_FIFOGEN_FIFO/xpm_fifo_instance.xpm_fifo_sync_inst/xpm_fifo_base_inst/gen_sdpram.xpm_memory_base_inst/gen_wr_a.gen_word_narrow.mem_reg/CLKBWRCLK
                         clock pessimism             -0.030     1.204    
    RAMB36_X2Y10         RAMB36E1 (Hold_ramb36e1_CLKBWRCLK_DIADI[9])
                                                      0.296     1.500    chole_bhature_i/axi_dma_0/U0/I_PRMRY_DATAMOVER/GEN_MM2S_FULL.I_MM2S_FULL_WRAPPER/GEN_INCLUDE_MM2S_SF.I_RD_SF/I_DATA_FIFO/BLK_MEM.I_SYNC_FIFOGEN_FIFO/xpm_fifo_instance.xpm_fifo_sync_inst/xpm_fifo_base_inst/gen_sdpram.xpm_memory_base_inst/gen_wr_a.gen_word_narrow.mem_reg
  -------------------------------------------------------------------
                         required time                         -1.500    
                         arrival time                           1.522    
  -------------------------------------------------------------------
                         slack                                  0.022    

Slack (MET) :             0.024ns  (arrival time - required time)
  Source:                 chole_bhature_i/bnn_0/inst/compute_L1_U0/grp_compute_L1_Pipeline_L1_DOT_PROD_fu_1105/p_ZL10WEIGHTS_L1_62_U/q1_reg[4]/C
                            (rising edge-triggered cell FDRE clocked by clk_fpga_0  {rise@0.000ns fall@10.000ns period=20.000ns})
  Destination:            chole_bhature_i/bnn_0/inst/compute_L1_U0/grp_compute_L1_Pipeline_L1_DOT_PROD_fu_1105/p_ZL10WEIGHTS_L1_62_load_12_reg_98531_reg[4]/D
                            (rising edge-triggered cell FDRE clocked by clk_fpga_0  {rise@0.000ns fall@10.000ns period=20.000ns})
  Path Group:             clk_fpga_0
  Path Type:              Hold (Min at Fast Process Corner)
  Requirement:            0.000ns  (clk_fpga_0 rise@0.000ns - clk_fpga_0 rise@0.000ns)
  Data Path Delay:        0.339ns  (logic 0.164ns (48.343%)  route 0.175ns (51.657%))
  Logic Levels:           0  
  Clock Path Skew:        0.263ns (DCD - SCD - CPR)
    Destination Clock Delay (DCD):    1.220ns
    Source Clock Delay      (SCD):    0.927ns
    Clock Pessimism Removal (CPR):    0.030ns

    Location             Delay type                Incr(ns)  Path(ns)    Netlist Resource(s)
  -------------------------------------------------------------------    -------------------
                         (clock clk_fpga_0 rise edge)
                                                      0.000     0.000 r  
    PS7_X0Y0             PS7                          0.000     0.000 r  chole_bhature_i/processing_system7_0/inst/PS7_i/FCLKCLK[0]
                         net (fo=1, routed)           0.310     0.310    chole_bhature_i/processing_system7_0/inst/FCLK_CLK_unbuffered[0]
    BUFGCTRL_X0Y16       BUFG (Prop_bufg_I_O)         0.026     0.336 r  chole_bhature_i/processing_system7_0/inst/buffer_fclk_clk_0.FCLK_CLK_0_BUFG/O
                         net (fo=18463, routed)       0.591     0.927    chole_bhature_i/bnn_0/inst/compute_L1_U0/grp_compute_L1_Pipeline_L1_DOT_PROD_fu_1105/p_ZL10WEIGHTS_L1_62_U/ap_clk
    SLICE_X86Y49         FDRE                                         r  chole_bhature_i/bnn_0/inst/compute_L1_U0/grp_compute_L1_Pipeline_L1_DOT_PROD_fu_1105/p_ZL10WEIGHTS_L1_62_U/q1_reg[4]/C
  -------------------------------------------------------------------    -------------------
    SLICE_X86Y49         FDRE (Prop_fdre_C_Q)         0.164     1.091 r  chole_bhature_i/bnn_0/inst/compute_L1_U0/grp_compute_L1_Pipeline_L1_DOT_PROD_fu_1105/p_ZL10WEIGHTS_L1_62_U/q1_reg[4]/Q
                         net (fo=1, routed)           0.175     1.266    chole_bhature_i/bnn_0/inst/compute_L1_U0/grp_compute_L1_Pipeline_L1_DOT_PROD_fu_1105/p_ZL10WEIGHTS_L1_62_q1[4]
    SLICE_X86Y50         FDRE                                         r  chole_bhature_i/bnn_0/inst/compute_L1_U0/grp_compute_L1_Pipeline_L1_DOT_PROD_fu_1105/p_ZL10WEIGHTS_L1_62_load_12_reg_98531_reg[4]/D
  -------------------------------------------------------------------    -------------------

                         (clock clk_fpga_0 rise edge)
                                                      0.000     0.000 r  
    PS7_X0Y0             PS7                          0.000     0.000 r  chole_bhature_i/processing_system7_0/inst/PS7_i/FCLKCLK[0]
                         net (fo=1, routed)           0.337     0.337    chole_bhature_i/processing_system7_0/inst/FCLK_CLK_unbuffered[0]
    BUFGCTRL_X0Y16       BUFG (Prop_bufg_I_O)         0.029     0.366 r  chole_bhature_i/processing_system7_0/inst/buffer_fclk_clk_0.FCLK_CLK_0_BUFG/O
                         net (fo=18463, routed)       0.854     1.220    chole_bhature_i/bnn_0/inst/compute_L1_U0/grp_compute_L1_Pipeline_L1_DOT_PROD_fu_1105/ap_clk
    SLICE_X86Y50         FDRE                                         r  chole_bhature_i/bnn_0/inst/compute_L1_U0/grp_compute_L1_Pipeline_L1_DOT_PROD_fu_1105/p_ZL10WEIGHTS_L1_62_load_12_reg_98531_reg[4]/C
                         clock pessimism             -0.030     1.190    
    SLICE_X86Y50         FDRE (Hold_fdre_C_D)         0.052     1.242    chole_bhature_i/bnn_0/inst/compute_L1_U0/grp_compute_L1_Pipeline_L1_DOT_PROD_fu_1105/p_ZL10WEIGHTS_L1_62_load_12_reg_98531_reg[4]
  -------------------------------------------------------------------
                         required time                         -1.242    
                         arrival time                           1.266    
  -------------------------------------------------------------------
                         slack                                  0.024    

Slack (MET) :             0.024ns  (arrival time - required time)
  Source:                 <hidden>
                            (rising edge-triggered cell FDCE clocked by clk_fpga_0  {rise@0.000ns fall@10.000ns period=20.000ns})
  Destination:            <hidden>
                            (rising edge-triggered cell RAMD32 clocked by clk_fpga_0  {rise@0.000ns fall@10.000ns period=20.000ns})
  Path Group:             clk_fpga_0
  Path Type:              Hold (Min at Fast Process Corner)
  Requirement:            0.000ns  (clk_fpga_0 rise@0.000ns - clk_fpga_0 rise@0.000ns)
  Data Path Delay:        0.347ns  (logic 0.141ns (40.606%)  route 0.206ns (59.394%))
  Logic Levels:           0  
  Clock Path Skew:        0.013ns (DCD - SCD - CPR)
    Destination Clock Delay (DCD):    1.260ns
    Source Clock Delay      (SCD):    0.961ns
    Clock Pessimism Removal (CPR):    0.286ns

    Location             Delay type                Incr(ns)  Path(ns)    Netlist Resource(s)
  -------------------------------------------------------------------    -------------------
                         (clock clk_fpga_0 rise edge)
                                                      0.000     0.000 r  
    PS7_X0Y0             PS7                          0.000     0.000 r  chole_bhature_i/processing_system7_0/inst/PS7_i/FCLKCLK[0]
                         net (fo=1, routed)           0.310     0.310    chole_bhature_i/processing_system7_0/inst/FCLK_CLK_unbuffered[0]
    BUFGCTRL_X0Y16       BUFG (Prop_bufg_I_O)         0.026     0.336 r  chole_bhature_i/processing_system7_0/inst/buffer_fclk_clk_0.FCLK_CLK_0_BUFG/O
                         net (fo=18463, routed)       0.625     0.961    <hidden>
    SLICE_X7Y46          FDCE                                         r  <hidden>
  -------------------------------------------------------------------    -------------------
    SLICE_X7Y46          FDCE (Prop_fdce_C_Q)         0.141     1.102 r  <hidden>
                         net (fo=5, routed)           0.206     1.308    <hidden>
    SLICE_X6Y46          RAMD32                                       r  <hidden>
  -------------------------------------------------------------------    -------------------

                         (clock clk_fpga_0 rise edge)
                                                      0.000     0.000 r  
    PS7_X0Y0             PS7                          0.000     0.000 r  chole_bhature_i/processing_system7_0/inst/PS7_i/FCLKCLK[0]
                         net (fo=1, routed)           0.337     0.337    chole_bhature_i/processing_system7_0/inst/FCLK_CLK_unbuffered[0]
    BUFGCTRL_X0Y16       BUFG (Prop_bufg_I_O)         0.029     0.366 r  chole_bhature_i/processing_system7_0/inst/buffer_fclk_clk_0.FCLK_CLK_0_BUFG/O
                         net (fo=18463, routed)       0.894     1.260    <hidden>
    SLICE_X6Y46          RAMD32                                       r  <hidden>
                         clock pessimism             -0.286     0.974    
    SLICE_X6Y46          RAMD32 (Hold_ramd32_CLK_WADR0)
                                                      0.310     1.283    <hidden>
  -------------------------------------------------------------------
                         required time                         -1.284    
                         arrival time                           1.308    
  -------------------------------------------------------------------
                         slack                                  0.024    

Slack (MET) :             0.024ns  (arrival time - required time)
  Source:                 <hidden>
                            (rising edge-triggered cell FDCE clocked by clk_fpga_0  {rise@0.000ns fall@10.000ns period=20.000ns})
  Destination:            <hidden>
                            (rising edge-triggered cell RAMD32 clocked by clk_fpga_0  {rise@0.000ns fall@10.000ns period=20.000ns})
  Path Group:             clk_fpga_0
  Path Type:              Hold (Min at Fast Process Corner)
  Requirement:            0.000ns  (clk_fpga_0 rise@0.000ns - clk_fpga_0 rise@0.000ns)
  Data Path Delay:        0.347ns  (logic 0.141ns (40.606%)  route 0.206ns (59.394%))
  Logic Levels:           0  
  Clock Path Skew:        0.013ns (DCD - SCD - CPR)
    Destination Clock Delay (DCD):    1.260ns
    Source Clock Delay      (SCD):    0.961ns
    Clock Pessimism Removal (CPR):    0.286ns

    Location             Delay type                Incr(ns)  Path(ns)    Netlist Resource(s)
  -------------------------------------------------------------------    -------------------
                         (clock clk_fpga_0 rise edge)
                                                      0.000     0.000 r  
    PS7_X0Y0             PS7                          0.000     0.000 r  chole_bhature_i/processing_system7_0/inst/PS7_i/FCLKCLK[0]
                         net (fo=1, routed)           0.310     0.310    chole_bhature_i/processing_system7_0/inst/FCLK_CLK_unbuffered[0]
    BUFGCTRL_X0Y16       BUFG (Prop_bufg_I_O)         0.026     0.336 r  chole_bhature_i/processing_system7_0/inst/buffer_fclk_clk_0.FCLK_CLK_0_BUFG/O
                         net (fo=18463, routed)       0.625     0.961    <hidden>
    SLICE_X7Y46          FDCE                                         r  <hidden>
  -------------------------------------------------------------------    -------------------
    SLICE_X7Y46          FDCE (Prop_fdce_C_Q)         0.141     1.102 r  <hidden>
                         net (fo=5, routed)           0.206     1.308    <hidden>
    SLICE_X6Y46          RAMD32                                       r  <hidden>
  -------------------------------------------------------------------    -------------------

                         (clock clk_fpga_0 rise edge)
                                                      0.000     0.000 r  
    PS7_X0Y0             PS7                          0.000     0.000 r  chole_bhature_i/processing_system7_0/inst/PS7_i/FCLKCLK[0]
                         net (fo=1, routed)           0.337     0.337    chole_bhature_i/processing_system7_0/inst/FCLK_CLK_unbuffered[0]
    BUFGCTRL_X0Y16       BUFG (Prop_bufg_I_O)         0.029     0.366 r  chole_bhature_i/processing_system7_0/inst/buffer_fclk_clk_0.FCLK_CLK_0_BUFG/O
                         net (fo=18463, routed)       0.894     1.260    <hidden>
    SLICE_X6Y46          RAMD32                                       r  <hidden>
                         clock pessimism             -0.286     0.974    
    SLICE_X6Y46          RAMD32 (Hold_ramd32_CLK_WADR0)
                                                      0.310     1.283    <hidden>
  -------------------------------------------------------------------
                         required time                         -1.284    
                         arrival time                           1.308    
  -------------------------------------------------------------------
                         slack                                  0.024    

Slack (MET) :             0.026ns  (arrival time - required time)
  Source:                 chole_bhature_i/bnn_0/inst/compute_L1_U0/grp_compute_L1_Pipeline_L1_DOT_PROD_fu_1105/p_ZL10WEIGHTS_L1_10_U/q1_reg[12]/C
                            (rising edge-triggered cell FDRE clocked by clk_fpga_0  {rise@0.000ns fall@10.000ns period=20.000ns})
  Destination:            chole_bhature_i/bnn_0/inst/compute_L1_U0/grp_compute_L1_Pipeline_L1_DOT_PROD_fu_1105/p_ZL10WEIGHTS_L1_10_load_13_reg_98466_reg[12]/D
                            (rising edge-triggered cell FDRE clocked by clk_fpga_0  {rise@0.000ns fall@10.000ns period=20.000ns})
  Path Group:             clk_fpga_0
  Path Type:              Hold (Min at Fast Process Corner)
  Requirement:            0.000ns  (clk_fpga_0 rise@0.000ns - clk_fpga_0 rise@0.000ns)
  Data Path Delay:        0.337ns  (logic 0.141ns (41.888%)  route 0.196ns (58.112%))
  Logic Levels:           0  
  Clock Path Skew:        0.264ns (DCD - SCD - CPR)
    Destination Clock Delay (DCD):    1.243ns
    Source Clock Delay      (SCD):    0.949ns
    Clock Pessimism Removal (CPR):    0.030ns

    Location             Delay type                Incr(ns)  Path(ns)    Netlist Resource(s)
  -------------------------------------------------------------------    -------------------
                         (clock clk_fpga_0 rise edge)
                                                      0.000     0.000 r  
    PS7_X0Y0             PS7                          0.000     0.000 r  chole_bhature_i/processing_system7_0/inst/PS7_i/FCLKCLK[0]
                         net (fo=1, routed)           0.310     0.310    chole_bhature_i/processing_system7_0/inst/FCLK_CLK_unbuffered[0]
    BUFGCTRL_X0Y16       BUFG (Prop_bufg_I_O)         0.026     0.336 r  chole_bhature_i/processing_system7_0/inst/buffer_fclk_clk_0.FCLK_CLK_0_BUFG/O
                         net (fo=18463, routed)       0.613     0.949    chole_bhature_i/bnn_0/inst/compute_L1_U0/grp_compute_L1_Pipeline_L1_DOT_PROD_fu_1105/p_ZL10WEIGHTS_L1_10_U/ap_clk
    SLICE_X91Y49         FDRE                                         r  chole_bhature_i/bnn_0/inst/compute_L1_U0/grp_compute_L1_Pipeline_L1_DOT_PROD_fu_1105/p_ZL10WEIGHTS_L1_10_U/q1_reg[12]/C
  -------------------------------------------------------------------    -------------------
    SLICE_X91Y49         FDRE (Prop_fdre_C_Q)         0.141     1.090 r  chole_bhature_i/bnn_0/inst/compute_L1_U0/grp_compute_L1_Pipeline_L1_DOT_PROD_fu_1105/p_ZL10WEIGHTS_L1_10_U/q1_reg[12]/Q
                         net (fo=1, routed)           0.196     1.285    chole_bhature_i/bnn_0/inst/compute_L1_U0/grp_compute_L1_Pipeline_L1_DOT_PROD_fu_1105/p_ZL10WEIGHTS_L1_10_q1[12]
    SLICE_X91Y50         FDRE                                         r  chole_bhature_i/bnn_0/inst/compute_L1_U0/grp_compute_L1_Pipeline_L1_DOT_PROD_fu_1105/p_ZL10WEIGHTS_L1_10_load_13_reg_98466_reg[12]/D
  -------------------------------------------------------------------    -------------------

                         (clock clk_fpga_0 rise edge)
                                                      0.000     0.000 r  
    PS7_X0Y0             PS7                          0.000     0.000 r  chole_bhature_i/processing_system7_0/inst/PS7_i/FCLKCLK[0]
                         net (fo=1, routed)           0.337     0.337    chole_bhature_i/processing_system7_0/inst/FCLK_CLK_unbuffered[0]
    BUFGCTRL_X0Y16       BUFG (Prop_bufg_I_O)         0.029     0.366 r  chole_bhature_i/processing_system7_0/inst/buffer_fclk_clk_0.FCLK_CLK_0_BUFG/O
                         net (fo=18463, routed)       0.877     1.243    chole_bhature_i/bnn_0/inst/compute_L1_U0/grp_compute_L1_Pipeline_L1_DOT_PROD_fu_1105/ap_clk
    SLICE_X91Y50         FDRE                                         r  chole_bhature_i/bnn_0/inst/compute_L1_U0/grp_compute_L1_Pipeline_L1_DOT_PROD_fu_1105/p_ZL10WEIGHTS_L1_10_load_13_reg_98466_reg[12]/C
                         clock pessimism             -0.030     1.213    
    SLICE_X91Y50         FDRE (Hold_fdre_C_D)         0.046     1.259    chole_bhature_i/bnn_0/inst/compute_L1_U0/grp_compute_L1_Pipeline_L1_DOT_PROD_fu_1105/p_ZL10WEIGHTS_L1_10_load_13_reg_98466_reg[12]
  -------------------------------------------------------------------
                         required time                         -1.259    
                         arrival time                           1.285    
  -------------------------------------------------------------------
                         slack                                  0.026    

Slack (MET) :             0.027ns  (arrival time - required time)
  Source:                 chole_bhature_i/bnn_0/inst/compute_L1_U0/grp_compute_L1_Pipeline_LOAD_L1_fu_1038/local_in_36_fu_260_reg[2]/C
                            (rising edge-triggered cell FDRE clocked by clk_fpga_0  {rise@0.000ns fall@10.000ns period=20.000ns})
  Destination:            chole_bhature_i/bnn_0/inst/compute_L1_U0/local_in_11_fu_264_reg[2]/D
                            (rising edge-triggered cell FDRE clocked by clk_fpga_0  {rise@0.000ns fall@10.000ns period=20.000ns})
  Path Group:             clk_fpga_0
  Path Type:              Hold (Min at Fast Process Corner)
  Requirement:            0.000ns  (clk_fpga_0 rise@0.000ns - clk_fpga_0 rise@0.000ns)
  Data Path Delay:        0.296ns  (logic 0.128ns (43.203%)  route 0.168ns (56.797%))
  Logic Levels:           0  
  Clock Path Skew:        0.260ns (DCD - SCD - CPR)
    Destination Clock Delay (DCD):    1.187ns
    Source Clock Delay      (SCD):    0.892ns
    Clock Pessimism Removal (CPR):    0.035ns

    Location             Delay type                Incr(ns)  Path(ns)    Netlist Resource(s)
  -------------------------------------------------------------------    -------------------
                         (clock clk_fpga_0 rise edge)
                                                      0.000     0.000 r  
    PS7_X0Y0             PS7                          0.000     0.000 r  chole_bhature_i/processing_system7_0/inst/PS7_i/FCLKCLK[0]
                         net (fo=1, routed)           0.310     0.310    chole_bhature_i/processing_system7_0/inst/FCLK_CLK_unbuffered[0]
    BUFGCTRL_X0Y16       BUFG (Prop_bufg_I_O)         0.026     0.336 r  chole_bhature_i/processing_system7_0/inst/buffer_fclk_clk_0.FCLK_CLK_0_BUFG/O
                         net (fo=18463, routed)       0.556     0.892    chole_bhature_i/bnn_0/inst/compute_L1_U0/grp_compute_L1_Pipeline_LOAD_L1_fu_1038/ap_clk
    SLICE_X49Y51         FDRE                                         r  chole_bhature_i/bnn_0/inst/compute_L1_U0/grp_compute_L1_Pipeline_LOAD_L1_fu_1038/local_in_36_fu_260_reg[2]/C
  -------------------------------------------------------------------    -------------------
    SLICE_X49Y51         FDRE (Prop_fdre_C_Q)         0.128     1.020 r  chole_bhature_i/bnn_0/inst/compute_L1_U0/grp_compute_L1_Pipeline_LOAD_L1_fu_1038/local_in_36_fu_260_reg[2]/Q
                         net (fo=2, routed)           0.168     1.188    chole_bhature_i/bnn_0/inst/compute_L1_U0/grp_compute_L1_Pipeline_LOAD_L1_fu_1038_local_in_36_out[2]
    SLICE_X50Y50         FDRE                                         r  chole_bhature_i/bnn_0/inst/compute_L1_U0/local_in_11_fu_264_reg[2]/D
  -------------------------------------------------------------------    -------------------

                         (clock clk_fpga_0 rise edge)
                                                      0.000     0.000 r  
    PS7_X0Y0             PS7                          0.000     0.000 r  chole_bhature_i/processing_system7_0/inst/PS7_i/FCLKCLK[0]
                         net (fo=1, routed)           0.337     0.337    chole_bhature_i/processing_system7_0/inst/FCLK_CLK_unbuffered[0]
    BUFGCTRL_X0Y16       BUFG (Prop_bufg_I_O)         0.029     0.366 r  chole_bhature_i/processing_system7_0/inst/buffer_fclk_clk_0.FCLK_CLK_0_BUFG/O
                         net (fo=18463, routed)       0.821     1.187    chole_bhature_i/bnn_0/inst/compute_L1_U0/ap_clk
    SLICE_X50Y50         FDRE                                         r  chole_bhature_i/bnn_0/inst/compute_L1_U0/local_in_11_fu_264_reg[2]/C
                         clock pessimism             -0.035     1.152    
    SLICE_X50Y50         FDRE (Hold_fdre_C_D)         0.009     1.161    chole_bhature_i/bnn_0/inst/compute_L1_U0/local_in_11_fu_264_reg[2]
  -------------------------------------------------------------------
                         required time                         -1.161    
                         arrival time                           1.188    
  -------------------------------------------------------------------
                         slack                                  0.027    

Slack (MET) :             0.032ns  (arrival time - required time)
  Source:                 chole_bhature_i/bnn_0/inst/compute_L1_U0/grp_compute_L1_Pipeline_L1_DOT_PROD_fu_1105/p_ZL10WEIGHTS_L1_58_U/q0_reg[14]/C
                            (rising edge-triggered cell FDRE clocked by clk_fpga_0  {rise@0.000ns fall@10.000ns period=20.000ns})
  Destination:            chole_bhature_i/bnn_0/inst/compute_L1_U0/grp_compute_L1_Pipeline_L1_DOT_PROD_fu_1105/reg_14966_reg[14]/D
                            (rising edge-triggered cell FDRE clocked by clk_fpga_0  {rise@0.000ns fall@10.000ns period=20.000ns})
  Path Group:             clk_fpga_0
  Path Type:              Hold (Min at Fast Process Corner)
  Requirement:            0.000ns  (clk_fpga_0 rise@0.000ns - clk_fpga_0 rise@0.000ns)
  Data Path Delay:        0.337ns  (logic 0.141ns (41.881%)  route 0.196ns (58.119%))
  Logic Levels:           0  
  Clock Path Skew:        0.257ns (DCD - SCD - CPR)
    Destination Clock Delay (DCD):    1.186ns
    Source Clock Delay      (SCD):    0.894ns
    Clock Pessimism Removal (CPR):    0.035ns

    Location             Delay type                Incr(ns)  Path(ns)    Netlist Resource(s)
  -------------------------------------------------------------------    -------------------
                         (clock clk_fpga_0 rise edge)
                                                      0.000     0.000 r  
    PS7_X0Y0             PS7                          0.000     0.000 r  chole_bhature_i/processing_system7_0/inst/PS7_i/FCLKCLK[0]
                         net (fo=1, routed)           0.310     0.310    chole_bhature_i/processing_system7_0/inst/FCLK_CLK_unbuffered[0]
    BUFGCTRL_X0Y16       BUFG (Prop_bufg_I_O)         0.026     0.336 r  chole_bhature_i/processing_system7_0/inst/buffer_fclk_clk_0.FCLK_CLK_0_BUFG/O
                         net (fo=18463, routed)       0.558     0.894    chole_bhature_i/bnn_0/inst/compute_L1_U0/grp_compute_L1_Pipeline_L1_DOT_PROD_fu_1105/p_ZL10WEIGHTS_L1_58_U/ap_clk
    SLICE_X48Y37         FDRE                                         r  chole_bhature_i/bnn_0/inst/compute_L1_U0/grp_compute_L1_Pipeline_L1_DOT_PROD_fu_1105/p_ZL10WEIGHTS_L1_58_U/q0_reg[14]/C
  -------------------------------------------------------------------    -------------------
    SLICE_X48Y37         FDRE (Prop_fdre_C_Q)         0.141     1.035 r  chole_bhature_i/bnn_0/inst/compute_L1_U0/grp_compute_L1_Pipeline_L1_DOT_PROD_fu_1105/p_ZL10WEIGHTS_L1_58_U/q0_reg[14]/Q
                         net (fo=1, routed)           0.196     1.230    chole_bhature_i/bnn_0/inst/compute_L1_U0/grp_compute_L1_Pipeline_L1_DOT_PROD_fu_1105/p_ZL10WEIGHTS_L1_58_q0[14]
    SLICE_X53Y35         FDRE                                         r  chole_bhature_i/bnn_0/inst/compute_L1_U0/grp_compute_L1_Pipeline_L1_DOT_PROD_fu_1105/reg_14966_reg[14]/D
  -------------------------------------------------------------------    -------------------

                         (clock clk_fpga_0 rise edge)
                                                      0.000     0.000 r  
    PS7_X0Y0             PS7                          0.000     0.000 r  chole_bhature_i/processing_system7_0/inst/PS7_i/FCLKCLK[0]
                         net (fo=1, routed)           0.337     0.337    chole_bhature_i/processing_system7_0/inst/FCLK_CLK_unbuffered[0]
    BUFGCTRL_X0Y16       BUFG (Prop_bufg_I_O)         0.029     0.366 r  chole_bhature_i/processing_system7_0/inst/buffer_fclk_clk_0.FCLK_CLK_0_BUFG/O
                         net (fo=18463, routed)       0.820     1.186    chole_bhature_i/bnn_0/inst/compute_L1_U0/grp_compute_L1_Pipeline_L1_DOT_PROD_fu_1105/ap_clk
    SLICE_X53Y35         FDRE                                         r  chole_bhature_i/bnn_0/inst/compute_L1_U0/grp_compute_L1_Pipeline_L1_DOT_PROD_fu_1105/reg_14966_reg[14]/C
                         clock pessimism             -0.035     1.151    
    SLICE_X53Y35         FDRE (Hold_fdre_C_D)         0.047     1.198    chole_bhature_i/bnn_0/inst/compute_L1_U0/grp_compute_L1_Pipeline_L1_DOT_PROD_fu_1105/reg_14966_reg[14]
  -------------------------------------------------------------------
                         required time                         -1.198    
                         arrival time                           1.230    
  -------------------------------------------------------------------
                         slack                                  0.032    

Slack (MET) :             0.033ns  (arrival time - required time)
  Source:                 chole_bhature_i/bnn_0/inst/compute_L1_U0/grp_compute_L1_Pipeline_L1_DOT_PROD_fu_1105/xor_ln30_1094_reg_94061_reg[0]/C
                            (rising edge-triggered cell FDRE clocked by clk_fpga_0  {rise@0.000ns fall@10.000ns period=20.000ns})
  Destination:            chole_bhature_i/bnn_0/inst/compute_L1_U0/grp_compute_L1_Pipeline_L1_DOT_PROD_fu_1105/add_ln48_163_reg_94406_reg[2]/D
                            (rising edge-triggered cell FDRE clocked by clk_fpga_0  {rise@0.000ns fall@10.000ns period=20.000ns})
  Path Group:             clk_fpga_0
  Path Type:              Hold (Min at Fast Process Corner)
  Requirement:            0.000ns  (clk_fpga_0 rise@0.000ns - clk_fpga_0 rise@0.000ns)
  Data Path Delay:        0.386ns  (logic 0.186ns (48.236%)  route 0.200ns (51.764%))
  Logic Levels:           1  (LUT6=1)
  Clock Path Skew:        0.260ns (DCD - SCD - CPR)
    Destination Clock Delay (DCD):    1.185ns
    Source Clock Delay      (SCD):    0.890ns
    Clock Pessimism Removal (CPR):    0.035ns

    Location             Delay type                Incr(ns)  Path(ns)    Netlist Resource(s)
  -------------------------------------------------------------------    -------------------
                         (clock clk_fpga_0 rise edge)
                                                      0.000     0.000 r  
    PS7_X0Y0             PS7                          0.000     0.000 r  chole_bhature_i/processing_system7_0/inst/PS7_i/FCLKCLK[0]
                         net (fo=1, routed)           0.310     0.310    chole_bhature_i/processing_system7_0/inst/FCLK_CLK_unbuffered[0]
    BUFGCTRL_X0Y16       BUFG (Prop_bufg_I_O)         0.026     0.336 r  chole_bhature_i/processing_system7_0/inst/buffer_fclk_clk_0.FCLK_CLK_0_BUFG/O
                         net (fo=18463, routed)       0.554     0.890    chole_bhature_i/bnn_0/inst/compute_L1_U0/grp_compute_L1_Pipeline_L1_DOT_PROD_fu_1105/ap_clk
    SLICE_X49Y59         FDRE                                         r  chole_bhature_i/bnn_0/inst/compute_L1_U0/grp_compute_L1_Pipeline_L1_DOT_PROD_fu_1105/xor_ln30_1094_reg_94061_reg[0]/C
  -------------------------------------------------------------------    -------------------
    SLICE_X49Y59         FDRE (Prop_fdre_C_Q)         0.141     1.031 r  chole_bhature_i/bnn_0/inst/compute_L1_U0/grp_compute_L1_Pipeline_L1_DOT_PROD_fu_1105/xor_ln30_1094_reg_94061_reg[0]/Q
                         net (fo=3, routed)           0.200     1.230    chole_bhature_i/bnn_0/inst/compute_L1_U0/grp_compute_L1_Pipeline_L1_DOT_PROD_fu_1105/xor_ln30_1094_reg_94061
    SLICE_X51Y57         LUT6 (Prop_lut6_I4_O)        0.045     1.275 r  chole_bhature_i/bnn_0/inst/compute_L1_U0/grp_compute_L1_Pipeline_L1_DOT_PROD_fu_1105/add_ln48_163_reg_94406[2]_i_1/O
                         net (fo=1, routed)           0.000     1.275    chole_bhature_i/bnn_0/inst/compute_L1_U0/grp_compute_L1_Pipeline_L1_DOT_PROD_fu_1105/add_ln48_163_fu_16901_p2[2]
    SLICE_X51Y57         FDRE                                         r  chole_bhature_i/bnn_0/inst/compute_L1_U0/grp_compute_L1_Pipeline_L1_DOT_PROD_fu_1105/add_ln48_163_reg_94406_reg[2]/D
  -------------------------------------------------------------------    -------------------

                         (clock clk_fpga_0 rise edge)
                                                      0.000     0.000 r  
    PS7_X0Y0             PS7                          0.000     0.000 r  chole_bhature_i/processing_system7_0/inst/PS7_i/FCLKCLK[0]
                         net (fo=1, routed)           0.337     0.337    chole_bhature_i/processing_system7_0/inst/FCLK_CLK_unbuffered[0]
    BUFGCTRL_X0Y16       BUFG (Prop_bufg_I_O)         0.029     0.366 r  chole_bhature_i/processing_system7_0/inst/buffer_fclk_clk_0.FCLK_CLK_0_BUFG/O
                         net (fo=18463, routed)       0.819     1.185    chole_bhature_i/bnn_0/inst/compute_L1_U0/grp_compute_L1_Pipeline_L1_DOT_PROD_fu_1105/ap_clk
    SLICE_X51Y57         FDRE                                         r  chole_bhature_i/bnn_0/inst/compute_L1_U0/grp_compute_L1_Pipeline_L1_DOT_PROD_fu_1105/add_ln48_163_reg_94406_reg[2]/C
                         clock pessimism             -0.035     1.150    
    SLICE_X51Y57         FDRE (Hold_fdre_C_D)         0.092     1.242    chole_bhature_i/bnn_0/inst/compute_L1_U0/grp_compute_L1_Pipeline_L1_DOT_PROD_fu_1105/add_ln48_163_reg_94406_reg[2]
  -------------------------------------------------------------------
                         required time                         -1.242    
                         arrival time                           1.275    
  -------------------------------------------------------------------
                         slack                                  0.033    

Slack (MET) :             0.035ns  (arrival time - required time)
  Source:                 chole_bhature_i/bnn_0/inst/compute_L1_U0/grp_compute_L1_Pipeline_LOAD_L1_fu_1038/local_in_34_fu_252_reg[15]/C
                            (rising edge-triggered cell FDRE clocked by clk_fpga_0  {rise@0.000ns fall@10.000ns period=20.000ns})
  Destination:            chole_bhature_i/bnn_0/inst/compute_L1_U0/local_in_9_fu_256_reg[15]/D
                            (rising edge-triggered cell FDRE clocked by clk_fpga_0  {rise@0.000ns fall@10.000ns period=20.000ns})
  Path Group:             clk_fpga_0
  Path Type:              Hold (Min at Fast Process Corner)
  Requirement:            0.000ns  (clk_fpga_0 rise@0.000ns - clk_fpga_0 rise@0.000ns)
  Data Path Delay:        0.360ns  (logic 0.141ns (39.122%)  route 0.219ns (60.878%))
  Logic Levels:           0  
  Clock Path Skew:        0.259ns (DCD - SCD - CPR)
    Destination Clock Delay (DCD):    1.186ns
    Source Clock Delay      (SCD):    0.892ns
    Clock Pessimism Removal (CPR):    0.035ns

    Location             Delay type                Incr(ns)  Path(ns)    Netlist Resource(s)
  -------------------------------------------------------------------    -------------------
                         (clock clk_fpga_0 rise edge)
                                                      0.000     0.000 r  
    PS7_X0Y0             PS7                          0.000     0.000 r  chole_bhature_i/processing_system7_0/inst/PS7_i/FCLKCLK[0]
                         net (fo=1, routed)           0.310     0.310    chole_bhature_i/processing_system7_0/inst/FCLK_CLK_unbuffered[0]
    BUFGCTRL_X0Y16       BUFG (Prop_bufg_I_O)         0.026     0.336 r  chole_bhature_i/processing_system7_0/inst/buffer_fclk_clk_0.FCLK_CLK_0_BUFG/O
                         net (fo=18463, routed)       0.556     0.892    chole_bhature_i/bnn_0/inst/compute_L1_U0/grp_compute_L1_Pipeline_LOAD_L1_fu_1038/ap_clk
    SLICE_X48Y52         FDRE                                         r  chole_bhature_i/bnn_0/inst/compute_L1_U0/grp_compute_L1_Pipeline_LOAD_L1_fu_1038/local_in_34_fu_252_reg[15]/C
  -------------------------------------------------------------------    -------------------
    SLICE_X48Y52         FDRE (Prop_fdre_C_Q)         0.141     1.033 r  chole_bhature_i/bnn_0/inst/compute_L1_U0/grp_compute_L1_Pipeline_LOAD_L1_fu_1038/local_in_34_fu_252_reg[15]/Q
                         net (fo=2, routed)           0.219     1.252    chole_bhature_i/bnn_0/inst/compute_L1_U0/grp_compute_L1_Pipeline_LOAD_L1_fu_1038_local_in_34_out[15]
    SLICE_X51Y53         FDRE                                         r  chole_bhature_i/bnn_0/inst/compute_L1_U0/local_in_9_fu_256_reg[15]/D
  -------------------------------------------------------------------    -------------------

                         (clock clk_fpga_0 rise edge)
                                                      0.000     0.000 r  
    PS7_X0Y0             PS7                          0.000     0.000 r  chole_bhature_i/processing_system7_0/inst/PS7_i/FCLKCLK[0]
                         net (fo=1, routed)           0.337     0.337    chole_bhature_i/processing_system7_0/inst/FCLK_CLK_unbuffered[0]
    BUFGCTRL_X0Y16       BUFG (Prop_bufg_I_O)         0.029     0.366 r  chole_bhature_i/processing_system7_0/inst/buffer_fclk_clk_0.FCLK_CLK_0_BUFG/O
                         net (fo=18463, routed)       0.820     1.186    chole_bhature_i/bnn_0/inst/compute_L1_U0/ap_clk
    SLICE_X51Y53         FDRE                                         r  chole_bhature_i/bnn_0/inst/compute_L1_U0/local_in_9_fu_256_reg[15]/C
                         clock pessimism             -0.035     1.151    
    SLICE_X51Y53         FDRE (Hold_fdre_C_D)         0.066     1.217    chole_bhature_i/bnn_0/inst/compute_L1_U0/local_in_9_fu_256_reg[15]
  -------------------------------------------------------------------
                         required time                         -1.217    
                         arrival time                           1.252    
  -------------------------------------------------------------------
                         slack                                  0.035    





Pulse Width Checks
--------------------------------------------------------------------------------------
Clock Name:         clk_fpga_0
Waveform(ns):       { 0.000 10.000 }
Period(ns):         20.000
Sources:            { chole_bhature_i/processing_system7_0/inst/PS7_i/FCLKCLK[0] }

Check Type        Corner  Lib Pin             Reference Pin  Required(ns)  Actual(ns)  Slack(ns)  Location        Pin
Min Period        n/a     RAMB36E1/CLKARDCLK  n/a            2.576         20.000      17.424     RAMB36_X2Y10    chole_bhature_i/axi_dma_0/U0/I_PRMRY_DATAMOVER/GEN_MM2S_FULL.I_MM2S_FULL_WRAPPER/GEN_INCLUDE_MM2S_SF.I_RD_SF/I_DATA_FIFO/BLK_MEM.I_SYNC_FIFOGEN_FIFO/xpm_fifo_instance.xpm_fifo_sync_inst/xpm_fifo_base_inst/gen_sdpram.xpm_memory_base_inst/gen_wr_a.gen_word_narrow.mem_reg/CLKARDCLK
Min Period        n/a     RAMB36E1/CLKBWRCLK  n/a            2.576         20.000      17.424     RAMB36_X2Y10    chole_bhature_i/axi_dma_0/U0/I_PRMRY_DATAMOVER/GEN_MM2S_FULL.I_MM2S_FULL_WRAPPER/GEN_INCLUDE_MM2S_SF.I_RD_SF/I_DATA_FIFO/BLK_MEM.I_SYNC_FIFOGEN_FIFO/xpm_fifo_instance.xpm_fifo_sync_inst/xpm_fifo_base_inst/gen_sdpram.xpm_memory_base_inst/gen_wr_a.gen_word_narrow.mem_reg/CLKBWRCLK
Min Period        n/a     RAMB36E1/CLKARDCLK  n/a            2.576         20.000      17.424     RAMB36_X1Y9     chole_bhature_i/axi_dma_0/U0/I_PRMRY_DATAMOVER/GEN_S2MM_FULL.I_S2MM_FULL_WRAPPER/GEN_ENABLE_INDET_BTT_SF.I_INDET_BTT/I_DATA_FIFO/BLK_MEM.I_SYNC_FIFOGEN_FIFO/xpm_fifo_instance.xpm_fifo_sync_inst/xpm_fifo_base_inst/gen_sdpram.xpm_memory_base_inst/gen_wr_a.gen_word_narrow.mem_reg/CLKARDCLK
Min Period        n/a     RAMB36E1/CLKBWRCLK  n/a            2.576         20.000      17.424     RAMB36_X1Y9     chole_bhature_i/axi_dma_0/U0/I_PRMRY_DATAMOVER/GEN_S2MM_FULL.I_S2MM_FULL_WRAPPER/GEN_ENABLE_INDET_BTT_SF.I_INDET_BTT/I_DATA_FIFO/BLK_MEM.I_SYNC_FIFOGEN_FIFO/xpm_fifo_instance.xpm_fifo_sync_inst/xpm_fifo_base_inst/gen_sdpram.xpm_memory_base_inst/gen_wr_a.gen_word_narrow.mem_reg/CLKBWRCLK
Min Period        n/a     BUFG/I              n/a            2.155         20.000      17.845     BUFGCTRL_X0Y16  chole_bhature_i/processing_system7_0/inst/buffer_fclk_clk_0.FCLK_CLK_0_BUFG/I
Min Period        n/a     DSP48E1/CLK         n/a            2.154         20.000      17.846     DSP48_X0Y10     chole_bhature_i/bnn_0/inst/compute_L1_U0/empty_106_reg_3761_reg/CLK
Min Period        n/a     DSP48E1/CLK         n/a            2.154         20.000      17.846     DSP48_X0Y11     chole_bhature_i/bnn_0/inst/compute_L1_U0/empty_reg_3625_reg/CLK
Min Period        n/a     FDRE/C              n/a            1.000         20.000      19.000     SLICE_X36Y92    chole_bhature_i/axi_dma_0/U0/INCLUDE_MM2S_SOF_EOF_GENERATOR.I_MM2S_DMA_MNGR/GEN_MM2S_DMA_CONTROL.mm2s_stop_reg/C
Min Period        n/a     FDRE/C              n/a            1.000         20.000      19.000     SLICE_X31Y88    chole_bhature_i/axi_dma_0/U0/INCLUDE_MM2S_SOF_EOF_GENERATOR.I_MM2S_DMA_MNGR/GEN_MM2S_DMA_CONTROL.GEN_SIMPLE_DMA_MODE.I_MM2S_SMPL_SM/FSM_sequential_smpl_cs_reg[0]/C
Min Period        n/a     FDRE/C              n/a            1.000         20.000      19.000     SLICE_X31Y88    chole_bhature_i/axi_dma_0/U0/INCLUDE_MM2S_SOF_EOF_GENERATOR.I_MM2S_DMA_MNGR/GEN_MM2S_DMA_CONTROL.GEN_SIMPLE_DMA_MODE.I_MM2S_SMPL_SM/FSM_sequential_smpl_cs_reg[1]/C
Low Pulse Width   Slow    RAMD32/CLK          n/a            1.250         10.000      8.750      SLICE_X34Y73    chole_bhature_i/axi_dma_0/U0/I_PRMRY_DATAMOVER/GEN_S2MM_FULL.I_S2MM_FULL_WRAPPER/GEN_ENABLE_INDET_BTT_SF.I_INDET_BTT/I_XD_FIFO/NON_BLK_MEM.I_SYNC_FIFOGEN_FIFO/xpm_fifo_instance.xpm_fifo_sync_inst/xpm_fifo_base_inst/gen_sdpram.xpm_memory_base_inst/gen_wr_a.gen_word_narrow.mem_reg_0_15_0_5/RAMA/CLK
Low Pulse Width   Fast    RAMD32/CLK          n/a            1.250         10.000      8.750      SLICE_X34Y73    chole_bhature_i/axi_dma_0/U0/I_PRMRY_DATAMOVER/GEN_S2MM_FULL.I_S2MM_FULL_WRAPPER/GEN_ENABLE_INDET_BTT_SF.I_INDET_BTT/I_XD_FIFO/NON_BLK_MEM.I_SYNC_FIFOGEN_FIFO/xpm_fifo_instance.xpm_fifo_sync_inst/xpm_fifo_base_inst/gen_sdpram.xpm_memory_base_inst/gen_wr_a.gen_word_narrow.mem_reg_0_15_0_5/RAMA/CLK
Low Pulse Width   Slow    RAMD32/CLK          n/a            1.250         10.000      8.750      SLICE_X34Y73    chole_bhature_i/axi_dma_0/U0/I_PRMRY_DATAMOVER/GEN_S2MM_FULL.I_S2MM_FULL_WRAPPER/GEN_ENABLE_INDET_BTT_SF.I_INDET_BTT/I_XD_FIFO/NON_BLK_MEM.I_SYNC_FIFOGEN_FIFO/xpm_fifo_instance.xpm_fifo_sync_inst/xpm_fifo_base_inst/gen_sdpram.xpm_memory_base_inst/gen_wr_a.gen_word_narrow.mem_reg_0_15_0_5/RAMA_D1/CLK
Low Pulse Width   Fast    RAMD32/CLK          n/a            1.250         10.000      8.750      SLICE_X34Y73    chole_bhature_i/axi_dma_0/U0/I_PRMRY_DATAMOVER/GEN_S2MM_FULL.I_S2MM_FULL_WRAPPER/GEN_ENABLE_INDET_BTT_SF.I_INDET_BTT/I_XD_FIFO/NON_BLK_MEM.I_SYNC_FIFOGEN_FIFO/xpm_fifo_instance.xpm_fifo_sync_inst/xpm_fifo_base_inst/gen_sdpram.xpm_memory_base_inst/gen_wr_a.gen_word_narrow.mem_reg_0_15_0_5/RAMA_D1/CLK
Low Pulse Width   Slow    RAMD32/CLK          n/a            1.250         10.000      8.750      SLICE_X34Y73    chole_bhature_i/axi_dma_0/U0/I_PRMRY_DATAMOVER/GEN_S2MM_FULL.I_S2MM_FULL_WRAPPER/GEN_ENABLE_INDET_BTT_SF.I_INDET_BTT/I_XD_FIFO/NON_BLK_MEM.I_SYNC_FIFOGEN_FIFO/xpm_fifo_instance.xpm_fifo_sync_inst/xpm_fifo_base_inst/gen_sdpram.xpm_memory_base_inst/gen_wr_a.gen_word_narrow.mem_reg_0_15_0_5/RAMB/CLK
Low Pulse Width   Fast    RAMD32/CLK          n/a            1.250         10.000      8.750      SLICE_X34Y73    chole_bhature_i/axi_dma_0/U0/I_PRMRY_DATAMOVER/GEN_S2MM_FULL.I_S2MM_FULL_WRAPPER/GEN_ENABLE_INDET_BTT_SF.I_INDET_BTT/I_XD_FIFO/NON_BLK_MEM.I_SYNC_FIFOGEN_FIFO/xpm_fifo_instance.xpm_fifo_sync_inst/xpm_fifo_base_inst/gen_sdpram.xpm_memory_base_inst/gen_wr_a.gen_word_narrow.mem_reg_0_15_0_5/RAMB/CLK
Low Pulse Width   Slow    RAMD32/CLK          n/a            1.250         10.000      8.750      SLICE_X34Y73    chole_bhature_i/axi_dma_0/U0/I_PRMRY_DATAMOVER/GEN_S2MM_FULL.I_S2MM_FULL_WRAPPER/GEN_ENABLE_INDET_BTT_SF.I_INDET_BTT/I_XD_FIFO/NON_BLK_MEM.I_SYNC_FIFOGEN_FIFO/xpm_fifo_instance.xpm_fifo_sync_inst/xpm_fifo_base_inst/gen_sdpram.xpm_memory_base_inst/gen_wr_a.gen_word_narrow.mem_reg_0_15_0_5/RAMB_D1/CLK
Low Pulse Width   Fast    RAMD32/CLK          n/a            1.250         10.000      8.750      SLICE_X34Y73    chole_bhature_i/axi_dma_0/U0/I_PRMRY_DATAMOVER/GEN_S2MM_FULL.I_S2MM_FULL_WRAPPER/GEN_ENABLE_INDET_BTT_SF.I_INDET_BTT/I_XD_FIFO/NON_BLK_MEM.I_SYNC_FIFOGEN_FIFO/xpm_fifo_instance.xpm_fifo_sync_inst/xpm_fifo_base_inst/gen_sdpram.xpm_memory_base_inst/gen_wr_a.gen_word_narrow.mem_reg_0_15_0_5/RAMB_D1/CLK
Low Pulse Width   Slow    RAMD32/CLK          n/a            1.250         10.000      8.750      SLICE_X34Y73    chole_bhature_i/axi_dma_0/U0/I_PRMRY_DATAMOVER/GEN_S2MM_FULL.I_S2MM_FULL_WRAPPER/GEN_ENABLE_INDET_BTT_SF.I_INDET_BTT/I_XD_FIFO/NON_BLK_MEM.I_SYNC_FIFOGEN_FIFO/xpm_fifo_instance.xpm_fifo_sync_inst/xpm_fifo_base_inst/gen_sdpram.xpm_memory_base_inst/gen_wr_a.gen_word_narrow.mem_reg_0_15_0_5/RAMC/CLK
Low Pulse Width   Fast    RAMD32/CLK          n/a            1.250         10.000      8.750      SLICE_X34Y73    chole_bhature_i/axi_dma_0/U0/I_PRMRY_DATAMOVER/GEN_S2MM_FULL.I_S2MM_FULL_WRAPPER/GEN_ENABLE_INDET_BTT_SF.I_INDET_BTT/I_XD_FIFO/NON_BLK_MEM.I_SYNC_FIFOGEN_FIFO/xpm_fifo_instance.xpm_fifo_sync_inst/xpm_fifo_base_inst/gen_sdpram.xpm_memory_base_inst/gen_wr_a.gen_word_narrow.mem_reg_0_15_0_5/RAMC/CLK
High Pulse Width  Slow    RAMD32/CLK          n/a            1.250         10.000      8.750      SLICE_X34Y73    chole_bhature_i/axi_dma_0/U0/I_PRMRY_DATAMOVER/GEN_S2MM_FULL.I_S2MM_FULL_WRAPPER/GEN_ENABLE_INDET_BTT_SF.I_INDET_BTT/I_XD_FIFO/NON_BLK_MEM.I_SYNC_FIFOGEN_FIFO/xpm_fifo_instance.xpm_fifo_sync_inst/xpm_fifo_base_inst/gen_sdpram.xpm_memory_base_inst/gen_wr_a.gen_word_narrow.mem_reg_0_15_0_5/RAMA/CLK
High Pulse Width  Fast    RAMD32/CLK          n/a            1.250         10.000      8.750      SLICE_X34Y73    chole_bhature_i/axi_dma_0/U0/I_PRMRY_DATAMOVER/GEN_S2MM_FULL.I_S2MM_FULL_WRAPPER/GEN_ENABLE_INDET_BTT_SF.I_INDET_BTT/I_XD_FIFO/NON_BLK_MEM.I_SYNC_FIFOGEN_FIFO/xpm_fifo_instance.xpm_fifo_sync_inst/xpm_fifo_base_inst/gen_sdpram.xpm_memory_base_inst/gen_wr_a.gen_word_narrow.mem_reg_0_15_0_5/RAMA/CLK
High Pulse Width  Slow    RAMD32/CLK          n/a            1.250         10.000      8.750      SLICE_X34Y73    chole_bhature_i/axi_dma_0/U0/I_PRMRY_DATAMOVER/GEN_S2MM_FULL.I_S2MM_FULL_WRAPPER/GEN_ENABLE_INDET_BTT_SF.I_INDET_BTT/I_XD_FIFO/NON_BLK_MEM.I_SYNC_FIFOGEN_FIFO/xpm_fifo_instance.xpm_fifo_sync_inst/xpm_fifo_base_inst/gen_sdpram.xpm_memory_base_inst/gen_wr_a.gen_word_narrow.mem_reg_0_15_0_5/RAMA_D1/CLK
High Pulse Width  Fast    RAMD32/CLK          n/a            1.250         10.000      8.750      SLICE_X34Y73    chole_bhature_i/axi_dma_0/U0/I_PRMRY_DATAMOVER/GEN_S2MM_FULL.I_S2MM_FULL_WRAPPER/GEN_ENABLE_INDET_BTT_SF.I_INDET_BTT/I_XD_FIFO/NON_BLK_MEM.I_SYNC_FIFOGEN_FIFO/xpm_fifo_instance.xpm_fifo_sync_inst/xpm_fifo_base_inst/gen_sdpram.xpm_memory_base_inst/gen_wr_a.gen_word_narrow.mem_reg_0_15_0_5/RAMA_D1/CLK
High Pulse Width  Slow    RAMD32/CLK          n/a            1.250         10.000      8.750      SLICE_X34Y73    chole_bhature_i/axi_dma_0/U0/I_PRMRY_DATAMOVER/GEN_S2MM_FULL.I_S2MM_FULL_WRAPPER/GEN_ENABLE_INDET_BTT_SF.I_INDET_BTT/I_XD_FIFO/NON_BLK_MEM.I_SYNC_FIFOGEN_FIFO/xpm_fifo_instance.xpm_fifo_sync_inst/xpm_fifo_base_inst/gen_sdpram.xpm_memory_base_inst/gen_wr_a.gen_word_narrow.mem_reg_0_15_0_5/RAMB/CLK
High Pulse Width  Fast    RAMD32/CLK          n/a            1.250         10.000      8.750      SLICE_X34Y73    chole_bhature_i/axi_dma_0/U0/I_PRMRY_DATAMOVER/GEN_S2MM_FULL.I_S2MM_FULL_WRAPPER/GEN_ENABLE_INDET_BTT_SF.I_INDET_BTT/I_XD_FIFO/NON_BLK_MEM.I_SYNC_FIFOGEN_FIFO/xpm_fifo_instance.xpm_fifo_sync_inst/xpm_fifo_base_inst/gen_sdpram.xpm_memory_base_inst/gen_wr_a.gen_word_narrow.mem_reg_0_15_0_5/RAMB/CLK
High Pulse Width  Slow    RAMD32/CLK          n/a            1.250         10.000      8.750      SLICE_X34Y73    chole_bhature_i/axi_dma_0/U0/I_PRMRY_DATAMOVER/GEN_S2MM_FULL.I_S2MM_FULL_WRAPPER/GEN_ENABLE_INDET_BTT_SF.I_INDET_BTT/I_XD_FIFO/NON_BLK_MEM.I_SYNC_FIFOGEN_FIFO/xpm_fifo_instance.xpm_fifo_sync_inst/xpm_fifo_base_inst/gen_sdpram.xpm_memory_base_inst/gen_wr_a.gen_word_narrow.mem_reg_0_15_0_5/RAMB_D1/CLK
High Pulse Width  Fast    RAMD32/CLK          n/a            1.250         10.000      8.750      SLICE_X34Y73    chole_bhature_i/axi_dma_0/U0/I_PRMRY_DATAMOVER/GEN_S2MM_FULL.I_S2MM_FULL_WRAPPER/GEN_ENABLE_INDET_BTT_SF.I_INDET_BTT/I_XD_FIFO/NON_BLK_MEM.I_SYNC_FIFOGEN_FIFO/xpm_fifo_instance.xpm_fifo_sync_inst/xpm_fifo_base_inst/gen_sdpram.xpm_memory_base_inst/gen_wr_a.gen_word_narrow.mem_reg_0_15_0_5/RAMB_D1/CLK
High Pulse Width  Slow    RAMD32/CLK          n/a            1.250         10.000      8.750      SLICE_X34Y73    chole_bhature_i/axi_dma_0/U0/I_PRMRY_DATAMOVER/GEN_S2MM_FULL.I_S2MM_FULL_WRAPPER/GEN_ENABLE_INDET_BTT_SF.I_INDET_BTT/I_XD_FIFO/NON_BLK_MEM.I_SYNC_FIFOGEN_FIFO/xpm_fifo_instance.xpm_fifo_sync_inst/xpm_fifo_base_inst/gen_sdpram.xpm_memory_base_inst/gen_wr_a.gen_word_narrow.mem_reg_0_15_0_5/RAMC/CLK
High Pulse Width  Fast    RAMD32/CLK          n/a            1.250         10.000      8.750      SLICE_X34Y73    chole_bhature_i/axi_dma_0/U0/I_PRMRY_DATAMOVER/GEN_S2MM_FULL.I_S2MM_FULL_WRAPPER/GEN_ENABLE_INDET_BTT_SF.I_INDET_BTT/I_XD_FIFO/NON_BLK_MEM.I_SYNC_FIFOGEN_FIFO/xpm_fifo_instance.xpm_fifo_sync_inst/xpm_fifo_base_inst/gen_sdpram.xpm_memory_base_inst/gen_wr_a.gen_word_narrow.mem_reg_0_15_0_5/RAMC/CLK



---------------------------------------------------------------------------------------------------
Path Group:  **async_default**
From Clock:  clk_fpga_0
  To Clock:  clk_fpga_0

Setup :            0  Failing Endpoints,  Worst Slack       16.013ns,  Total Violation        0.000ns
Hold  :            0  Failing Endpoints,  Worst Slack        0.522ns,  Total Violation        0.000ns
---------------------------------------------------------------------------------------------------


Max Delay Paths
--------------------------------------------------------------------------------------
Slack (MET) :             16.013ns  (required time - arrival time)
  Source:                 <hidden>
                            (rising edge-triggered cell FDPE clocked by clk_fpga_0  {rise@0.000ns fall@10.000ns period=20.000ns})
  Destination:            <hidden>
                            (recovery check against rising-edge clock clk_fpga_0  {rise@0.000ns fall@10.000ns period=20.000ns})
  Path Group:             **async_default**
  Path Type:              Recovery (Max at Slow Process Corner)
  Requirement:            20.000ns  (clk_fpga_0 rise@20.000ns - clk_fpga_0 rise@0.000ns)
  Data Path Delay:        3.183ns  (logic 0.773ns (24.282%)  route 2.410ns (75.718%))
  Logic Levels:           1  (LUT3=1)
  Clock Path Skew:        -0.141ns (DCD - SCD + CPR)
    Destination Clock Delay (DCD):    2.760ns = ( 22.760 - 20.000 ) 
    Source Clock Delay      (SCD):    3.131ns
    Clock Pessimism Removal (CPR):    0.230ns
  Clock Uncertainty:      0.302ns  ((TSJ^2 + TIJ^2)^1/2 + DJ) / 2 + PE
    Total System Jitter     (TSJ):    0.071ns
    Total Input Jitter      (TIJ):    0.600ns
    Discrete Jitter          (DJ):    0.000ns
    Phase Error              (PE):    0.000ns

    Location             Delay type                Incr(ns)  Path(ns)    Netlist Resource(s)
  -------------------------------------------------------------------    -------------------
                         (clock clk_fpga_0 rise edge)
                                                      0.000     0.000 r  
    PS7_X0Y0             PS7                          0.000     0.000 r  chole_bhature_i/processing_system7_0/inst/PS7_i/FCLKCLK[0]
                         net (fo=1, routed)           1.193     1.193    chole_bhature_i/processing_system7_0/inst/FCLK_CLK_unbuffered[0]
    BUFGCTRL_X0Y16       BUFG (Prop_bufg_I_O)         0.101     1.294 r  chole_bhature_i/processing_system7_0/inst/buffer_fclk_clk_0.FCLK_CLK_0_BUFG/O
                         net (fo=18463, routed)       1.837     3.131    <hidden>
    SLICE_X4Y45          FDPE                                         r  <hidden>
  -------------------------------------------------------------------    -------------------
    SLICE_X4Y45          FDPE (Prop_fdpe_C_Q)         0.478     3.609 f  <hidden>
                         net (fo=2, routed)           0.871     4.480    <hidden>
    SLICE_X5Y45          LUT3 (Prop_lut3_I2_O)        0.295     4.775 f  <hidden>
                         net (fo=33, routed)          1.539     6.314    <hidden>
    SLICE_X8Y49          FDPE                                         f  <hidden>
  -------------------------------------------------------------------    -------------------

                         (clock clk_fpga_0 rise edge)
                                                     20.000    20.000 r  
    PS7_X0Y0             PS7                          0.000    20.000 r  chole_bhature_i/processing_system7_0/inst/PS7_i/FCLKCLK[0]
                         net (fo=1, routed)           1.088    21.088    chole_bhature_i/processing_system7_0/inst/FCLK_CLK_unbuffered[0]
    BUFGCTRL_X0Y16       BUFG (Prop_bufg_I_O)         0.091    21.179 r  chole_bhature_i/processing_system7_0/inst/buffer_fclk_clk_0.FCLK_CLK_0_BUFG/O
                         net (fo=18463, routed)       1.581    22.760    <hidden>
    SLICE_X8Y49          FDPE                                         r  <hidden>
                         clock pessimism              0.230    22.990    
                         clock uncertainty           -0.302    22.688    
    SLICE_X8Y49          FDPE (Recov_fdpe_C_PRE)     -0.361    22.327    <hidden>
  -------------------------------------------------------------------
                         required time                         22.327    
                         arrival time                          -6.314    
  -------------------------------------------------------------------
                         slack                                 16.013    

Slack (MET) :             16.013ns  (required time - arrival time)
  Source:                 <hidden>
                            (rising edge-triggered cell FDPE clocked by clk_fpga_0  {rise@0.000ns fall@10.000ns period=20.000ns})
  Destination:            <hidden>
                            (recovery check against rising-edge clock clk_fpga_0  {rise@0.000ns fall@10.000ns period=20.000ns})
  Path Group:             **async_default**
  Path Type:              Recovery (Max at Slow Process Corner)
  Requirement:            20.000ns  (clk_fpga_0 rise@20.000ns - clk_fpga_0 rise@0.000ns)
  Data Path Delay:        3.183ns  (logic 0.773ns (24.282%)  route 2.410ns (75.718%))
  Logic Levels:           1  (LUT3=1)
  Clock Path Skew:        -0.141ns (DCD - SCD + CPR)
    Destination Clock Delay (DCD):    2.760ns = ( 22.760 - 20.000 ) 
    Source Clock Delay      (SCD):    3.131ns
    Clock Pessimism Removal (CPR):    0.230ns
  Clock Uncertainty:      0.302ns  ((TSJ^2 + TIJ^2)^1/2 + DJ) / 2 + PE
    Total System Jitter     (TSJ):    0.071ns
    Total Input Jitter      (TIJ):    0.600ns
    Discrete Jitter          (DJ):    0.000ns
    Phase Error              (PE):    0.000ns

    Location             Delay type                Incr(ns)  Path(ns)    Netlist Resource(s)
  -------------------------------------------------------------------    -------------------
                         (clock clk_fpga_0 rise edge)
                                                      0.000     0.000 r  
    PS7_X0Y0             PS7                          0.000     0.000 r  chole_bhature_i/processing_system7_0/inst/PS7_i/FCLKCLK[0]
                         net (fo=1, routed)           1.193     1.193    chole_bhature_i/processing_system7_0/inst/FCLK_CLK_unbuffered[0]
    BUFGCTRL_X0Y16       BUFG (Prop_bufg_I_O)         0.101     1.294 r  chole_bhature_i/processing_system7_0/inst/buffer_fclk_clk_0.FCLK_CLK_0_BUFG/O
                         net (fo=18463, routed)       1.837     3.131    <hidden>
    SLICE_X4Y45          FDPE                                         r  <hidden>
  -------------------------------------------------------------------    -------------------
    SLICE_X4Y45          FDPE (Prop_fdpe_C_Q)         0.478     3.609 f  <hidden>
                         net (fo=2, routed)           0.871     4.480    <hidden>
    SLICE_X5Y45          LUT3 (Prop_lut3_I2_O)        0.295     4.775 f  <hidden>
                         net (fo=33, routed)          1.539     6.314    <hidden>
    SLICE_X8Y49          FDPE                                         f  <hidden>
  -------------------------------------------------------------------    -------------------

                         (clock clk_fpga_0 rise edge)
                                                     20.000    20.000 r  
    PS7_X0Y0             PS7                          0.000    20.000 r  chole_bhature_i/processing_system7_0/inst/PS7_i/FCLKCLK[0]
                         net (fo=1, routed)           1.088    21.088    chole_bhature_i/processing_system7_0/inst/FCLK_CLK_unbuffered[0]
    BUFGCTRL_X0Y16       BUFG (Prop_bufg_I_O)         0.091    21.179 r  chole_bhature_i/processing_system7_0/inst/buffer_fclk_clk_0.FCLK_CLK_0_BUFG/O
                         net (fo=18463, routed)       1.581    22.760    <hidden>
    SLICE_X8Y49          FDPE                                         r  <hidden>
                         clock pessimism              0.230    22.990    
                         clock uncertainty           -0.302    22.688    
    SLICE_X8Y49          FDPE (Recov_fdpe_C_PRE)     -0.361    22.327    <hidden>
  -------------------------------------------------------------------
                         required time                         22.327    
                         arrival time                          -6.314    
  -------------------------------------------------------------------
                         slack                                 16.013    

Slack (MET) :             16.013ns  (required time - arrival time)
  Source:                 <hidden>
                            (rising edge-triggered cell FDPE clocked by clk_fpga_0  {rise@0.000ns fall@10.000ns period=20.000ns})
  Destination:            <hidden>
                            (recovery check against rising-edge clock clk_fpga_0  {rise@0.000ns fall@10.000ns period=20.000ns})
  Path Group:             **async_default**
  Path Type:              Recovery (Max at Slow Process Corner)
  Requirement:            20.000ns  (clk_fpga_0 rise@20.000ns - clk_fpga_0 rise@0.000ns)
  Data Path Delay:        3.183ns  (logic 0.773ns (24.282%)  route 2.410ns (75.718%))
  Logic Levels:           1  (LUT3=1)
  Clock Path Skew:        -0.141ns (DCD - SCD + CPR)
    Destination Clock Delay (DCD):    2.760ns = ( 22.760 - 20.000 ) 
    Source Clock Delay      (SCD):    3.131ns
    Clock Pessimism Removal (CPR):    0.230ns
  Clock Uncertainty:      0.302ns  ((TSJ^2 + TIJ^2)^1/2 + DJ) / 2 + PE
    Total System Jitter     (TSJ):    0.071ns
    Total Input Jitter      (TIJ):    0.600ns
    Discrete Jitter          (DJ):    0.000ns
    Phase Error              (PE):    0.000ns

    Location             Delay type                Incr(ns)  Path(ns)    Netlist Resource(s)
  -------------------------------------------------------------------    -------------------
                         (clock clk_fpga_0 rise edge)
                                                      0.000     0.000 r  
    PS7_X0Y0             PS7                          0.000     0.000 r  chole_bhature_i/processing_system7_0/inst/PS7_i/FCLKCLK[0]
                         net (fo=1, routed)           1.193     1.193    chole_bhature_i/processing_system7_0/inst/FCLK_CLK_unbuffered[0]
    BUFGCTRL_X0Y16       BUFG (Prop_bufg_I_O)         0.101     1.294 r  chole_bhature_i/processing_system7_0/inst/buffer_fclk_clk_0.FCLK_CLK_0_BUFG/O
                         net (fo=18463, routed)       1.837     3.131    <hidden>
    SLICE_X4Y45          FDPE                                         r  <hidden>
  -------------------------------------------------------------------    -------------------
    SLICE_X4Y45          FDPE (Prop_fdpe_C_Q)         0.478     3.609 f  <hidden>
                         net (fo=2, routed)           0.871     4.480    <hidden>
    SLICE_X5Y45          LUT3 (Prop_lut3_I2_O)        0.295     4.775 f  <hidden>
                         net (fo=33, routed)          1.539     6.314    <hidden>
    SLICE_X8Y49          FDCE                                         f  <hidden>
  -------------------------------------------------------------------    -------------------

                         (clock clk_fpga_0 rise edge)
                                                     20.000    20.000 r  
    PS7_X0Y0             PS7                          0.000    20.000 r  chole_bhature_i/processing_system7_0/inst/PS7_i/FCLKCLK[0]
                         net (fo=1, routed)           1.088    21.088    chole_bhature_i/processing_system7_0/inst/FCLK_CLK_unbuffered[0]
    BUFGCTRL_X0Y16       BUFG (Prop_bufg_I_O)         0.091    21.179 r  chole_bhature_i/processing_system7_0/inst/buffer_fclk_clk_0.FCLK_CLK_0_BUFG/O
                         net (fo=18463, routed)       1.581    22.760    <hidden>
    SLICE_X8Y49          FDCE                                         r  <hidden>
                         clock pessimism              0.230    22.990    
                         clock uncertainty           -0.302    22.688    
    SLICE_X8Y49          FDCE (Recov_fdce_C_CLR)     -0.361    22.327    <hidden>
  -------------------------------------------------------------------
                         required time                         22.327    
                         arrival time                          -6.314    
  -------------------------------------------------------------------
                         slack                                 16.013    

Slack (MET) :             16.055ns  (required time - arrival time)
  Source:                 <hidden>
                            (rising edge-triggered cell FDPE clocked by clk_fpga_0  {rise@0.000ns fall@10.000ns period=20.000ns})
  Destination:            <hidden>
                            (recovery check against rising-edge clock clk_fpga_0  {rise@0.000ns fall@10.000ns period=20.000ns})
  Path Group:             **async_default**
  Path Type:              Recovery (Max at Slow Process Corner)
  Requirement:            20.000ns  (clk_fpga_0 rise@20.000ns - clk_fpga_0 rise@0.000ns)
  Data Path Delay:        3.183ns  (logic 0.773ns (24.282%)  route 2.410ns (75.718%))
  Logic Levels:           1  (LUT3=1)
  Clock Path Skew:        -0.141ns (DCD - SCD + CPR)
    Destination Clock Delay (DCD):    2.760ns = ( 22.760 - 20.000 ) 
    Source Clock Delay      (SCD):    3.131ns
    Clock Pessimism Removal (CPR):    0.230ns
  Clock Uncertainty:      0.302ns  ((TSJ^2 + TIJ^2)^1/2 + DJ) / 2 + PE
    Total System Jitter     (TSJ):    0.071ns
    Total Input Jitter      (TIJ):    0.600ns
    Discrete Jitter          (DJ):    0.000ns
    Phase Error              (PE):    0.000ns

    Location             Delay type                Incr(ns)  Path(ns)    Netlist Resource(s)
  -------------------------------------------------------------------    -------------------
                         (clock clk_fpga_0 rise edge)
                                                      0.000     0.000 r  
    PS7_X0Y0             PS7                          0.000     0.000 r  chole_bhature_i/processing_system7_0/inst/PS7_i/FCLKCLK[0]
                         net (fo=1, routed)           1.193     1.193    chole_bhature_i/processing_system7_0/inst/FCLK_CLK_unbuffered[0]
    BUFGCTRL_X0Y16       BUFG (Prop_bufg_I_O)         0.101     1.294 r  chole_bhature_i/processing_system7_0/inst/buffer_fclk_clk_0.FCLK_CLK_0_BUFG/O
                         net (fo=18463, routed)       1.837     3.131    <hidden>
    SLICE_X4Y45          FDPE                                         r  <hidden>
  -------------------------------------------------------------------    -------------------
    SLICE_X4Y45          FDPE (Prop_fdpe_C_Q)         0.478     3.609 f  <hidden>
                         net (fo=2, routed)           0.871     4.480    <hidden>
    SLICE_X5Y45          LUT3 (Prop_lut3_I2_O)        0.295     4.775 f  <hidden>
                         net (fo=33, routed)          1.539     6.314    <hidden>
    SLICE_X8Y49          FDPE                                         f  <hidden>
  -------------------------------------------------------------------    -------------------

                         (clock clk_fpga_0 rise edge)
                                                     20.000    20.000 r  
    PS7_X0Y0             PS7                          0.000    20.000 r  chole_bhature_i/processing_system7_0/inst/PS7_i/FCLKCLK[0]
                         net (fo=1, routed)           1.088    21.088    chole_bhature_i/processing_system7_0/inst/FCLK_CLK_unbuffered[0]
    BUFGCTRL_X0Y16       BUFG (Prop_bufg_I_O)         0.091    21.179 r  chole_bhature_i/processing_system7_0/inst/buffer_fclk_clk_0.FCLK_CLK_0_BUFG/O
                         net (fo=18463, routed)       1.581    22.760    <hidden>
    SLICE_X8Y49          FDPE                                         r  <hidden>
                         clock pessimism              0.230    22.990    
                         clock uncertainty           -0.302    22.688    
    SLICE_X8Y49          FDPE (Recov_fdpe_C_PRE)     -0.319    22.369    <hidden>
  -------------------------------------------------------------------
                         required time                         22.369    
                         arrival time                          -6.314    
  -------------------------------------------------------------------
                         slack                                 16.055    

Slack (MET) :             16.055ns  (required time - arrival time)
  Source:                 <hidden>
                            (rising edge-triggered cell FDPE clocked by clk_fpga_0  {rise@0.000ns fall@10.000ns period=20.000ns})
  Destination:            <hidden>
                            (recovery check against rising-edge clock clk_fpga_0  {rise@0.000ns fall@10.000ns period=20.000ns})
  Path Group:             **async_default**
  Path Type:              Recovery (Max at Slow Process Corner)
  Requirement:            20.000ns  (clk_fpga_0 rise@20.000ns - clk_fpga_0 rise@0.000ns)
  Data Path Delay:        3.183ns  (logic 0.773ns (24.282%)  route 2.410ns (75.718%))
  Logic Levels:           1  (LUT3=1)
  Clock Path Skew:        -0.141ns (DCD - SCD + CPR)
    Destination Clock Delay (DCD):    2.760ns = ( 22.760 - 20.000 ) 
    Source Clock Delay      (SCD):    3.131ns
    Clock Pessimism Removal (CPR):    0.230ns
  Clock Uncertainty:      0.302ns  ((TSJ^2 + TIJ^2)^1/2 + DJ) / 2 + PE
    Total System Jitter     (TSJ):    0.071ns
    Total Input Jitter      (TIJ):    0.600ns
    Discrete Jitter          (DJ):    0.000ns
    Phase Error              (PE):    0.000ns

    Location             Delay type                Incr(ns)  Path(ns)    Netlist Resource(s)
  -------------------------------------------------------------------    -------------------
                         (clock clk_fpga_0 rise edge)
                                                      0.000     0.000 r  
    PS7_X0Y0             PS7                          0.000     0.000 r  chole_bhature_i/processing_system7_0/inst/PS7_i/FCLKCLK[0]
                         net (fo=1, routed)           1.193     1.193    chole_bhature_i/processing_system7_0/inst/FCLK_CLK_unbuffered[0]
    BUFGCTRL_X0Y16       BUFG (Prop_bufg_I_O)         0.101     1.294 r  chole_bhature_i/processing_system7_0/inst/buffer_fclk_clk_0.FCLK_CLK_0_BUFG/O
                         net (fo=18463, routed)       1.837     3.131    <hidden>
    SLICE_X4Y45          FDPE                                         r  <hidden>
  -------------------------------------------------------------------    -------------------
    SLICE_X4Y45          FDPE (Prop_fdpe_C_Q)         0.478     3.609 f  <hidden>
                         net (fo=2, routed)           0.871     4.480    <hidden>
    SLICE_X5Y45          LUT3 (Prop_lut3_I2_O)        0.295     4.775 f  <hidden>
                         net (fo=33, routed)          1.539     6.314    <hidden>
    SLICE_X8Y49          FDPE                                         f  <hidden>
  -------------------------------------------------------------------    -------------------

                         (clock clk_fpga_0 rise edge)
                                                     20.000    20.000 r  
    PS7_X0Y0             PS7                          0.000    20.000 r  chole_bhature_i/processing_system7_0/inst/PS7_i/FCLKCLK[0]
                         net (fo=1, routed)           1.088    21.088    chole_bhature_i/processing_system7_0/inst/FCLK_CLK_unbuffered[0]
    BUFGCTRL_X0Y16       BUFG (Prop_bufg_I_O)         0.091    21.179 r  chole_bhature_i/processing_system7_0/inst/buffer_fclk_clk_0.FCLK_CLK_0_BUFG/O
                         net (fo=18463, routed)       1.581    22.760    <hidden>
    SLICE_X8Y49          FDPE                                         r  <hidden>
                         clock pessimism              0.230    22.990    
                         clock uncertainty           -0.302    22.688    
    SLICE_X8Y49          FDPE (Recov_fdpe_C_PRE)     -0.319    22.369    <hidden>
  -------------------------------------------------------------------
                         required time                         22.369    
                         arrival time                          -6.314    
  -------------------------------------------------------------------
                         slack                                 16.055    

Slack (MET) :             16.055ns  (required time - arrival time)
  Source:                 <hidden>
                            (rising edge-triggered cell FDPE clocked by clk_fpga_0  {rise@0.000ns fall@10.000ns period=20.000ns})
  Destination:            <hidden>
                            (recovery check against rising-edge clock clk_fpga_0  {rise@0.000ns fall@10.000ns period=20.000ns})
  Path Group:             **async_default**
  Path Type:              Recovery (Max at Slow Process Corner)
  Requirement:            20.000ns  (clk_fpga_0 rise@20.000ns - clk_fpga_0 rise@0.000ns)
  Data Path Delay:        3.183ns  (logic 0.773ns (24.282%)  route 2.410ns (75.718%))
  Logic Levels:           1  (LUT3=1)
  Clock Path Skew:        -0.141ns (DCD - SCD + CPR)
    Destination Clock Delay (DCD):    2.760ns = ( 22.760 - 20.000 ) 
    Source Clock Delay      (SCD):    3.131ns
    Clock Pessimism Removal (CPR):    0.230ns
  Clock Uncertainty:      0.302ns  ((TSJ^2 + TIJ^2)^1/2 + DJ) / 2 + PE
    Total System Jitter     (TSJ):    0.071ns
    Total Input Jitter      (TIJ):    0.600ns
    Discrete Jitter          (DJ):    0.000ns
    Phase Error              (PE):    0.000ns

    Location             Delay type                Incr(ns)  Path(ns)    Netlist Resource(s)
  -------------------------------------------------------------------    -------------------
                         (clock clk_fpga_0 rise edge)
                                                      0.000     0.000 r  
    PS7_X0Y0             PS7                          0.000     0.000 r  chole_bhature_i/processing_system7_0/inst/PS7_i/FCLKCLK[0]
                         net (fo=1, routed)           1.193     1.193    chole_bhature_i/processing_system7_0/inst/FCLK_CLK_unbuffered[0]
    BUFGCTRL_X0Y16       BUFG (Prop_bufg_I_O)         0.101     1.294 r  chole_bhature_i/processing_system7_0/inst/buffer_fclk_clk_0.FCLK_CLK_0_BUFG/O
                         net (fo=18463, routed)       1.837     3.131    <hidden>
    SLICE_X4Y45          FDPE                                         r  <hidden>
  -------------------------------------------------------------------    -------------------
    SLICE_X4Y45          FDPE (Prop_fdpe_C_Q)         0.478     3.609 f  <hidden>
                         net (fo=2, routed)           0.871     4.480    <hidden>
    SLICE_X5Y45          LUT3 (Prop_lut3_I2_O)        0.295     4.775 f  <hidden>
                         net (fo=33, routed)          1.539     6.314    <hidden>
    SLICE_X8Y49          FDCE                                         f  <hidden>
  -------------------------------------------------------------------    -------------------

                         (clock clk_fpga_0 rise edge)
                                                     20.000    20.000 r  
    PS7_X0Y0             PS7                          0.000    20.000 r  chole_bhature_i/processing_system7_0/inst/PS7_i/FCLKCLK[0]
                         net (fo=1, routed)           1.088    21.088    chole_bhature_i/processing_system7_0/inst/FCLK_CLK_unbuffered[0]
    BUFGCTRL_X0Y16       BUFG (Prop_bufg_I_O)         0.091    21.179 r  chole_bhature_i/processing_system7_0/inst/buffer_fclk_clk_0.FCLK_CLK_0_BUFG/O
                         net (fo=18463, routed)       1.581    22.760    <hidden>
    SLICE_X8Y49          FDCE                                         r  <hidden>
                         clock pessimism              0.230    22.990    
                         clock uncertainty           -0.302    22.688    
    SLICE_X8Y49          FDCE (Recov_fdce_C_CLR)     -0.319    22.369    <hidden>
  -------------------------------------------------------------------
                         required time                         22.369    
                         arrival time                          -6.314    
  -------------------------------------------------------------------
                         slack                                 16.055    

Slack (MET) :             16.055ns  (required time - arrival time)
  Source:                 <hidden>
                            (rising edge-triggered cell FDPE clocked by clk_fpga_0  {rise@0.000ns fall@10.000ns period=20.000ns})
  Destination:            <hidden>
                            (recovery check against rising-edge clock clk_fpga_0  {rise@0.000ns fall@10.000ns period=20.000ns})
  Path Group:             **async_default**
  Path Type:              Recovery (Max at Slow Process Corner)
  Requirement:            20.000ns  (clk_fpga_0 rise@20.000ns - clk_fpga_0 rise@0.000ns)
  Data Path Delay:        3.183ns  (logic 0.773ns (24.282%)  route 2.410ns (75.718%))
  Logic Levels:           1  (LUT3=1)
  Clock Path Skew:        -0.141ns (DCD - SCD + CPR)
    Destination Clock Delay (DCD):    2.760ns = ( 22.760 - 20.000 ) 
    Source Clock Delay      (SCD):    3.131ns
    Clock Pessimism Removal (CPR):    0.230ns
  Clock Uncertainty:      0.302ns  ((TSJ^2 + TIJ^2)^1/2 + DJ) / 2 + PE
    Total System Jitter     (TSJ):    0.071ns
    Total Input Jitter      (TIJ):    0.600ns
    Discrete Jitter          (DJ):    0.000ns
    Phase Error              (PE):    0.000ns

    Location             Delay type                Incr(ns)  Path(ns)    Netlist Resource(s)
  -------------------------------------------------------------------    -------------------
                         (clock clk_fpga_0 rise edge)
                                                      0.000     0.000 r  
    PS7_X0Y0             PS7                          0.000     0.000 r  chole_bhature_i/processing_system7_0/inst/PS7_i/FCLKCLK[0]
                         net (fo=1, routed)           1.193     1.193    chole_bhature_i/processing_system7_0/inst/FCLK_CLK_unbuffered[0]
    BUFGCTRL_X0Y16       BUFG (Prop_bufg_I_O)         0.101     1.294 r  chole_bhature_i/processing_system7_0/inst/buffer_fclk_clk_0.FCLK_CLK_0_BUFG/O
                         net (fo=18463, routed)       1.837     3.131    <hidden>
    SLICE_X4Y45          FDPE                                         r  <hidden>
  -------------------------------------------------------------------    -------------------
    SLICE_X4Y45          FDPE (Prop_fdpe_C_Q)         0.478     3.609 f  <hidden>
                         net (fo=2, routed)           0.871     4.480    <hidden>
    SLICE_X5Y45          LUT3 (Prop_lut3_I2_O)        0.295     4.775 f  <hidden>
                         net (fo=33, routed)          1.539     6.314    <hidden>
    SLICE_X8Y49          FDCE                                         f  <hidden>
  -------------------------------------------------------------------    -------------------

                         (clock clk_fpga_0 rise edge)
                                                     20.000    20.000 r  
    PS7_X0Y0             PS7                          0.000    20.000 r  chole_bhature_i/processing_system7_0/inst/PS7_i/FCLKCLK[0]
                         net (fo=1, routed)           1.088    21.088    chole_bhature_i/processing_system7_0/inst/FCLK_CLK_unbuffered[0]
    BUFGCTRL_X0Y16       BUFG (Prop_bufg_I_O)         0.091    21.179 r  chole_bhature_i/processing_system7_0/inst/buffer_fclk_clk_0.FCLK_CLK_0_BUFG/O
                         net (fo=18463, routed)       1.581    22.760    <hidden>
    SLICE_X8Y49          FDCE                                         r  <hidden>
                         clock pessimism              0.230    22.990    
                         clock uncertainty           -0.302    22.688    
    SLICE_X8Y49          FDCE (Recov_fdce_C_CLR)     -0.319    22.369    <hidden>
  -------------------------------------------------------------------
                         required time                         22.369    
                         arrival time                          -6.314    
  -------------------------------------------------------------------
                         slack                                 16.055    

Slack (MET) :             16.302ns  (required time - arrival time)
  Source:                 <hidden>
                            (rising edge-triggered cell FDPE clocked by clk_fpga_0  {rise@0.000ns fall@10.000ns period=20.000ns})
  Destination:            <hidden>
                            (recovery check against rising-edge clock clk_fpga_0  {rise@0.000ns fall@10.000ns period=20.000ns})
  Path Group:             **async_default**
  Path Type:              Recovery (Max at Slow Process Corner)
  Requirement:            20.000ns  (clk_fpga_0 rise@20.000ns - clk_fpga_0 rise@0.000ns)
  Data Path Delay:        2.894ns  (logic 0.773ns (26.708%)  route 2.121ns (73.292%))
  Logic Levels:           1  (LUT3=1)
  Clock Path Skew:        -0.141ns (DCD - SCD + CPR)
    Destination Clock Delay (DCD):    2.760ns = ( 22.760 - 20.000 ) 
    Source Clock Delay      (SCD):    3.131ns
    Clock Pessimism Removal (CPR):    0.230ns
  Clock Uncertainty:      0.302ns  ((TSJ^2 + TIJ^2)^1/2 + DJ) / 2 + PE
    Total System Jitter     (TSJ):    0.071ns
    Total Input Jitter      (TIJ):    0.600ns
    Discrete Jitter          (DJ):    0.000ns
    Phase Error              (PE):    0.000ns

    Location             Delay type                Incr(ns)  Path(ns)    Netlist Resource(s)
  -------------------------------------------------------------------    -------------------
                         (clock clk_fpga_0 rise edge)
                                                      0.000     0.000 r  
    PS7_X0Y0             PS7                          0.000     0.000 r  chole_bhature_i/processing_system7_0/inst/PS7_i/FCLKCLK[0]
                         net (fo=1, routed)           1.193     1.193    chole_bhature_i/processing_system7_0/inst/FCLK_CLK_unbuffered[0]
    BUFGCTRL_X0Y16       BUFG (Prop_bufg_I_O)         0.101     1.294 r  chole_bhature_i/processing_system7_0/inst/buffer_fclk_clk_0.FCLK_CLK_0_BUFG/O
                         net (fo=18463, routed)       1.837     3.131    <hidden>
    SLICE_X4Y45          FDPE                                         r  <hidden>
  -------------------------------------------------------------------    -------------------
    SLICE_X4Y45          FDPE (Prop_fdpe_C_Q)         0.478     3.609 f  <hidden>
                         net (fo=2, routed)           0.871     4.480    <hidden>
    SLICE_X5Y45          LUT3 (Prop_lut3_I2_O)        0.295     4.775 f  <hidden>
                         net (fo=33, routed)          1.250     6.025    <hidden>
    SLICE_X8Y47          FDPE                                         f  <hidden>
  -------------------------------------------------------------------    -------------------

                         (clock clk_fpga_0 rise edge)
                                                     20.000    20.000 r  
    PS7_X0Y0             PS7                          0.000    20.000 r  chole_bhature_i/processing_system7_0/inst/PS7_i/FCLKCLK[0]
                         net (fo=1, routed)           1.088    21.088    chole_bhature_i/processing_system7_0/inst/FCLK_CLK_unbuffered[0]
    BUFGCTRL_X0Y16       BUFG (Prop_bufg_I_O)         0.091    21.179 r  chole_bhature_i/processing_system7_0/inst/buffer_fclk_clk_0.FCLK_CLK_0_BUFG/O
                         net (fo=18463, routed)       1.581    22.760    <hidden>
    SLICE_X8Y47          FDPE                                         r  <hidden>
                         clock pessimism              0.230    22.990    
                         clock uncertainty           -0.302    22.688    
    SLICE_X8Y47          FDPE (Recov_fdpe_C_PRE)     -0.361    22.327    <hidden>
  -------------------------------------------------------------------
                         required time                         22.327    
                         arrival time                          -6.025    
  -------------------------------------------------------------------
                         slack                                 16.302    

Slack (MET) :             16.302ns  (required time - arrival time)
  Source:                 <hidden>
                            (rising edge-triggered cell FDPE clocked by clk_fpga_0  {rise@0.000ns fall@10.000ns period=20.000ns})
  Destination:            <hidden>
                            (recovery check against rising-edge clock clk_fpga_0  {rise@0.000ns fall@10.000ns period=20.000ns})
  Path Group:             **async_default**
  Path Type:              Recovery (Max at Slow Process Corner)
  Requirement:            20.000ns  (clk_fpga_0 rise@20.000ns - clk_fpga_0 rise@0.000ns)
  Data Path Delay:        2.894ns  (logic 0.773ns (26.708%)  route 2.121ns (73.292%))
  Logic Levels:           1  (LUT3=1)
  Clock Path Skew:        -0.141ns (DCD - SCD + CPR)
    Destination Clock Delay (DCD):    2.760ns = ( 22.760 - 20.000 ) 
    Source Clock Delay      (SCD):    3.131ns
    Clock Pessimism Removal (CPR):    0.230ns
  Clock Uncertainty:      0.302ns  ((TSJ^2 + TIJ^2)^1/2 + DJ) / 2 + PE
    Total System Jitter     (TSJ):    0.071ns
    Total Input Jitter      (TIJ):    0.600ns
    Discrete Jitter          (DJ):    0.000ns
    Phase Error              (PE):    0.000ns

    Location             Delay type                Incr(ns)  Path(ns)    Netlist Resource(s)
  -------------------------------------------------------------------    -------------------
                         (clock clk_fpga_0 rise edge)
                                                      0.000     0.000 r  
    PS7_X0Y0             PS7                          0.000     0.000 r  chole_bhature_i/processing_system7_0/inst/PS7_i/FCLKCLK[0]
                         net (fo=1, routed)           1.193     1.193    chole_bhature_i/processing_system7_0/inst/FCLK_CLK_unbuffered[0]
    BUFGCTRL_X0Y16       BUFG (Prop_bufg_I_O)         0.101     1.294 r  chole_bhature_i/processing_system7_0/inst/buffer_fclk_clk_0.FCLK_CLK_0_BUFG/O
                         net (fo=18463, routed)       1.837     3.131    <hidden>
    SLICE_X4Y45          FDPE                                         r  <hidden>
  -------------------------------------------------------------------    -------------------
    SLICE_X4Y45          FDPE (Prop_fdpe_C_Q)         0.478     3.609 f  <hidden>
                         net (fo=2, routed)           0.871     4.480    <hidden>
    SLICE_X5Y45          LUT3 (Prop_lut3_I2_O)        0.295     4.775 f  <hidden>
                         net (fo=33, routed)          1.250     6.025    <hidden>
    SLICE_X8Y47          FDPE                                         f  <hidden>
  -------------------------------------------------------------------    -------------------

                         (clock clk_fpga_0 rise edge)
                                                     20.000    20.000 r  
    PS7_X0Y0             PS7                          0.000    20.000 r  chole_bhature_i/processing_system7_0/inst/PS7_i/FCLKCLK[0]
                         net (fo=1, routed)           1.088    21.088    chole_bhature_i/processing_system7_0/inst/FCLK_CLK_unbuffered[0]
    BUFGCTRL_X0Y16       BUFG (Prop_bufg_I_O)         0.091    21.179 r  chole_bhature_i/processing_system7_0/inst/buffer_fclk_clk_0.FCLK_CLK_0_BUFG/O
                         net (fo=18463, routed)       1.581    22.760    <hidden>
    SLICE_X8Y47          FDPE                                         r  <hidden>
                         clock pessimism              0.230    22.990    
                         clock uncertainty           -0.302    22.688    
    SLICE_X8Y47          FDPE (Recov_fdpe_C_PRE)     -0.361    22.327    <hidden>
  -------------------------------------------------------------------
                         required time                         22.327    
                         arrival time                          -6.025    
  -------------------------------------------------------------------
                         slack                                 16.302    

Slack (MET) :             16.344ns  (required time - arrival time)
  Source:                 <hidden>
                            (rising edge-triggered cell FDPE clocked by clk_fpga_0  {rise@0.000ns fall@10.000ns period=20.000ns})
  Destination:            <hidden>
                            (recovery check against rising-edge clock clk_fpga_0  {rise@0.000ns fall@10.000ns period=20.000ns})
  Path Group:             **async_default**
  Path Type:              Recovery (Max at Slow Process Corner)
  Requirement:            20.000ns  (clk_fpga_0 rise@20.000ns - clk_fpga_0 rise@0.000ns)
  Data Path Delay:        2.894ns  (logic 0.773ns (26.708%)  route 2.121ns (73.292%))
  Logic Levels:           1  (LUT3=1)
  Clock Path Skew:        -0.141ns (DCD - SCD + CPR)
    Destination Clock Delay (DCD):    2.760ns = ( 22.760 - 20.000 ) 
    Source Clock Delay      (SCD):    3.131ns
    Clock Pessimism Removal (CPR):    0.230ns
  Clock Uncertainty:      0.302ns  ((TSJ^2 + TIJ^2)^1/2 + DJ) / 2 + PE
    Total System Jitter     (TSJ):    0.071ns
    Total Input Jitter      (TIJ):    0.600ns
    Discrete Jitter          (DJ):    0.000ns
    Phase Error              (PE):    0.000ns

    Location             Delay type                Incr(ns)  Path(ns)    Netlist Resource(s)
  -------------------------------------------------------------------    -------------------
                         (clock clk_fpga_0 rise edge)
                                                      0.000     0.000 r  
    PS7_X0Y0             PS7                          0.000     0.000 r  chole_bhature_i/processing_system7_0/inst/PS7_i/FCLKCLK[0]
                         net (fo=1, routed)           1.193     1.193    chole_bhature_i/processing_system7_0/inst/FCLK_CLK_unbuffered[0]
    BUFGCTRL_X0Y16       BUFG (Prop_bufg_I_O)         0.101     1.294 r  chole_bhature_i/processing_system7_0/inst/buffer_fclk_clk_0.FCLK_CLK_0_BUFG/O
                         net (fo=18463, routed)       1.837     3.131    <hidden>
    SLICE_X4Y45          FDPE                                         r  <hidden>
  -------------------------------------------------------------------    -------------------
    SLICE_X4Y45          FDPE (Prop_fdpe_C_Q)         0.478     3.609 f  <hidden>
                         net (fo=2, routed)           0.871     4.480    <hidden>
    SLICE_X5Y45          LUT3 (Prop_lut3_I2_O)        0.295     4.775 f  <hidden>
                         net (fo=33, routed)          1.250     6.025    <hidden>
    SLICE_X8Y47          FDPE                                         f  <hidden>
  -------------------------------------------------------------------    -------------------

                         (clock clk_fpga_0 rise edge)
                                                     20.000    20.000 r  
    PS7_X0Y0             PS7                          0.000    20.000 r  chole_bhature_i/processing_system7_0/inst/PS7_i/FCLKCLK[0]
                         net (fo=1, routed)           1.088    21.088    chole_bhature_i/processing_system7_0/inst/FCLK_CLK_unbuffered[0]
    BUFGCTRL_X0Y16       BUFG (Prop_bufg_I_O)         0.091    21.179 r  chole_bhature_i/processing_system7_0/inst/buffer_fclk_clk_0.FCLK_CLK_0_BUFG/O
                         net (fo=18463, routed)       1.581    22.760    <hidden>
    SLICE_X8Y47          FDPE                                         r  <hidden>
                         clock pessimism              0.230    22.990    
                         clock uncertainty           -0.302    22.688    
    SLICE_X8Y47          FDPE (Recov_fdpe_C_PRE)     -0.319    22.369    <hidden>
  -------------------------------------------------------------------
                         required time                         22.369    
                         arrival time                          -6.025    
  -------------------------------------------------------------------
                         slack                                 16.344    





Min Delay Paths
--------------------------------------------------------------------------------------
Slack (MET) :             0.522ns  (arrival time - required time)
  Source:                 <hidden>
                            (rising edge-triggered cell FDRE clocked by clk_fpga_0  {rise@0.000ns fall@10.000ns period=20.000ns})
  Destination:            <hidden>
                            (removal check against rising-edge clock clk_fpga_0  {rise@0.000ns fall@10.000ns period=20.000ns})
  Path Group:             **async_default**
  Path Type:              Removal (Min at Fast Process Corner)
  Requirement:            0.000ns  (clk_fpga_0 rise@0.000ns - clk_fpga_0 rise@0.000ns)
  Data Path Delay:        0.492ns  (logic 0.186ns (37.789%)  route 0.306ns (62.211%))
  Logic Levels:           1  (LUT3=1)
  Clock Path Skew:        0.037ns (DCD - SCD - CPR)
    Destination Clock Delay (DCD):    1.261ns
    Source Clock Delay      (SCD):    0.961ns
    Clock Pessimism Removal (CPR):    0.263ns

    Location             Delay type                Incr(ns)  Path(ns)    Netlist Resource(s)
  -------------------------------------------------------------------    -------------------
                         (clock clk_fpga_0 rise edge)
                                                      0.000     0.000 r  
    PS7_X0Y0             PS7                          0.000     0.000 r  chole_bhature_i/processing_system7_0/inst/PS7_i/FCLKCLK[0]
                         net (fo=1, routed)           0.310     0.310    chole_bhature_i/processing_system7_0/inst/FCLK_CLK_unbuffered[0]
    BUFGCTRL_X0Y16       BUFG (Prop_bufg_I_O)         0.026     0.336 r  chole_bhature_i/processing_system7_0/inst/buffer_fclk_clk_0.FCLK_CLK_0_BUFG/O
                         net (fo=18463, routed)       0.625     0.961    <hidden>
    SLICE_X3Y46          FDRE                                         r  <hidden>
  -------------------------------------------------------------------    -------------------
    SLICE_X3Y46          FDRE (Prop_fdre_C_Q)         0.141     1.102 f  <hidden>
                         net (fo=3, routed)           0.160     1.261    <hidden>
    SLICE_X4Y46          LUT3 (Prop_lut3_I1_O)        0.045     1.306 f  <hidden>
                         net (fo=32, routed)          0.147     1.453    <hidden>
    SLICE_X4Y47          FDCE                                         f  <hidden>
  -------------------------------------------------------------------    -------------------

                         (clock clk_fpga_0 rise edge)
                                                      0.000     0.000 r  
    PS7_X0Y0             PS7                          0.000     0.000 r  chole_bhature_i/processing_system7_0/inst/PS7_i/FCLKCLK[0]
                         net (fo=1, routed)           0.337     0.337    chole_bhature_i/processing_system7_0/inst/FCLK_CLK_unbuffered[0]
    BUFGCTRL_X0Y16       BUFG (Prop_bufg_I_O)         0.029     0.366 r  chole_bhature_i/processing_system7_0/inst/buffer_fclk_clk_0.FCLK_CLK_0_BUFG/O
                         net (fo=18463, routed)       0.895     1.261    <hidden>
    SLICE_X4Y47          FDCE                                         r  <hidden>
                         clock pessimism             -0.263     0.998    
    SLICE_X4Y47          FDCE (Remov_fdce_C_CLR)     -0.067     0.931    <hidden>
  -------------------------------------------------------------------
                         required time                         -0.930    
                         arrival time                           1.453    
  -------------------------------------------------------------------
                         slack                                  0.522    

Slack (MET) :             0.522ns  (arrival time - required time)
  Source:                 <hidden>
                            (rising edge-triggered cell FDRE clocked by clk_fpga_0  {rise@0.000ns fall@10.000ns period=20.000ns})
  Destination:            <hidden>
                            (removal check against rising-edge clock clk_fpga_0  {rise@0.000ns fall@10.000ns period=20.000ns})
  Path Group:             **async_default**
  Path Type:              Removal (Min at Fast Process Corner)
  Requirement:            0.000ns  (clk_fpga_0 rise@0.000ns - clk_fpga_0 rise@0.000ns)
  Data Path Delay:        0.492ns  (logic 0.186ns (37.789%)  route 0.306ns (62.211%))
  Logic Levels:           1  (LUT3=1)
  Clock Path Skew:        0.037ns (DCD - SCD - CPR)
    Destination Clock Delay (DCD):    1.261ns
    Source Clock Delay      (SCD):    0.961ns
    Clock Pessimism Removal (CPR):    0.263ns

    Location             Delay type                Incr(ns)  Path(ns)    Netlist Resource(s)
  -------------------------------------------------------------------    -------------------
                         (clock clk_fpga_0 rise edge)
                                                      0.000     0.000 r  
    PS7_X0Y0             PS7                          0.000     0.000 r  chole_bhature_i/processing_system7_0/inst/PS7_i/FCLKCLK[0]
                         net (fo=1, routed)           0.310     0.310    chole_bhature_i/processing_system7_0/inst/FCLK_CLK_unbuffered[0]
    BUFGCTRL_X0Y16       BUFG (Prop_bufg_I_O)         0.026     0.336 r  chole_bhature_i/processing_system7_0/inst/buffer_fclk_clk_0.FCLK_CLK_0_BUFG/O
                         net (fo=18463, routed)       0.625     0.961    <hidden>
    SLICE_X3Y46          FDRE                                         r  <hidden>
  -------------------------------------------------------------------    -------------------
    SLICE_X3Y46          FDRE (Prop_fdre_C_Q)         0.141     1.102 f  <hidden>
                         net (fo=3, routed)           0.160     1.261    <hidden>
    SLICE_X4Y46          LUT3 (Prop_lut3_I1_O)        0.045     1.306 f  <hidden>
                         net (fo=32, routed)          0.147     1.453    <hidden>
    SLICE_X4Y47          FDCE                                         f  <hidden>
  -------------------------------------------------------------------    -------------------

                         (clock clk_fpga_0 rise edge)
                                                      0.000     0.000 r  
    PS7_X0Y0             PS7                          0.000     0.000 r  chole_bhature_i/processing_system7_0/inst/PS7_i/FCLKCLK[0]
                         net (fo=1, routed)           0.337     0.337    chole_bhature_i/processing_system7_0/inst/FCLK_CLK_unbuffered[0]
    BUFGCTRL_X0Y16       BUFG (Prop_bufg_I_O)         0.029     0.366 r  chole_bhature_i/processing_system7_0/inst/buffer_fclk_clk_0.FCLK_CLK_0_BUFG/O
                         net (fo=18463, routed)       0.895     1.261    <hidden>
    SLICE_X4Y47          FDCE                                         r  <hidden>
                         clock pessimism             -0.263     0.998    
    SLICE_X4Y47          FDCE (Remov_fdce_C_CLR)     -0.067     0.931    <hidden>
  -------------------------------------------------------------------
                         required time                         -0.930    
                         arrival time                           1.453    
  -------------------------------------------------------------------
                         slack                                  0.522    

Slack (MET) :             0.526ns  (arrival time - required time)
  Source:                 <hidden>
                            (rising edge-triggered cell FDRE clocked by clk_fpga_0  {rise@0.000ns fall@10.000ns period=20.000ns})
  Destination:            <hidden>
                            (removal check against rising-edge clock clk_fpga_0  {rise@0.000ns fall@10.000ns period=20.000ns})
  Path Group:             **async_default**
  Path Type:              Removal (Min at Fast Process Corner)
  Requirement:            0.000ns  (clk_fpga_0 rise@0.000ns - clk_fpga_0 rise@0.000ns)
  Data Path Delay:        0.492ns  (logic 0.186ns (37.789%)  route 0.306ns (62.211%))
  Logic Levels:           1  (LUT3=1)
  Clock Path Skew:        0.037ns (DCD - SCD - CPR)
    Destination Clock Delay (DCD):    1.261ns
    Source Clock Delay      (SCD):    0.961ns
    Clock Pessimism Removal (CPR):    0.263ns

    Location             Delay type                Incr(ns)  Path(ns)    Netlist Resource(s)
  -------------------------------------------------------------------    -------------------
                         (clock clk_fpga_0 rise edge)
                                                      0.000     0.000 r  
    PS7_X0Y0             PS7                          0.000     0.000 r  chole_bhature_i/processing_system7_0/inst/PS7_i/FCLKCLK[0]
                         net (fo=1, routed)           0.310     0.310    chole_bhature_i/processing_system7_0/inst/FCLK_CLK_unbuffered[0]
    BUFGCTRL_X0Y16       BUFG (Prop_bufg_I_O)         0.026     0.336 r  chole_bhature_i/processing_system7_0/inst/buffer_fclk_clk_0.FCLK_CLK_0_BUFG/O
                         net (fo=18463, routed)       0.625     0.961    <hidden>
    SLICE_X3Y46          FDRE                                         r  <hidden>
  -------------------------------------------------------------------    -------------------
    SLICE_X3Y46          FDRE (Prop_fdre_C_Q)         0.141     1.102 f  <hidden>
                         net (fo=3, routed)           0.160     1.261    <hidden>
    SLICE_X4Y46          LUT3 (Prop_lut3_I1_O)        0.045     1.306 f  <hidden>
                         net (fo=32, routed)          0.147     1.453    <hidden>
    SLICE_X4Y47          FDPE                                         f  <hidden>
  -------------------------------------------------------------------    -------------------

                         (clock clk_fpga_0 rise edge)
                                                      0.000     0.000 r  
    PS7_X0Y0             PS7                          0.000     0.000 r  chole_bhature_i/processing_system7_0/inst/PS7_i/FCLKCLK[0]
                         net (fo=1, routed)           0.337     0.337    chole_bhature_i/processing_system7_0/inst/FCLK_CLK_unbuffered[0]
    BUFGCTRL_X0Y16       BUFG (Prop_bufg_I_O)         0.029     0.366 r  chole_bhature_i/processing_system7_0/inst/buffer_fclk_clk_0.FCLK_CLK_0_BUFG/O
                         net (fo=18463, routed)       0.895     1.261    <hidden>
    SLICE_X4Y47          FDPE                                         r  <hidden>
                         clock pessimism             -0.263     0.998    
    SLICE_X4Y47          FDPE (Remov_fdpe_C_PRE)     -0.071     0.927    <hidden>
  -------------------------------------------------------------------
                         required time                         -0.926    
                         arrival time                           1.453    
  -------------------------------------------------------------------
                         slack                                  0.526    

Slack (MET) :             0.526ns  (arrival time - required time)
  Source:                 <hidden>
                            (rising edge-triggered cell FDRE clocked by clk_fpga_0  {rise@0.000ns fall@10.000ns period=20.000ns})
  Destination:            <hidden>
                            (removal check against rising-edge clock clk_fpga_0  {rise@0.000ns fall@10.000ns period=20.000ns})
  Path Group:             **async_default**
  Path Type:              Removal (Min at Fast Process Corner)
  Requirement:            0.000ns  (clk_fpga_0 rise@0.000ns - clk_fpga_0 rise@0.000ns)
  Data Path Delay:        0.492ns  (logic 0.186ns (37.789%)  route 0.306ns (62.211%))
  Logic Levels:           1  (LUT3=1)
  Clock Path Skew:        0.037ns (DCD - SCD - CPR)
    Destination Clock Delay (DCD):    1.261ns
    Source Clock Delay      (SCD):    0.961ns
    Clock Pessimism Removal (CPR):    0.263ns

    Location             Delay type                Incr(ns)  Path(ns)    Netlist Resource(s)
  -------------------------------------------------------------------    -------------------
                         (clock clk_fpga_0 rise edge)
                                                      0.000     0.000 r  
    PS7_X0Y0             PS7                          0.000     0.000 r  chole_bhature_i/processing_system7_0/inst/PS7_i/FCLKCLK[0]
                         net (fo=1, routed)           0.310     0.310    chole_bhature_i/processing_system7_0/inst/FCLK_CLK_unbuffered[0]
    BUFGCTRL_X0Y16       BUFG (Prop_bufg_I_O)         0.026     0.336 r  chole_bhature_i/processing_system7_0/inst/buffer_fclk_clk_0.FCLK_CLK_0_BUFG/O
                         net (fo=18463, routed)       0.625     0.961    <hidden>
    SLICE_X3Y46          FDRE                                         r  <hidden>
  -------------------------------------------------------------------    -------------------
    SLICE_X3Y46          FDRE (Prop_fdre_C_Q)         0.141     1.102 f  <hidden>
                         net (fo=3, routed)           0.160     1.261    <hidden>
    SLICE_X4Y46          LUT3 (Prop_lut3_I1_O)        0.045     1.306 f  <hidden>
                         net (fo=32, routed)          0.147     1.453    <hidden>
    SLICE_X4Y47          FDPE                                         f  <hidden>
  -------------------------------------------------------------------    -------------------

                         (clock clk_fpga_0 rise edge)
                                                      0.000     0.000 r  
    PS7_X0Y0             PS7                          0.000     0.000 r  chole_bhature_i/processing_system7_0/inst/PS7_i/FCLKCLK[0]
                         net (fo=1, routed)           0.337     0.337    chole_bhature_i/processing_system7_0/inst/FCLK_CLK_unbuffered[0]
    BUFGCTRL_X0Y16       BUFG (Prop_bufg_I_O)         0.029     0.366 r  chole_bhature_i/processing_system7_0/inst/buffer_fclk_clk_0.FCLK_CLK_0_BUFG/O
                         net (fo=18463, routed)       0.895     1.261    <hidden>
    SLICE_X4Y47          FDPE                                         r  <hidden>
                         clock pessimism             -0.263     0.998    
    SLICE_X4Y47          FDPE (Remov_fdpe_C_PRE)     -0.071     0.927    <hidden>
  -------------------------------------------------------------------
                         required time                         -0.926    
                         arrival time                           1.453    
  -------------------------------------------------------------------
                         slack                                  0.526    

Slack (MET) :             0.526ns  (arrival time - required time)
  Source:                 <hidden>
                            (rising edge-triggered cell FDRE clocked by clk_fpga_0  {rise@0.000ns fall@10.000ns period=20.000ns})
  Destination:            <hidden>
                            (removal check against rising-edge clock clk_fpga_0  {rise@0.000ns fall@10.000ns period=20.000ns})
  Path Group:             **async_default**
  Path Type:              Removal (Min at Fast Process Corner)
  Requirement:            0.000ns  (clk_fpga_0 rise@0.000ns - clk_fpga_0 rise@0.000ns)
  Data Path Delay:        0.492ns  (logic 0.186ns (37.789%)  route 0.306ns (62.211%))
  Logic Levels:           1  (LUT3=1)
  Clock Path Skew:        0.037ns (DCD - SCD - CPR)
    Destination Clock Delay (DCD):    1.261ns
    Source Clock Delay      (SCD):    0.961ns
    Clock Pessimism Removal (CPR):    0.263ns

    Location             Delay type                Incr(ns)  Path(ns)    Netlist Resource(s)
  -------------------------------------------------------------------    -------------------
                         (clock clk_fpga_0 rise edge)
                                                      0.000     0.000 r  
    PS7_X0Y0             PS7                          0.000     0.000 r  chole_bhature_i/processing_system7_0/inst/PS7_i/FCLKCLK[0]
                         net (fo=1, routed)           0.310     0.310    chole_bhature_i/processing_system7_0/inst/FCLK_CLK_unbuffered[0]
    BUFGCTRL_X0Y16       BUFG (Prop_bufg_I_O)         0.026     0.336 r  chole_bhature_i/processing_system7_0/inst/buffer_fclk_clk_0.FCLK_CLK_0_BUFG/O
                         net (fo=18463, routed)       0.625     0.961    <hidden>
    SLICE_X3Y46          FDRE                                         r  <hidden>
  -------------------------------------------------------------------    -------------------
    SLICE_X3Y46          FDRE (Prop_fdre_C_Q)         0.141     1.102 f  <hidden>
                         net (fo=3, routed)           0.160     1.261    <hidden>
    SLICE_X4Y46          LUT3 (Prop_lut3_I1_O)        0.045     1.306 f  <hidden>
                         net (fo=32, routed)          0.147     1.453    <hidden>
    SLICE_X4Y47          FDPE                                         f  <hidden>
  -------------------------------------------------------------------    -------------------

                         (clock clk_fpga_0 rise edge)
                                                      0.000     0.000 r  
    PS7_X0Y0             PS7                          0.000     0.000 r  chole_bhature_i/processing_system7_0/inst/PS7_i/FCLKCLK[0]
                         net (fo=1, routed)           0.337     0.337    chole_bhature_i/processing_system7_0/inst/FCLK_CLK_unbuffered[0]
    BUFGCTRL_X0Y16       BUFG (Prop_bufg_I_O)         0.029     0.366 r  chole_bhature_i/processing_system7_0/inst/buffer_fclk_clk_0.FCLK_CLK_0_BUFG/O
                         net (fo=18463, routed)       0.895     1.261    <hidden>
    SLICE_X4Y47          FDPE                                         r  <hidden>
                         clock pessimism             -0.263     0.998    
    SLICE_X4Y47          FDPE (Remov_fdpe_C_PRE)     -0.071     0.927    <hidden>
  -------------------------------------------------------------------
                         required time                         -0.926    
                         arrival time                           1.453    
  -------------------------------------------------------------------
                         slack                                  0.526    

Slack (MET) :             0.547ns  (arrival time - required time)
  Source:                 <hidden>
                            (rising edge-triggered cell FDRE clocked by clk_fpga_0  {rise@0.000ns fall@10.000ns period=20.000ns})
  Destination:            <hidden>
                            (removal check against rising-edge clock clk_fpga_0  {rise@0.000ns fall@10.000ns period=20.000ns})
  Path Group:             **async_default**
  Path Type:              Removal (Min at Fast Process Corner)
  Requirement:            0.000ns  (clk_fpga_0 rise@0.000ns - clk_fpga_0 rise@0.000ns)
  Data Path Delay:        0.492ns  (logic 0.186ns (37.789%)  route 0.306ns (62.211%))
  Logic Levels:           1  (LUT3=1)
  Clock Path Skew:        0.037ns (DCD - SCD - CPR)
    Destination Clock Delay (DCD):    1.261ns
    Source Clock Delay      (SCD):    0.961ns
    Clock Pessimism Removal (CPR):    0.263ns

    Location             Delay type                Incr(ns)  Path(ns)    Netlist Resource(s)
  -------------------------------------------------------------------    -------------------
                         (clock clk_fpga_0 rise edge)
                                                      0.000     0.000 r  
    PS7_X0Y0             PS7                          0.000     0.000 r  chole_bhature_i/processing_system7_0/inst/PS7_i/FCLKCLK[0]
                         net (fo=1, routed)           0.310     0.310    chole_bhature_i/processing_system7_0/inst/FCLK_CLK_unbuffered[0]
    BUFGCTRL_X0Y16       BUFG (Prop_bufg_I_O)         0.026     0.336 r  chole_bhature_i/processing_system7_0/inst/buffer_fclk_clk_0.FCLK_CLK_0_BUFG/O
                         net (fo=18463, routed)       0.625     0.961    <hidden>
    SLICE_X3Y46          FDRE                                         r  <hidden>
  -------------------------------------------------------------------    -------------------
    SLICE_X3Y46          FDRE (Prop_fdre_C_Q)         0.141     1.102 f  <hidden>
                         net (fo=3, routed)           0.160     1.261    <hidden>
    SLICE_X4Y46          LUT3 (Prop_lut3_I1_O)        0.045     1.306 f  <hidden>
                         net (fo=32, routed)          0.147     1.453    <hidden>
    SLICE_X5Y47          FDCE                                         f  <hidden>
  -------------------------------------------------------------------    -------------------

                         (clock clk_fpga_0 rise edge)
                                                      0.000     0.000 r  
    PS7_X0Y0             PS7                          0.000     0.000 r  chole_bhature_i/processing_system7_0/inst/PS7_i/FCLKCLK[0]
                         net (fo=1, routed)           0.337     0.337    chole_bhature_i/processing_system7_0/inst/FCLK_CLK_unbuffered[0]
    BUFGCTRL_X0Y16       BUFG (Prop_bufg_I_O)         0.029     0.366 r  chole_bhature_i/processing_system7_0/inst/buffer_fclk_clk_0.FCLK_CLK_0_BUFG/O
                         net (fo=18463, routed)       0.895     1.261    <hidden>
    SLICE_X5Y47          FDCE                                         r  <hidden>
                         clock pessimism             -0.263     0.998    
    SLICE_X5Y47          FDCE (Remov_fdce_C_CLR)     -0.092     0.906    <hidden>
  -------------------------------------------------------------------
                         required time                         -0.905    
                         arrival time                           1.453    
  -------------------------------------------------------------------
                         slack                                  0.547    

Slack (MET) :             0.547ns  (arrival time - required time)
  Source:                 <hidden>
                            (rising edge-triggered cell FDRE clocked by clk_fpga_0  {rise@0.000ns fall@10.000ns period=20.000ns})
  Destination:            <hidden>
                            (removal check against rising-edge clock clk_fpga_0  {rise@0.000ns fall@10.000ns period=20.000ns})
  Path Group:             **async_default**
  Path Type:              Removal (Min at Fast Process Corner)
  Requirement:            0.000ns  (clk_fpga_0 rise@0.000ns - clk_fpga_0 rise@0.000ns)
  Data Path Delay:        0.492ns  (logic 0.186ns (37.789%)  route 0.306ns (62.211%))
  Logic Levels:           1  (LUT3=1)
  Clock Path Skew:        0.037ns (DCD - SCD - CPR)
    Destination Clock Delay (DCD):    1.261ns
    Source Clock Delay      (SCD):    0.961ns
    Clock Pessimism Removal (CPR):    0.263ns

    Location             Delay type                Incr(ns)  Path(ns)    Netlist Resource(s)
  -------------------------------------------------------------------    -------------------
                         (clock clk_fpga_0 rise edge)
                                                      0.000     0.000 r  
    PS7_X0Y0             PS7                          0.000     0.000 r  chole_bhature_i/processing_system7_0/inst/PS7_i/FCLKCLK[0]
                         net (fo=1, routed)           0.310     0.310    chole_bhature_i/processing_system7_0/inst/FCLK_CLK_unbuffered[0]
    BUFGCTRL_X0Y16       BUFG (Prop_bufg_I_O)         0.026     0.336 r  chole_bhature_i/processing_system7_0/inst/buffer_fclk_clk_0.FCLK_CLK_0_BUFG/O
                         net (fo=18463, routed)       0.625     0.961    <hidden>
    SLICE_X3Y46          FDRE                                         r  <hidden>
  -------------------------------------------------------------------    -------------------
    SLICE_X3Y46          FDRE (Prop_fdre_C_Q)         0.141     1.102 f  <hidden>
                         net (fo=3, routed)           0.160     1.261    <hidden>
    SLICE_X4Y46          LUT3 (Prop_lut3_I1_O)        0.045     1.306 f  <hidden>
                         net (fo=32, routed)          0.147     1.453    <hidden>
    SLICE_X5Y47          FDCE                                         f  <hidden>
  -------------------------------------------------------------------    -------------------

                         (clock clk_fpga_0 rise edge)
                                                      0.000     0.000 r  
    PS7_X0Y0             PS7                          0.000     0.000 r  chole_bhature_i/processing_system7_0/inst/PS7_i/FCLKCLK[0]
                         net (fo=1, routed)           0.337     0.337    chole_bhature_i/processing_system7_0/inst/FCLK_CLK_unbuffered[0]
    BUFGCTRL_X0Y16       BUFG (Prop_bufg_I_O)         0.029     0.366 r  chole_bhature_i/processing_system7_0/inst/buffer_fclk_clk_0.FCLK_CLK_0_BUFG/O
                         net (fo=18463, routed)       0.895     1.261    <hidden>
    SLICE_X5Y47          FDCE                                         r  <hidden>
                         clock pessimism             -0.263     0.998    
    SLICE_X5Y47          FDCE (Remov_fdce_C_CLR)     -0.092     0.906    <hidden>
  -------------------------------------------------------------------
                         required time                         -0.905    
                         arrival time                           1.453    
  -------------------------------------------------------------------
                         slack                                  0.547    

Slack (MET) :             0.547ns  (arrival time - required time)
  Source:                 <hidden>
                            (rising edge-triggered cell FDRE clocked by clk_fpga_0  {rise@0.000ns fall@10.000ns period=20.000ns})
  Destination:            <hidden>
                            (removal check against rising-edge clock clk_fpga_0  {rise@0.000ns fall@10.000ns period=20.000ns})
  Path Group:             **async_default**
  Path Type:              Removal (Min at Fast Process Corner)
  Requirement:            0.000ns  (clk_fpga_0 rise@0.000ns - clk_fpga_0 rise@0.000ns)
  Data Path Delay:        0.492ns  (logic 0.186ns (37.789%)  route 0.306ns (62.211%))
  Logic Levels:           1  (LUT3=1)
  Clock Path Skew:        0.037ns (DCD - SCD - CPR)
    Destination Clock Delay (DCD):    1.261ns
    Source Clock Delay      (SCD):    0.961ns
    Clock Pessimism Removal (CPR):    0.263ns

    Location             Delay type                Incr(ns)  Path(ns)    Netlist Resource(s)
  -------------------------------------------------------------------    -------------------
                         (clock clk_fpga_0 rise edge)
                                                      0.000     0.000 r  
    PS7_X0Y0             PS7                          0.000     0.000 r  chole_bhature_i/processing_system7_0/inst/PS7_i/FCLKCLK[0]
                         net (fo=1, routed)           0.310     0.310    chole_bhature_i/processing_system7_0/inst/FCLK_CLK_unbuffered[0]
    BUFGCTRL_X0Y16       BUFG (Prop_bufg_I_O)         0.026     0.336 r  chole_bhature_i/processing_system7_0/inst/buffer_fclk_clk_0.FCLK_CLK_0_BUFG/O
                         net (fo=18463, routed)       0.625     0.961    <hidden>
    SLICE_X3Y46          FDRE                                         r  <hidden>
  -------------------------------------------------------------------    -------------------
    SLICE_X3Y46          FDRE (Prop_fdre_C_Q)         0.141     1.102 f  <hidden>
                         net (fo=3, routed)           0.160     1.261    <hidden>
    SLICE_X4Y46          LUT3 (Prop_lut3_I1_O)        0.045     1.306 f  <hidden>
                         net (fo=32, routed)          0.147     1.453    <hidden>
    SLICE_X5Y47          FDCE                                         f  <hidden>
  -------------------------------------------------------------------    -------------------

                         (clock clk_fpga_0 rise edge)
                                                      0.000     0.000 r  
    PS7_X0Y0             PS7                          0.000     0.000 r  chole_bhature_i/processing_system7_0/inst/PS7_i/FCLKCLK[0]
                         net (fo=1, routed)           0.337     0.337    chole_bhature_i/processing_system7_0/inst/FCLK_CLK_unbuffered[0]
    BUFGCTRL_X0Y16       BUFG (Prop_bufg_I_O)         0.029     0.366 r  chole_bhature_i/processing_system7_0/inst/buffer_fclk_clk_0.FCLK_CLK_0_BUFG/O
                         net (fo=18463, routed)       0.895     1.261    <hidden>
    SLICE_X5Y47          FDCE                                         r  <hidden>
                         clock pessimism             -0.263     0.998    
    SLICE_X5Y47          FDCE (Remov_fdce_C_CLR)     -0.092     0.906    <hidden>
  -------------------------------------------------------------------
                         required time                         -0.905    
                         arrival time                           1.453    
  -------------------------------------------------------------------
                         slack                                  0.547    

Slack (MET) :             0.550ns  (arrival time - required time)
  Source:                 <hidden>
                            (rising edge-triggered cell FDRE clocked by clk_fpga_0  {rise@0.000ns fall@10.000ns period=20.000ns})
  Destination:            <hidden>
                            (removal check against rising-edge clock clk_fpga_0  {rise@0.000ns fall@10.000ns period=20.000ns})
  Path Group:             **async_default**
  Path Type:              Removal (Min at Fast Process Corner)
  Requirement:            0.000ns  (clk_fpga_0 rise@0.000ns - clk_fpga_0 rise@0.000ns)
  Data Path Delay:        0.492ns  (logic 0.186ns (37.789%)  route 0.306ns (62.211%))
  Logic Levels:           1  (LUT3=1)
  Clock Path Skew:        0.037ns (DCD - SCD - CPR)
    Destination Clock Delay (DCD):    1.261ns
    Source Clock Delay      (SCD):    0.961ns
    Clock Pessimism Removal (CPR):    0.263ns

    Location             Delay type                Incr(ns)  Path(ns)    Netlist Resource(s)
  -------------------------------------------------------------------    -------------------
                         (clock clk_fpga_0 rise edge)
                                                      0.000     0.000 r  
    PS7_X0Y0             PS7                          0.000     0.000 r  chole_bhature_i/processing_system7_0/inst/PS7_i/FCLKCLK[0]
                         net (fo=1, routed)           0.310     0.310    chole_bhature_i/processing_system7_0/inst/FCLK_CLK_unbuffered[0]
    BUFGCTRL_X0Y16       BUFG (Prop_bufg_I_O)         0.026     0.336 r  chole_bhature_i/processing_system7_0/inst/buffer_fclk_clk_0.FCLK_CLK_0_BUFG/O
                         net (fo=18463, routed)       0.625     0.961    <hidden>
    SLICE_X3Y46          FDRE                                         r  <hidden>
  -------------------------------------------------------------------    -------------------
    SLICE_X3Y46          FDRE (Prop_fdre_C_Q)         0.141     1.102 f  <hidden>
                         net (fo=3, routed)           0.160     1.261    <hidden>
    SLICE_X4Y46          LUT3 (Prop_lut3_I1_O)        0.045     1.306 f  <hidden>
                         net (fo=32, routed)          0.147     1.453    <hidden>
    SLICE_X5Y47          FDPE                                         f  <hidden>
  -------------------------------------------------------------------    -------------------

                         (clock clk_fpga_0 rise edge)
                                                      0.000     0.000 r  
    PS7_X0Y0             PS7                          0.000     0.000 r  chole_bhature_i/processing_system7_0/inst/PS7_i/FCLKCLK[0]
                         net (fo=1, routed)           0.337     0.337    chole_bhature_i/processing_system7_0/inst/FCLK_CLK_unbuffered[0]
    BUFGCTRL_X0Y16       BUFG (Prop_bufg_I_O)         0.029     0.366 r  chole_bhature_i/processing_system7_0/inst/buffer_fclk_clk_0.FCLK_CLK_0_BUFG/O
                         net (fo=18463, routed)       0.895     1.261    <hidden>
    SLICE_X5Y47          FDPE                                         r  <hidden>
                         clock pessimism             -0.263     0.998    
    SLICE_X5Y47          FDPE (Remov_fdpe_C_PRE)     -0.095     0.903    <hidden>
  -------------------------------------------------------------------
                         required time                         -0.902    
                         arrival time                           1.453    
  -------------------------------------------------------------------
                         slack                                  0.550    

Slack (MET) :             0.601ns  (arrival time - required time)
  Source:                 <hidden>
                            (rising edge-triggered cell FDRE clocked by clk_fpga_0  {rise@0.000ns fall@10.000ns period=20.000ns})
  Destination:            <hidden>
                            (removal check against rising-edge clock clk_fpga_0  {rise@0.000ns fall@10.000ns period=20.000ns})
  Path Group:             **async_default**
  Path Type:              Removal (Min at Fast Process Corner)
  Requirement:            0.000ns  (clk_fpga_0 rise@0.000ns - clk_fpga_0 rise@0.000ns)
  Data Path Delay:        0.551ns  (logic 0.186ns (33.741%)  route 0.365ns (66.259%))
  Logic Levels:           1  (LUT3=1)
  Clock Path Skew:        0.017ns (DCD - SCD - CPR)
    Destination Clock Delay (DCD):    1.262ns
    Source Clock Delay      (SCD):    0.961ns
    Clock Pessimism Removal (CPR):    0.284ns

    Location             Delay type                Incr(ns)  Path(ns)    Netlist Resource(s)
  -------------------------------------------------------------------    -------------------
                         (clock clk_fpga_0 rise edge)
                                                      0.000     0.000 r  
    PS7_X0Y0             PS7                          0.000     0.000 r  chole_bhature_i/processing_system7_0/inst/PS7_i/FCLKCLK[0]
                         net (fo=1, routed)           0.310     0.310    chole_bhature_i/processing_system7_0/inst/FCLK_CLK_unbuffered[0]
    BUFGCTRL_X0Y16       BUFG (Prop_bufg_I_O)         0.026     0.336 r  chole_bhature_i/processing_system7_0/inst/buffer_fclk_clk_0.FCLK_CLK_0_BUFG/O
                         net (fo=18463, routed)       0.625     0.961    <hidden>
    SLICE_X3Y46          FDRE                                         r  <hidden>
  -------------------------------------------------------------------    -------------------
    SLICE_X3Y46          FDRE (Prop_fdre_C_Q)         0.141     1.102 f  <hidden>
                         net (fo=3, routed)           0.160     1.261    <hidden>
    SLICE_X4Y46          LUT3 (Prop_lut3_I1_O)        0.045     1.306 f  <hidden>
                         net (fo=32, routed)          0.206     1.512    <hidden>
    SLICE_X2Y47          FDCE                                         f  <hidden>
  -------------------------------------------------------------------    -------------------

                         (clock clk_fpga_0 rise edge)
                                                      0.000     0.000 r  
    PS7_X0Y0             PS7                          0.000     0.000 r  chole_bhature_i/processing_system7_0/inst/PS7_i/FCLKCLK[0]
                         net (fo=1, routed)           0.337     0.337    chole_bhature_i/processing_system7_0/inst/FCLK_CLK_unbuffered[0]
    BUFGCTRL_X0Y16       BUFG (Prop_bufg_I_O)         0.029     0.366 r  chole_bhature_i/processing_system7_0/inst/buffer_fclk_clk_0.FCLK_CLK_0_BUFG/O
                         net (fo=18463, routed)       0.896     1.262    <hidden>
    SLICE_X2Y47          FDCE                                         r  <hidden>
                         clock pessimism             -0.284     0.978    
    SLICE_X2Y47          FDCE (Remov_fdce_C_CLR)     -0.067     0.911    <hidden>
  -------------------------------------------------------------------
                         required time                         -0.911    
                         arrival time                           1.512    
  -------------------------------------------------------------------
                         slack                                  0.601    





--------------------------------------------------------------------------------------
Path Group:  (none)
From Clock:  
  To Clock:  clk_fpga_0

Max Delay             1 Endpoint
Min Delay             1 Endpoint
--------------------------------------------------------------------------------------


Max Delay Paths
--------------------------------------------------------------------------------------
Slack:                    inf
  Source:                 chole_bhature_i/processing_system7_0/inst/PS7_i/FCLKRESETN[0]
                            (internal pin)
  Destination:            chole_bhature_i/rst_ps7_0_50M/U0/EXT_LPF/ACTIVE_LOW_EXT.ACT_LO_EXT/GENERATE_LEVEL_P_S_CDC.SINGLE_BIT.CROSS_PLEVEL_IN2SCNDRY_IN_cdc_to/D
                            (rising edge-triggered cell FDRE clocked by clk_fpga_0  {rise@0.000ns fall@10.000ns period=20.000ns})
  Path Group:             (none)
  Path Type:              Setup (Max at Slow Process Corner)
  Data Path Delay:        2.167ns  (logic 0.124ns (5.722%)  route 2.043ns (94.278%))
  Logic Levels:           1  (LUT1=1)
  Clock Uncertainty:      0.301ns  ((TSJ^2 + TIJ^2)^1/2 + DJ) / 2 + PE
    Total System Jitter     (TSJ):    0.050ns
    Total Input Jitter      (TIJ):    0.600ns
    Discrete Jitter          (DJ):    0.000ns
    Phase Error              (PE):    0.000ns
  Timing Exception:       False Path

    Location             Delay type                Incr(ns)  Path(ns)    Netlist Resource(s)
  -------------------------------------------------------------------    -------------------
    PS7_X0Y0             PS7                          0.000     0.000 f  chole_bhature_i/processing_system7_0/inst/PS7_i/FCLKRESETN[0]
                         net (fo=1, routed)           2.043     2.043    chole_bhature_i/rst_ps7_0_50M/U0/EXT_LPF/ACTIVE_LOW_EXT.ACT_LO_EXT/ext_reset_in
    SLICE_X56Y104        LUT1 (Prop_lut1_I0_O)        0.124     2.167 r  chole_bhature_i/rst_ps7_0_50M/U0/EXT_LPF/ACTIVE_LOW_EXT.ACT_LO_EXT/GENERATE_LEVEL_P_S_CDC.SINGLE_BIT.CROSS_PLEVEL_IN2SCNDRY_IN_cdc_to_i_1/O
                         net (fo=1, routed)           0.000     2.167    chole_bhature_i/rst_ps7_0_50M/U0/EXT_LPF/ACTIVE_LOW_EXT.ACT_LO_EXT/exr_d1
    SLICE_X56Y104        FDRE                                         r  chole_bhature_i/rst_ps7_0_50M/U0/EXT_LPF/ACTIVE_LOW_EXT.ACT_LO_EXT/GENERATE_LEVEL_P_S_CDC.SINGLE_BIT.CROSS_PLEVEL_IN2SCNDRY_IN_cdc_to/D
  -------------------------------------------------------------------    -------------------

                         (clock clk_fpga_0 rise edge)
                                                      0.000     0.000 r  
    PS7_X0Y0             PS7                          0.000     0.000 r  chole_bhature_i/processing_system7_0/inst/PS7_i/FCLKCLK[0]
                         net (fo=1, routed)           1.088     1.088    chole_bhature_i/processing_system7_0/inst/FCLK_CLK_unbuffered[0]
    BUFGCTRL_X0Y16       BUFG (Prop_bufg_I_O)         0.091     1.179 r  chole_bhature_i/processing_system7_0/inst/buffer_fclk_clk_0.FCLK_CLK_0_BUFG/O
                         net (fo=18463, routed)       1.711     2.890    chole_bhature_i/rst_ps7_0_50M/U0/EXT_LPF/ACTIVE_LOW_EXT.ACT_LO_EXT/slowest_sync_clk
    SLICE_X56Y104        FDRE                                         r  chole_bhature_i/rst_ps7_0_50M/U0/EXT_LPF/ACTIVE_LOW_EXT.ACT_LO_EXT/GENERATE_LEVEL_P_S_CDC.SINGLE_BIT.CROSS_PLEVEL_IN2SCNDRY_IN_cdc_to/C





Min Delay Paths
--------------------------------------------------------------------------------------
Slack:                    inf
  Source:                 chole_bhature_i/processing_system7_0/inst/PS7_i/FCLKRESETN[0]
                            (internal pin)
  Destination:            chole_bhature_i/rst_ps7_0_50M/U0/EXT_LPF/ACTIVE_LOW_EXT.ACT_LO_EXT/GENERATE_LEVEL_P_S_CDC.SINGLE_BIT.CROSS_PLEVEL_IN2SCNDRY_IN_cdc_to/D
                            (rising edge-triggered cell FDRE clocked by clk_fpga_0  {rise@0.000ns fall@10.000ns period=20.000ns})
  Path Group:             (none)
  Path Type:              Hold (Min at Fast Process Corner)
  Data Path Delay:        0.931ns  (logic 0.045ns (4.834%)  route 0.886ns (95.166%))
  Logic Levels:           1  (LUT1=1)
  Clock Uncertainty:      0.301ns  ((TSJ^2 + TIJ^2)^1/2 + DJ) / 2 + PE
    Total System Jitter     (TSJ):    0.050ns
    Total Input Jitter      (TIJ):    0.600ns
    Discrete Jitter          (DJ):    0.000ns
    Phase Error              (PE):    0.000ns
  Timing Exception:       False Path

    Location             Delay type                Incr(ns)  Path(ns)    Netlist Resource(s)
  -------------------------------------------------------------------    -------------------
    PS7_X0Y0             PS7                          0.000     0.000 f  chole_bhature_i/processing_system7_0/inst/PS7_i/FCLKRESETN[0]
                         net (fo=1, routed)           0.886     0.886    chole_bhature_i/rst_ps7_0_50M/U0/EXT_LPF/ACTIVE_LOW_EXT.ACT_LO_EXT/ext_reset_in
    SLICE_X56Y104        LUT1 (Prop_lut1_I0_O)        0.045     0.931 r  chole_bhature_i/rst_ps7_0_50M/U0/EXT_LPF/ACTIVE_LOW_EXT.ACT_LO_EXT/GENERATE_LEVEL_P_S_CDC.SINGLE_BIT.CROSS_PLEVEL_IN2SCNDRY_IN_cdc_to_i_1/O
                         net (fo=1, routed)           0.000     0.931    chole_bhature_i/rst_ps7_0_50M/U0/EXT_LPF/ACTIVE_LOW_EXT.ACT_LO_EXT/exr_d1
    SLICE_X56Y104        FDRE                                         r  chole_bhature_i/rst_ps7_0_50M/U0/EXT_LPF/ACTIVE_LOW_EXT.ACT_LO_EXT/GENERATE_LEVEL_P_S_CDC.SINGLE_BIT.CROSS_PLEVEL_IN2SCNDRY_IN_cdc_to/D
  -------------------------------------------------------------------    -------------------

                         (clock clk_fpga_0 rise edge)
                                                      0.000     0.000 r  
    PS7_X0Y0             PS7                          0.000     0.000 r  chole_bhature_i/processing_system7_0/inst/PS7_i/FCLKCLK[0]
                         net (fo=1, routed)           0.337     0.337    chole_bhature_i/processing_system7_0/inst/FCLK_CLK_unbuffered[0]
    BUFGCTRL_X0Y16       BUFG (Prop_bufg_I_O)         0.029     0.366 r  chole_bhature_i/processing_system7_0/inst/buffer_fclk_clk_0.FCLK_CLK_0_BUFG/O
                         net (fo=18463, routed)       0.933     1.299    chole_bhature_i/rst_ps7_0_50M/U0/EXT_LPF/ACTIVE_LOW_EXT.ACT_LO_EXT/slowest_sync_clk
    SLICE_X56Y104        FDRE                                         r  chole_bhature_i/rst_ps7_0_50M/U0/EXT_LPF/ACTIVE_LOW_EXT.ACT_LO_EXT/GENERATE_LEVEL_P_S_CDC.SINGLE_BIT.CROSS_PLEVEL_IN2SCNDRY_IN_cdc_to/C





--------------------------------------------------------------------------------------
Path Group:  (none)
From Clock:  clk_fpga_0
  To Clock:  clk_fpga_0

Max Delay            84 Endpoints
Min Delay            84 Endpoints
--------------------------------------------------------------------------------------


Max Delay Paths
--------------------------------------------------------------------------------------
Slack:                    inf
  Source:                 chole_bhature_i/rst_ps7_0_50M/U0/ACTIVE_LOW_PR_OUT_DFF[0].FDRE_PER_N/C
                            (rising edge-triggered cell FDRE clocked by clk_fpga_0  {rise@0.000ns fall@10.000ns period=20.000ns})
  Destination:            <hidden>
                            (recovery check against rising-edge clock clk_fpga_0  {rise@0.000ns fall@10.000ns period=20.000ns})
  Path Group:             (none)
  Path Type:              Recovery (Max at Slow Process Corner)
  Data Path Delay:        8.299ns  (logic 0.608ns (7.326%)  route 7.691ns (92.674%))
  Logic Levels:           1  (LUT1=1)
  Clock Path Skew:        -0.361ns (DCD - SCD + CPR)
    Destination Clock Delay (DCD):    2.837ns
    Source Clock Delay      (SCD):    3.198ns
    Clock Pessimism Removal (CPR):    0.000ns
  Clock Uncertainty:      0.302ns  ((TSJ^2 + TIJ^2)^1/2 + DJ) / 2 + PE
    Total System Jitter     (TSJ):    0.071ns
    Total Input Jitter      (TIJ):    0.600ns
    Discrete Jitter          (DJ):    0.000ns
    Phase Error              (PE):    0.000ns
  Timing Exception:       False Path

    Location             Delay type                Incr(ns)  Path(ns)    Netlist Resource(s)
  -------------------------------------------------------------------    -------------------
                         (clock clk_fpga_0 rise edge)
                                                      0.000     0.000 r  
    PS7_X0Y0             PS7                          0.000     0.000 r  chole_bhature_i/processing_system7_0/inst/PS7_i/FCLKCLK[0]
                         net (fo=1, routed)           1.193     1.193    chole_bhature_i/processing_system7_0/inst/FCLK_CLK_unbuffered[0]
    BUFGCTRL_X0Y16       BUFG (Prop_bufg_I_O)         0.101     1.294 r  chole_bhature_i/processing_system7_0/inst/buffer_fclk_clk_0.FCLK_CLK_0_BUFG/O
                         net (fo=18463, routed)       1.904     3.198    chole_bhature_i/rst_ps7_0_50M/U0/slowest_sync_clk
    SLICE_X59Y104        FDRE                                         r  chole_bhature_i/rst_ps7_0_50M/U0/ACTIVE_LOW_PR_OUT_DFF[0].FDRE_PER_N/C
  -------------------------------------------------------------------    -------------------
    SLICE_X59Y104        FDRE (Prop_fdre_C_Q)         0.456     3.654 r  chole_bhature_i/rst_ps7_0_50M/U0/ACTIVE_LOW_PR_OUT_DFF[0].FDRE_PER_N/Q
                         net (fo=36, routed)          6.416    10.070    chole_bhature_i/axi_mem_intercon/m00_couplers/auto_pc/inst/gen_axi4_axi3.axi3_conv_inst/USE_WRITE.write_addr_inst/USE_BURSTS.cmd_queue/inst/aresetn
    SLICE_X11Y49         LUT1 (Prop_lut1_I0_O)        0.152    10.222 f  chole_bhature_i/axi_mem_intercon/m00_couplers/auto_pc/inst/gen_axi4_axi3.axi3_conv_inst/USE_WRITE.write_addr_inst/USE_BURSTS.cmd_queue/inst/S_AXI_AREADY_I_i_1/O
                         net (fo=244, routed)         1.275    11.497    <hidden>
    SLICE_X4Y45          FDPE                                         f  <hidden>
  -------------------------------------------------------------------    -------------------

                         (clock clk_fpga_0 rise edge)
                                                      0.000     0.000 r  
    PS7_X0Y0             PS7                          0.000     0.000 r  chole_bhature_i/processing_system7_0/inst/PS7_i/FCLKCLK[0]
                         net (fo=1, routed)           1.088     1.088    chole_bhature_i/processing_system7_0/inst/FCLK_CLK_unbuffered[0]
    BUFGCTRL_X0Y16       BUFG (Prop_bufg_I_O)         0.091     1.179 r  chole_bhature_i/processing_system7_0/inst/buffer_fclk_clk_0.FCLK_CLK_0_BUFG/O
                         net (fo=18463, routed)       1.658     2.837    <hidden>
    SLICE_X4Y45          FDPE                                         r  <hidden>

Slack:                    inf
  Source:                 chole_bhature_i/rst_ps7_0_50M/U0/ACTIVE_LOW_PR_OUT_DFF[0].FDRE_PER_N/C
                            (rising edge-triggered cell FDRE clocked by clk_fpga_0  {rise@0.000ns fall@10.000ns period=20.000ns})
  Destination:            <hidden>
                            (recovery check against rising-edge clock clk_fpga_0  {rise@0.000ns fall@10.000ns period=20.000ns})
  Path Group:             (none)
  Path Type:              Recovery (Max at Slow Process Corner)
  Data Path Delay:        8.299ns  (logic 0.608ns (7.326%)  route 7.691ns (92.674%))
  Logic Levels:           1  (LUT1=1)
  Clock Path Skew:        -0.361ns (DCD - SCD + CPR)
    Destination Clock Delay (DCD):    2.837ns
    Source Clock Delay      (SCD):    3.198ns
    Clock Pessimism Removal (CPR):    0.000ns
  Clock Uncertainty:      0.302ns  ((TSJ^2 + TIJ^2)^1/2 + DJ) / 2 + PE
    Total System Jitter     (TSJ):    0.071ns
    Total Input Jitter      (TIJ):    0.600ns
    Discrete Jitter          (DJ):    0.000ns
    Phase Error              (PE):    0.000ns
  Timing Exception:       False Path

    Location             Delay type                Incr(ns)  Path(ns)    Netlist Resource(s)
  -------------------------------------------------------------------    -------------------
                         (clock clk_fpga_0 rise edge)
                                                      0.000     0.000 r  
    PS7_X0Y0             PS7                          0.000     0.000 r  chole_bhature_i/processing_system7_0/inst/PS7_i/FCLKCLK[0]
                         net (fo=1, routed)           1.193     1.193    chole_bhature_i/processing_system7_0/inst/FCLK_CLK_unbuffered[0]
    BUFGCTRL_X0Y16       BUFG (Prop_bufg_I_O)         0.101     1.294 r  chole_bhature_i/processing_system7_0/inst/buffer_fclk_clk_0.FCLK_CLK_0_BUFG/O
                         net (fo=18463, routed)       1.904     3.198    chole_bhature_i/rst_ps7_0_50M/U0/slowest_sync_clk
    SLICE_X59Y104        FDRE                                         r  chole_bhature_i/rst_ps7_0_50M/U0/ACTIVE_LOW_PR_OUT_DFF[0].FDRE_PER_N/C
  -------------------------------------------------------------------    -------------------
    SLICE_X59Y104        FDRE (Prop_fdre_C_Q)         0.456     3.654 r  chole_bhature_i/rst_ps7_0_50M/U0/ACTIVE_LOW_PR_OUT_DFF[0].FDRE_PER_N/Q
                         net (fo=36, routed)          6.416    10.070    chole_bhature_i/axi_mem_intercon/m00_couplers/auto_pc/inst/gen_axi4_axi3.axi3_conv_inst/USE_WRITE.write_addr_inst/USE_BURSTS.cmd_queue/inst/aresetn
    SLICE_X11Y49         LUT1 (Prop_lut1_I0_O)        0.152    10.222 f  chole_bhature_i/axi_mem_intercon/m00_couplers/auto_pc/inst/gen_axi4_axi3.axi3_conv_inst/USE_WRITE.write_addr_inst/USE_BURSTS.cmd_queue/inst/S_AXI_AREADY_I_i_1/O
                         net (fo=244, routed)         1.275    11.497    <hidden>
    SLICE_X4Y45          FDPE                                         f  <hidden>
  -------------------------------------------------------------------    -------------------

                         (clock clk_fpga_0 rise edge)
                                                      0.000     0.000 r  
    PS7_X0Y0             PS7                          0.000     0.000 r  chole_bhature_i/processing_system7_0/inst/PS7_i/FCLKCLK[0]
                         net (fo=1, routed)           1.088     1.088    chole_bhature_i/processing_system7_0/inst/FCLK_CLK_unbuffered[0]
    BUFGCTRL_X0Y16       BUFG (Prop_bufg_I_O)         0.091     1.179 r  chole_bhature_i/processing_system7_0/inst/buffer_fclk_clk_0.FCLK_CLK_0_BUFG/O
                         net (fo=18463, routed)       1.658     2.837    <hidden>
    SLICE_X4Y45          FDPE                                         r  <hidden>

Slack:                    inf
  Source:                 chole_bhature_i/rst_ps7_0_50M/U0/ACTIVE_LOW_PR_OUT_DFF[0].FDRE_PER_N/C
                            (rising edge-triggered cell FDRE clocked by clk_fpga_0  {rise@0.000ns fall@10.000ns period=20.000ns})
  Destination:            <hidden>
                            (recovery check against rising-edge clock clk_fpga_0  {rise@0.000ns fall@10.000ns period=20.000ns})
  Path Group:             (none)
  Path Type:              Recovery (Max at Slow Process Corner)
  Data Path Delay:        8.299ns  (logic 0.608ns (7.326%)  route 7.691ns (92.674%))
  Logic Levels:           1  (LUT1=1)
  Clock Path Skew:        -0.361ns (DCD - SCD + CPR)
    Destination Clock Delay (DCD):    2.837ns
    Source Clock Delay      (SCD):    3.198ns
    Clock Pessimism Removal (CPR):    0.000ns
  Clock Uncertainty:      0.302ns  ((TSJ^2 + TIJ^2)^1/2 + DJ) / 2 + PE
    Total System Jitter     (TSJ):    0.071ns
    Total Input Jitter      (TIJ):    0.600ns
    Discrete Jitter          (DJ):    0.000ns
    Phase Error              (PE):    0.000ns
  Timing Exception:       False Path

    Location             Delay type                Incr(ns)  Path(ns)    Netlist Resource(s)
  -------------------------------------------------------------------    -------------------
                         (clock clk_fpga_0 rise edge)
                                                      0.000     0.000 r  
    PS7_X0Y0             PS7                          0.000     0.000 r  chole_bhature_i/processing_system7_0/inst/PS7_i/FCLKCLK[0]
                         net (fo=1, routed)           1.193     1.193    chole_bhature_i/processing_system7_0/inst/FCLK_CLK_unbuffered[0]
    BUFGCTRL_X0Y16       BUFG (Prop_bufg_I_O)         0.101     1.294 r  chole_bhature_i/processing_system7_0/inst/buffer_fclk_clk_0.FCLK_CLK_0_BUFG/O
                         net (fo=18463, routed)       1.904     3.198    chole_bhature_i/rst_ps7_0_50M/U0/slowest_sync_clk
    SLICE_X59Y104        FDRE                                         r  chole_bhature_i/rst_ps7_0_50M/U0/ACTIVE_LOW_PR_OUT_DFF[0].FDRE_PER_N/C
  -------------------------------------------------------------------    -------------------
    SLICE_X59Y104        FDRE (Prop_fdre_C_Q)         0.456     3.654 r  chole_bhature_i/rst_ps7_0_50M/U0/ACTIVE_LOW_PR_OUT_DFF[0].FDRE_PER_N/Q
                         net (fo=36, routed)          6.416    10.070    chole_bhature_i/axi_mem_intercon/m00_couplers/auto_pc/inst/gen_axi4_axi3.axi3_conv_inst/USE_WRITE.write_addr_inst/USE_BURSTS.cmd_queue/inst/aresetn
    SLICE_X11Y49         LUT1 (Prop_lut1_I0_O)        0.152    10.222 f  chole_bhature_i/axi_mem_intercon/m00_couplers/auto_pc/inst/gen_axi4_axi3.axi3_conv_inst/USE_WRITE.write_addr_inst/USE_BURSTS.cmd_queue/inst/S_AXI_AREADY_I_i_1/O
                         net (fo=244, routed)         1.275    11.497    <hidden>
    SLICE_X4Y45          FDPE                                         f  <hidden>
  -------------------------------------------------------------------    -------------------

                         (clock clk_fpga_0 rise edge)
                                                      0.000     0.000 r  
    PS7_X0Y0             PS7                          0.000     0.000 r  chole_bhature_i/processing_system7_0/inst/PS7_i/FCLKCLK[0]
                         net (fo=1, routed)           1.088     1.088    chole_bhature_i/processing_system7_0/inst/FCLK_CLK_unbuffered[0]
    BUFGCTRL_X0Y16       BUFG (Prop_bufg_I_O)         0.091     1.179 r  chole_bhature_i/processing_system7_0/inst/buffer_fclk_clk_0.FCLK_CLK_0_BUFG/O
                         net (fo=18463, routed)       1.658     2.837    <hidden>
    SLICE_X4Y45          FDPE                                         r  <hidden>

Slack:                    inf
  Source:                 chole_bhature_i/rst_ps7_0_50M/U0/ACTIVE_LOW_PR_OUT_DFF[0].FDRE_PER_N/C
                            (rising edge-triggered cell FDRE clocked by clk_fpga_0  {rise@0.000ns fall@10.000ns period=20.000ns})
  Destination:            <hidden>
                            (recovery check against rising-edge clock clk_fpga_0  {rise@0.000ns fall@10.000ns period=20.000ns})
  Path Group:             (none)
  Path Type:              Recovery (Max at Slow Process Corner)
  Data Path Delay:        8.299ns  (logic 0.608ns (7.326%)  route 7.691ns (92.674%))
  Logic Levels:           1  (LUT1=1)
  Clock Path Skew:        -0.361ns (DCD - SCD + CPR)
    Destination Clock Delay (DCD):    2.837ns
    Source Clock Delay      (SCD):    3.198ns
    Clock Pessimism Removal (CPR):    0.000ns
  Clock Uncertainty:      0.302ns  ((TSJ^2 + TIJ^2)^1/2 + DJ) / 2 + PE
    Total System Jitter     (TSJ):    0.071ns
    Total Input Jitter      (TIJ):    0.600ns
    Discrete Jitter          (DJ):    0.000ns
    Phase Error              (PE):    0.000ns
  Timing Exception:       False Path

    Location             Delay type                Incr(ns)  Path(ns)    Netlist Resource(s)
  -------------------------------------------------------------------    -------------------
                         (clock clk_fpga_0 rise edge)
                                                      0.000     0.000 r  
    PS7_X0Y0             PS7                          0.000     0.000 r  chole_bhature_i/processing_system7_0/inst/PS7_i/FCLKCLK[0]
                         net (fo=1, routed)           1.193     1.193    chole_bhature_i/processing_system7_0/inst/FCLK_CLK_unbuffered[0]
    BUFGCTRL_X0Y16       BUFG (Prop_bufg_I_O)         0.101     1.294 r  chole_bhature_i/processing_system7_0/inst/buffer_fclk_clk_0.FCLK_CLK_0_BUFG/O
                         net (fo=18463, routed)       1.904     3.198    chole_bhature_i/rst_ps7_0_50M/U0/slowest_sync_clk
    SLICE_X59Y104        FDRE                                         r  chole_bhature_i/rst_ps7_0_50M/U0/ACTIVE_LOW_PR_OUT_DFF[0].FDRE_PER_N/C
  -------------------------------------------------------------------    -------------------
    SLICE_X59Y104        FDRE (Prop_fdre_C_Q)         0.456     3.654 r  chole_bhature_i/rst_ps7_0_50M/U0/ACTIVE_LOW_PR_OUT_DFF[0].FDRE_PER_N/Q
                         net (fo=36, routed)          6.416    10.070    chole_bhature_i/axi_mem_intercon/m00_couplers/auto_pc/inst/gen_axi4_axi3.axi3_conv_inst/USE_WRITE.write_addr_inst/USE_BURSTS.cmd_queue/inst/aresetn
    SLICE_X11Y49         LUT1 (Prop_lut1_I0_O)        0.152    10.222 f  chole_bhature_i/axi_mem_intercon/m00_couplers/auto_pc/inst/gen_axi4_axi3.axi3_conv_inst/USE_WRITE.write_addr_inst/USE_BURSTS.cmd_queue/inst/S_AXI_AREADY_I_i_1/O
                         net (fo=244, routed)         1.275    11.497    <hidden>
    SLICE_X4Y45          FDPE                                         f  <hidden>
  -------------------------------------------------------------------    -------------------

                         (clock clk_fpga_0 rise edge)
                                                      0.000     0.000 r  
    PS7_X0Y0             PS7                          0.000     0.000 r  chole_bhature_i/processing_system7_0/inst/PS7_i/FCLKCLK[0]
                         net (fo=1, routed)           1.088     1.088    chole_bhature_i/processing_system7_0/inst/FCLK_CLK_unbuffered[0]
    BUFGCTRL_X0Y16       BUFG (Prop_bufg_I_O)         0.091     1.179 r  chole_bhature_i/processing_system7_0/inst/buffer_fclk_clk_0.FCLK_CLK_0_BUFG/O
                         net (fo=18463, routed)       1.658     2.837    <hidden>
    SLICE_X4Y45          FDPE                                         r  <hidden>

Slack:                    inf
  Source:                 chole_bhature_i/rst_ps7_0_50M/U0/ACTIVE_LOW_PR_OUT_DFF[0].FDRE_PER_N/C
                            (rising edge-triggered cell FDRE clocked by clk_fpga_0  {rise@0.000ns fall@10.000ns period=20.000ns})
  Destination:            <hidden>
                            (recovery check against rising-edge clock clk_fpga_0  {rise@0.000ns fall@10.000ns period=20.000ns})
  Path Group:             (none)
  Path Type:              Recovery (Max at Slow Process Corner)
  Data Path Delay:        7.915ns  (logic 0.608ns (7.681%)  route 7.307ns (92.319%))
  Logic Levels:           1  (LUT1=1)
  Clock Path Skew:        -0.439ns (DCD - SCD + CPR)
    Destination Clock Delay (DCD):    2.759ns
    Source Clock Delay      (SCD):    3.198ns
    Clock Pessimism Removal (CPR):    0.000ns
  Clock Uncertainty:      0.302ns  ((TSJ^2 + TIJ^2)^1/2 + DJ) / 2 + PE
    Total System Jitter     (TSJ):    0.071ns
    Total Input Jitter      (TIJ):    0.600ns
    Discrete Jitter          (DJ):    0.000ns
    Phase Error              (PE):    0.000ns
  Timing Exception:       False Path

    Location             Delay type                Incr(ns)  Path(ns)    Netlist Resource(s)
  -------------------------------------------------------------------    -------------------
                         (clock clk_fpga_0 rise edge)
                                                      0.000     0.000 r  
    PS7_X0Y0             PS7                          0.000     0.000 r  chole_bhature_i/processing_system7_0/inst/PS7_i/FCLKCLK[0]
                         net (fo=1, routed)           1.193     1.193    chole_bhature_i/processing_system7_0/inst/FCLK_CLK_unbuffered[0]
    BUFGCTRL_X0Y16       BUFG (Prop_bufg_I_O)         0.101     1.294 r  chole_bhature_i/processing_system7_0/inst/buffer_fclk_clk_0.FCLK_CLK_0_BUFG/O
                         net (fo=18463, routed)       1.904     3.198    chole_bhature_i/rst_ps7_0_50M/U0/slowest_sync_clk
    SLICE_X59Y104        FDRE                                         r  chole_bhature_i/rst_ps7_0_50M/U0/ACTIVE_LOW_PR_OUT_DFF[0].FDRE_PER_N/C
  -------------------------------------------------------------------    -------------------
    SLICE_X59Y104        FDRE (Prop_fdre_C_Q)         0.456     3.654 r  chole_bhature_i/rst_ps7_0_50M/U0/ACTIVE_LOW_PR_OUT_DFF[0].FDRE_PER_N/Q
                         net (fo=36, routed)          6.416    10.070    chole_bhature_i/axi_mem_intercon/m00_couplers/auto_pc/inst/gen_axi4_axi3.axi3_conv_inst/USE_WRITE.write_addr_inst/USE_BURSTS.cmd_queue/inst/aresetn
    SLICE_X11Y49         LUT1 (Prop_lut1_I0_O)        0.152    10.222 f  chole_bhature_i/axi_mem_intercon/m00_couplers/auto_pc/inst/gen_axi4_axi3.axi3_conv_inst/USE_WRITE.write_addr_inst/USE_BURSTS.cmd_queue/inst/S_AXI_AREADY_I_i_1/O
                         net (fo=244, routed)         0.891    11.113    <hidden>
    SLICE_X9Y45          FDPE                                         f  <hidden>
  -------------------------------------------------------------------    -------------------

                         (clock clk_fpga_0 rise edge)
                                                      0.000     0.000 r  
    PS7_X0Y0             PS7                          0.000     0.000 r  chole_bhature_i/processing_system7_0/inst/PS7_i/FCLKCLK[0]
                         net (fo=1, routed)           1.088     1.088    chole_bhature_i/processing_system7_0/inst/FCLK_CLK_unbuffered[0]
    BUFGCTRL_X0Y16       BUFG (Prop_bufg_I_O)         0.091     1.179 r  chole_bhature_i/processing_system7_0/inst/buffer_fclk_clk_0.FCLK_CLK_0_BUFG/O
                         net (fo=18463, routed)       1.580     2.759    <hidden>
    SLICE_X9Y45          FDPE                                         r  <hidden>

Slack:                    inf
  Source:                 chole_bhature_i/rst_ps7_0_50M/U0/ACTIVE_LOW_PR_OUT_DFF[0].FDRE_PER_N/C
                            (rising edge-triggered cell FDRE clocked by clk_fpga_0  {rise@0.000ns fall@10.000ns period=20.000ns})
  Destination:            <hidden>
                            (recovery check against rising-edge clock clk_fpga_0  {rise@0.000ns fall@10.000ns period=20.000ns})
  Path Group:             (none)
  Path Type:              Recovery (Max at Slow Process Corner)
  Data Path Delay:        7.915ns  (logic 0.608ns (7.681%)  route 7.307ns (92.319%))
  Logic Levels:           1  (LUT1=1)
  Clock Path Skew:        -0.439ns (DCD - SCD + CPR)
    Destination Clock Delay (DCD):    2.759ns
    Source Clock Delay      (SCD):    3.198ns
    Clock Pessimism Removal (CPR):    0.000ns
  Clock Uncertainty:      0.302ns  ((TSJ^2 + TIJ^2)^1/2 + DJ) / 2 + PE
    Total System Jitter     (TSJ):    0.071ns
    Total Input Jitter      (TIJ):    0.600ns
    Discrete Jitter          (DJ):    0.000ns
    Phase Error              (PE):    0.000ns
  Timing Exception:       False Path

    Location             Delay type                Incr(ns)  Path(ns)    Netlist Resource(s)
  -------------------------------------------------------------------    -------------------
                         (clock clk_fpga_0 rise edge)
                                                      0.000     0.000 r  
    PS7_X0Y0             PS7                          0.000     0.000 r  chole_bhature_i/processing_system7_0/inst/PS7_i/FCLKCLK[0]
                         net (fo=1, routed)           1.193     1.193    chole_bhature_i/processing_system7_0/inst/FCLK_CLK_unbuffered[0]
    BUFGCTRL_X0Y16       BUFG (Prop_bufg_I_O)         0.101     1.294 r  chole_bhature_i/processing_system7_0/inst/buffer_fclk_clk_0.FCLK_CLK_0_BUFG/O
                         net (fo=18463, routed)       1.904     3.198    chole_bhature_i/rst_ps7_0_50M/U0/slowest_sync_clk
    SLICE_X59Y104        FDRE                                         r  chole_bhature_i/rst_ps7_0_50M/U0/ACTIVE_LOW_PR_OUT_DFF[0].FDRE_PER_N/C
  -------------------------------------------------------------------    -------------------
    SLICE_X59Y104        FDRE (Prop_fdre_C_Q)         0.456     3.654 r  chole_bhature_i/rst_ps7_0_50M/U0/ACTIVE_LOW_PR_OUT_DFF[0].FDRE_PER_N/Q
                         net (fo=36, routed)          6.416    10.070    chole_bhature_i/axi_mem_intercon/m00_couplers/auto_pc/inst/gen_axi4_axi3.axi3_conv_inst/USE_WRITE.write_addr_inst/USE_BURSTS.cmd_queue/inst/aresetn
    SLICE_X11Y49         LUT1 (Prop_lut1_I0_O)        0.152    10.222 f  chole_bhature_i/axi_mem_intercon/m00_couplers/auto_pc/inst/gen_axi4_axi3.axi3_conv_inst/USE_WRITE.write_addr_inst/USE_BURSTS.cmd_queue/inst/S_AXI_AREADY_I_i_1/O
                         net (fo=244, routed)         0.891    11.113    <hidden>
    SLICE_X9Y45          FDPE                                         f  <hidden>
  -------------------------------------------------------------------    -------------------

                         (clock clk_fpga_0 rise edge)
                                                      0.000     0.000 r  
    PS7_X0Y0             PS7                          0.000     0.000 r  chole_bhature_i/processing_system7_0/inst/PS7_i/FCLKCLK[0]
                         net (fo=1, routed)           1.088     1.088    chole_bhature_i/processing_system7_0/inst/FCLK_CLK_unbuffered[0]
    BUFGCTRL_X0Y16       BUFG (Prop_bufg_I_O)         0.091     1.179 r  chole_bhature_i/processing_system7_0/inst/buffer_fclk_clk_0.FCLK_CLK_0_BUFG/O
                         net (fo=18463, routed)       1.580     2.759    <hidden>
    SLICE_X9Y45          FDPE                                         r  <hidden>

Slack:                    inf
  Source:                 chole_bhature_i/axi_smc/inst/clk_map/psr_aclk/U0/ACTIVE_LOW_BSR_OUT_DFF[0].FDRE_BSR_N/C
                            (rising edge-triggered cell FDRE clocked by clk_fpga_0  {rise@0.000ns fall@10.000ns period=20.000ns})
  Destination:            <hidden>
                            (recovery check against rising-edge clock clk_fpga_0  {rise@0.000ns fall@10.000ns period=20.000ns})
  Path Group:             (none)
  Path Type:              Recovery (Max at Slow Process Corner)
  Data Path Delay:        3.719ns  (logic 0.642ns (17.261%)  route 3.077ns (82.739%))
  Logic Levels:           1  (LUT1=1)
  Clock Path Skew:        -0.263ns (DCD - SCD + CPR)
    Destination Clock Delay (DCD):    2.873ns
    Source Clock Delay      (SCD):    3.136ns
    Clock Pessimism Removal (CPR):    0.000ns
  Clock Uncertainty:      0.302ns  ((TSJ^2 + TIJ^2)^1/2 + DJ) / 2 + PE
    Total System Jitter     (TSJ):    0.071ns
    Total Input Jitter      (TIJ):    0.600ns
    Discrete Jitter          (DJ):    0.000ns
    Phase Error              (PE):    0.000ns
  Timing Exception:       False Path

    Location             Delay type                Incr(ns)  Path(ns)    Netlist Resource(s)
  -------------------------------------------------------------------    -------------------
                         (clock clk_fpga_0 rise edge)
                                                      0.000     0.000 r  
    PS7_X0Y0             PS7                          0.000     0.000 r  chole_bhature_i/processing_system7_0/inst/PS7_i/FCLKCLK[0]
                         net (fo=1, routed)           1.193     1.193    chole_bhature_i/processing_system7_0/inst/FCLK_CLK_unbuffered[0]
    BUFGCTRL_X0Y16       BUFG (Prop_bufg_I_O)         0.101     1.294 r  chole_bhature_i/processing_system7_0/inst/buffer_fclk_clk_0.FCLK_CLK_0_BUFG/O
                         net (fo=18463, routed)       1.842     3.136    chole_bhature_i/axi_smc/inst/clk_map/psr_aclk/U0/aclk
    SLICE_X42Y107        FDRE                                         r  chole_bhature_i/axi_smc/inst/clk_map/psr_aclk/U0/ACTIVE_LOW_BSR_OUT_DFF[0].FDRE_BSR_N/C
  -------------------------------------------------------------------    -------------------
    SLICE_X42Y107        FDRE (Prop_fdre_C_Q)         0.518     3.654 r  chole_bhature_i/axi_smc/inst/clk_map/psr_aclk/U0/ACTIVE_LOW_BSR_OUT_DFF[0].FDRE_BSR_N/Q
                         net (fo=25, routed)          2.455     6.109    <hidden>
    SLICE_X29Y113        LUT1 (Prop_lut1_I0_O)        0.124     6.233 f  <hidden>
                         net (fo=3, routed)           0.622     6.855    <hidden>
    SLICE_X29Y113        FDCE                                         f  <hidden>
  -------------------------------------------------------------------    -------------------

                         (clock clk_fpga_0 rise edge)
                                                      0.000     0.000 r  
    PS7_X0Y0             PS7                          0.000     0.000 r  chole_bhature_i/processing_system7_0/inst/PS7_i/FCLKCLK[0]
                         net (fo=1, routed)           1.088     1.088    chole_bhature_i/processing_system7_0/inst/FCLK_CLK_unbuffered[0]
    BUFGCTRL_X0Y16       BUFG (Prop_bufg_I_O)         0.091     1.179 r  chole_bhature_i/processing_system7_0/inst/buffer_fclk_clk_0.FCLK_CLK_0_BUFG/O
                         net (fo=18463, routed)       1.694     2.873    <hidden>
    SLICE_X29Y113        FDCE                                         r  <hidden>

Slack:                    inf
  Source:                 chole_bhature_i/axi_smc/inst/clk_map/psr_aclk/U0/ACTIVE_LOW_BSR_OUT_DFF[0].FDRE_BSR_N/C
                            (rising edge-triggered cell FDRE clocked by clk_fpga_0  {rise@0.000ns fall@10.000ns period=20.000ns})
  Destination:            <hidden>
                            (recovery check against rising-edge clock clk_fpga_0  {rise@0.000ns fall@10.000ns period=20.000ns})
  Path Group:             (none)
  Path Type:              Recovery (Max at Slow Process Corner)
  Data Path Delay:        3.719ns  (logic 0.642ns (17.261%)  route 3.077ns (82.739%))
  Logic Levels:           1  (LUT1=1)
  Clock Path Skew:        -0.263ns (DCD - SCD + CPR)
    Destination Clock Delay (DCD):    2.873ns
    Source Clock Delay      (SCD):    3.136ns
    Clock Pessimism Removal (CPR):    0.000ns
  Clock Uncertainty:      0.302ns  ((TSJ^2 + TIJ^2)^1/2 + DJ) / 2 + PE
    Total System Jitter     (TSJ):    0.071ns
    Total Input Jitter      (TIJ):    0.600ns
    Discrete Jitter          (DJ):    0.000ns
    Phase Error              (PE):    0.000ns
  Timing Exception:       False Path

    Location             Delay type                Incr(ns)  Path(ns)    Netlist Resource(s)
  -------------------------------------------------------------------    -------------------
                         (clock clk_fpga_0 rise edge)
                                                      0.000     0.000 r  
    PS7_X0Y0             PS7                          0.000     0.000 r  chole_bhature_i/processing_system7_0/inst/PS7_i/FCLKCLK[0]
                         net (fo=1, routed)           1.193     1.193    chole_bhature_i/processing_system7_0/inst/FCLK_CLK_unbuffered[0]
    BUFGCTRL_X0Y16       BUFG (Prop_bufg_I_O)         0.101     1.294 r  chole_bhature_i/processing_system7_0/inst/buffer_fclk_clk_0.FCLK_CLK_0_BUFG/O
                         net (fo=18463, routed)       1.842     3.136    chole_bhature_i/axi_smc/inst/clk_map/psr_aclk/U0/aclk
    SLICE_X42Y107        FDRE                                         r  chole_bhature_i/axi_smc/inst/clk_map/psr_aclk/U0/ACTIVE_LOW_BSR_OUT_DFF[0].FDRE_BSR_N/C
  -------------------------------------------------------------------    -------------------
    SLICE_X42Y107        FDRE (Prop_fdre_C_Q)         0.518     3.654 r  chole_bhature_i/axi_smc/inst/clk_map/psr_aclk/U0/ACTIVE_LOW_BSR_OUT_DFF[0].FDRE_BSR_N/Q
                         net (fo=25, routed)          2.455     6.109    <hidden>
    SLICE_X29Y113        LUT1 (Prop_lut1_I0_O)        0.124     6.233 f  <hidden>
                         net (fo=3, routed)           0.622     6.855    <hidden>
    SLICE_X29Y113        FDCE                                         f  <hidden>
  -------------------------------------------------------------------    -------------------

                         (clock clk_fpga_0 rise edge)
                                                      0.000     0.000 r  
    PS7_X0Y0             PS7                          0.000     0.000 r  chole_bhature_i/processing_system7_0/inst/PS7_i/FCLKCLK[0]
                         net (fo=1, routed)           1.088     1.088    chole_bhature_i/processing_system7_0/inst/FCLK_CLK_unbuffered[0]
    BUFGCTRL_X0Y16       BUFG (Prop_bufg_I_O)         0.091     1.179 r  chole_bhature_i/processing_system7_0/inst/buffer_fclk_clk_0.FCLK_CLK_0_BUFG/O
                         net (fo=18463, routed)       1.694     2.873    <hidden>
    SLICE_X29Y113        FDCE                                         r  <hidden>

Slack:                    inf
  Source:                 chole_bhature_i/axi_smc/inst/clk_map/psr_aclk/U0/ACTIVE_LOW_BSR_OUT_DFF[0].FDRE_BSR_N/C
                            (rising edge-triggered cell FDRE clocked by clk_fpga_0  {rise@0.000ns fall@10.000ns period=20.000ns})
  Destination:            <hidden>
                            (recovery check against rising-edge clock clk_fpga_0  {rise@0.000ns fall@10.000ns period=20.000ns})
  Path Group:             (none)
  Path Type:              Recovery (Max at Slow Process Corner)
  Data Path Delay:        3.719ns  (logic 0.642ns (17.261%)  route 3.077ns (82.739%))
  Logic Levels:           1  (LUT1=1)
  Clock Path Skew:        -0.263ns (DCD - SCD + CPR)
    Destination Clock Delay (DCD):    2.873ns
    Source Clock Delay      (SCD):    3.136ns
    Clock Pessimism Removal (CPR):    0.000ns
  Clock Uncertainty:      0.302ns  ((TSJ^2 + TIJ^2)^1/2 + DJ) / 2 + PE
    Total System Jitter     (TSJ):    0.071ns
    Total Input Jitter      (TIJ):    0.600ns
    Discrete Jitter          (DJ):    0.000ns
    Phase Error              (PE):    0.000ns
  Timing Exception:       False Path

    Location             Delay type                Incr(ns)  Path(ns)    Netlist Resource(s)
  -------------------------------------------------------------------    -------------------
                         (clock clk_fpga_0 rise edge)
                                                      0.000     0.000 r  
    PS7_X0Y0             PS7                          0.000     0.000 r  chole_bhature_i/processing_system7_0/inst/PS7_i/FCLKCLK[0]
                         net (fo=1, routed)           1.193     1.193    chole_bhature_i/processing_system7_0/inst/FCLK_CLK_unbuffered[0]
    BUFGCTRL_X0Y16       BUFG (Prop_bufg_I_O)         0.101     1.294 r  chole_bhature_i/processing_system7_0/inst/buffer_fclk_clk_0.FCLK_CLK_0_BUFG/O
                         net (fo=18463, routed)       1.842     3.136    chole_bhature_i/axi_smc/inst/clk_map/psr_aclk/U0/aclk
    SLICE_X42Y107        FDRE                                         r  chole_bhature_i/axi_smc/inst/clk_map/psr_aclk/U0/ACTIVE_LOW_BSR_OUT_DFF[0].FDRE_BSR_N/C
  -------------------------------------------------------------------    -------------------
    SLICE_X42Y107        FDRE (Prop_fdre_C_Q)         0.518     3.654 r  chole_bhature_i/axi_smc/inst/clk_map/psr_aclk/U0/ACTIVE_LOW_BSR_OUT_DFF[0].FDRE_BSR_N/Q
                         net (fo=25, routed)          2.455     6.109    <hidden>
    SLICE_X29Y113        LUT1 (Prop_lut1_I0_O)        0.124     6.233 f  <hidden>
                         net (fo=3, routed)           0.622     6.855    <hidden>
    SLICE_X29Y113        FDCE                                         f  <hidden>
  -------------------------------------------------------------------    -------------------

                         (clock clk_fpga_0 rise edge)
                                                      0.000     0.000 r  
    PS7_X0Y0             PS7                          0.000     0.000 r  chole_bhature_i/processing_system7_0/inst/PS7_i/FCLKCLK[0]
                         net (fo=1, routed)           1.088     1.088    chole_bhature_i/processing_system7_0/inst/FCLK_CLK_unbuffered[0]
    BUFGCTRL_X0Y16       BUFG (Prop_bufg_I_O)         0.091     1.179 r  chole_bhature_i/processing_system7_0/inst/buffer_fclk_clk_0.FCLK_CLK_0_BUFG/O
                         net (fo=18463, routed)       1.694     2.873    <hidden>
    SLICE_X29Y113        FDCE                                         r  <hidden>

Slack:                    inf
  Source:                 chole_bhature_i/axi_smc/inst/clk_map/psr_aclk/U0/ACTIVE_LOW_BSR_OUT_DFF[0].FDRE_BSR_N/C
                            (rising edge-triggered cell FDRE clocked by clk_fpga_0  {rise@0.000ns fall@10.000ns period=20.000ns})
  Destination:            <hidden>
                            (recovery check against rising-edge clock clk_fpga_0  {rise@0.000ns fall@10.000ns period=20.000ns})
  Path Group:             (none)
  Path Type:              Recovery (Max at Slow Process Corner)
  Data Path Delay:        3.676ns  (logic 0.671ns (18.256%)  route 3.005ns (81.744%))
  Logic Levels:           1  (LUT1=1)
  Clock Path Skew:        -0.258ns (DCD - SCD + CPR)
    Destination Clock Delay (DCD):    2.878ns
    Source Clock Delay      (SCD):    3.136ns
    Clock Pessimism Removal (CPR):    0.000ns
  Clock Uncertainty:      0.302ns  ((TSJ^2 + TIJ^2)^1/2 + DJ) / 2 + PE
    Total System Jitter     (TSJ):    0.071ns
    Total Input Jitter      (TIJ):    0.600ns
    Discrete Jitter          (DJ):    0.000ns
    Phase Error              (PE):    0.000ns
  Timing Exception:       False Path

    Location             Delay type                Incr(ns)  Path(ns)    Netlist Resource(s)
  -------------------------------------------------------------------    -------------------
                         (clock clk_fpga_0 rise edge)
                                                      0.000     0.000 r  
    PS7_X0Y0             PS7                          0.000     0.000 r  chole_bhature_i/processing_system7_0/inst/PS7_i/FCLKCLK[0]
                         net (fo=1, routed)           1.193     1.193    chole_bhature_i/processing_system7_0/inst/FCLK_CLK_unbuffered[0]
    BUFGCTRL_X0Y16       BUFG (Prop_bufg_I_O)         0.101     1.294 r  chole_bhature_i/processing_system7_0/inst/buffer_fclk_clk_0.FCLK_CLK_0_BUFG/O
                         net (fo=18463, routed)       1.842     3.136    chole_bhature_i/axi_smc/inst/clk_map/psr_aclk/U0/aclk
    SLICE_X42Y107        FDRE                                         r  chole_bhature_i/axi_smc/inst/clk_map/psr_aclk/U0/ACTIVE_LOW_BSR_OUT_DFF[0].FDRE_BSR_N/C
  -------------------------------------------------------------------    -------------------
    SLICE_X42Y107        FDRE (Prop_fdre_C_Q)         0.518     3.654 r  chole_bhature_i/axi_smc/inst/clk_map/psr_aclk/U0/ACTIVE_LOW_BSR_OUT_DFF[0].FDRE_BSR_N/Q
                         net (fo=25, routed)          2.275     5.929    <hidden>
    SLICE_X32Y107        LUT1 (Prop_lut1_I0_O)        0.153     6.082 f  <hidden>
                         net (fo=3, routed)           0.730     6.812    <hidden>
    SLICE_X31Y105        FDCE                                         f  <hidden>
  -------------------------------------------------------------------    -------------------

                         (clock clk_fpga_0 rise edge)
                                                      0.000     0.000 r  
    PS7_X0Y0             PS7                          0.000     0.000 r  chole_bhature_i/processing_system7_0/inst/PS7_i/FCLKCLK[0]
                         net (fo=1, routed)           1.088     1.088    chole_bhature_i/processing_system7_0/inst/FCLK_CLK_unbuffered[0]
    BUFGCTRL_X0Y16       BUFG (Prop_bufg_I_O)         0.091     1.179 r  chole_bhature_i/processing_system7_0/inst/buffer_fclk_clk_0.FCLK_CLK_0_BUFG/O
                         net (fo=18463, routed)       1.699     2.878    <hidden>
    SLICE_X31Y105        FDCE                                         r  <hidden>





Min Delay Paths
--------------------------------------------------------------------------------------
Slack:                    inf
  Source:                 chole_bhature_i/axi_smc/inst/clk_map/psr_aclk/U0/ACTIVE_LOW_BSR_OUT_DFF[0].FDRE_BSR_N/C
                            (rising edge-triggered cell FDRE clocked by clk_fpga_0  {rise@0.000ns fall@10.000ns period=20.000ns})
  Destination:            <hidden>
                            (removal check against rising-edge clock clk_fpga_0  {rise@0.000ns fall@10.000ns period=20.000ns})
  Path Group:             (none)
  Path Type:              Removal (Min at Fast Process Corner)
  Data Path Delay:        0.540ns  (logic 0.209ns (38.727%)  route 0.331ns (61.273%))
  Logic Levels:           1  (LUT1=1)
  Clock Path Skew:        0.302ns (DCD - SCD - CPR)
    Destination Clock Delay (DCD):    1.275ns
    Source Clock Delay      (SCD):    0.973ns
    Clock Pessimism Removal (CPR):    -0.000ns
  Clock Uncertainty:      0.302ns  ((TSJ^2 + TIJ^2)^1/2 + DJ) / 2 + PE
    Total System Jitter     (TSJ):    0.071ns
    Total Input Jitter      (TIJ):    0.600ns
    Discrete Jitter          (DJ):    0.000ns
    Phase Error              (PE):    0.000ns
  Timing Exception:       False Path

    Location             Delay type                Incr(ns)  Path(ns)    Netlist Resource(s)
  -------------------------------------------------------------------    -------------------
                         (clock clk_fpga_0 rise edge)
                                                      0.000     0.000 r  
    PS7_X0Y0             PS7                          0.000     0.000 r  chole_bhature_i/processing_system7_0/inst/PS7_i/FCLKCLK[0]
                         net (fo=1, routed)           0.310     0.310    chole_bhature_i/processing_system7_0/inst/FCLK_CLK_unbuffered[0]
    BUFGCTRL_X0Y16       BUFG (Prop_bufg_I_O)         0.026     0.336 r  chole_bhature_i/processing_system7_0/inst/buffer_fclk_clk_0.FCLK_CLK_0_BUFG/O
                         net (fo=18463, routed)       0.637     0.973    chole_bhature_i/axi_smc/inst/clk_map/psr_aclk/U0/aclk
    SLICE_X42Y107        FDRE                                         r  chole_bhature_i/axi_smc/inst/clk_map/psr_aclk/U0/ACTIVE_LOW_BSR_OUT_DFF[0].FDRE_BSR_N/C
  -------------------------------------------------------------------    -------------------
    SLICE_X42Y107        FDRE (Prop_fdre_C_Q)         0.164     1.137 r  chole_bhature_i/axi_smc/inst/clk_map/psr_aclk/U0/ACTIVE_LOW_BSR_OUT_DFF[0].FDRE_BSR_N/Q
                         net (fo=25, routed)          0.212     1.349    <hidden>
    SLICE_X41Y108        LUT1 (Prop_lut1_I0_O)        0.045     1.394 f  <hidden>
                         net (fo=3, routed)           0.119     1.513    <hidden>
    SLICE_X41Y108        FDCE                                         f  <hidden>
  -------------------------------------------------------------------    -------------------

                         (clock clk_fpga_0 rise edge)
                                                      0.000     0.000 r  
    PS7_X0Y0             PS7                          0.000     0.000 r  chole_bhature_i/processing_system7_0/inst/PS7_i/FCLKCLK[0]
                         net (fo=1, routed)           0.337     0.337    chole_bhature_i/processing_system7_0/inst/FCLK_CLK_unbuffered[0]
    BUFGCTRL_X0Y16       BUFG (Prop_bufg_I_O)         0.029     0.366 r  chole_bhature_i/processing_system7_0/inst/buffer_fclk_clk_0.FCLK_CLK_0_BUFG/O
                         net (fo=18463, routed)       0.909     1.275    <hidden>
    SLICE_X41Y108        FDCE                                         r  <hidden>

Slack:                    inf
  Source:                 chole_bhature_i/axi_smc/inst/clk_map/psr_aclk/U0/ACTIVE_LOW_BSR_OUT_DFF[0].FDRE_BSR_N/C
                            (rising edge-triggered cell FDRE clocked by clk_fpga_0  {rise@0.000ns fall@10.000ns period=20.000ns})
  Destination:            <hidden>
                            (removal check against rising-edge clock clk_fpga_0  {rise@0.000ns fall@10.000ns period=20.000ns})
  Path Group:             (none)
  Path Type:              Removal (Min at Fast Process Corner)
  Data Path Delay:        0.540ns  (logic 0.209ns (38.727%)  route 0.331ns (61.273%))
  Logic Levels:           1  (LUT1=1)
  Clock Path Skew:        0.302ns (DCD - SCD - CPR)
    Destination Clock Delay (DCD):    1.275ns
    Source Clock Delay      (SCD):    0.973ns
    Clock Pessimism Removal (CPR):    -0.000ns
  Clock Uncertainty:      0.302ns  ((TSJ^2 + TIJ^2)^1/2 + DJ) / 2 + PE
    Total System Jitter     (TSJ):    0.071ns
    Total Input Jitter      (TIJ):    0.600ns
    Discrete Jitter          (DJ):    0.000ns
    Phase Error              (PE):    0.000ns
  Timing Exception:       False Path

    Location             Delay type                Incr(ns)  Path(ns)    Netlist Resource(s)
  -------------------------------------------------------------------    -------------------
                         (clock clk_fpga_0 rise edge)
                                                      0.000     0.000 r  
    PS7_X0Y0             PS7                          0.000     0.000 r  chole_bhature_i/processing_system7_0/inst/PS7_i/FCLKCLK[0]
                         net (fo=1, routed)           0.310     0.310    chole_bhature_i/processing_system7_0/inst/FCLK_CLK_unbuffered[0]
    BUFGCTRL_X0Y16       BUFG (Prop_bufg_I_O)         0.026     0.336 r  chole_bhature_i/processing_system7_0/inst/buffer_fclk_clk_0.FCLK_CLK_0_BUFG/O
                         net (fo=18463, routed)       0.637     0.973    chole_bhature_i/axi_smc/inst/clk_map/psr_aclk/U0/aclk
    SLICE_X42Y107        FDRE                                         r  chole_bhature_i/axi_smc/inst/clk_map/psr_aclk/U0/ACTIVE_LOW_BSR_OUT_DFF[0].FDRE_BSR_N/C
  -------------------------------------------------------------------    -------------------
    SLICE_X42Y107        FDRE (Prop_fdre_C_Q)         0.164     1.137 r  chole_bhature_i/axi_smc/inst/clk_map/psr_aclk/U0/ACTIVE_LOW_BSR_OUT_DFF[0].FDRE_BSR_N/Q
                         net (fo=25, routed)          0.212     1.349    <hidden>
    SLICE_X41Y108        LUT1 (Prop_lut1_I0_O)        0.045     1.394 f  <hidden>
                         net (fo=3, routed)           0.119     1.513    <hidden>
    SLICE_X41Y108        FDCE                                         f  <hidden>
  -------------------------------------------------------------------    -------------------

                         (clock clk_fpga_0 rise edge)
                                                      0.000     0.000 r  
    PS7_X0Y0             PS7                          0.000     0.000 r  chole_bhature_i/processing_system7_0/inst/PS7_i/FCLKCLK[0]
                         net (fo=1, routed)           0.337     0.337    chole_bhature_i/processing_system7_0/inst/FCLK_CLK_unbuffered[0]
    BUFGCTRL_X0Y16       BUFG (Prop_bufg_I_O)         0.029     0.366 r  chole_bhature_i/processing_system7_0/inst/buffer_fclk_clk_0.FCLK_CLK_0_BUFG/O
                         net (fo=18463, routed)       0.909     1.275    <hidden>
    SLICE_X41Y108        FDCE                                         r  <hidden>

Slack:                    inf
  Source:                 chole_bhature_i/axi_smc/inst/clk_map/psr_aclk/U0/ACTIVE_LOW_BSR_OUT_DFF[0].FDRE_BSR_N/C
                            (rising edge-triggered cell FDRE clocked by clk_fpga_0  {rise@0.000ns fall@10.000ns period=20.000ns})
  Destination:            <hidden>
                            (removal check against rising-edge clock clk_fpga_0  {rise@0.000ns fall@10.000ns period=20.000ns})
  Path Group:             (none)
  Path Type:              Removal (Min at Fast Process Corner)
  Data Path Delay:        0.540ns  (logic 0.209ns (38.727%)  route 0.331ns (61.273%))
  Logic Levels:           1  (LUT1=1)
  Clock Path Skew:        0.302ns (DCD - SCD - CPR)
    Destination Clock Delay (DCD):    1.275ns
    Source Clock Delay      (SCD):    0.973ns
    Clock Pessimism Removal (CPR):    -0.000ns
  Clock Uncertainty:      0.302ns  ((TSJ^2 + TIJ^2)^1/2 + DJ) / 2 + PE
    Total System Jitter     (TSJ):    0.071ns
    Total Input Jitter      (TIJ):    0.600ns
    Discrete Jitter          (DJ):    0.000ns
    Phase Error              (PE):    0.000ns
  Timing Exception:       False Path

    Location             Delay type                Incr(ns)  Path(ns)    Netlist Resource(s)
  -------------------------------------------------------------------    -------------------
                         (clock clk_fpga_0 rise edge)
                                                      0.000     0.000 r  
    PS7_X0Y0             PS7                          0.000     0.000 r  chole_bhature_i/processing_system7_0/inst/PS7_i/FCLKCLK[0]
                         net (fo=1, routed)           0.310     0.310    chole_bhature_i/processing_system7_0/inst/FCLK_CLK_unbuffered[0]
    BUFGCTRL_X0Y16       BUFG (Prop_bufg_I_O)         0.026     0.336 r  chole_bhature_i/processing_system7_0/inst/buffer_fclk_clk_0.FCLK_CLK_0_BUFG/O
                         net (fo=18463, routed)       0.637     0.973    chole_bhature_i/axi_smc/inst/clk_map/psr_aclk/U0/aclk
    SLICE_X42Y107        FDRE                                         r  chole_bhature_i/axi_smc/inst/clk_map/psr_aclk/U0/ACTIVE_LOW_BSR_OUT_DFF[0].FDRE_BSR_N/C
  -------------------------------------------------------------------    -------------------
    SLICE_X42Y107        FDRE (Prop_fdre_C_Q)         0.164     1.137 r  chole_bhature_i/axi_smc/inst/clk_map/psr_aclk/U0/ACTIVE_LOW_BSR_OUT_DFF[0].FDRE_BSR_N/Q
                         net (fo=25, routed)          0.212     1.349    <hidden>
    SLICE_X41Y108        LUT1 (Prop_lut1_I0_O)        0.045     1.394 f  <hidden>
                         net (fo=3, routed)           0.119     1.513    <hidden>
    SLICE_X41Y108        FDCE                                         f  <hidden>
  -------------------------------------------------------------------    -------------------

                         (clock clk_fpga_0 rise edge)
                                                      0.000     0.000 r  
    PS7_X0Y0             PS7                          0.000     0.000 r  chole_bhature_i/processing_system7_0/inst/PS7_i/FCLKCLK[0]
                         net (fo=1, routed)           0.337     0.337    chole_bhature_i/processing_system7_0/inst/FCLK_CLK_unbuffered[0]
    BUFGCTRL_X0Y16       BUFG (Prop_bufg_I_O)         0.029     0.366 r  chole_bhature_i/processing_system7_0/inst/buffer_fclk_clk_0.FCLK_CLK_0_BUFG/O
                         net (fo=18463, routed)       0.909     1.275    <hidden>
    SLICE_X41Y108        FDCE                                         r  <hidden>

Slack:                    inf
  Source:                 chole_bhature_i/axi_smc/inst/clk_map/psr_aclk/U0/ACTIVE_LOW_BSR_OUT_DFF[0].FDRE_BSR_N/C
                            (rising edge-triggered cell FDRE clocked by clk_fpga_0  {rise@0.000ns fall@10.000ns period=20.000ns})
  Destination:            <hidden>
                            (removal check against rising-edge clock clk_fpga_0  {rise@0.000ns fall@10.000ns period=20.000ns})
  Path Group:             (none)
  Path Type:              Removal (Min at Fast Process Corner)
  Data Path Delay:        0.666ns  (logic 0.215ns (32.277%)  route 0.451ns (67.723%))
  Logic Levels:           1  (LUT1=1)
  Clock Path Skew:        0.301ns (DCD - SCD - CPR)
    Destination Clock Delay (DCD):    1.274ns
    Source Clock Delay      (SCD):    0.973ns
    Clock Pessimism Removal (CPR):    -0.000ns
  Clock Uncertainty:      0.302ns  ((TSJ^2 + TIJ^2)^1/2 + DJ) / 2 + PE
    Total System Jitter     (TSJ):    0.071ns
    Total Input Jitter      (TIJ):    0.600ns
    Discrete Jitter          (DJ):    0.000ns
    Phase Error              (PE):    0.000ns
  Timing Exception:       False Path

    Location             Delay type                Incr(ns)  Path(ns)    Netlist Resource(s)
  -------------------------------------------------------------------    -------------------
                         (clock clk_fpga_0 rise edge)
                                                      0.000     0.000 r  
    PS7_X0Y0             PS7                          0.000     0.000 r  chole_bhature_i/processing_system7_0/inst/PS7_i/FCLKCLK[0]
                         net (fo=1, routed)           0.310     0.310    chole_bhature_i/processing_system7_0/inst/FCLK_CLK_unbuffered[0]
    BUFGCTRL_X0Y16       BUFG (Prop_bufg_I_O)         0.026     0.336 r  chole_bhature_i/processing_system7_0/inst/buffer_fclk_clk_0.FCLK_CLK_0_BUFG/O
                         net (fo=18463, routed)       0.637     0.973    chole_bhature_i/axi_smc/inst/clk_map/psr_aclk/U0/aclk
    SLICE_X42Y107        FDRE                                         r  chole_bhature_i/axi_smc/inst/clk_map/psr_aclk/U0/ACTIVE_LOW_BSR_OUT_DFF[0].FDRE_BSR_N/C
  -------------------------------------------------------------------    -------------------
    SLICE_X42Y107        FDRE (Prop_fdre_C_Q)         0.164     1.137 r  chole_bhature_i/axi_smc/inst/clk_map/psr_aclk/U0/ACTIVE_LOW_BSR_OUT_DFF[0].FDRE_BSR_N/Q
                         net (fo=25, routed)          0.268     1.405    <hidden>
    SLICE_X41Y110        LUT1 (Prop_lut1_I0_O)        0.051     1.456 f  <hidden>
                         net (fo=3, routed)           0.183     1.639    <hidden>
    SLICE_X39Y110        FDCE                                         f  <hidden>
  -------------------------------------------------------------------    -------------------

                         (clock clk_fpga_0 rise edge)
                                                      0.000     0.000 r  
    PS7_X0Y0             PS7                          0.000     0.000 r  chole_bhature_i/processing_system7_0/inst/PS7_i/FCLKCLK[0]
                         net (fo=1, routed)           0.337     0.337    chole_bhature_i/processing_system7_0/inst/FCLK_CLK_unbuffered[0]
    BUFGCTRL_X0Y16       BUFG (Prop_bufg_I_O)         0.029     0.366 r  chole_bhature_i/processing_system7_0/inst/buffer_fclk_clk_0.FCLK_CLK_0_BUFG/O
                         net (fo=18463, routed)       0.908     1.274    <hidden>
    SLICE_X39Y110        FDCE                                         r  <hidden>

Slack:                    inf
  Source:                 chole_bhature_i/axi_smc/inst/clk_map/psr_aclk/U0/ACTIVE_LOW_BSR_OUT_DFF[0].FDRE_BSR_N/C
                            (rising edge-triggered cell FDRE clocked by clk_fpga_0  {rise@0.000ns fall@10.000ns period=20.000ns})
  Destination:            <hidden>
                            (removal check against rising-edge clock clk_fpga_0  {rise@0.000ns fall@10.000ns period=20.000ns})
  Path Group:             (none)
  Path Type:              Removal (Min at Fast Process Corner)
  Data Path Delay:        0.666ns  (logic 0.215ns (32.277%)  route 0.451ns (67.723%))
  Logic Levels:           1  (LUT1=1)
  Clock Path Skew:        0.301ns (DCD - SCD - CPR)
    Destination Clock Delay (DCD):    1.274ns
    Source Clock Delay      (SCD):    0.973ns
    Clock Pessimism Removal (CPR):    -0.000ns
  Clock Uncertainty:      0.302ns  ((TSJ^2 + TIJ^2)^1/2 + DJ) / 2 + PE
    Total System Jitter     (TSJ):    0.071ns
    Total Input Jitter      (TIJ):    0.600ns
    Discrete Jitter          (DJ):    0.000ns
    Phase Error              (PE):    0.000ns
  Timing Exception:       False Path

    Location             Delay type                Incr(ns)  Path(ns)    Netlist Resource(s)
  -------------------------------------------------------------------    -------------------
                         (clock clk_fpga_0 rise edge)
                                                      0.000     0.000 r  
    PS7_X0Y0             PS7                          0.000     0.000 r  chole_bhature_i/processing_system7_0/inst/PS7_i/FCLKCLK[0]
                         net (fo=1, routed)           0.310     0.310    chole_bhature_i/processing_system7_0/inst/FCLK_CLK_unbuffered[0]
    BUFGCTRL_X0Y16       BUFG (Prop_bufg_I_O)         0.026     0.336 r  chole_bhature_i/processing_system7_0/inst/buffer_fclk_clk_0.FCLK_CLK_0_BUFG/O
                         net (fo=18463, routed)       0.637     0.973    chole_bhature_i/axi_smc/inst/clk_map/psr_aclk/U0/aclk
    SLICE_X42Y107        FDRE                                         r  chole_bhature_i/axi_smc/inst/clk_map/psr_aclk/U0/ACTIVE_LOW_BSR_OUT_DFF[0].FDRE_BSR_N/C
  -------------------------------------------------------------------    -------------------
    SLICE_X42Y107        FDRE (Prop_fdre_C_Q)         0.164     1.137 r  chole_bhature_i/axi_smc/inst/clk_map/psr_aclk/U0/ACTIVE_LOW_BSR_OUT_DFF[0].FDRE_BSR_N/Q
                         net (fo=25, routed)          0.268     1.405    <hidden>
    SLICE_X41Y110        LUT1 (Prop_lut1_I0_O)        0.051     1.456 f  <hidden>
                         net (fo=3, routed)           0.183     1.639    <hidden>
    SLICE_X39Y110        FDCE                                         f  <hidden>
  -------------------------------------------------------------------    -------------------

                         (clock clk_fpga_0 rise edge)
                                                      0.000     0.000 r  
    PS7_X0Y0             PS7                          0.000     0.000 r  chole_bhature_i/processing_system7_0/inst/PS7_i/FCLKCLK[0]
                         net (fo=1, routed)           0.337     0.337    chole_bhature_i/processing_system7_0/inst/FCLK_CLK_unbuffered[0]
    BUFGCTRL_X0Y16       BUFG (Prop_bufg_I_O)         0.029     0.366 r  chole_bhature_i/processing_system7_0/inst/buffer_fclk_clk_0.FCLK_CLK_0_BUFG/O
                         net (fo=18463, routed)       0.908     1.274    <hidden>
    SLICE_X39Y110        FDCE                                         r  <hidden>

Slack:                    inf
  Source:                 chole_bhature_i/axi_smc/inst/clk_map/psr_aclk/U0/ACTIVE_LOW_BSR_OUT_DFF[0].FDRE_BSR_N/C
                            (rising edge-triggered cell FDRE clocked by clk_fpga_0  {rise@0.000ns fall@10.000ns period=20.000ns})
  Destination:            <hidden>
                            (removal check against rising-edge clock clk_fpga_0  {rise@0.000ns fall@10.000ns period=20.000ns})
  Path Group:             (none)
  Path Type:              Removal (Min at Fast Process Corner)
  Data Path Delay:        0.666ns  (logic 0.215ns (32.277%)  route 0.451ns (67.723%))
  Logic Levels:           1  (LUT1=1)
  Clock Path Skew:        0.301ns (DCD - SCD - CPR)
    Destination Clock Delay (DCD):    1.274ns
    Source Clock Delay      (SCD):    0.973ns
    Clock Pessimism Removal (CPR):    -0.000ns
  Clock Uncertainty:      0.302ns  ((TSJ^2 + TIJ^2)^1/2 + DJ) / 2 + PE
    Total System Jitter     (TSJ):    0.071ns
    Total Input Jitter      (TIJ):    0.600ns
    Discrete Jitter          (DJ):    0.000ns
    Phase Error              (PE):    0.000ns
  Timing Exception:       False Path

    Location             Delay type                Incr(ns)  Path(ns)    Netlist Resource(s)
  -------------------------------------------------------------------    -------------------
                         (clock clk_fpga_0 rise edge)
                                                      0.000     0.000 r  
    PS7_X0Y0             PS7                          0.000     0.000 r  chole_bhature_i/processing_system7_0/inst/PS7_i/FCLKCLK[0]
                         net (fo=1, routed)           0.310     0.310    chole_bhature_i/processing_system7_0/inst/FCLK_CLK_unbuffered[0]
    BUFGCTRL_X0Y16       BUFG (Prop_bufg_I_O)         0.026     0.336 r  chole_bhature_i/processing_system7_0/inst/buffer_fclk_clk_0.FCLK_CLK_0_BUFG/O
                         net (fo=18463, routed)       0.637     0.973    chole_bhature_i/axi_smc/inst/clk_map/psr_aclk/U0/aclk
    SLICE_X42Y107        FDRE                                         r  chole_bhature_i/axi_smc/inst/clk_map/psr_aclk/U0/ACTIVE_LOW_BSR_OUT_DFF[0].FDRE_BSR_N/C
  -------------------------------------------------------------------    -------------------
    SLICE_X42Y107        FDRE (Prop_fdre_C_Q)         0.164     1.137 r  chole_bhature_i/axi_smc/inst/clk_map/psr_aclk/U0/ACTIVE_LOW_BSR_OUT_DFF[0].FDRE_BSR_N/Q
                         net (fo=25, routed)          0.268     1.405    <hidden>
    SLICE_X41Y110        LUT1 (Prop_lut1_I0_O)        0.051     1.456 f  <hidden>
                         net (fo=3, routed)           0.183     1.639    <hidden>
    SLICE_X39Y110        FDCE                                         f  <hidden>
  -------------------------------------------------------------------    -------------------

                         (clock clk_fpga_0 rise edge)
                                                      0.000     0.000 r  
    PS7_X0Y0             PS7                          0.000     0.000 r  chole_bhature_i/processing_system7_0/inst/PS7_i/FCLKCLK[0]
                         net (fo=1, routed)           0.337     0.337    chole_bhature_i/processing_system7_0/inst/FCLK_CLK_unbuffered[0]
    BUFGCTRL_X0Y16       BUFG (Prop_bufg_I_O)         0.029     0.366 r  chole_bhature_i/processing_system7_0/inst/buffer_fclk_clk_0.FCLK_CLK_0_BUFG/O
                         net (fo=18463, routed)       0.908     1.274    <hidden>
    SLICE_X39Y110        FDCE                                         r  <hidden>

Slack:                    inf
  Source:                 chole_bhature_i/axi_smc/inst/clk_map/psr_aclk/U0/ACTIVE_LOW_BSR_OUT_DFF[0].FDRE_BSR_N/C
                            (rising edge-triggered cell FDRE clocked by clk_fpga_0  {rise@0.000ns fall@10.000ns period=20.000ns})
  Destination:            <hidden>
                            (removal check against rising-edge clock clk_fpga_0  {rise@0.000ns fall@10.000ns period=20.000ns})
  Path Group:             (none)
  Path Type:              Removal (Min at Fast Process Corner)
  Data Path Delay:        0.708ns  (logic 0.209ns (29.532%)  route 0.499ns (70.468%))
  Logic Levels:           1  (LUT1=1)
  Clock Path Skew:        0.301ns (DCD - SCD - CPR)
    Destination Clock Delay (DCD):    1.274ns
    Source Clock Delay      (SCD):    0.973ns
    Clock Pessimism Removal (CPR):    -0.000ns
  Clock Uncertainty:      0.302ns  ((TSJ^2 + TIJ^2)^1/2 + DJ) / 2 + PE
    Total System Jitter     (TSJ):    0.071ns
    Total Input Jitter      (TIJ):    0.600ns
    Discrete Jitter          (DJ):    0.000ns
    Phase Error              (PE):    0.000ns
  Timing Exception:       False Path

    Location             Delay type                Incr(ns)  Path(ns)    Netlist Resource(s)
  -------------------------------------------------------------------    -------------------
                         (clock clk_fpga_0 rise edge)
                                                      0.000     0.000 r  
    PS7_X0Y0             PS7                          0.000     0.000 r  chole_bhature_i/processing_system7_0/inst/PS7_i/FCLKCLK[0]
                         net (fo=1, routed)           0.310     0.310    chole_bhature_i/processing_system7_0/inst/FCLK_CLK_unbuffered[0]
    BUFGCTRL_X0Y16       BUFG (Prop_bufg_I_O)         0.026     0.336 r  chole_bhature_i/processing_system7_0/inst/buffer_fclk_clk_0.FCLK_CLK_0_BUFG/O
                         net (fo=18463, routed)       0.637     0.973    chole_bhature_i/axi_smc/inst/clk_map/psr_aclk/U0/aclk
    SLICE_X42Y107        FDRE                                         r  chole_bhature_i/axi_smc/inst/clk_map/psr_aclk/U0/ACTIVE_LOW_BSR_OUT_DFF[0].FDRE_BSR_N/C
  -------------------------------------------------------------------    -------------------
    SLICE_X42Y107        FDRE (Prop_fdre_C_Q)         0.164     1.137 r  chole_bhature_i/axi_smc/inst/clk_map/psr_aclk/U0/ACTIVE_LOW_BSR_OUT_DFF[0].FDRE_BSR_N/Q
                         net (fo=25, routed)          0.268     1.405    <hidden>
    SLICE_X41Y110        LUT1 (Prop_lut1_I0_O)        0.045     1.450 f  <hidden>
                         net (fo=3, routed)           0.231     1.681    <hidden>
    SLICE_X41Y110        FDCE                                         f  <hidden>
  -------------------------------------------------------------------    -------------------

                         (clock clk_fpga_0 rise edge)
                                                      0.000     0.000 r  
    PS7_X0Y0             PS7                          0.000     0.000 r  chole_bhature_i/processing_system7_0/inst/PS7_i/FCLKCLK[0]
                         net (fo=1, routed)           0.337     0.337    chole_bhature_i/processing_system7_0/inst/FCLK_CLK_unbuffered[0]
    BUFGCTRL_X0Y16       BUFG (Prop_bufg_I_O)         0.029     0.366 r  chole_bhature_i/processing_system7_0/inst/buffer_fclk_clk_0.FCLK_CLK_0_BUFG/O
                         net (fo=18463, routed)       0.908     1.274    <hidden>
    SLICE_X41Y110        FDCE                                         r  <hidden>

Slack:                    inf
  Source:                 chole_bhature_i/axi_smc/inst/clk_map/psr_aclk/U0/ACTIVE_LOW_BSR_OUT_DFF[0].FDRE_BSR_N/C
                            (rising edge-triggered cell FDRE clocked by clk_fpga_0  {rise@0.000ns fall@10.000ns period=20.000ns})
  Destination:            <hidden>
                            (removal check against rising-edge clock clk_fpga_0  {rise@0.000ns fall@10.000ns period=20.000ns})
  Path Group:             (none)
  Path Type:              Removal (Min at Fast Process Corner)
  Data Path Delay:        0.708ns  (logic 0.209ns (29.532%)  route 0.499ns (70.468%))
  Logic Levels:           1  (LUT1=1)
  Clock Path Skew:        0.301ns (DCD - SCD - CPR)
    Destination Clock Delay (DCD):    1.274ns
    Source Clock Delay      (SCD):    0.973ns
    Clock Pessimism Removal (CPR):    -0.000ns
  Clock Uncertainty:      0.302ns  ((TSJ^2 + TIJ^2)^1/2 + DJ) / 2 + PE
    Total System Jitter     (TSJ):    0.071ns
    Total Input Jitter      (TIJ):    0.600ns
    Discrete Jitter          (DJ):    0.000ns
    Phase Error              (PE):    0.000ns
  Timing Exception:       False Path

    Location             Delay type                Incr(ns)  Path(ns)    Netlist Resource(s)
  -------------------------------------------------------------------    -------------------
                         (clock clk_fpga_0 rise edge)
                                                      0.000     0.000 r  
    PS7_X0Y0             PS7                          0.000     0.000 r  chole_bhature_i/processing_system7_0/inst/PS7_i/FCLKCLK[0]
                         net (fo=1, routed)           0.310     0.310    chole_bhature_i/processing_system7_0/inst/FCLK_CLK_unbuffered[0]
    BUFGCTRL_X0Y16       BUFG (Prop_bufg_I_O)         0.026     0.336 r  chole_bhature_i/processing_system7_0/inst/buffer_fclk_clk_0.FCLK_CLK_0_BUFG/O
                         net (fo=18463, routed)       0.637     0.973    chole_bhature_i/axi_smc/inst/clk_map/psr_aclk/U0/aclk
    SLICE_X42Y107        FDRE                                         r  chole_bhature_i/axi_smc/inst/clk_map/psr_aclk/U0/ACTIVE_LOW_BSR_OUT_DFF[0].FDRE_BSR_N/C
  -------------------------------------------------------------------    -------------------
    SLICE_X42Y107        FDRE (Prop_fdre_C_Q)         0.164     1.137 r  chole_bhature_i/axi_smc/inst/clk_map/psr_aclk/U0/ACTIVE_LOW_BSR_OUT_DFF[0].FDRE_BSR_N/Q
                         net (fo=25, routed)          0.268     1.405    <hidden>
    SLICE_X41Y110        LUT1 (Prop_lut1_I0_O)        0.045     1.450 f  <hidden>
                         net (fo=3, routed)           0.231     1.681    <hidden>
    SLICE_X41Y110        FDCE                                         f  <hidden>
  -------------------------------------------------------------------    -------------------

                         (clock clk_fpga_0 rise edge)
                                                      0.000     0.000 r  
    PS7_X0Y0             PS7                          0.000     0.000 r  chole_bhature_i/processing_system7_0/inst/PS7_i/FCLKCLK[0]
                         net (fo=1, routed)           0.337     0.337    chole_bhature_i/processing_system7_0/inst/FCLK_CLK_unbuffered[0]
    BUFGCTRL_X0Y16       BUFG (Prop_bufg_I_O)         0.029     0.366 r  chole_bhature_i/processing_system7_0/inst/buffer_fclk_clk_0.FCLK_CLK_0_BUFG/O
                         net (fo=18463, routed)       0.908     1.274    <hidden>
    SLICE_X41Y110        FDCE                                         r  <hidden>

Slack:                    inf
  Source:                 chole_bhature_i/axi_smc/inst/clk_map/psr_aclk/U0/ACTIVE_LOW_BSR_OUT_DFF[0].FDRE_BSR_N/C
                            (rising edge-triggered cell FDRE clocked by clk_fpga_0  {rise@0.000ns fall@10.000ns period=20.000ns})
  Destination:            <hidden>
                            (removal check against rising-edge clock clk_fpga_0  {rise@0.000ns fall@10.000ns period=20.000ns})
  Path Group:             (none)
  Path Type:              Removal (Min at Fast Process Corner)
  Data Path Delay:        0.708ns  (logic 0.209ns (29.532%)  route 0.499ns (70.468%))
  Logic Levels:           1  (LUT1=1)
  Clock Path Skew:        0.301ns (DCD - SCD - CPR)
    Destination Clock Delay (DCD):    1.274ns
    Source Clock Delay      (SCD):    0.973ns
    Clock Pessimism Removal (CPR):    -0.000ns
  Clock Uncertainty:      0.302ns  ((TSJ^2 + TIJ^2)^1/2 + DJ) / 2 + PE
    Total System Jitter     (TSJ):    0.071ns
    Total Input Jitter      (TIJ):    0.600ns
    Discrete Jitter          (DJ):    0.000ns
    Phase Error              (PE):    0.000ns
  Timing Exception:       False Path

    Location             Delay type                Incr(ns)  Path(ns)    Netlist Resource(s)
  -------------------------------------------------------------------    -------------------
                         (clock clk_fpga_0 rise edge)
                                                      0.000     0.000 r  
    PS7_X0Y0             PS7                          0.000     0.000 r  chole_bhature_i/processing_system7_0/inst/PS7_i/FCLKCLK[0]
                         net (fo=1, routed)           0.310     0.310    chole_bhature_i/processing_system7_0/inst/FCLK_CLK_unbuffered[0]
    BUFGCTRL_X0Y16       BUFG (Prop_bufg_I_O)         0.026     0.336 r  chole_bhature_i/processing_system7_0/inst/buffer_fclk_clk_0.FCLK_CLK_0_BUFG/O
                         net (fo=18463, routed)       0.637     0.973    chole_bhature_i/axi_smc/inst/clk_map/psr_aclk/U0/aclk
    SLICE_X42Y107        FDRE                                         r  chole_bhature_i/axi_smc/inst/clk_map/psr_aclk/U0/ACTIVE_LOW_BSR_OUT_DFF[0].FDRE_BSR_N/C
  -------------------------------------------------------------------    -------------------
    SLICE_X42Y107        FDRE (Prop_fdre_C_Q)         0.164     1.137 r  chole_bhature_i/axi_smc/inst/clk_map/psr_aclk/U0/ACTIVE_LOW_BSR_OUT_DFF[0].FDRE_BSR_N/Q
                         net (fo=25, routed)          0.268     1.405    <hidden>
    SLICE_X41Y110        LUT1 (Prop_lut1_I0_O)        0.045     1.450 f  <hidden>
                         net (fo=3, routed)           0.231     1.681    <hidden>
    SLICE_X41Y110        FDCE                                         f  <hidden>
  -------------------------------------------------------------------    -------------------

                         (clock clk_fpga_0 rise edge)
                                                      0.000     0.000 r  
    PS7_X0Y0             PS7                          0.000     0.000 r  chole_bhature_i/processing_system7_0/inst/PS7_i/FCLKCLK[0]
                         net (fo=1, routed)           0.337     0.337    chole_bhature_i/processing_system7_0/inst/FCLK_CLK_unbuffered[0]
    BUFGCTRL_X0Y16       BUFG (Prop_bufg_I_O)         0.029     0.366 r  chole_bhature_i/processing_system7_0/inst/buffer_fclk_clk_0.FCLK_CLK_0_BUFG/O
                         net (fo=18463, routed)       0.908     1.274    <hidden>
    SLICE_X41Y110        FDCE                                         r  <hidden>

Slack:                    inf
  Source:                 chole_bhature_i/axi_smc/inst/clk_map/psr_aclk/U0/ACTIVE_LOW_BSR_OUT_DFF[0].FDRE_BSR_N/C
                            (rising edge-triggered cell FDRE clocked by clk_fpga_0  {rise@0.000ns fall@10.000ns period=20.000ns})
  Destination:            <hidden>
                            (removal check against rising-edge clock clk_fpga_0  {rise@0.000ns fall@10.000ns period=20.000ns})
  Path Group:             (none)
  Path Type:              Removal (Min at Fast Process Corner)
  Data Path Delay:        0.727ns  (logic 0.209ns (28.729%)  route 0.518ns (71.271%))
  Logic Levels:           1  (LUT1=1)
  Clock Path Skew:        0.301ns (DCD - SCD - CPR)
    Destination Clock Delay (DCD):    1.274ns
    Source Clock Delay      (SCD):    0.973ns
    Clock Pessimism Removal (CPR):    -0.000ns
  Clock Uncertainty:      0.302ns  ((TSJ^2 + TIJ^2)^1/2 + DJ) / 2 + PE
    Total System Jitter     (TSJ):    0.071ns
    Total Input Jitter      (TIJ):    0.600ns
    Discrete Jitter          (DJ):    0.000ns
    Phase Error              (PE):    0.000ns
  Timing Exception:       False Path

    Location             Delay type                Incr(ns)  Path(ns)    Netlist Resource(s)
  -------------------------------------------------------------------    -------------------
                         (clock clk_fpga_0 rise edge)
                                                      0.000     0.000 r  
    PS7_X0Y0             PS7                          0.000     0.000 r  chole_bhature_i/processing_system7_0/inst/PS7_i/FCLKCLK[0]
                         net (fo=1, routed)           0.310     0.310    chole_bhature_i/processing_system7_0/inst/FCLK_CLK_unbuffered[0]
    BUFGCTRL_X0Y16       BUFG (Prop_bufg_I_O)         0.026     0.336 r  chole_bhature_i/processing_system7_0/inst/buffer_fclk_clk_0.FCLK_CLK_0_BUFG/O
                         net (fo=18463, routed)       0.637     0.973    chole_bhature_i/axi_smc/inst/clk_map/psr_aclk/U0/aclk
    SLICE_X42Y107        FDRE                                         r  chole_bhature_i/axi_smc/inst/clk_map/psr_aclk/U0/ACTIVE_LOW_BSR_OUT_DFF[0].FDRE_BSR_N/C
  -------------------------------------------------------------------    -------------------
    SLICE_X42Y107        FDRE (Prop_fdre_C_Q)         0.164     1.137 r  chole_bhature_i/axi_smc/inst/clk_map/psr_aclk/U0/ACTIVE_LOW_BSR_OUT_DFF[0].FDRE_BSR_N/Q
                         net (fo=25, routed)          0.359     1.496    <hidden>
    SLICE_X40Y110        LUT1 (Prop_lut1_I0_O)        0.045     1.541 f  <hidden>
                         net (fo=3, routed)           0.160     1.700    <hidden>
    SLICE_X42Y110        FDCE                                         f  <hidden>
  -------------------------------------------------------------------    -------------------

                         (clock clk_fpga_0 rise edge)
                                                      0.000     0.000 r  
    PS7_X0Y0             PS7                          0.000     0.000 r  chole_bhature_i/processing_system7_0/inst/PS7_i/FCLKCLK[0]
                         net (fo=1, routed)           0.337     0.337    chole_bhature_i/processing_system7_0/inst/FCLK_CLK_unbuffered[0]
    BUFGCTRL_X0Y16       BUFG (Prop_bufg_I_O)         0.029     0.366 r  chole_bhature_i/processing_system7_0/inst/buffer_fclk_clk_0.FCLK_CLK_0_BUFG/O
                         net (fo=18463, routed)       0.908     1.274    <hidden>
    SLICE_X42Y110        FDCE                                         r  <hidden>





