

================================================================
== Vitis HLS Report for 'dft'
================================================================
<<<<<<< HEAD
* Date:           Fri Nov  7 19:04:26 2025
=======
* Date:           Fri Nov  7 21:08:33 2025
>>>>>>> b4dc985 (Update hls config)

* Version:        2024.2 (Build 5238294 on Nov  8 2024)
* Project:        dft.comp
* Solution:       hls (Vivado IP Flow Target)
* Product family: zynq
* Target device:  xc7z020-clg400-1


================================================================
== Performance Estimates
================================================================
+ Timing: 
    * Summary: 
    +--------+----------+----------+------------+
    |  Clock |  Target  | Estimated| Uncertainty|
    +--------+----------+----------+------------+
    |ap_clk  |  10.00 ns|  7.256 ns|     2.70 ns|
    +--------+----------+----------+------------+

+ Latency: 
    * Summary: 
<<<<<<< HEAD
    +---------+---------+----------+----------+--------+--------+-------------------------------------------------+
    |  Latency (cycles) |  Latency (absolute) |     Interval    |                     Pipeline                    |
    |   min   |   max   |    min   |    max   |   min  |   max  |                       Type                      |
    +---------+---------+----------+----------+--------+--------+-------------------------------------------------+
    |   131090|   131090|  1.311 ms|  1.311 ms|  131089|  131089|  loop auto-rewind stp (delay=17 clock cycles(s))|
    +---------+---------+----------+----------+--------+--------+-------------------------------------------------+

    + Detail: 
        * Instance: 
        N/A

        * Loop: 
        +-------------------------+---------+---------+----------+-----------+-----------+--------+----------+
        |                         |  Latency (cycles) | Iteration|  Initiation Interval  |  Trip  |          |
        |        Loop Name        |   min   |   max   |  Latency |  achieved |   target  |  Count | Pipelined|
        +-------------------------+---------+---------+----------+-----------+-----------+--------+----------+
        |- OUTER_LOOP_INNER_LOOP  |   131088|   131088|        18|          1|          1|  131072|       yes|
        +-------------------------+---------+---------+----------+-----------+-----------+--------+----------+
=======
    +---------+---------+-----------+-----------+---------+---------+---------+
    |  Latency (cycles) |   Latency (absolute)  |      Interval     | Pipeline|
    |   min   |   max   |    min    |    max    |   min   |   max   |   Type  |
    +---------+---------+-----------+-----------+---------+---------+---------+
    |  1207297|  1207297|  12.073 ms|  12.073 ms|  1207298|  1207298|       no|
    +---------+---------+-----------+-----------+---------+---------+---------+

    + Detail: 
        * Instance: 
        +-------------------------------------------+------------------------------+---------+---------+-----------+-----------+------+------+------------------------------------------------+
        |                                           |                              |  Latency (cycles) |   Latency (absolute)  |   Interval  |                    Pipeline                    |
        |                  Instance                 |            Module            |   min   |   max   |    min    |    max    |  min |  max |                      Type                      |
        +-------------------------------------------+------------------------------+---------+---------+-----------+-----------+------+------+------------------------------------------------+
        |grp_dft_Pipeline_INNER_LOOP_fu_16494       |dft_Pipeline_INNER_LOOP       |      141|      141|   1.410 us|   1.410 us|   129|   129|  loop auto-rewind stp (delay=0 clock cycles(s))|
        |grp_dft_Pipeline_VITIS_LOOP_53_1_fu_20601  |dft_Pipeline_VITIS_LOOP_53_1  |     1032|     1032|  10.320 us|  10.320 us|  1025|  1025|  loop auto-rewind stp (delay=0 clock cycles(s))|
        +-------------------------------------------+------------------------------+---------+---------+-----------+-----------+------+------+------------------------------------------------+

        * Loop: 
        +--------------+---------+---------+----------+-----------+-----------+------+----------+
        |              |  Latency (cycles) | Iteration|  Initiation Interval  | Trip |          |
        |   Loop Name  |   min   |   max   |  Latency |  achieved |   target  | Count| Pipelined|
        +--------------+---------+---------+----------+-----------+-----------+------+----------+
        |- OUTER_LOOP  |  1207296|  1207296|      1179|          -|          -|  1024|        no|
        +--------------+---------+---------+----------+-----------+-----------+------+----------+
>>>>>>> b4dc985 (Update hls config)



================================================================
== Utilization Estimates
================================================================
* Summary: 
+-----------------+---------+-----+--------+-------+-----+
|       Name      | BRAM_18K| DSP |   FF   |  LUT  | URAM|
+-----------------+---------+-----+--------+-------+-----+
|DSP              |        -|    -|       -|      -|    -|
<<<<<<< HEAD
|Expression       |        -|    -|       0|    102|    -|
|FIFO             |        -|    -|       -|      -|    -|
|Instance         |        -|  160|   11136|  23256|    -|
|Memory           |       16|    -|       0|      0|    -|
|Multiplexer      |        -|    -|       0|     99|    -|
|Register         |        -|    -|    5545|   1024|    -|
+-----------------+---------+-----+--------+-------+-----+
|Total            |       16|  160|   16681|  24481|    0|
+-----------------+---------+-----+--------+-------+-----+
|Available        |      280|  220|  106400|  53200|    0|
+-----------------+---------+-----+--------+-------+-----+
|Utilization (%)  |        5|   72|      15|     46|    0|
=======
|Expression       |        -|    -|       0|     24|    -|
|FIFO             |        -|    -|       -|      -|    -|
|Instance         |       16|  128|   77372|  41704|    -|
|Memory           |        -|    -|       -|      -|    -|
|Multiplexer      |        -|    -|       0|    149|    -|
|Register         |        -|    -|   65694|      -|    -|
+-----------------+---------+-----+--------+-------+-----+
|Total            |       16|  128|  143066|  41877|    0|
+-----------------+---------+-----+--------+-------+-----+
|Available        |      280|  220|  106400|  53200|    0|
+-----------------+---------+-----+--------+-------+-----+
|Utilization (%)  |        5|   58|     134|     78|    0|
>>>>>>> b4dc985 (Update hls config)
+-----------------+---------+-----+--------+-------+-----+

+ Detail: 
    * Instance: 
<<<<<<< HEAD
    +------------------------------------+--------------------------------+---------+----+-----+-----+-----+
    |              Instance              |             Module             | BRAM_18K| DSP|  FF | LUT | URAM|
    +------------------------------------+--------------------------------+---------+----+-----+-----+-----+
    |fadd_32ns_32ns_32_5_full_dsp_1_U2   |fadd_32ns_32ns_32_5_full_dsp_1  |        0|   2|  205|  390|    0|
    |fadd_32ns_32ns_32_5_full_dsp_1_U4   |fadd_32ns_32ns_32_5_full_dsp_1  |        0|   2|  205|  390|    0|
    |fadd_32ns_32ns_32_5_full_dsp_1_U6   |fadd_32ns_32ns_32_5_full_dsp_1  |        0|   2|  205|  390|    0|
    |fadd_32ns_32ns_32_5_full_dsp_1_U8   |fadd_32ns_32ns_32_5_full_dsp_1  |        0|   2|  205|  390|    0|
    |fadd_32ns_32ns_32_5_full_dsp_1_U10  |fadd_32ns_32ns_32_5_full_dsp_1  |        0|   2|  205|  390|    0|
    |fadd_32ns_32ns_32_5_full_dsp_1_U12  |fadd_32ns_32ns_32_5_full_dsp_1  |        0|   2|  205|  390|    0|
    |fadd_32ns_32ns_32_5_full_dsp_1_U14  |fadd_32ns_32ns_32_5_full_dsp_1  |        0|   2|  205|  390|    0|
    |fadd_32ns_32ns_32_5_full_dsp_1_U16  |fadd_32ns_32ns_32_5_full_dsp_1  |        0|   2|  205|  390|    0|
    |fadd_32ns_32ns_32_5_full_dsp_1_U17  |fadd_32ns_32ns_32_5_full_dsp_1  |        0|   2|  205|  390|    0|
    |fadd_32ns_32ns_32_5_full_dsp_1_U18  |fadd_32ns_32ns_32_5_full_dsp_1  |        0|   2|  205|  390|    0|
    |fadd_32ns_32ns_32_5_full_dsp_1_U19  |fadd_32ns_32ns_32_5_full_dsp_1  |        0|   2|  205|  390|    0|
    |fadd_32ns_32ns_32_5_full_dsp_1_U20  |fadd_32ns_32ns_32_5_full_dsp_1  |        0|   2|  205|  390|    0|
    |fadd_32ns_32ns_32_5_full_dsp_1_U21  |fadd_32ns_32ns_32_5_full_dsp_1  |        0|   2|  205|  390|    0|
    |fadd_32ns_32ns_32_5_full_dsp_1_U22  |fadd_32ns_32ns_32_5_full_dsp_1  |        0|   2|  205|  390|    0|
    |fadd_32ns_32ns_32_5_full_dsp_1_U23  |fadd_32ns_32ns_32_5_full_dsp_1  |        0|   2|  205|  390|    0|
    |fadd_32ns_32ns_32_5_full_dsp_1_U24  |fadd_32ns_32ns_32_5_full_dsp_1  |        0|   2|  205|  390|    0|
    |fadd_32ns_32ns_32_5_full_dsp_1_U25  |fadd_32ns_32ns_32_5_full_dsp_1  |        0|   2|  205|  390|    0|
    |fadd_32ns_32ns_32_5_full_dsp_1_U26  |fadd_32ns_32ns_32_5_full_dsp_1  |        0|   2|  205|  390|    0|
    |fadd_32ns_32ns_32_5_full_dsp_1_U27  |fadd_32ns_32ns_32_5_full_dsp_1  |        0|   2|  205|  390|    0|
    |fadd_32ns_32ns_32_5_full_dsp_1_U28  |fadd_32ns_32ns_32_5_full_dsp_1  |        0|   2|  205|  390|    0|
    |fadd_32ns_32ns_32_5_full_dsp_1_U29  |fadd_32ns_32ns_32_5_full_dsp_1  |        0|   2|  205|  390|    0|
    |fadd_32ns_32ns_32_5_full_dsp_1_U30  |fadd_32ns_32ns_32_5_full_dsp_1  |        0|   2|  205|  390|    0|
    |fadd_32ns_32ns_32_5_full_dsp_1_U31  |fadd_32ns_32ns_32_5_full_dsp_1  |        0|   2|  205|  390|    0|
    |fadd_32ns_32ns_32_5_full_dsp_1_U32  |fadd_32ns_32ns_32_5_full_dsp_1  |        0|   2|  205|  390|    0|
    |fmul_32ns_32ns_32_4_max_dsp_1_U33   |fmul_32ns_32ns_32_4_max_dsp_1   |        0|   3|  143|  321|    0|
    |fmul_32ns_32ns_32_4_max_dsp_1_U34   |fmul_32ns_32ns_32_4_max_dsp_1   |        0|   3|  143|  321|    0|
    |fmul_32ns_32ns_32_4_max_dsp_1_U35   |fmul_32ns_32ns_32_4_max_dsp_1   |        0|   3|  143|  321|    0|
    |fmul_32ns_32ns_32_4_max_dsp_1_U36   |fmul_32ns_32ns_32_4_max_dsp_1   |        0|   3|  143|  321|    0|
    |fmul_32ns_32ns_32_4_max_dsp_1_U37   |fmul_32ns_32ns_32_4_max_dsp_1   |        0|   3|  143|  321|    0|
    |fmul_32ns_32ns_32_4_max_dsp_1_U38   |fmul_32ns_32ns_32_4_max_dsp_1   |        0|   3|  143|  321|    0|
    |fmul_32ns_32ns_32_4_max_dsp_1_U39   |fmul_32ns_32ns_32_4_max_dsp_1   |        0|   3|  143|  321|    0|
    |fmul_32ns_32ns_32_4_max_dsp_1_U40   |fmul_32ns_32ns_32_4_max_dsp_1   |        0|   3|  143|  321|    0|
    |fmul_32ns_32ns_32_4_max_dsp_1_U41   |fmul_32ns_32ns_32_4_max_dsp_1   |        0|   3|  143|  321|    0|
    |fmul_32ns_32ns_32_4_max_dsp_1_U42   |fmul_32ns_32ns_32_4_max_dsp_1   |        0|   3|  143|  321|    0|
    |fmul_32ns_32ns_32_4_max_dsp_1_U43   |fmul_32ns_32ns_32_4_max_dsp_1   |        0|   3|  143|  321|    0|
    |fmul_32ns_32ns_32_4_max_dsp_1_U44   |fmul_32ns_32ns_32_4_max_dsp_1   |        0|   3|  143|  321|    0|
    |fmul_32ns_32ns_32_4_max_dsp_1_U45   |fmul_32ns_32ns_32_4_max_dsp_1   |        0|   3|  143|  321|    0|
    |fmul_32ns_32ns_32_4_max_dsp_1_U46   |fmul_32ns_32ns_32_4_max_dsp_1   |        0|   3|  143|  321|    0|
    |fmul_32ns_32ns_32_4_max_dsp_1_U47   |fmul_32ns_32ns_32_4_max_dsp_1   |        0|   3|  143|  321|    0|
    |fmul_32ns_32ns_32_4_max_dsp_1_U48   |fmul_32ns_32ns_32_4_max_dsp_1   |        0|   3|  143|  321|    0|
    |fmul_32ns_32ns_32_4_max_dsp_1_U49   |fmul_32ns_32ns_32_4_max_dsp_1   |        0|   3|  143|  321|    0|
    |fmul_32ns_32ns_32_4_max_dsp_1_U50   |fmul_32ns_32ns_32_4_max_dsp_1   |        0|   3|  143|  321|    0|
    |fmul_32ns_32ns_32_4_max_dsp_1_U51   |fmul_32ns_32ns_32_4_max_dsp_1   |        0|   3|  143|  321|    0|
    |fmul_32ns_32ns_32_4_max_dsp_1_U52   |fmul_32ns_32ns_32_4_max_dsp_1   |        0|   3|  143|  321|    0|
    |fmul_32ns_32ns_32_4_max_dsp_1_U53   |fmul_32ns_32ns_32_4_max_dsp_1   |        0|   3|  143|  321|    0|
    |fmul_32ns_32ns_32_4_max_dsp_1_U54   |fmul_32ns_32ns_32_4_max_dsp_1   |        0|   3|  143|  321|    0|
    |fmul_32ns_32ns_32_4_max_dsp_1_U55   |fmul_32ns_32ns_32_4_max_dsp_1   |        0|   3|  143|  321|    0|
    |fmul_32ns_32ns_32_4_max_dsp_1_U56   |fmul_32ns_32ns_32_4_max_dsp_1   |        0|   3|  143|  321|    0|
    |fmul_32ns_32ns_32_4_max_dsp_1_U57   |fmul_32ns_32ns_32_4_max_dsp_1   |        0|   3|  143|  321|    0|
    |fmul_32ns_32ns_32_4_max_dsp_1_U58   |fmul_32ns_32ns_32_4_max_dsp_1   |        0|   3|  143|  321|    0|
    |fmul_32ns_32ns_32_4_max_dsp_1_U59   |fmul_32ns_32ns_32_4_max_dsp_1   |        0|   3|  143|  321|    0|
    |fmul_32ns_32ns_32_4_max_dsp_1_U60   |fmul_32ns_32ns_32_4_max_dsp_1   |        0|   3|  143|  321|    0|
    |fmul_32ns_32ns_32_4_max_dsp_1_U61   |fmul_32ns_32ns_32_4_max_dsp_1   |        0|   3|  143|  321|    0|
    |fmul_32ns_32ns_32_4_max_dsp_1_U62   |fmul_32ns_32ns_32_4_max_dsp_1   |        0|   3|  143|  321|    0|
    |fmul_32ns_32ns_32_4_max_dsp_1_U63   |fmul_32ns_32ns_32_4_max_dsp_1   |        0|   3|  143|  321|    0|
    |fmul_32ns_32ns_32_4_max_dsp_1_U64   |fmul_32ns_32ns_32_4_max_dsp_1   |        0|   3|  143|  321|    0|
    |fsub_32ns_32ns_32_5_full_dsp_1_U1   |fsub_32ns_32ns_32_5_full_dsp_1  |        0|   2|  205|  390|    0|
    |fsub_32ns_32ns_32_5_full_dsp_1_U3   |fsub_32ns_32ns_32_5_full_dsp_1  |        0|   2|  205|  390|    0|
    |fsub_32ns_32ns_32_5_full_dsp_1_U5   |fsub_32ns_32ns_32_5_full_dsp_1  |        0|   2|  205|  390|    0|
    |fsub_32ns_32ns_32_5_full_dsp_1_U7   |fsub_32ns_32ns_32_5_full_dsp_1  |        0|   2|  205|  390|    0|
    |fsub_32ns_32ns_32_5_full_dsp_1_U9   |fsub_32ns_32ns_32_5_full_dsp_1  |        0|   2|  205|  390|    0|
    |fsub_32ns_32ns_32_5_full_dsp_1_U11  |fsub_32ns_32ns_32_5_full_dsp_1  |        0|   2|  205|  390|    0|
    |fsub_32ns_32ns_32_5_full_dsp_1_U13  |fsub_32ns_32ns_32_5_full_dsp_1  |        0|   2|  205|  390|    0|
    |fsub_32ns_32ns_32_5_full_dsp_1_U15  |fsub_32ns_32ns_32_5_full_dsp_1  |        0|   2|  205|  390|    0|
    |mul_10s_10s_10_1_1_U65              |mul_10s_10s_10_1_1              |        0|   0|    0|   63|    0|
    |mul_10s_10s_10_1_1_U66              |mul_10s_10s_10_1_1              |        0|   0|    0|   63|    0|
    |mul_10s_10s_10_1_1_U67              |mul_10s_10s_10_1_1              |        0|   0|    0|   63|    0|
    |mul_10s_10s_10_1_1_U68              |mul_10s_10s_10_1_1              |        0|   0|    0|   63|    0|
    |mul_10s_10s_10_1_1_U69              |mul_10s_10s_10_1_1              |        0|   0|    0|   63|    0|
    |mul_10s_10s_10_1_1_U70              |mul_10s_10s_10_1_1              |        0|   0|    0|   63|    0|
    |mul_10s_10s_10_1_1_U71              |mul_10s_10s_10_1_1              |        0|   0|    0|   63|    0|
    |mul_10s_10s_10_1_1_U72              |mul_10s_10s_10_1_1              |        0|   0|    0|   63|    0|
    +------------------------------------+--------------------------------+---------+----+-----+-----+-----+
    |Total                               |                                |        0| 160|11136|23256|    0|
    +------------------------------------+--------------------------------+---------+----+-----+-----+-----+
=======
    +-------------------------------------------+------------------------------------+---------+-----+-------+-------+-----+
    |                  Instance                 |               Module               | BRAM_18K| DSP |   FF  |  LUT  | URAM|
    +-------------------------------------------+------------------------------------+---------+-----+-------+-------+-----+
    |grp_dft_Pipeline_INNER_LOOP_fu_16494       |dft_Pipeline_INNER_LOOP             |       16|  124|  75413|  34784|    0|
    |grp_dft_Pipeline_VITIS_LOOP_53_1_fu_20601  |dft_Pipeline_VITIS_LOOP_53_1        |        0|    0|   1549|   6140|    0|
    |fadd_32ns_32ns_32_5_full_dsp_1_U6235       |fadd_32ns_32ns_32_5_full_dsp_1      |        0|    2|    205|    390|    0|
    |faddfsub_32ns_32ns_32_5_full_dsp_1_U6234   |faddfsub_32ns_32ns_32_5_full_dsp_1  |        0|    2|    205|    390|    0|
    +-------------------------------------------+------------------------------------+---------+-----+-------+-------+-----+
    |Total                                      |                                    |       16|  128|  77372|  41704|    0|
    +-------------------------------------------+------------------------------------+---------+-----+-------+-------+-----+
>>>>>>> b4dc985 (Update hls config)

    * DSP: 
    N/A

    * Memory: 
<<<<<<< HEAD
    +--------------------------+------------------------------------+---------+---+----+-----+------+-----+------+-------------+
    |          Memory          |               Module               | BRAM_18K| FF| LUT| URAM| Words| Bits| Banks| W*Bits*Banks|
    +--------------------------+------------------------------------+---------+---+----+-----+------+-----+------+-------------+
    |cos_coefficients_table_U  |cos_coefficients_table_ROM_AUTO_1R  |        8|  0|   0|    0|  1024|   32|     1|        32768|
    |sin_coefficients_table_U  |sin_coefficients_table_ROM_AUTO_1R  |        8|  0|   0|    0|  1024|   32|     1|        32768|
    +--------------------------+------------------------------------+---------+---+----+-----+------+-----+------+-------------+
    |Total                     |                                    |       16|  0|   0|    0|  2048|   64|     2|        65536|
    +--------------------------+------------------------------------+---------+---+----+-----+------+-----+------+-------------+
=======
    N/A
>>>>>>> b4dc985 (Update hls config)

    * FIFO: 
    N/A

    * Expression: 
    +-----------------------+----------+----+---+----+------------+------------+
    |     Variable Name     | Operation| DSP| FF| LUT| Bitwidth P0| Bitwidth P1|
    +-----------------------+----------+----+---+----+------------+------------+
<<<<<<< HEAD
    |add_ln12_1_fu_1140_p2  |         +|   0|  0|  24|          17|           1|
    |add_ln12_fu_1160_p2    |         +|   0|  0|  12|          11|           1|
    |i_fu_1134_p2           |         +|   0|  0|  12|          11|           4|
    |ap_condition_2445      |       and|   0|  0|   2|           1|           1|
    |ap_condition_686       |       and|   0|  0|   2|           1|           1|
    |icmp_ln12_fu_1166_p2   |      icmp|   0|  0|  24|          17|           2|
    |j_fu_932_p3            |    select|   0|  0|  11|           1|          11|
    |select_ln12_fu_924_p3  |    select|   0|  0|  11|           1|          11|
    |ap_enable_pp0          |       xor|   0|  0|   2|           1|           2|
    |xor_ln19_fu_1154_p2    |       xor|   0|  0|   2|           1|           2|
    +-----------------------+----------+----+---+----+------------+------------+
    |Total                  |          |   0|  0| 102|          62|          36|
    +-----------------------+----------+----+---+----+------------+------------+

    * Multiplexer: 
    +---------------------------------------+----+-----------+-----+-----------+
    |                  Name                 | LUT| Input Size| Bits| Total Bits|
    +---------------------------------------+----+-----------+-----+-----------+
    |add_ln126_fu_130                       |   9|          2|   11|         22|
    |ap_done_int                            |   9|          2|    1|          2|
    |ap_loop_exit_ready_pp0_iter17_reg      |   9|          2|    1|          2|
    |ap_phi_mux_icmp_ln195_phi_fu_629_p4    |   9|          2|    1|          2|
    |ap_sig_allocacmp_add_ln126_load        |   9|          2|   11|         22|
    |ap_sig_allocacmp_i4_load               |   9|          2|   11|         22|
    |ap_sig_allocacmp_indvar_flatten2_load  |   9|          2|   17|         34|
    |ap_sig_allocacmp_j3_load               |   9|          2|   11|         22|
    |i4_fu_126                              |   9|          2|   11|         22|
    |indvar_flatten2_fu_118                 |   9|          2|   17|         34|
    |j3_fu_122                              |   9|          2|   11|         22|
    +---------------------------------------+----+-----------+-----+-----------+
    |Total                                  |  99|         22|  103|        206|
    +---------------------------------------+----+-----------+-----+-----------+

    * Register: 
    +---------------------------------------------------+----+----+-----+-----------+
    |                        Name                       | FF | LUT| Bits| Const Bits|
    +---------------------------------------------------+----+----+-----+-----------+
    |add17_1_reg_2217                                   |  32|   0|   32|          0|
    |add17_2_reg_2227                                   |  32|   0|   32|          0|
    |add17_3_reg_2237                                   |  32|   0|   32|          0|
    |add17_4_reg_2247                                   |  32|   0|   32|          0|
    |add17_5_reg_2257                                   |  32|   0|   32|          0|
    |add17_6_reg_2267                                   |  32|   0|   32|          0|
    |add17_7_reg_2277                                   |  32|   0|   32|          0|
    |add1_reg_2212                                      |  32|   0|   32|          0|
    |add20_1_reg_2222                                   |  32|   0|   32|          0|
    |add20_2_reg_2232                                   |  32|   0|   32|          0|
    |add20_3_reg_2242                                   |  32|   0|   32|          0|
    |add20_4_reg_2252                                   |  32|   0|   32|          0|
    |add20_5_reg_2262                                   |  32|   0|   32|          0|
    |add20_6_reg_2272                                   |  32|   0|   32|          0|
    |add20_7_reg_2282                                   |  32|   0|   32|          0|
    |add_ln126_fu_130                                   |  11|   0|   11|          0|
    |add_reg_2207                                       |  32|   0|   32|          0|
    |ap_CS_fsm                                          |   1|   0|    1|          0|
    |ap_condition_exit_pp0_iter0_stage0_pp0_iter10_reg  |   1|   0|    1|          0|
    |ap_condition_exit_pp0_iter0_stage0_pp0_iter11_reg  |   1|   0|    1|          0|
    |ap_condition_exit_pp0_iter0_stage0_pp0_iter12_reg  |   1|   0|    1|          0|
    |ap_condition_exit_pp0_iter0_stage0_pp0_iter13_reg  |   1|   0|    1|          0|
    |ap_condition_exit_pp0_iter0_stage0_pp0_iter14_reg  |   1|   0|    1|          0|
    |ap_condition_exit_pp0_iter0_stage0_pp0_iter15_reg  |   1|   0|    1|          0|
    |ap_condition_exit_pp0_iter0_stage0_pp0_iter16_reg  |   1|   0|    1|          0|
    |ap_condition_exit_pp0_iter0_stage0_pp0_iter17_reg  |   1|   0|    1|          0|
    |ap_condition_exit_pp0_iter0_stage0_pp0_iter1_reg   |   1|   0|    1|          0|
    |ap_condition_exit_pp0_iter0_stage0_pp0_iter2_reg   |   1|   0|    1|          0|
    |ap_condition_exit_pp0_iter0_stage0_pp0_iter3_reg   |   1|   0|    1|          0|
    |ap_condition_exit_pp0_iter0_stage0_pp0_iter4_reg   |   1|   0|    1|          0|
    |ap_condition_exit_pp0_iter0_stage0_pp0_iter5_reg   |   1|   0|    1|          0|
    |ap_condition_exit_pp0_iter0_stage0_pp0_iter6_reg   |   1|   0|    1|          0|
    |ap_condition_exit_pp0_iter0_stage0_pp0_iter7_reg   |   1|   0|    1|          0|
    |ap_condition_exit_pp0_iter0_stage0_pp0_iter8_reg   |   1|   0|    1|          0|
    |ap_condition_exit_pp0_iter0_stage0_pp0_iter9_reg   |   1|   0|    1|          0|
    |ap_done_reg                                        |   1|   0|    1|          0|
    |ap_enable_reg_pp0_iter1                            |   1|   0|    1|          0|
    |ap_enable_reg_pp0_iter10                           |   1|   0|    1|          0|
    |ap_enable_reg_pp0_iter11                           |   1|   0|    1|          0|
    |ap_enable_reg_pp0_iter12                           |   1|   0|    1|          0|
    |ap_enable_reg_pp0_iter13                           |   1|   0|    1|          0|
    |ap_enable_reg_pp0_iter14                           |   1|   0|    1|          0|
    |ap_enable_reg_pp0_iter15                           |   1|   0|    1|          0|
    |ap_enable_reg_pp0_iter16                           |   1|   0|    1|          0|
    |ap_enable_reg_pp0_iter17                           |   1|   0|    1|          0|
    |ap_enable_reg_pp0_iter2                            |   1|   0|    1|          0|
    |ap_enable_reg_pp0_iter3                            |   1|   0|    1|          0|
    |ap_enable_reg_pp0_iter4                            |   1|   0|    1|          0|
    |ap_enable_reg_pp0_iter5                            |   1|   0|    1|          0|
    |ap_enable_reg_pp0_iter6                            |   1|   0|    1|          0|
    |ap_enable_reg_pp0_iter7                            |   1|   0|    1|          0|
    |ap_enable_reg_pp0_iter8                            |   1|   0|    1|          0|
    |ap_enable_reg_pp0_iter9                            |   1|   0|    1|          0|
    |ap_loop_exit_ready_pp0_iter10_reg                  |   1|   0|    1|          0|
    |ap_loop_exit_ready_pp0_iter11_reg                  |   1|   0|    1|          0|
    |ap_loop_exit_ready_pp0_iter12_reg                  |   1|   0|    1|          0|
    |ap_loop_exit_ready_pp0_iter13_reg                  |   1|   0|    1|          0|
    |ap_loop_exit_ready_pp0_iter14_reg                  |   1|   0|    1|          0|
    |ap_loop_exit_ready_pp0_iter15_reg                  |   1|   0|    1|          0|
    |ap_loop_exit_ready_pp0_iter16_reg                  |   1|   0|    1|          0|
    |ap_loop_exit_ready_pp0_iter17_reg                  |   1|   0|    1|          0|
    |ap_loop_exit_ready_pp0_iter1_reg                   |   1|   0|    1|          0|
    |ap_loop_exit_ready_pp0_iter2_reg                   |   1|   0|    1|          0|
    |ap_loop_exit_ready_pp0_iter3_reg                   |   1|   0|    1|          0|
    |ap_loop_exit_ready_pp0_iter4_reg                   |   1|   0|    1|          0|
    |ap_loop_exit_ready_pp0_iter5_reg                   |   1|   0|    1|          0|
    |ap_loop_exit_ready_pp0_iter6_reg                   |   1|   0|    1|          0|
    |ap_loop_exit_ready_pp0_iter7_reg                   |   1|   0|    1|          0|
    |ap_loop_exit_ready_pp0_iter8_reg                   |   1|   0|    1|          0|
    |ap_loop_exit_ready_pp0_iter9_reg                   |   1|   0|    1|          0|
    |c_1_reg_1763                                       |  32|   0|   32|          0|
    |c_2_reg_1775                                       |  32|   0|   32|          0|
    |c_3_reg_1787                                       |  32|   0|   32|          0|
    |c_4_reg_1799                                       |  32|   0|   32|          0|
    |c_5_reg_1811                                       |  32|   0|   32|          0|
    |c_6_reg_1823                                       |  32|   0|   32|          0|
    |c_7_reg_1835                                       |  32|   0|   32|          0|
    |c_reg_1751                                         |  32|   0|   32|          0|
    |i4_fu_126                                          |  11|   0|   11|          0|
    |icmp_ln12_reg_1577                                 |   1|   0|    1|          0|
    |idx_1_reg_1453                                     |  10|   0|   10|          0|
    |idx_2_reg_1470                                     |  10|   0|   10|          0|
    |idx_3_reg_1487                                     |  10|   0|   10|          0|
    |idx_4_reg_1504                                     |  10|   0|   10|          0|
    |idx_5_reg_1521                                     |  10|   0|   10|          0|
    |idx_6_reg_1538                                     |  10|   0|   10|          0|
    |idx_7_reg_1555                                     |  10|   0|   10|          0|
    |idx_reg_1436                                       |  10|   0|   10|          0|
    |imag_op_0_addr_reg_1447                            |   7|   0|    7|          0|
    |imag_op_0_load_reg_1606                            |  32|   0|   32|          0|
    |imag_op_1_addr_reg_1464                            |   7|   0|    7|          0|
    |imag_op_1_load_reg_1626                            |  32|   0|   32|          0|
    |imag_op_2_addr_reg_1481                            |   7|   0|    7|          0|
    |imag_op_2_load_reg_1646                            |  32|   0|   32|          0|
    |imag_op_3_addr_reg_1498                            |   7|   0|    7|          0|
    |imag_op_3_load_reg_1666                            |  32|   0|   32|          0|
    |imag_op_4_addr_reg_1515                            |   7|   0|    7|          0|
    |imag_op_4_load_reg_1686                            |  32|   0|   32|          0|
    |imag_op_5_addr_reg_1532                            |   7|   0|    7|          0|
    |imag_op_5_load_reg_1706                            |  32|   0|   32|          0|
    |imag_op_6_addr_reg_1549                            |   7|   0|    7|          0|
    |imag_op_6_load_reg_1726                            |  32|   0|   32|          0|
    |imag_op_7_addr_reg_1566                            |   7|   0|    7|          0|
    |imag_op_7_load_reg_1746                            |  32|   0|   32|          0|
    |imag_result_1_reg_2062                             |  32|   0|   32|          0|
    |imag_result_2_reg_2072                             |  32|   0|   32|          0|
    |imag_result_3_reg_2082                             |  32|   0|   32|          0|
    |imag_result_4_reg_2092                             |  32|   0|   32|          0|
    |imag_result_5_reg_2102                             |  32|   0|   32|          0|
    |imag_result_6_reg_2112                             |  32|   0|   32|          0|
    |imag_result_7_reg_2122                             |  32|   0|   32|          0|
    |imag_result_reg_2052                               |  32|   0|   32|          0|
    |imag_sample_load_reg_1586                          |  32|   0|   32|          0|
    |imag_sample_load_reg_1586_pp0_iter2_reg            |  32|   0|   32|          0|
    |indvar_flatten2_fu_118                             |  17|   0|   17|          0|
    |j3_fu_122                                          |  11|   0|   11|          0|
    |real_op_0_addr_reg_1441                            |   7|   0|    7|          0|
    |real_op_0_load_reg_1601                            |  32|   0|   32|          0|
    |real_op_1_addr_reg_1458                            |   7|   0|    7|          0|
    |real_op_1_load_reg_1621                            |  32|   0|   32|          0|
    |real_op_2_addr_reg_1475                            |   7|   0|    7|          0|
    |real_op_2_load_reg_1641                            |  32|   0|   32|          0|
    |real_op_3_addr_reg_1492                            |   7|   0|    7|          0|
    |real_op_3_load_reg_1661                            |  32|   0|   32|          0|
    |real_op_4_addr_reg_1509                            |   7|   0|    7|          0|
    |real_op_4_load_reg_1681                            |  32|   0|   32|          0|
    |real_op_5_addr_reg_1526                            |   7|   0|    7|          0|
    |real_op_5_load_reg_1701                            |  32|   0|   32|          0|
    |real_op_6_addr_reg_1543                            |   7|   0|    7|          0|
    |real_op_6_load_reg_1721                            |  32|   0|   32|          0|
    |real_op_7_addr_reg_1560                            |   7|   0|    7|          0|
    |real_op_7_load_reg_1741                            |  32|   0|   32|          0|
    |real_result_1_reg_2057                             |  32|   0|   32|          0|
    |real_result_2_reg_2067                             |  32|   0|   32|          0|
    |real_result_3_reg_2077                             |  32|   0|   32|          0|
    |real_result_4_reg_2087                             |  32|   0|   32|          0|
    |real_result_5_reg_2097                             |  32|   0|   32|          0|
    |real_result_6_reg_2107                             |  32|   0|   32|          0|
    |real_result_7_reg_2117                             |  32|   0|   32|          0|
    |real_result_reg_2047                               |  32|   0|   32|          0|
    |real_sample_load_reg_1581                          |  32|   0|   32|          0|
    |real_sample_load_reg_1581_pp0_iter2_reg            |  32|   0|   32|          0|
    |s_1_reg_1769                                       |  32|   0|   32|          0|
    |s_2_reg_1781                                       |  32|   0|   32|          0|
    |s_3_reg_1793                                       |  32|   0|   32|          0|
    |s_4_reg_1805                                       |  32|   0|   32|          0|
    |s_5_reg_1817                                       |  32|   0|   32|          0|
    |s_6_reg_1829                                       |  32|   0|   32|          0|
    |s_7_reg_1841                                       |  32|   0|   32|          0|
    |s_reg_1757                                         |  32|   0|   32|          0|
    |t1_1_reg_1907                                      |  32|   0|   32|          0|
    |t1_2_reg_1927                                      |  32|   0|   32|          0|
    |t1_3_reg_1947                                      |  32|   0|   32|          0|
    |t1_4_reg_1967                                      |  32|   0|   32|          0|
    |t1_5_reg_1987                                      |  32|   0|   32|          0|
    |t1_6_reg_2007                                      |  32|   0|   32|          0|
    |t1_7_reg_2027                                      |  32|   0|   32|          0|
    |t1_reg_1887                                        |  32|   0|   32|          0|
    |t2_1_reg_1912                                      |  32|   0|   32|          0|
    |t2_2_reg_1932                                      |  32|   0|   32|          0|
    |t2_3_reg_1952                                      |  32|   0|   32|          0|
    |t2_4_reg_1972                                      |  32|   0|   32|          0|
    |t2_5_reg_1992                                      |  32|   0|   32|          0|
    |t2_6_reg_2012                                      |  32|   0|   32|          0|
    |t2_7_reg_2032                                      |  32|   0|   32|          0|
    |t2_reg_1892                                        |  32|   0|   32|          0|
    |t3_1_reg_1917                                      |  32|   0|   32|          0|
    |t3_2_reg_1937                                      |  32|   0|   32|          0|
    |t3_3_reg_1957                                      |  32|   0|   32|          0|
    |t3_4_reg_1977                                      |  32|   0|   32|          0|
    |t3_5_reg_1997                                      |  32|   0|   32|          0|
    |t3_6_reg_2017                                      |  32|   0|   32|          0|
    |t3_7_reg_2037                                      |  32|   0|   32|          0|
    |t3_reg_1897                                        |  32|   0|   32|          0|
    |t4_1_reg_1922                                      |  32|   0|   32|          0|
    |t4_2_reg_1942                                      |  32|   0|   32|          0|
    |t4_3_reg_1962                                      |  32|   0|   32|          0|
    |t4_4_reg_1982                                      |  32|   0|   32|          0|
    |t4_5_reg_2002                                      |  32|   0|   32|          0|
    |t4_6_reg_2022                                      |  32|   0|   32|          0|
    |t4_7_reg_2042                                      |  32|   0|   32|          0|
    |t4_reg_1902                                        |  32|   0|   32|          0|
    |xor_ln19_reg_1572                                  |   1|   0|    1|          0|
    |imag_op_0_addr_reg_1447                            |  64|  32|    7|          0|
    |imag_op_0_load_reg_1606                            |  64|  32|   32|          0|
    |imag_op_1_addr_reg_1464                            |  64|  32|    7|          0|
    |imag_op_1_load_reg_1626                            |  64|  32|   32|          0|
    |imag_op_2_addr_reg_1481                            |  64|  32|    7|          0|
    |imag_op_2_load_reg_1646                            |  64|  32|   32|          0|
    |imag_op_3_addr_reg_1498                            |  64|  32|    7|          0|
    |imag_op_3_load_reg_1666                            |  64|  32|   32|          0|
    |imag_op_4_addr_reg_1515                            |  64|  32|    7|          0|
    |imag_op_4_load_reg_1686                            |  64|  32|   32|          0|
    |imag_op_5_addr_reg_1532                            |  64|  32|    7|          0|
    |imag_op_5_load_reg_1706                            |  64|  32|   32|          0|
    |imag_op_6_addr_reg_1549                            |  64|  32|    7|          0|
    |imag_op_6_load_reg_1726                            |  64|  32|   32|          0|
    |imag_op_7_addr_reg_1566                            |  64|  32|    7|          0|
    |imag_op_7_load_reg_1746                            |  64|  32|   32|          0|
    |real_op_0_addr_reg_1441                            |  64|  32|    7|          0|
    |real_op_0_load_reg_1601                            |  64|  32|   32|          0|
    |real_op_1_addr_reg_1458                            |  64|  32|    7|          0|
    |real_op_1_load_reg_1621                            |  64|  32|   32|          0|
    |real_op_2_addr_reg_1475                            |  64|  32|    7|          0|
    |real_op_2_load_reg_1641                            |  64|  32|   32|          0|
    |real_op_3_addr_reg_1492                            |  64|  32|    7|          0|
    |real_op_3_load_reg_1661                            |  64|  32|   32|          0|
    |real_op_4_addr_reg_1509                            |  64|  32|    7|          0|
    |real_op_4_load_reg_1681                            |  64|  32|   32|          0|
    |real_op_5_addr_reg_1526                            |  64|  32|    7|          0|
    |real_op_5_load_reg_1701                            |  64|  32|   32|          0|
    |real_op_6_addr_reg_1543                            |  64|  32|    7|          0|
    |real_op_6_load_reg_1721                            |  64|  32|   32|          0|
    |real_op_7_addr_reg_1560                            |  64|  32|    7|          0|
    |real_op_7_load_reg_1741                            |  64|  32|   32|          0|
    +---------------------------------------------------+----+----+-----+-----------+
    |Total                                              |5545|1024| 4121|          0|
    +---------------------------------------------------+----+----+-----+-----------+
=======
    |add_ln20_fu_22699_p2   |         +|   0|  0|  12|          11|           1|
    |icmp_ln20_fu_22693_p2  |      icmp|   0|  0|  12|          11|          12|
    +-----------------------+----------+----+---+----+------------+------------+
    |Total                  |          |   0|  0|  24|          22|          13|
    +-----------------------+----------+----+---+----+------------+------------+

    * Multiplexer: 
    +---------------------+----+-----------+-----+-----------+
    |         Name        | LUT| Input Size| Bits| Total Bits|
    +---------------------+----+-----------+-----+-----------+
    |ap_NS_fsm            |  42|          8|    1|          8|
    |grp_fu_86261_ce      |  14|          3|    1|          3|
    |grp_fu_86261_opcode  |  14|          3|    2|          6|
    |grp_fu_86261_p0      |  14|          3|   32|         96|
    |grp_fu_86261_p1      |  14|          3|   32|         96|
    |grp_fu_86265_ce      |  14|          3|    1|          3|
    |grp_fu_86265_p0      |  14|          3|   32|         96|
    |grp_fu_86265_p1      |  14|          3|   32|         96|
    |j_fu_80              |   9|          2|   11|         22|
    +---------------------+----+-----------+-----+-----------+
    |Total                | 149|         31|  144|        426|
    +---------------------+----+-----------+-----+-----------+

    * Register: 
    +--------------------------------------------------------+-----+----+-----+-----------+
    |                          Name                          |  FF | LUT| Bits| Const Bits|
    +--------------------------------------------------------+-----+----+-----+-----------+
    |ap_CS_fsm                                               |    7|   0|    7|          0|
    |grp_dft_Pipeline_INNER_LOOP_fu_16494_ap_start_reg       |    1|   0|    1|          0|
    |grp_dft_Pipeline_VITIS_LOOP_53_1_fu_20601_ap_start_reg  |    1|   0|    1|          0|
    |imag_sample_load_reg_73958                              |   32|   0|   32|          0|
    |is_reg_80112                                            |   32|   0|   32|          0|
    |j_fu_80                                                 |   11|   0|   11|          0|
    |pp_i_1000_fu_8180                                       |   32|   0|   32|          0|
    |pp_i_1001_fu_8184                                       |   32|   0|   32|          0|
    |pp_i_1002_fu_8188                                       |   32|   0|   32|          0|
    |pp_i_1003_fu_8192                                       |   32|   0|   32|          0|
    |pp_i_1004_fu_8196                                       |   32|   0|   32|          0|
    |pp_i_1005_fu_8200                                       |   32|   0|   32|          0|
    |pp_i_1006_fu_8204                                       |   32|   0|   32|          0|
    |pp_i_1007_fu_8208                                       |   32|   0|   32|          0|
    |pp_i_1008_fu_8212                                       |   32|   0|   32|          0|
    |pp_i_1009_fu_8216                                       |   32|   0|   32|          0|
    |pp_i_100_fu_4580                                        |   32|   0|   32|          0|
    |pp_i_1010_fu_8220                                       |   32|   0|   32|          0|
    |pp_i_1011_fu_8224                                       |   32|   0|   32|          0|
    |pp_i_1012_fu_8228                                       |   32|   0|   32|          0|
    |pp_i_1013_fu_8232                                       |   32|   0|   32|          0|
    |pp_i_1014_fu_8236                                       |   32|   0|   32|          0|
    |pp_i_1015_fu_8240                                       |   32|   0|   32|          0|
    |pp_i_1016_fu_8244                                       |   32|   0|   32|          0|
    |pp_i_1017_fu_8248                                       |   32|   0|   32|          0|
    |pp_i_1018_fu_8252                                       |   32|   0|   32|          0|
    |pp_i_1019_fu_8256                                       |   32|   0|   32|          0|
    |pp_i_101_fu_4584                                        |   32|   0|   32|          0|
    |pp_i_1020_fu_8260                                       |   32|   0|   32|          0|
    |pp_i_1021_fu_8264                                       |   32|   0|   32|          0|
    |pp_i_1022_fu_8268                                       |   32|   0|   32|          0|
    |pp_i_1023_fu_8272                                       |   32|   0|   32|          0|
    |pp_i_102_fu_4588                                        |   32|   0|   32|          0|
    |pp_i_103_fu_4592                                        |   32|   0|   32|          0|
    |pp_i_104_fu_4596                                        |   32|   0|   32|          0|
    |pp_i_105_fu_4600                                        |   32|   0|   32|          0|
    |pp_i_106_fu_4604                                        |   32|   0|   32|          0|
    |pp_i_107_fu_4608                                        |   32|   0|   32|          0|
    |pp_i_108_fu_4612                                        |   32|   0|   32|          0|
    |pp_i_109_fu_4616                                        |   32|   0|   32|          0|
    |pp_i_10_fu_4220                                         |   32|   0|   32|          0|
    |pp_i_110_fu_4620                                        |   32|   0|   32|          0|
    |pp_i_111_fu_4624                                        |   32|   0|   32|          0|
    |pp_i_112_fu_4628                                        |   32|   0|   32|          0|
    |pp_i_113_fu_4632                                        |   32|   0|   32|          0|
    |pp_i_114_fu_4636                                        |   32|   0|   32|          0|
    |pp_i_115_fu_4640                                        |   32|   0|   32|          0|
    |pp_i_116_fu_4644                                        |   32|   0|   32|          0|
    |pp_i_117_fu_4648                                        |   32|   0|   32|          0|
    |pp_i_118_fu_4652                                        |   32|   0|   32|          0|
    |pp_i_119_fu_4656                                        |   32|   0|   32|          0|
    |pp_i_11_fu_4224                                         |   32|   0|   32|          0|
    |pp_i_120_fu_4660                                        |   32|   0|   32|          0|
    |pp_i_121_fu_4664                                        |   32|   0|   32|          0|
    |pp_i_122_fu_4668                                        |   32|   0|   32|          0|
    |pp_i_123_fu_4672                                        |   32|   0|   32|          0|
    |pp_i_124_fu_4676                                        |   32|   0|   32|          0|
    |pp_i_125_fu_4680                                        |   32|   0|   32|          0|
    |pp_i_126_fu_4684                                        |   32|   0|   32|          0|
    |pp_i_127_fu_4688                                        |   32|   0|   32|          0|
    |pp_i_128_fu_4692                                        |   32|   0|   32|          0|
    |pp_i_129_fu_4696                                        |   32|   0|   32|          0|
    |pp_i_12_fu_4228                                         |   32|   0|   32|          0|
    |pp_i_130_fu_4700                                        |   32|   0|   32|          0|
    |pp_i_131_fu_4704                                        |   32|   0|   32|          0|
    |pp_i_132_fu_4708                                        |   32|   0|   32|          0|
    |pp_i_133_fu_4712                                        |   32|   0|   32|          0|
    |pp_i_134_fu_4716                                        |   32|   0|   32|          0|
    |pp_i_135_fu_4720                                        |   32|   0|   32|          0|
    |pp_i_136_fu_4724                                        |   32|   0|   32|          0|
    |pp_i_137_fu_4728                                        |   32|   0|   32|          0|
    |pp_i_138_fu_4732                                        |   32|   0|   32|          0|
    |pp_i_139_fu_4736                                        |   32|   0|   32|          0|
    |pp_i_13_fu_4232                                         |   32|   0|   32|          0|
    |pp_i_140_fu_4740                                        |   32|   0|   32|          0|
    |pp_i_141_fu_4744                                        |   32|   0|   32|          0|
    |pp_i_142_fu_4748                                        |   32|   0|   32|          0|
    |pp_i_143_fu_4752                                        |   32|   0|   32|          0|
    |pp_i_144_fu_4756                                        |   32|   0|   32|          0|
    |pp_i_145_fu_4760                                        |   32|   0|   32|          0|
    |pp_i_146_fu_4764                                        |   32|   0|   32|          0|
    |pp_i_147_fu_4768                                        |   32|   0|   32|          0|
    |pp_i_148_fu_4772                                        |   32|   0|   32|          0|
    |pp_i_149_fu_4776                                        |   32|   0|   32|          0|
    |pp_i_14_fu_4236                                         |   32|   0|   32|          0|
    |pp_i_150_fu_4780                                        |   32|   0|   32|          0|
    |pp_i_151_fu_4784                                        |   32|   0|   32|          0|
    |pp_i_152_fu_4788                                        |   32|   0|   32|          0|
    |pp_i_153_fu_4792                                        |   32|   0|   32|          0|
    |pp_i_154_fu_4796                                        |   32|   0|   32|          0|
    |pp_i_155_fu_4800                                        |   32|   0|   32|          0|
    |pp_i_156_fu_4804                                        |   32|   0|   32|          0|
    |pp_i_157_fu_4808                                        |   32|   0|   32|          0|
    |pp_i_158_fu_4812                                        |   32|   0|   32|          0|
    |pp_i_159_fu_4816                                        |   32|   0|   32|          0|
    |pp_i_15_fu_4240                                         |   32|   0|   32|          0|
    |pp_i_160_fu_4820                                        |   32|   0|   32|          0|
    |pp_i_161_fu_4824                                        |   32|   0|   32|          0|
    |pp_i_162_fu_4828                                        |   32|   0|   32|          0|
    |pp_i_163_fu_4832                                        |   32|   0|   32|          0|
    |pp_i_164_fu_4836                                        |   32|   0|   32|          0|
    |pp_i_165_fu_4840                                        |   32|   0|   32|          0|
    |pp_i_166_fu_4844                                        |   32|   0|   32|          0|
    |pp_i_167_fu_4848                                        |   32|   0|   32|          0|
    |pp_i_168_fu_4852                                        |   32|   0|   32|          0|
    |pp_i_169_fu_4856                                        |   32|   0|   32|          0|
    |pp_i_16_fu_4244                                         |   32|   0|   32|          0|
    |pp_i_170_fu_4860                                        |   32|   0|   32|          0|
    |pp_i_171_fu_4864                                        |   32|   0|   32|          0|
    |pp_i_172_fu_4868                                        |   32|   0|   32|          0|
    |pp_i_173_fu_4872                                        |   32|   0|   32|          0|
    |pp_i_174_fu_4876                                        |   32|   0|   32|          0|
    |pp_i_175_fu_4880                                        |   32|   0|   32|          0|
    |pp_i_176_fu_4884                                        |   32|   0|   32|          0|
    |pp_i_177_fu_4888                                        |   32|   0|   32|          0|
    |pp_i_178_fu_4892                                        |   32|   0|   32|          0|
    |pp_i_179_fu_4896                                        |   32|   0|   32|          0|
    |pp_i_17_fu_4248                                         |   32|   0|   32|          0|
    |pp_i_180_fu_4900                                        |   32|   0|   32|          0|
    |pp_i_181_fu_4904                                        |   32|   0|   32|          0|
    |pp_i_182_fu_4908                                        |   32|   0|   32|          0|
    |pp_i_183_fu_4912                                        |   32|   0|   32|          0|
    |pp_i_184_fu_4916                                        |   32|   0|   32|          0|
    |pp_i_185_fu_4920                                        |   32|   0|   32|          0|
    |pp_i_186_fu_4924                                        |   32|   0|   32|          0|
    |pp_i_187_fu_4928                                        |   32|   0|   32|          0|
    |pp_i_188_fu_4932                                        |   32|   0|   32|          0|
    |pp_i_189_fu_4936                                        |   32|   0|   32|          0|
    |pp_i_18_fu_4252                                         |   32|   0|   32|          0|
    |pp_i_190_fu_4940                                        |   32|   0|   32|          0|
    |pp_i_191_fu_4944                                        |   32|   0|   32|          0|
    |pp_i_192_fu_4948                                        |   32|   0|   32|          0|
    |pp_i_193_fu_4952                                        |   32|   0|   32|          0|
    |pp_i_194_fu_4956                                        |   32|   0|   32|          0|
    |pp_i_195_fu_4960                                        |   32|   0|   32|          0|
    |pp_i_196_fu_4964                                        |   32|   0|   32|          0|
    |pp_i_197_fu_4968                                        |   32|   0|   32|          0|
    |pp_i_198_fu_4972                                        |   32|   0|   32|          0|
    |pp_i_199_fu_4976                                        |   32|   0|   32|          0|
    |pp_i_19_fu_4256                                         |   32|   0|   32|          0|
    |pp_i_1_fu_4184                                          |   32|   0|   32|          0|
    |pp_i_200_fu_4980                                        |   32|   0|   32|          0|
    |pp_i_201_fu_4984                                        |   32|   0|   32|          0|
    |pp_i_202_fu_4988                                        |   32|   0|   32|          0|
    |pp_i_203_fu_4992                                        |   32|   0|   32|          0|
    |pp_i_204_fu_4996                                        |   32|   0|   32|          0|
    |pp_i_205_fu_5000                                        |   32|   0|   32|          0|
    |pp_i_206_fu_5004                                        |   32|   0|   32|          0|
    |pp_i_207_fu_5008                                        |   32|   0|   32|          0|
    |pp_i_208_fu_5012                                        |   32|   0|   32|          0|
    |pp_i_209_fu_5016                                        |   32|   0|   32|          0|
    |pp_i_20_fu_4260                                         |   32|   0|   32|          0|
    |pp_i_210_fu_5020                                        |   32|   0|   32|          0|
    |pp_i_211_fu_5024                                        |   32|   0|   32|          0|
    |pp_i_212_fu_5028                                        |   32|   0|   32|          0|
    |pp_i_213_fu_5032                                        |   32|   0|   32|          0|
    |pp_i_214_fu_5036                                        |   32|   0|   32|          0|
    |pp_i_215_fu_5040                                        |   32|   0|   32|          0|
    |pp_i_216_fu_5044                                        |   32|   0|   32|          0|
    |pp_i_217_fu_5048                                        |   32|   0|   32|          0|
    |pp_i_218_fu_5052                                        |   32|   0|   32|          0|
    |pp_i_219_fu_5056                                        |   32|   0|   32|          0|
    |pp_i_21_fu_4264                                         |   32|   0|   32|          0|
    |pp_i_220_fu_5060                                        |   32|   0|   32|          0|
    |pp_i_221_fu_5064                                        |   32|   0|   32|          0|
    |pp_i_222_fu_5068                                        |   32|   0|   32|          0|
    |pp_i_223_fu_5072                                        |   32|   0|   32|          0|
    |pp_i_224_fu_5076                                        |   32|   0|   32|          0|
    |pp_i_225_fu_5080                                        |   32|   0|   32|          0|
    |pp_i_226_fu_5084                                        |   32|   0|   32|          0|
    |pp_i_227_fu_5088                                        |   32|   0|   32|          0|
    |pp_i_228_fu_5092                                        |   32|   0|   32|          0|
    |pp_i_229_fu_5096                                        |   32|   0|   32|          0|
    |pp_i_22_fu_4268                                         |   32|   0|   32|          0|
    |pp_i_230_fu_5100                                        |   32|   0|   32|          0|
    |pp_i_231_fu_5104                                        |   32|   0|   32|          0|
    |pp_i_232_fu_5108                                        |   32|   0|   32|          0|
    |pp_i_233_fu_5112                                        |   32|   0|   32|          0|
    |pp_i_234_fu_5116                                        |   32|   0|   32|          0|
    |pp_i_235_fu_5120                                        |   32|   0|   32|          0|
    |pp_i_236_fu_5124                                        |   32|   0|   32|          0|
    |pp_i_237_fu_5128                                        |   32|   0|   32|          0|
    |pp_i_238_fu_5132                                        |   32|   0|   32|          0|
    |pp_i_239_fu_5136                                        |   32|   0|   32|          0|
    |pp_i_23_fu_4272                                         |   32|   0|   32|          0|
    |pp_i_240_fu_5140                                        |   32|   0|   32|          0|
    |pp_i_241_fu_5144                                        |   32|   0|   32|          0|
    |pp_i_242_fu_5148                                        |   32|   0|   32|          0|
    |pp_i_243_fu_5152                                        |   32|   0|   32|          0|
    |pp_i_244_fu_5156                                        |   32|   0|   32|          0|
    |pp_i_245_fu_5160                                        |   32|   0|   32|          0|
    |pp_i_246_fu_5164                                        |   32|   0|   32|          0|
    |pp_i_247_fu_5168                                        |   32|   0|   32|          0|
    |pp_i_248_fu_5172                                        |   32|   0|   32|          0|
    |pp_i_249_fu_5176                                        |   32|   0|   32|          0|
    |pp_i_24_fu_4276                                         |   32|   0|   32|          0|
    |pp_i_250_fu_5180                                        |   32|   0|   32|          0|
    |pp_i_251_fu_5184                                        |   32|   0|   32|          0|
    |pp_i_252_fu_5188                                        |   32|   0|   32|          0|
    |pp_i_253_fu_5192                                        |   32|   0|   32|          0|
    |pp_i_254_fu_5196                                        |   32|   0|   32|          0|
    |pp_i_255_fu_5200                                        |   32|   0|   32|          0|
    |pp_i_256_fu_5204                                        |   32|   0|   32|          0|
    |pp_i_257_fu_5208                                        |   32|   0|   32|          0|
    |pp_i_258_fu_5212                                        |   32|   0|   32|          0|
    |pp_i_259_fu_5216                                        |   32|   0|   32|          0|
    |pp_i_25_fu_4280                                         |   32|   0|   32|          0|
    |pp_i_260_fu_5220                                        |   32|   0|   32|          0|
    |pp_i_261_fu_5224                                        |   32|   0|   32|          0|
    |pp_i_262_fu_5228                                        |   32|   0|   32|          0|
    |pp_i_263_fu_5232                                        |   32|   0|   32|          0|
    |pp_i_264_fu_5236                                        |   32|   0|   32|          0|
    |pp_i_265_fu_5240                                        |   32|   0|   32|          0|
    |pp_i_266_fu_5244                                        |   32|   0|   32|          0|
    |pp_i_267_fu_5248                                        |   32|   0|   32|          0|
    |pp_i_268_fu_5252                                        |   32|   0|   32|          0|
    |pp_i_269_fu_5256                                        |   32|   0|   32|          0|
    |pp_i_26_fu_4284                                         |   32|   0|   32|          0|
    |pp_i_270_fu_5260                                        |   32|   0|   32|          0|
    |pp_i_271_fu_5264                                        |   32|   0|   32|          0|
    |pp_i_272_fu_5268                                        |   32|   0|   32|          0|
    |pp_i_273_fu_5272                                        |   32|   0|   32|          0|
    |pp_i_274_fu_5276                                        |   32|   0|   32|          0|
    |pp_i_275_fu_5280                                        |   32|   0|   32|          0|
    |pp_i_276_fu_5284                                        |   32|   0|   32|          0|
    |pp_i_277_fu_5288                                        |   32|   0|   32|          0|
    |pp_i_278_fu_5292                                        |   32|   0|   32|          0|
    |pp_i_279_fu_5296                                        |   32|   0|   32|          0|
    |pp_i_27_fu_4288                                         |   32|   0|   32|          0|
    |pp_i_280_fu_5300                                        |   32|   0|   32|          0|
    |pp_i_281_fu_5304                                        |   32|   0|   32|          0|
    |pp_i_282_fu_5308                                        |   32|   0|   32|          0|
    |pp_i_283_fu_5312                                        |   32|   0|   32|          0|
    |pp_i_284_fu_5316                                        |   32|   0|   32|          0|
    |pp_i_285_fu_5320                                        |   32|   0|   32|          0|
    |pp_i_286_fu_5324                                        |   32|   0|   32|          0|
    |pp_i_287_fu_5328                                        |   32|   0|   32|          0|
    |pp_i_288_fu_5332                                        |   32|   0|   32|          0|
    |pp_i_289_fu_5336                                        |   32|   0|   32|          0|
    |pp_i_28_fu_4292                                         |   32|   0|   32|          0|
    |pp_i_290_fu_5340                                        |   32|   0|   32|          0|
    |pp_i_291_fu_5344                                        |   32|   0|   32|          0|
    |pp_i_292_fu_5348                                        |   32|   0|   32|          0|
    |pp_i_293_fu_5352                                        |   32|   0|   32|          0|
    |pp_i_294_fu_5356                                        |   32|   0|   32|          0|
    |pp_i_295_fu_5360                                        |   32|   0|   32|          0|
    |pp_i_296_fu_5364                                        |   32|   0|   32|          0|
    |pp_i_297_fu_5368                                        |   32|   0|   32|          0|
    |pp_i_298_fu_5372                                        |   32|   0|   32|          0|
    |pp_i_299_fu_5376                                        |   32|   0|   32|          0|
    |pp_i_29_fu_4296                                         |   32|   0|   32|          0|
    |pp_i_2_fu_4188                                          |   32|   0|   32|          0|
    |pp_i_300_fu_5380                                        |   32|   0|   32|          0|
    |pp_i_301_fu_5384                                        |   32|   0|   32|          0|
    |pp_i_302_fu_5388                                        |   32|   0|   32|          0|
    |pp_i_303_fu_5392                                        |   32|   0|   32|          0|
    |pp_i_304_fu_5396                                        |   32|   0|   32|          0|
    |pp_i_305_fu_5400                                        |   32|   0|   32|          0|
    |pp_i_306_fu_5404                                        |   32|   0|   32|          0|
    |pp_i_307_fu_5408                                        |   32|   0|   32|          0|
    |pp_i_308_fu_5412                                        |   32|   0|   32|          0|
    |pp_i_309_fu_5416                                        |   32|   0|   32|          0|
    |pp_i_30_fu_4300                                         |   32|   0|   32|          0|
    |pp_i_310_fu_5420                                        |   32|   0|   32|          0|
    |pp_i_311_fu_5424                                        |   32|   0|   32|          0|
    |pp_i_312_fu_5428                                        |   32|   0|   32|          0|
    |pp_i_313_fu_5432                                        |   32|   0|   32|          0|
    |pp_i_314_fu_5436                                        |   32|   0|   32|          0|
    |pp_i_315_fu_5440                                        |   32|   0|   32|          0|
    |pp_i_316_fu_5444                                        |   32|   0|   32|          0|
    |pp_i_317_fu_5448                                        |   32|   0|   32|          0|
    |pp_i_318_fu_5452                                        |   32|   0|   32|          0|
    |pp_i_319_fu_5456                                        |   32|   0|   32|          0|
    |pp_i_31_fu_4304                                         |   32|   0|   32|          0|
    |pp_i_320_fu_5460                                        |   32|   0|   32|          0|
    |pp_i_321_fu_5464                                        |   32|   0|   32|          0|
    |pp_i_322_fu_5468                                        |   32|   0|   32|          0|
    |pp_i_323_fu_5472                                        |   32|   0|   32|          0|
    |pp_i_324_fu_5476                                        |   32|   0|   32|          0|
    |pp_i_325_fu_5480                                        |   32|   0|   32|          0|
    |pp_i_326_fu_5484                                        |   32|   0|   32|          0|
    |pp_i_327_fu_5488                                        |   32|   0|   32|          0|
    |pp_i_328_fu_5492                                        |   32|   0|   32|          0|
    |pp_i_329_fu_5496                                        |   32|   0|   32|          0|
    |pp_i_32_fu_4308                                         |   32|   0|   32|          0|
    |pp_i_330_fu_5500                                        |   32|   0|   32|          0|
    |pp_i_331_fu_5504                                        |   32|   0|   32|          0|
    |pp_i_332_fu_5508                                        |   32|   0|   32|          0|
    |pp_i_333_fu_5512                                        |   32|   0|   32|          0|
    |pp_i_334_fu_5516                                        |   32|   0|   32|          0|
    |pp_i_335_fu_5520                                        |   32|   0|   32|          0|
    |pp_i_336_fu_5524                                        |   32|   0|   32|          0|
    |pp_i_337_fu_5528                                        |   32|   0|   32|          0|
    |pp_i_338_fu_5532                                        |   32|   0|   32|          0|
    |pp_i_339_fu_5536                                        |   32|   0|   32|          0|
    |pp_i_33_fu_4312                                         |   32|   0|   32|          0|
    |pp_i_340_fu_5540                                        |   32|   0|   32|          0|
    |pp_i_341_fu_5544                                        |   32|   0|   32|          0|
    |pp_i_342_fu_5548                                        |   32|   0|   32|          0|
    |pp_i_343_fu_5552                                        |   32|   0|   32|          0|
    |pp_i_344_fu_5556                                        |   32|   0|   32|          0|
    |pp_i_345_fu_5560                                        |   32|   0|   32|          0|
    |pp_i_346_fu_5564                                        |   32|   0|   32|          0|
    |pp_i_347_fu_5568                                        |   32|   0|   32|          0|
    |pp_i_348_fu_5572                                        |   32|   0|   32|          0|
    |pp_i_349_fu_5576                                        |   32|   0|   32|          0|
    |pp_i_34_fu_4316                                         |   32|   0|   32|          0|
    |pp_i_350_fu_5580                                        |   32|   0|   32|          0|
    |pp_i_351_fu_5584                                        |   32|   0|   32|          0|
    |pp_i_352_fu_5588                                        |   32|   0|   32|          0|
    |pp_i_353_fu_5592                                        |   32|   0|   32|          0|
    |pp_i_354_fu_5596                                        |   32|   0|   32|          0|
    |pp_i_355_fu_5600                                        |   32|   0|   32|          0|
    |pp_i_356_fu_5604                                        |   32|   0|   32|          0|
    |pp_i_357_fu_5608                                        |   32|   0|   32|          0|
    |pp_i_358_fu_5612                                        |   32|   0|   32|          0|
    |pp_i_359_fu_5616                                        |   32|   0|   32|          0|
    |pp_i_35_fu_4320                                         |   32|   0|   32|          0|
    |pp_i_360_fu_5620                                        |   32|   0|   32|          0|
    |pp_i_361_fu_5624                                        |   32|   0|   32|          0|
    |pp_i_362_fu_5628                                        |   32|   0|   32|          0|
    |pp_i_363_fu_5632                                        |   32|   0|   32|          0|
    |pp_i_364_fu_5636                                        |   32|   0|   32|          0|
    |pp_i_365_fu_5640                                        |   32|   0|   32|          0|
    |pp_i_366_fu_5644                                        |   32|   0|   32|          0|
    |pp_i_367_fu_5648                                        |   32|   0|   32|          0|
    |pp_i_368_fu_5652                                        |   32|   0|   32|          0|
    |pp_i_369_fu_5656                                        |   32|   0|   32|          0|
    |pp_i_36_fu_4324                                         |   32|   0|   32|          0|
    |pp_i_370_fu_5660                                        |   32|   0|   32|          0|
    |pp_i_371_fu_5664                                        |   32|   0|   32|          0|
    |pp_i_372_fu_5668                                        |   32|   0|   32|          0|
    |pp_i_373_fu_5672                                        |   32|   0|   32|          0|
    |pp_i_374_fu_5676                                        |   32|   0|   32|          0|
    |pp_i_375_fu_5680                                        |   32|   0|   32|          0|
    |pp_i_376_fu_5684                                        |   32|   0|   32|          0|
    |pp_i_377_fu_5688                                        |   32|   0|   32|          0|
    |pp_i_378_fu_5692                                        |   32|   0|   32|          0|
    |pp_i_379_fu_5696                                        |   32|   0|   32|          0|
    |pp_i_37_fu_4328                                         |   32|   0|   32|          0|
    |pp_i_380_fu_5700                                        |   32|   0|   32|          0|
    |pp_i_381_fu_5704                                        |   32|   0|   32|          0|
    |pp_i_382_fu_5708                                        |   32|   0|   32|          0|
    |pp_i_383_fu_5712                                        |   32|   0|   32|          0|
    |pp_i_384_fu_5716                                        |   32|   0|   32|          0|
    |pp_i_385_fu_5720                                        |   32|   0|   32|          0|
    |pp_i_386_fu_5724                                        |   32|   0|   32|          0|
    |pp_i_387_fu_5728                                        |   32|   0|   32|          0|
    |pp_i_388_fu_5732                                        |   32|   0|   32|          0|
    |pp_i_389_fu_5736                                        |   32|   0|   32|          0|
    |pp_i_38_fu_4332                                         |   32|   0|   32|          0|
    |pp_i_390_fu_5740                                        |   32|   0|   32|          0|
    |pp_i_391_fu_5744                                        |   32|   0|   32|          0|
    |pp_i_392_fu_5748                                        |   32|   0|   32|          0|
    |pp_i_393_fu_5752                                        |   32|   0|   32|          0|
    |pp_i_394_fu_5756                                        |   32|   0|   32|          0|
    |pp_i_395_fu_5760                                        |   32|   0|   32|          0|
    |pp_i_396_fu_5764                                        |   32|   0|   32|          0|
    |pp_i_397_fu_5768                                        |   32|   0|   32|          0|
    |pp_i_398_fu_5772                                        |   32|   0|   32|          0|
    |pp_i_399_fu_5776                                        |   32|   0|   32|          0|
    |pp_i_39_fu_4336                                         |   32|   0|   32|          0|
    |pp_i_3_fu_4192                                          |   32|   0|   32|          0|
    |pp_i_400_fu_5780                                        |   32|   0|   32|          0|
    |pp_i_401_fu_5784                                        |   32|   0|   32|          0|
    |pp_i_402_fu_5788                                        |   32|   0|   32|          0|
    |pp_i_403_fu_5792                                        |   32|   0|   32|          0|
    |pp_i_404_fu_5796                                        |   32|   0|   32|          0|
    |pp_i_405_fu_5800                                        |   32|   0|   32|          0|
    |pp_i_406_fu_5804                                        |   32|   0|   32|          0|
    |pp_i_407_fu_5808                                        |   32|   0|   32|          0|
    |pp_i_408_fu_5812                                        |   32|   0|   32|          0|
    |pp_i_409_fu_5816                                        |   32|   0|   32|          0|
    |pp_i_40_fu_4340                                         |   32|   0|   32|          0|
    |pp_i_410_fu_5820                                        |   32|   0|   32|          0|
    |pp_i_411_fu_5824                                        |   32|   0|   32|          0|
    |pp_i_412_fu_5828                                        |   32|   0|   32|          0|
    |pp_i_413_fu_5832                                        |   32|   0|   32|          0|
    |pp_i_414_fu_5836                                        |   32|   0|   32|          0|
    |pp_i_415_fu_5840                                        |   32|   0|   32|          0|
    |pp_i_416_fu_5844                                        |   32|   0|   32|          0|
    |pp_i_417_fu_5848                                        |   32|   0|   32|          0|
    |pp_i_418_fu_5852                                        |   32|   0|   32|          0|
    |pp_i_419_fu_5856                                        |   32|   0|   32|          0|
    |pp_i_41_fu_4344                                         |   32|   0|   32|          0|
    |pp_i_420_fu_5860                                        |   32|   0|   32|          0|
    |pp_i_421_fu_5864                                        |   32|   0|   32|          0|
    |pp_i_422_fu_5868                                        |   32|   0|   32|          0|
    |pp_i_423_fu_5872                                        |   32|   0|   32|          0|
    |pp_i_424_fu_5876                                        |   32|   0|   32|          0|
    |pp_i_425_fu_5880                                        |   32|   0|   32|          0|
    |pp_i_426_fu_5884                                        |   32|   0|   32|          0|
    |pp_i_427_fu_5888                                        |   32|   0|   32|          0|
    |pp_i_428_fu_5892                                        |   32|   0|   32|          0|
    |pp_i_429_fu_5896                                        |   32|   0|   32|          0|
    |pp_i_42_fu_4348                                         |   32|   0|   32|          0|
    |pp_i_430_fu_5900                                        |   32|   0|   32|          0|
    |pp_i_431_fu_5904                                        |   32|   0|   32|          0|
    |pp_i_432_fu_5908                                        |   32|   0|   32|          0|
    |pp_i_433_fu_5912                                        |   32|   0|   32|          0|
    |pp_i_434_fu_5916                                        |   32|   0|   32|          0|
    |pp_i_435_fu_5920                                        |   32|   0|   32|          0|
    |pp_i_436_fu_5924                                        |   32|   0|   32|          0|
    |pp_i_437_fu_5928                                        |   32|   0|   32|          0|
    |pp_i_438_fu_5932                                        |   32|   0|   32|          0|
    |pp_i_439_fu_5936                                        |   32|   0|   32|          0|
    |pp_i_43_fu_4352                                         |   32|   0|   32|          0|
    |pp_i_440_fu_5940                                        |   32|   0|   32|          0|
    |pp_i_441_fu_5944                                        |   32|   0|   32|          0|
    |pp_i_442_fu_5948                                        |   32|   0|   32|          0|
    |pp_i_443_fu_5952                                        |   32|   0|   32|          0|
    |pp_i_444_fu_5956                                        |   32|   0|   32|          0|
    |pp_i_445_fu_5960                                        |   32|   0|   32|          0|
    |pp_i_446_fu_5964                                        |   32|   0|   32|          0|
    |pp_i_447_fu_5968                                        |   32|   0|   32|          0|
    |pp_i_448_fu_5972                                        |   32|   0|   32|          0|
    |pp_i_449_fu_5976                                        |   32|   0|   32|          0|
    |pp_i_44_fu_4356                                         |   32|   0|   32|          0|
    |pp_i_450_fu_5980                                        |   32|   0|   32|          0|
    |pp_i_451_fu_5984                                        |   32|   0|   32|          0|
    |pp_i_452_fu_5988                                        |   32|   0|   32|          0|
    |pp_i_453_fu_5992                                        |   32|   0|   32|          0|
    |pp_i_454_fu_5996                                        |   32|   0|   32|          0|
    |pp_i_455_fu_6000                                        |   32|   0|   32|          0|
    |pp_i_456_fu_6004                                        |   32|   0|   32|          0|
    |pp_i_457_fu_6008                                        |   32|   0|   32|          0|
    |pp_i_458_fu_6012                                        |   32|   0|   32|          0|
    |pp_i_459_fu_6016                                        |   32|   0|   32|          0|
    |pp_i_45_fu_4360                                         |   32|   0|   32|          0|
    |pp_i_460_fu_6020                                        |   32|   0|   32|          0|
    |pp_i_461_fu_6024                                        |   32|   0|   32|          0|
    |pp_i_462_fu_6028                                        |   32|   0|   32|          0|
    |pp_i_463_fu_6032                                        |   32|   0|   32|          0|
    |pp_i_464_fu_6036                                        |   32|   0|   32|          0|
    |pp_i_465_fu_6040                                        |   32|   0|   32|          0|
    |pp_i_466_fu_6044                                        |   32|   0|   32|          0|
    |pp_i_467_fu_6048                                        |   32|   0|   32|          0|
    |pp_i_468_fu_6052                                        |   32|   0|   32|          0|
    |pp_i_469_fu_6056                                        |   32|   0|   32|          0|
    |pp_i_46_fu_4364                                         |   32|   0|   32|          0|
    |pp_i_470_fu_6060                                        |   32|   0|   32|          0|
    |pp_i_471_fu_6064                                        |   32|   0|   32|          0|
    |pp_i_472_fu_6068                                        |   32|   0|   32|          0|
    |pp_i_473_fu_6072                                        |   32|   0|   32|          0|
    |pp_i_474_fu_6076                                        |   32|   0|   32|          0|
    |pp_i_475_fu_6080                                        |   32|   0|   32|          0|
    |pp_i_476_fu_6084                                        |   32|   0|   32|          0|
    |pp_i_477_fu_6088                                        |   32|   0|   32|          0|
    |pp_i_478_fu_6092                                        |   32|   0|   32|          0|
    |pp_i_479_fu_6096                                        |   32|   0|   32|          0|
    |pp_i_47_fu_4368                                         |   32|   0|   32|          0|
    |pp_i_480_fu_6100                                        |   32|   0|   32|          0|
    |pp_i_481_fu_6104                                        |   32|   0|   32|          0|
    |pp_i_482_fu_6108                                        |   32|   0|   32|          0|
    |pp_i_483_fu_6112                                        |   32|   0|   32|          0|
    |pp_i_484_fu_6116                                        |   32|   0|   32|          0|
    |pp_i_485_fu_6120                                        |   32|   0|   32|          0|
    |pp_i_486_fu_6124                                        |   32|   0|   32|          0|
    |pp_i_487_fu_6128                                        |   32|   0|   32|          0|
    |pp_i_488_fu_6132                                        |   32|   0|   32|          0|
    |pp_i_489_fu_6136                                        |   32|   0|   32|          0|
    |pp_i_48_fu_4372                                         |   32|   0|   32|          0|
    |pp_i_490_fu_6140                                        |   32|   0|   32|          0|
    |pp_i_491_fu_6144                                        |   32|   0|   32|          0|
    |pp_i_492_fu_6148                                        |   32|   0|   32|          0|
    |pp_i_493_fu_6152                                        |   32|   0|   32|          0|
    |pp_i_494_fu_6156                                        |   32|   0|   32|          0|
    |pp_i_495_fu_6160                                        |   32|   0|   32|          0|
    |pp_i_496_fu_6164                                        |   32|   0|   32|          0|
    |pp_i_497_fu_6168                                        |   32|   0|   32|          0|
    |pp_i_498_fu_6172                                        |   32|   0|   32|          0|
    |pp_i_499_fu_6176                                        |   32|   0|   32|          0|
    |pp_i_49_fu_4376                                         |   32|   0|   32|          0|
    |pp_i_4_fu_4196                                          |   32|   0|   32|          0|
    |pp_i_500_fu_6180                                        |   32|   0|   32|          0|
    |pp_i_501_fu_6184                                        |   32|   0|   32|          0|
    |pp_i_502_fu_6188                                        |   32|   0|   32|          0|
    |pp_i_503_fu_6192                                        |   32|   0|   32|          0|
    |pp_i_504_fu_6196                                        |   32|   0|   32|          0|
    |pp_i_505_fu_6200                                        |   32|   0|   32|          0|
    |pp_i_506_fu_6204                                        |   32|   0|   32|          0|
    |pp_i_507_fu_6208                                        |   32|   0|   32|          0|
    |pp_i_508_fu_6212                                        |   32|   0|   32|          0|
    |pp_i_509_fu_6216                                        |   32|   0|   32|          0|
    |pp_i_50_fu_4380                                         |   32|   0|   32|          0|
    |pp_i_510_fu_6220                                        |   32|   0|   32|          0|
    |pp_i_511_fu_6224                                        |   32|   0|   32|          0|
    |pp_i_512_fu_6228                                        |   32|   0|   32|          0|
    |pp_i_513_fu_6232                                        |   32|   0|   32|          0|
    |pp_i_514_fu_6236                                        |   32|   0|   32|          0|
    |pp_i_515_fu_6240                                        |   32|   0|   32|          0|
    |pp_i_516_fu_6244                                        |   32|   0|   32|          0|
    |pp_i_517_fu_6248                                        |   32|   0|   32|          0|
    |pp_i_518_fu_6252                                        |   32|   0|   32|          0|
    |pp_i_519_fu_6256                                        |   32|   0|   32|          0|
    |pp_i_51_fu_4384                                         |   32|   0|   32|          0|
    |pp_i_520_fu_6260                                        |   32|   0|   32|          0|
    |pp_i_521_fu_6264                                        |   32|   0|   32|          0|
    |pp_i_522_fu_6268                                        |   32|   0|   32|          0|
    |pp_i_523_fu_6272                                        |   32|   0|   32|          0|
    |pp_i_524_fu_6276                                        |   32|   0|   32|          0|
    |pp_i_525_fu_6280                                        |   32|   0|   32|          0|
    |pp_i_526_fu_6284                                        |   32|   0|   32|          0|
    |pp_i_527_fu_6288                                        |   32|   0|   32|          0|
    |pp_i_528_fu_6292                                        |   32|   0|   32|          0|
    |pp_i_529_fu_6296                                        |   32|   0|   32|          0|
    |pp_i_52_fu_4388                                         |   32|   0|   32|          0|
    |pp_i_530_fu_6300                                        |   32|   0|   32|          0|
    |pp_i_531_fu_6304                                        |   32|   0|   32|          0|
    |pp_i_532_fu_6308                                        |   32|   0|   32|          0|
    |pp_i_533_fu_6312                                        |   32|   0|   32|          0|
    |pp_i_534_fu_6316                                        |   32|   0|   32|          0|
    |pp_i_535_fu_6320                                        |   32|   0|   32|          0|
    |pp_i_536_fu_6324                                        |   32|   0|   32|          0|
    |pp_i_537_fu_6328                                        |   32|   0|   32|          0|
    |pp_i_538_fu_6332                                        |   32|   0|   32|          0|
    |pp_i_539_fu_6336                                        |   32|   0|   32|          0|
    |pp_i_53_fu_4392                                         |   32|   0|   32|          0|
    |pp_i_540_fu_6340                                        |   32|   0|   32|          0|
    |pp_i_541_fu_6344                                        |   32|   0|   32|          0|
    |pp_i_542_fu_6348                                        |   32|   0|   32|          0|
    |pp_i_543_fu_6352                                        |   32|   0|   32|          0|
    |pp_i_544_fu_6356                                        |   32|   0|   32|          0|
    |pp_i_545_fu_6360                                        |   32|   0|   32|          0|
    |pp_i_546_fu_6364                                        |   32|   0|   32|          0|
    |pp_i_547_fu_6368                                        |   32|   0|   32|          0|
    |pp_i_548_fu_6372                                        |   32|   0|   32|          0|
    |pp_i_549_fu_6376                                        |   32|   0|   32|          0|
    |pp_i_54_fu_4396                                         |   32|   0|   32|          0|
    |pp_i_550_fu_6380                                        |   32|   0|   32|          0|
    |pp_i_551_fu_6384                                        |   32|   0|   32|          0|
    |pp_i_552_fu_6388                                        |   32|   0|   32|          0|
    |pp_i_553_fu_6392                                        |   32|   0|   32|          0|
    |pp_i_554_fu_6396                                        |   32|   0|   32|          0|
    |pp_i_555_fu_6400                                        |   32|   0|   32|          0|
    |pp_i_556_fu_6404                                        |   32|   0|   32|          0|
    |pp_i_557_fu_6408                                        |   32|   0|   32|          0|
    |pp_i_558_fu_6412                                        |   32|   0|   32|          0|
    |pp_i_559_fu_6416                                        |   32|   0|   32|          0|
    |pp_i_55_fu_4400                                         |   32|   0|   32|          0|
    |pp_i_560_fu_6420                                        |   32|   0|   32|          0|
    |pp_i_561_fu_6424                                        |   32|   0|   32|          0|
    |pp_i_562_fu_6428                                        |   32|   0|   32|          0|
    |pp_i_563_fu_6432                                        |   32|   0|   32|          0|
    |pp_i_564_fu_6436                                        |   32|   0|   32|          0|
    |pp_i_565_fu_6440                                        |   32|   0|   32|          0|
    |pp_i_566_fu_6444                                        |   32|   0|   32|          0|
    |pp_i_567_fu_6448                                        |   32|   0|   32|          0|
    |pp_i_568_fu_6452                                        |   32|   0|   32|          0|
    |pp_i_569_fu_6456                                        |   32|   0|   32|          0|
    |pp_i_56_fu_4404                                         |   32|   0|   32|          0|
    |pp_i_570_fu_6460                                        |   32|   0|   32|          0|
    |pp_i_571_fu_6464                                        |   32|   0|   32|          0|
    |pp_i_572_fu_6468                                        |   32|   0|   32|          0|
    |pp_i_573_fu_6472                                        |   32|   0|   32|          0|
    |pp_i_574_fu_6476                                        |   32|   0|   32|          0|
    |pp_i_575_fu_6480                                        |   32|   0|   32|          0|
    |pp_i_576_fu_6484                                        |   32|   0|   32|          0|
    |pp_i_577_fu_6488                                        |   32|   0|   32|          0|
    |pp_i_578_fu_6492                                        |   32|   0|   32|          0|
    |pp_i_579_fu_6496                                        |   32|   0|   32|          0|
    |pp_i_57_fu_4408                                         |   32|   0|   32|          0|
    |pp_i_580_fu_6500                                        |   32|   0|   32|          0|
    |pp_i_581_fu_6504                                        |   32|   0|   32|          0|
    |pp_i_582_fu_6508                                        |   32|   0|   32|          0|
    |pp_i_583_fu_6512                                        |   32|   0|   32|          0|
    |pp_i_584_fu_6516                                        |   32|   0|   32|          0|
    |pp_i_585_fu_6520                                        |   32|   0|   32|          0|
    |pp_i_586_fu_6524                                        |   32|   0|   32|          0|
    |pp_i_587_fu_6528                                        |   32|   0|   32|          0|
    |pp_i_588_fu_6532                                        |   32|   0|   32|          0|
    |pp_i_589_fu_6536                                        |   32|   0|   32|          0|
    |pp_i_58_fu_4412                                         |   32|   0|   32|          0|
    |pp_i_590_fu_6540                                        |   32|   0|   32|          0|
    |pp_i_591_fu_6544                                        |   32|   0|   32|          0|
    |pp_i_592_fu_6548                                        |   32|   0|   32|          0|
    |pp_i_593_fu_6552                                        |   32|   0|   32|          0|
    |pp_i_594_fu_6556                                        |   32|   0|   32|          0|
    |pp_i_595_fu_6560                                        |   32|   0|   32|          0|
    |pp_i_596_fu_6564                                        |   32|   0|   32|          0|
    |pp_i_597_fu_6568                                        |   32|   0|   32|          0|
    |pp_i_598_fu_6572                                        |   32|   0|   32|          0|
    |pp_i_599_fu_6576                                        |   32|   0|   32|          0|
    |pp_i_59_fu_4416                                         |   32|   0|   32|          0|
    |pp_i_5_fu_4200                                          |   32|   0|   32|          0|
    |pp_i_600_fu_6580                                        |   32|   0|   32|          0|
    |pp_i_601_fu_6584                                        |   32|   0|   32|          0|
    |pp_i_602_fu_6588                                        |   32|   0|   32|          0|
    |pp_i_603_fu_6592                                        |   32|   0|   32|          0|
    |pp_i_604_fu_6596                                        |   32|   0|   32|          0|
    |pp_i_605_fu_6600                                        |   32|   0|   32|          0|
    |pp_i_606_fu_6604                                        |   32|   0|   32|          0|
    |pp_i_607_fu_6608                                        |   32|   0|   32|          0|
    |pp_i_608_fu_6612                                        |   32|   0|   32|          0|
    |pp_i_609_fu_6616                                        |   32|   0|   32|          0|
    |pp_i_60_fu_4420                                         |   32|   0|   32|          0|
    |pp_i_610_fu_6620                                        |   32|   0|   32|          0|
    |pp_i_611_fu_6624                                        |   32|   0|   32|          0|
    |pp_i_612_fu_6628                                        |   32|   0|   32|          0|
    |pp_i_613_fu_6632                                        |   32|   0|   32|          0|
    |pp_i_614_fu_6636                                        |   32|   0|   32|          0|
    |pp_i_615_fu_6640                                        |   32|   0|   32|          0|
    |pp_i_616_fu_6644                                        |   32|   0|   32|          0|
    |pp_i_617_fu_6648                                        |   32|   0|   32|          0|
    |pp_i_618_fu_6652                                        |   32|   0|   32|          0|
    |pp_i_619_fu_6656                                        |   32|   0|   32|          0|
    |pp_i_61_fu_4424                                         |   32|   0|   32|          0|
    |pp_i_620_fu_6660                                        |   32|   0|   32|          0|
    |pp_i_621_fu_6664                                        |   32|   0|   32|          0|
    |pp_i_622_fu_6668                                        |   32|   0|   32|          0|
    |pp_i_623_fu_6672                                        |   32|   0|   32|          0|
    |pp_i_624_fu_6676                                        |   32|   0|   32|          0|
    |pp_i_625_fu_6680                                        |   32|   0|   32|          0|
    |pp_i_626_fu_6684                                        |   32|   0|   32|          0|
    |pp_i_627_fu_6688                                        |   32|   0|   32|          0|
    |pp_i_628_fu_6692                                        |   32|   0|   32|          0|
    |pp_i_629_fu_6696                                        |   32|   0|   32|          0|
    |pp_i_62_fu_4428                                         |   32|   0|   32|          0|
    |pp_i_630_fu_6700                                        |   32|   0|   32|          0|
    |pp_i_631_fu_6704                                        |   32|   0|   32|          0|
    |pp_i_632_fu_6708                                        |   32|   0|   32|          0|
    |pp_i_633_fu_6712                                        |   32|   0|   32|          0|
    |pp_i_634_fu_6716                                        |   32|   0|   32|          0|
    |pp_i_635_fu_6720                                        |   32|   0|   32|          0|
    |pp_i_636_fu_6724                                        |   32|   0|   32|          0|
    |pp_i_637_fu_6728                                        |   32|   0|   32|          0|
    |pp_i_638_fu_6732                                        |   32|   0|   32|          0|
    |pp_i_639_fu_6736                                        |   32|   0|   32|          0|
    |pp_i_63_fu_4432                                         |   32|   0|   32|          0|
    |pp_i_640_fu_6740                                        |   32|   0|   32|          0|
    |pp_i_641_fu_6744                                        |   32|   0|   32|          0|
    |pp_i_642_fu_6748                                        |   32|   0|   32|          0|
    |pp_i_643_fu_6752                                        |   32|   0|   32|          0|
    |pp_i_644_fu_6756                                        |   32|   0|   32|          0|
    |pp_i_645_fu_6760                                        |   32|   0|   32|          0|
    |pp_i_646_fu_6764                                        |   32|   0|   32|          0|
    |pp_i_647_fu_6768                                        |   32|   0|   32|          0|
    |pp_i_648_fu_6772                                        |   32|   0|   32|          0|
    |pp_i_649_fu_6776                                        |   32|   0|   32|          0|
    |pp_i_64_fu_4436                                         |   32|   0|   32|          0|
    |pp_i_650_fu_6780                                        |   32|   0|   32|          0|
    |pp_i_651_fu_6784                                        |   32|   0|   32|          0|
    |pp_i_652_fu_6788                                        |   32|   0|   32|          0|
    |pp_i_653_fu_6792                                        |   32|   0|   32|          0|
    |pp_i_654_fu_6796                                        |   32|   0|   32|          0|
    |pp_i_655_fu_6800                                        |   32|   0|   32|          0|
    |pp_i_656_fu_6804                                        |   32|   0|   32|          0|
    |pp_i_657_fu_6808                                        |   32|   0|   32|          0|
    |pp_i_658_fu_6812                                        |   32|   0|   32|          0|
    |pp_i_659_fu_6816                                        |   32|   0|   32|          0|
    |pp_i_65_fu_4440                                         |   32|   0|   32|          0|
    |pp_i_660_fu_6820                                        |   32|   0|   32|          0|
    |pp_i_661_fu_6824                                        |   32|   0|   32|          0|
    |pp_i_662_fu_6828                                        |   32|   0|   32|          0|
    |pp_i_663_fu_6832                                        |   32|   0|   32|          0|
    |pp_i_664_fu_6836                                        |   32|   0|   32|          0|
    |pp_i_665_fu_6840                                        |   32|   0|   32|          0|
    |pp_i_666_fu_6844                                        |   32|   0|   32|          0|
    |pp_i_667_fu_6848                                        |   32|   0|   32|          0|
    |pp_i_668_fu_6852                                        |   32|   0|   32|          0|
    |pp_i_669_fu_6856                                        |   32|   0|   32|          0|
    |pp_i_66_fu_4444                                         |   32|   0|   32|          0|
    |pp_i_670_fu_6860                                        |   32|   0|   32|          0|
    |pp_i_671_fu_6864                                        |   32|   0|   32|          0|
    |pp_i_672_fu_6868                                        |   32|   0|   32|          0|
    |pp_i_673_fu_6872                                        |   32|   0|   32|          0|
    |pp_i_674_fu_6876                                        |   32|   0|   32|          0|
    |pp_i_675_fu_6880                                        |   32|   0|   32|          0|
    |pp_i_676_fu_6884                                        |   32|   0|   32|          0|
    |pp_i_677_fu_6888                                        |   32|   0|   32|          0|
    |pp_i_678_fu_6892                                        |   32|   0|   32|          0|
    |pp_i_679_fu_6896                                        |   32|   0|   32|          0|
    |pp_i_67_fu_4448                                         |   32|   0|   32|          0|
    |pp_i_680_fu_6900                                        |   32|   0|   32|          0|
    |pp_i_681_fu_6904                                        |   32|   0|   32|          0|
    |pp_i_682_fu_6908                                        |   32|   0|   32|          0|
    |pp_i_683_fu_6912                                        |   32|   0|   32|          0|
    |pp_i_684_fu_6916                                        |   32|   0|   32|          0|
    |pp_i_685_fu_6920                                        |   32|   0|   32|          0|
    |pp_i_686_fu_6924                                        |   32|   0|   32|          0|
    |pp_i_687_fu_6928                                        |   32|   0|   32|          0|
    |pp_i_688_fu_6932                                        |   32|   0|   32|          0|
    |pp_i_689_fu_6936                                        |   32|   0|   32|          0|
    |pp_i_68_fu_4452                                         |   32|   0|   32|          0|
    |pp_i_690_fu_6940                                        |   32|   0|   32|          0|
    |pp_i_691_fu_6944                                        |   32|   0|   32|          0|
    |pp_i_692_fu_6948                                        |   32|   0|   32|          0|
    |pp_i_693_fu_6952                                        |   32|   0|   32|          0|
    |pp_i_694_fu_6956                                        |   32|   0|   32|          0|
    |pp_i_695_fu_6960                                        |   32|   0|   32|          0|
    |pp_i_696_fu_6964                                        |   32|   0|   32|          0|
    |pp_i_697_fu_6968                                        |   32|   0|   32|          0|
    |pp_i_698_fu_6972                                        |   32|   0|   32|          0|
    |pp_i_699_fu_6976                                        |   32|   0|   32|          0|
    |pp_i_69_fu_4456                                         |   32|   0|   32|          0|
    |pp_i_6_fu_4204                                          |   32|   0|   32|          0|
    |pp_i_700_fu_6980                                        |   32|   0|   32|          0|
    |pp_i_701_fu_6984                                        |   32|   0|   32|          0|
    |pp_i_702_fu_6988                                        |   32|   0|   32|          0|
    |pp_i_703_fu_6992                                        |   32|   0|   32|          0|
    |pp_i_704_fu_6996                                        |   32|   0|   32|          0|
    |pp_i_705_fu_7000                                        |   32|   0|   32|          0|
    |pp_i_706_fu_7004                                        |   32|   0|   32|          0|
    |pp_i_707_fu_7008                                        |   32|   0|   32|          0|
    |pp_i_708_fu_7012                                        |   32|   0|   32|          0|
    |pp_i_709_fu_7016                                        |   32|   0|   32|          0|
    |pp_i_70_fu_4460                                         |   32|   0|   32|          0|
    |pp_i_710_fu_7020                                        |   32|   0|   32|          0|
    |pp_i_711_fu_7024                                        |   32|   0|   32|          0|
    |pp_i_712_fu_7028                                        |   32|   0|   32|          0|
    |pp_i_713_fu_7032                                        |   32|   0|   32|          0|
    |pp_i_714_fu_7036                                        |   32|   0|   32|          0|
    |pp_i_715_fu_7040                                        |   32|   0|   32|          0|
    |pp_i_716_fu_7044                                        |   32|   0|   32|          0|
    |pp_i_717_fu_7048                                        |   32|   0|   32|          0|
    |pp_i_718_fu_7052                                        |   32|   0|   32|          0|
    |pp_i_719_fu_7056                                        |   32|   0|   32|          0|
    |pp_i_71_fu_4464                                         |   32|   0|   32|          0|
    |pp_i_720_fu_7060                                        |   32|   0|   32|          0|
    |pp_i_721_fu_7064                                        |   32|   0|   32|          0|
    |pp_i_722_fu_7068                                        |   32|   0|   32|          0|
    |pp_i_723_fu_7072                                        |   32|   0|   32|          0|
    |pp_i_724_fu_7076                                        |   32|   0|   32|          0|
    |pp_i_725_fu_7080                                        |   32|   0|   32|          0|
    |pp_i_726_fu_7084                                        |   32|   0|   32|          0|
    |pp_i_727_fu_7088                                        |   32|   0|   32|          0|
    |pp_i_728_fu_7092                                        |   32|   0|   32|          0|
    |pp_i_729_fu_7096                                        |   32|   0|   32|          0|
    |pp_i_72_fu_4468                                         |   32|   0|   32|          0|
    |pp_i_730_fu_7100                                        |   32|   0|   32|          0|
    |pp_i_731_fu_7104                                        |   32|   0|   32|          0|
    |pp_i_732_fu_7108                                        |   32|   0|   32|          0|
    |pp_i_733_fu_7112                                        |   32|   0|   32|          0|
    |pp_i_734_fu_7116                                        |   32|   0|   32|          0|
    |pp_i_735_fu_7120                                        |   32|   0|   32|          0|
    |pp_i_736_fu_7124                                        |   32|   0|   32|          0|
    |pp_i_737_fu_7128                                        |   32|   0|   32|          0|
    |pp_i_738_fu_7132                                        |   32|   0|   32|          0|
    |pp_i_739_fu_7136                                        |   32|   0|   32|          0|
    |pp_i_73_fu_4472                                         |   32|   0|   32|          0|
    |pp_i_740_fu_7140                                        |   32|   0|   32|          0|
    |pp_i_741_fu_7144                                        |   32|   0|   32|          0|
    |pp_i_742_fu_7148                                        |   32|   0|   32|          0|
    |pp_i_743_fu_7152                                        |   32|   0|   32|          0|
    |pp_i_744_fu_7156                                        |   32|   0|   32|          0|
    |pp_i_745_fu_7160                                        |   32|   0|   32|          0|
    |pp_i_746_fu_7164                                        |   32|   0|   32|          0|
    |pp_i_747_fu_7168                                        |   32|   0|   32|          0|
    |pp_i_748_fu_7172                                        |   32|   0|   32|          0|
    |pp_i_749_fu_7176                                        |   32|   0|   32|          0|
    |pp_i_74_fu_4476                                         |   32|   0|   32|          0|
    |pp_i_750_fu_7180                                        |   32|   0|   32|          0|
    |pp_i_751_fu_7184                                        |   32|   0|   32|          0|
    |pp_i_752_fu_7188                                        |   32|   0|   32|          0|
    |pp_i_753_fu_7192                                        |   32|   0|   32|          0|
    |pp_i_754_fu_7196                                        |   32|   0|   32|          0|
    |pp_i_755_fu_7200                                        |   32|   0|   32|          0|
    |pp_i_756_fu_7204                                        |   32|   0|   32|          0|
    |pp_i_757_fu_7208                                        |   32|   0|   32|          0|
    |pp_i_758_fu_7212                                        |   32|   0|   32|          0|
    |pp_i_759_fu_7216                                        |   32|   0|   32|          0|
    |pp_i_75_fu_4480                                         |   32|   0|   32|          0|
    |pp_i_760_fu_7220                                        |   32|   0|   32|          0|
    |pp_i_761_fu_7224                                        |   32|   0|   32|          0|
    |pp_i_762_fu_7228                                        |   32|   0|   32|          0|
    |pp_i_763_fu_7232                                        |   32|   0|   32|          0|
    |pp_i_764_fu_7236                                        |   32|   0|   32|          0|
    |pp_i_765_fu_7240                                        |   32|   0|   32|          0|
    |pp_i_766_fu_7244                                        |   32|   0|   32|          0|
    |pp_i_767_fu_7248                                        |   32|   0|   32|          0|
    |pp_i_768_fu_7252                                        |   32|   0|   32|          0|
    |pp_i_769_fu_7256                                        |   32|   0|   32|          0|
    |pp_i_76_fu_4484                                         |   32|   0|   32|          0|
    |pp_i_770_fu_7260                                        |   32|   0|   32|          0|
    |pp_i_771_fu_7264                                        |   32|   0|   32|          0|
    |pp_i_772_fu_7268                                        |   32|   0|   32|          0|
    |pp_i_773_fu_7272                                        |   32|   0|   32|          0|
    |pp_i_774_fu_7276                                        |   32|   0|   32|          0|
    |pp_i_775_fu_7280                                        |   32|   0|   32|          0|
    |pp_i_776_fu_7284                                        |   32|   0|   32|          0|
    |pp_i_777_fu_7288                                        |   32|   0|   32|          0|
    |pp_i_778_fu_7292                                        |   32|   0|   32|          0|
    |pp_i_779_fu_7296                                        |   32|   0|   32|          0|
    |pp_i_77_fu_4488                                         |   32|   0|   32|          0|
    |pp_i_780_fu_7300                                        |   32|   0|   32|          0|
    |pp_i_781_fu_7304                                        |   32|   0|   32|          0|
    |pp_i_782_fu_7308                                        |   32|   0|   32|          0|
    |pp_i_783_fu_7312                                        |   32|   0|   32|          0|
    |pp_i_784_fu_7316                                        |   32|   0|   32|          0|
    |pp_i_785_fu_7320                                        |   32|   0|   32|          0|
    |pp_i_786_fu_7324                                        |   32|   0|   32|          0|
    |pp_i_787_fu_7328                                        |   32|   0|   32|          0|
    |pp_i_788_fu_7332                                        |   32|   0|   32|          0|
    |pp_i_789_fu_7336                                        |   32|   0|   32|          0|
    |pp_i_78_fu_4492                                         |   32|   0|   32|          0|
    |pp_i_790_fu_7340                                        |   32|   0|   32|          0|
    |pp_i_791_fu_7344                                        |   32|   0|   32|          0|
    |pp_i_792_fu_7348                                        |   32|   0|   32|          0|
    |pp_i_793_fu_7352                                        |   32|   0|   32|          0|
    |pp_i_794_fu_7356                                        |   32|   0|   32|          0|
    |pp_i_795_fu_7360                                        |   32|   0|   32|          0|
    |pp_i_796_fu_7364                                        |   32|   0|   32|          0|
    |pp_i_797_fu_7368                                        |   32|   0|   32|          0|
    |pp_i_798_fu_7372                                        |   32|   0|   32|          0|
    |pp_i_799_fu_7376                                        |   32|   0|   32|          0|
    |pp_i_79_fu_4496                                         |   32|   0|   32|          0|
    |pp_i_7_fu_4208                                          |   32|   0|   32|          0|
    |pp_i_800_fu_7380                                        |   32|   0|   32|          0|
    |pp_i_801_fu_7384                                        |   32|   0|   32|          0|
    |pp_i_802_fu_7388                                        |   32|   0|   32|          0|
    |pp_i_803_fu_7392                                        |   32|   0|   32|          0|
    |pp_i_804_fu_7396                                        |   32|   0|   32|          0|
    |pp_i_805_fu_7400                                        |   32|   0|   32|          0|
    |pp_i_806_fu_7404                                        |   32|   0|   32|          0|
    |pp_i_807_fu_7408                                        |   32|   0|   32|          0|
    |pp_i_808_fu_7412                                        |   32|   0|   32|          0|
    |pp_i_809_fu_7416                                        |   32|   0|   32|          0|
    |pp_i_80_fu_4500                                         |   32|   0|   32|          0|
    |pp_i_810_fu_7420                                        |   32|   0|   32|          0|
    |pp_i_811_fu_7424                                        |   32|   0|   32|          0|
    |pp_i_812_fu_7428                                        |   32|   0|   32|          0|
    |pp_i_813_fu_7432                                        |   32|   0|   32|          0|
    |pp_i_814_fu_7436                                        |   32|   0|   32|          0|
    |pp_i_815_fu_7440                                        |   32|   0|   32|          0|
    |pp_i_816_fu_7444                                        |   32|   0|   32|          0|
    |pp_i_817_fu_7448                                        |   32|   0|   32|          0|
    |pp_i_818_fu_7452                                        |   32|   0|   32|          0|
    |pp_i_819_fu_7456                                        |   32|   0|   32|          0|
    |pp_i_81_fu_4504                                         |   32|   0|   32|          0|
    |pp_i_820_fu_7460                                        |   32|   0|   32|          0|
    |pp_i_821_fu_7464                                        |   32|   0|   32|          0|
    |pp_i_822_fu_7468                                        |   32|   0|   32|          0|
    |pp_i_823_fu_7472                                        |   32|   0|   32|          0|
    |pp_i_824_fu_7476                                        |   32|   0|   32|          0|
    |pp_i_825_fu_7480                                        |   32|   0|   32|          0|
    |pp_i_826_fu_7484                                        |   32|   0|   32|          0|
    |pp_i_827_fu_7488                                        |   32|   0|   32|          0|
    |pp_i_828_fu_7492                                        |   32|   0|   32|          0|
    |pp_i_829_fu_7496                                        |   32|   0|   32|          0|
    |pp_i_82_fu_4508                                         |   32|   0|   32|          0|
    |pp_i_830_fu_7500                                        |   32|   0|   32|          0|
    |pp_i_831_fu_7504                                        |   32|   0|   32|          0|
    |pp_i_832_fu_7508                                        |   32|   0|   32|          0|
    |pp_i_833_fu_7512                                        |   32|   0|   32|          0|
    |pp_i_834_fu_7516                                        |   32|   0|   32|          0|
    |pp_i_835_fu_7520                                        |   32|   0|   32|          0|
    |pp_i_836_fu_7524                                        |   32|   0|   32|          0|
    |pp_i_837_fu_7528                                        |   32|   0|   32|          0|
    |pp_i_838_fu_7532                                        |   32|   0|   32|          0|
    |pp_i_839_fu_7536                                        |   32|   0|   32|          0|
    |pp_i_83_fu_4512                                         |   32|   0|   32|          0|
    |pp_i_840_fu_7540                                        |   32|   0|   32|          0|
    |pp_i_841_fu_7544                                        |   32|   0|   32|          0|
    |pp_i_842_fu_7548                                        |   32|   0|   32|          0|
    |pp_i_843_fu_7552                                        |   32|   0|   32|          0|
    |pp_i_844_fu_7556                                        |   32|   0|   32|          0|
    |pp_i_845_fu_7560                                        |   32|   0|   32|          0|
    |pp_i_846_fu_7564                                        |   32|   0|   32|          0|
    |pp_i_847_fu_7568                                        |   32|   0|   32|          0|
    |pp_i_848_fu_7572                                        |   32|   0|   32|          0|
    |pp_i_849_fu_7576                                        |   32|   0|   32|          0|
    |pp_i_84_fu_4516                                         |   32|   0|   32|          0|
    |pp_i_850_fu_7580                                        |   32|   0|   32|          0|
    |pp_i_851_fu_7584                                        |   32|   0|   32|          0|
    |pp_i_852_fu_7588                                        |   32|   0|   32|          0|
    |pp_i_853_fu_7592                                        |   32|   0|   32|          0|
    |pp_i_854_fu_7596                                        |   32|   0|   32|          0|
    |pp_i_855_fu_7600                                        |   32|   0|   32|          0|
    |pp_i_856_fu_7604                                        |   32|   0|   32|          0|
    |pp_i_857_fu_7608                                        |   32|   0|   32|          0|
    |pp_i_858_fu_7612                                        |   32|   0|   32|          0|
    |pp_i_859_fu_7616                                        |   32|   0|   32|          0|
    |pp_i_85_fu_4520                                         |   32|   0|   32|          0|
    |pp_i_860_fu_7620                                        |   32|   0|   32|          0|
    |pp_i_861_fu_7624                                        |   32|   0|   32|          0|
    |pp_i_862_fu_7628                                        |   32|   0|   32|          0|
    |pp_i_863_fu_7632                                        |   32|   0|   32|          0|
    |pp_i_864_fu_7636                                        |   32|   0|   32|          0|
    |pp_i_865_fu_7640                                        |   32|   0|   32|          0|
    |pp_i_866_fu_7644                                        |   32|   0|   32|          0|
    |pp_i_867_fu_7648                                        |   32|   0|   32|          0|
    |pp_i_868_fu_7652                                        |   32|   0|   32|          0|
    |pp_i_869_fu_7656                                        |   32|   0|   32|          0|
    |pp_i_86_fu_4524                                         |   32|   0|   32|          0|
    |pp_i_870_fu_7660                                        |   32|   0|   32|          0|
    |pp_i_871_fu_7664                                        |   32|   0|   32|          0|
    |pp_i_872_fu_7668                                        |   32|   0|   32|          0|
    |pp_i_873_fu_7672                                        |   32|   0|   32|          0|
    |pp_i_874_fu_7676                                        |   32|   0|   32|          0|
    |pp_i_875_fu_7680                                        |   32|   0|   32|          0|
    |pp_i_876_fu_7684                                        |   32|   0|   32|          0|
    |pp_i_877_fu_7688                                        |   32|   0|   32|          0|
    |pp_i_878_fu_7692                                        |   32|   0|   32|          0|
    |pp_i_879_fu_7696                                        |   32|   0|   32|          0|
    |pp_i_87_fu_4528                                         |   32|   0|   32|          0|
    |pp_i_880_fu_7700                                        |   32|   0|   32|          0|
    |pp_i_881_fu_7704                                        |   32|   0|   32|          0|
    |pp_i_882_fu_7708                                        |   32|   0|   32|          0|
    |pp_i_883_fu_7712                                        |   32|   0|   32|          0|
    |pp_i_884_fu_7716                                        |   32|   0|   32|          0|
    |pp_i_885_fu_7720                                        |   32|   0|   32|          0|
    |pp_i_886_fu_7724                                        |   32|   0|   32|          0|
    |pp_i_887_fu_7728                                        |   32|   0|   32|          0|
    |pp_i_888_fu_7732                                        |   32|   0|   32|          0|
    |pp_i_889_fu_7736                                        |   32|   0|   32|          0|
    |pp_i_88_fu_4532                                         |   32|   0|   32|          0|
    |pp_i_890_fu_7740                                        |   32|   0|   32|          0|
    |pp_i_891_fu_7744                                        |   32|   0|   32|          0|
    |pp_i_892_fu_7748                                        |   32|   0|   32|          0|
    |pp_i_893_fu_7752                                        |   32|   0|   32|          0|
    |pp_i_894_fu_7756                                        |   32|   0|   32|          0|
    |pp_i_895_fu_7760                                        |   32|   0|   32|          0|
    |pp_i_896_fu_7764                                        |   32|   0|   32|          0|
    |pp_i_897_fu_7768                                        |   32|   0|   32|          0|
    |pp_i_898_fu_7772                                        |   32|   0|   32|          0|
    |pp_i_899_fu_7776                                        |   32|   0|   32|          0|
    |pp_i_89_fu_4536                                         |   32|   0|   32|          0|
    |pp_i_8_fu_4212                                          |   32|   0|   32|          0|
    |pp_i_900_fu_7780                                        |   32|   0|   32|          0|
    |pp_i_901_fu_7784                                        |   32|   0|   32|          0|
    |pp_i_902_fu_7788                                        |   32|   0|   32|          0|
    |pp_i_903_fu_7792                                        |   32|   0|   32|          0|
    |pp_i_904_fu_7796                                        |   32|   0|   32|          0|
    |pp_i_905_fu_7800                                        |   32|   0|   32|          0|
    |pp_i_906_fu_7804                                        |   32|   0|   32|          0|
    |pp_i_907_fu_7808                                        |   32|   0|   32|          0|
    |pp_i_908_fu_7812                                        |   32|   0|   32|          0|
    |pp_i_909_fu_7816                                        |   32|   0|   32|          0|
    |pp_i_90_fu_4540                                         |   32|   0|   32|          0|
    |pp_i_910_fu_7820                                        |   32|   0|   32|          0|
    |pp_i_911_fu_7824                                        |   32|   0|   32|          0|
    |pp_i_912_fu_7828                                        |   32|   0|   32|          0|
    |pp_i_913_fu_7832                                        |   32|   0|   32|          0|
    |pp_i_914_fu_7836                                        |   32|   0|   32|          0|
    |pp_i_915_fu_7840                                        |   32|   0|   32|          0|
    |pp_i_916_fu_7844                                        |   32|   0|   32|          0|
    |pp_i_917_fu_7848                                        |   32|   0|   32|          0|
    |pp_i_918_fu_7852                                        |   32|   0|   32|          0|
    |pp_i_919_fu_7856                                        |   32|   0|   32|          0|
    |pp_i_91_fu_4544                                         |   32|   0|   32|          0|
    |pp_i_920_fu_7860                                        |   32|   0|   32|          0|
    |pp_i_921_fu_7864                                        |   32|   0|   32|          0|
    |pp_i_922_fu_7868                                        |   32|   0|   32|          0|
    |pp_i_923_fu_7872                                        |   32|   0|   32|          0|
    |pp_i_924_fu_7876                                        |   32|   0|   32|          0|
    |pp_i_925_fu_7880                                        |   32|   0|   32|          0|
    |pp_i_926_fu_7884                                        |   32|   0|   32|          0|
    |pp_i_927_fu_7888                                        |   32|   0|   32|          0|
    |pp_i_928_fu_7892                                        |   32|   0|   32|          0|
    |pp_i_929_fu_7896                                        |   32|   0|   32|          0|
    |pp_i_92_fu_4548                                         |   32|   0|   32|          0|
    |pp_i_930_fu_7900                                        |   32|   0|   32|          0|
    |pp_i_931_fu_7904                                        |   32|   0|   32|          0|
    |pp_i_932_fu_7908                                        |   32|   0|   32|          0|
    |pp_i_933_fu_7912                                        |   32|   0|   32|          0|
    |pp_i_934_fu_7916                                        |   32|   0|   32|          0|
    |pp_i_935_fu_7920                                        |   32|   0|   32|          0|
    |pp_i_936_fu_7924                                        |   32|   0|   32|          0|
    |pp_i_937_fu_7928                                        |   32|   0|   32|          0|
    |pp_i_938_fu_7932                                        |   32|   0|   32|          0|
    |pp_i_939_fu_7936                                        |   32|   0|   32|          0|
    |pp_i_93_fu_4552                                         |   32|   0|   32|          0|
    |pp_i_940_fu_7940                                        |   32|   0|   32|          0|
    |pp_i_941_fu_7944                                        |   32|   0|   32|          0|
    |pp_i_942_fu_7948                                        |   32|   0|   32|          0|
    |pp_i_943_fu_7952                                        |   32|   0|   32|          0|
    |pp_i_944_fu_7956                                        |   32|   0|   32|          0|
    |pp_i_945_fu_7960                                        |   32|   0|   32|          0|
    |pp_i_946_fu_7964                                        |   32|   0|   32|          0|
    |pp_i_947_fu_7968                                        |   32|   0|   32|          0|
    |pp_i_948_fu_7972                                        |   32|   0|   32|          0|
    |pp_i_949_fu_7976                                        |   32|   0|   32|          0|
    |pp_i_94_fu_4556                                         |   32|   0|   32|          0|
    |pp_i_950_fu_7980                                        |   32|   0|   32|          0|
    |pp_i_951_fu_7984                                        |   32|   0|   32|          0|
    |pp_i_952_fu_7988                                        |   32|   0|   32|          0|
    |pp_i_953_fu_7992                                        |   32|   0|   32|          0|
    |pp_i_954_fu_7996                                        |   32|   0|   32|          0|
    |pp_i_955_fu_8000                                        |   32|   0|   32|          0|
    |pp_i_956_fu_8004                                        |   32|   0|   32|          0|
    |pp_i_957_fu_8008                                        |   32|   0|   32|          0|
    |pp_i_958_fu_8012                                        |   32|   0|   32|          0|
    |pp_i_959_fu_8016                                        |   32|   0|   32|          0|
    |pp_i_95_fu_4560                                         |   32|   0|   32|          0|
    |pp_i_960_fu_8020                                        |   32|   0|   32|          0|
    |pp_i_961_fu_8024                                        |   32|   0|   32|          0|
    |pp_i_962_fu_8028                                        |   32|   0|   32|          0|
    |pp_i_963_fu_8032                                        |   32|   0|   32|          0|
    |pp_i_964_fu_8036                                        |   32|   0|   32|          0|
    |pp_i_965_fu_8040                                        |   32|   0|   32|          0|
    |pp_i_966_fu_8044                                        |   32|   0|   32|          0|
    |pp_i_967_fu_8048                                        |   32|   0|   32|          0|
    |pp_i_968_fu_8052                                        |   32|   0|   32|          0|
    |pp_i_969_fu_8056                                        |   32|   0|   32|          0|
    |pp_i_96_fu_4564                                         |   32|   0|   32|          0|
    |pp_i_970_fu_8060                                        |   32|   0|   32|          0|
    |pp_i_971_fu_8064                                        |   32|   0|   32|          0|
    |pp_i_972_fu_8068                                        |   32|   0|   32|          0|
    |pp_i_973_fu_8072                                        |   32|   0|   32|          0|
    |pp_i_974_fu_8076                                        |   32|   0|   32|          0|
    |pp_i_975_fu_8080                                        |   32|   0|   32|          0|
    |pp_i_976_fu_8084                                        |   32|   0|   32|          0|
    |pp_i_977_fu_8088                                        |   32|   0|   32|          0|
    |pp_i_978_fu_8092                                        |   32|   0|   32|          0|
    |pp_i_979_fu_8096                                        |   32|   0|   32|          0|
    |pp_i_97_fu_4568                                         |   32|   0|   32|          0|
    |pp_i_980_fu_8100                                        |   32|   0|   32|          0|
    |pp_i_981_fu_8104                                        |   32|   0|   32|          0|
    |pp_i_982_fu_8108                                        |   32|   0|   32|          0|
    |pp_i_983_fu_8112                                        |   32|   0|   32|          0|
    |pp_i_984_fu_8116                                        |   32|   0|   32|          0|
    |pp_i_985_fu_8120                                        |   32|   0|   32|          0|
    |pp_i_986_fu_8124                                        |   32|   0|   32|          0|
    |pp_i_987_fu_8128                                        |   32|   0|   32|          0|
    |pp_i_988_fu_8132                                        |   32|   0|   32|          0|
    |pp_i_989_fu_8136                                        |   32|   0|   32|          0|
    |pp_i_98_fu_4572                                         |   32|   0|   32|          0|
    |pp_i_990_fu_8140                                        |   32|   0|   32|          0|
    |pp_i_991_fu_8144                                        |   32|   0|   32|          0|
    |pp_i_992_fu_8148                                        |   32|   0|   32|          0|
    |pp_i_993_fu_8152                                        |   32|   0|   32|          0|
    |pp_i_994_fu_8156                                        |   32|   0|   32|          0|
    |pp_i_995_fu_8160                                        |   32|   0|   32|          0|
    |pp_i_996_fu_8164                                        |   32|   0|   32|          0|
    |pp_i_997_fu_8168                                        |   32|   0|   32|          0|
    |pp_i_998_fu_8172                                        |   32|   0|   32|          0|
    |pp_i_999_fu_8176                                        |   32|   0|   32|          0|
    |pp_i_99_fu_4576                                         |   32|   0|   32|          0|
    |pp_i_9_fu_4216                                          |   32|   0|   32|          0|
    |pp_i_fu_4180                                            |   32|   0|   32|          0|
    |pp_r_1000_fu_4084                                       |   32|   0|   32|          0|
    |pp_r_1001_fu_4088                                       |   32|   0|   32|          0|
    |pp_r_1002_fu_4092                                       |   32|   0|   32|          0|
    |pp_r_1003_fu_4096                                       |   32|   0|   32|          0|
    |pp_r_1004_fu_4100                                       |   32|   0|   32|          0|
    |pp_r_1005_fu_4104                                       |   32|   0|   32|          0|
    |pp_r_1006_fu_4108                                       |   32|   0|   32|          0|
    |pp_r_1007_fu_4112                                       |   32|   0|   32|          0|
    |pp_r_1008_fu_4116                                       |   32|   0|   32|          0|
    |pp_r_1009_fu_4120                                       |   32|   0|   32|          0|
    |pp_r_100_fu_484                                         |   32|   0|   32|          0|
    |pp_r_1010_fu_4124                                       |   32|   0|   32|          0|
    |pp_r_1011_fu_4128                                       |   32|   0|   32|          0|
    |pp_r_1012_fu_4132                                       |   32|   0|   32|          0|
    |pp_r_1013_fu_4136                                       |   32|   0|   32|          0|
    |pp_r_1014_fu_4140                                       |   32|   0|   32|          0|
    |pp_r_1015_fu_4144                                       |   32|   0|   32|          0|
    |pp_r_1016_fu_4148                                       |   32|   0|   32|          0|
    |pp_r_1017_fu_4152                                       |   32|   0|   32|          0|
    |pp_r_1018_fu_4156                                       |   32|   0|   32|          0|
    |pp_r_1019_fu_4160                                       |   32|   0|   32|          0|
    |pp_r_101_fu_488                                         |   32|   0|   32|          0|
    |pp_r_1020_fu_4164                                       |   32|   0|   32|          0|
    |pp_r_1021_fu_4168                                       |   32|   0|   32|          0|
    |pp_r_1022_fu_4172                                       |   32|   0|   32|          0|
    |pp_r_1023_fu_4176                                       |   32|   0|   32|          0|
    |pp_r_102_fu_492                                         |   32|   0|   32|          0|
    |pp_r_103_fu_496                                         |   32|   0|   32|          0|
    |pp_r_104_fu_500                                         |   32|   0|   32|          0|
    |pp_r_105_fu_504                                         |   32|   0|   32|          0|
    |pp_r_106_fu_508                                         |   32|   0|   32|          0|
    |pp_r_107_fu_512                                         |   32|   0|   32|          0|
    |pp_r_108_fu_516                                         |   32|   0|   32|          0|
    |pp_r_109_fu_520                                         |   32|   0|   32|          0|
    |pp_r_10_fu_124                                          |   32|   0|   32|          0|
    |pp_r_110_fu_524                                         |   32|   0|   32|          0|
    |pp_r_111_fu_528                                         |   32|   0|   32|          0|
    |pp_r_112_fu_532                                         |   32|   0|   32|          0|
    |pp_r_113_fu_536                                         |   32|   0|   32|          0|
    |pp_r_114_fu_540                                         |   32|   0|   32|          0|
    |pp_r_115_fu_544                                         |   32|   0|   32|          0|
    |pp_r_116_fu_548                                         |   32|   0|   32|          0|
    |pp_r_117_fu_552                                         |   32|   0|   32|          0|
    |pp_r_118_fu_556                                         |   32|   0|   32|          0|
    |pp_r_119_fu_560                                         |   32|   0|   32|          0|
    |pp_r_11_fu_128                                          |   32|   0|   32|          0|
    |pp_r_120_fu_564                                         |   32|   0|   32|          0|
    |pp_r_121_fu_568                                         |   32|   0|   32|          0|
    |pp_r_122_fu_572                                         |   32|   0|   32|          0|
    |pp_r_123_fu_576                                         |   32|   0|   32|          0|
    |pp_r_124_fu_580                                         |   32|   0|   32|          0|
    |pp_r_125_fu_584                                         |   32|   0|   32|          0|
    |pp_r_126_fu_588                                         |   32|   0|   32|          0|
    |pp_r_127_fu_592                                         |   32|   0|   32|          0|
    |pp_r_128_fu_596                                         |   32|   0|   32|          0|
    |pp_r_129_fu_600                                         |   32|   0|   32|          0|
    |pp_r_12_fu_132                                          |   32|   0|   32|          0|
    |pp_r_130_fu_604                                         |   32|   0|   32|          0|
    |pp_r_131_fu_608                                         |   32|   0|   32|          0|
    |pp_r_132_fu_612                                         |   32|   0|   32|          0|
    |pp_r_133_fu_616                                         |   32|   0|   32|          0|
    |pp_r_134_fu_620                                         |   32|   0|   32|          0|
    |pp_r_135_fu_624                                         |   32|   0|   32|          0|
    |pp_r_136_fu_628                                         |   32|   0|   32|          0|
    |pp_r_137_fu_632                                         |   32|   0|   32|          0|
    |pp_r_138_fu_636                                         |   32|   0|   32|          0|
    |pp_r_139_fu_640                                         |   32|   0|   32|          0|
    |pp_r_13_fu_136                                          |   32|   0|   32|          0|
    |pp_r_140_fu_644                                         |   32|   0|   32|          0|
    |pp_r_141_fu_648                                         |   32|   0|   32|          0|
    |pp_r_142_fu_652                                         |   32|   0|   32|          0|
    |pp_r_143_fu_656                                         |   32|   0|   32|          0|
    |pp_r_144_fu_660                                         |   32|   0|   32|          0|
    |pp_r_145_fu_664                                         |   32|   0|   32|          0|
    |pp_r_146_fu_668                                         |   32|   0|   32|          0|
    |pp_r_147_fu_672                                         |   32|   0|   32|          0|
    |pp_r_148_fu_676                                         |   32|   0|   32|          0|
    |pp_r_149_fu_680                                         |   32|   0|   32|          0|
    |pp_r_14_fu_140                                          |   32|   0|   32|          0|
    |pp_r_150_fu_684                                         |   32|   0|   32|          0|
    |pp_r_151_fu_688                                         |   32|   0|   32|          0|
    |pp_r_152_fu_692                                         |   32|   0|   32|          0|
    |pp_r_153_fu_696                                         |   32|   0|   32|          0|
    |pp_r_154_fu_700                                         |   32|   0|   32|          0|
    |pp_r_155_fu_704                                         |   32|   0|   32|          0|
    |pp_r_156_fu_708                                         |   32|   0|   32|          0|
    |pp_r_157_fu_712                                         |   32|   0|   32|          0|
    |pp_r_158_fu_716                                         |   32|   0|   32|          0|
    |pp_r_159_fu_720                                         |   32|   0|   32|          0|
    |pp_r_15_fu_144                                          |   32|   0|   32|          0|
    |pp_r_160_fu_724                                         |   32|   0|   32|          0|
    |pp_r_161_fu_728                                         |   32|   0|   32|          0|
    |pp_r_162_fu_732                                         |   32|   0|   32|          0|
    |pp_r_163_fu_736                                         |   32|   0|   32|          0|
    |pp_r_164_fu_740                                         |   32|   0|   32|          0|
    |pp_r_165_fu_744                                         |   32|   0|   32|          0|
    |pp_r_166_fu_748                                         |   32|   0|   32|          0|
    |pp_r_167_fu_752                                         |   32|   0|   32|          0|
    |pp_r_168_fu_756                                         |   32|   0|   32|          0|
    |pp_r_169_fu_760                                         |   32|   0|   32|          0|
    |pp_r_16_fu_148                                          |   32|   0|   32|          0|
    |pp_r_170_fu_764                                         |   32|   0|   32|          0|
    |pp_r_171_fu_768                                         |   32|   0|   32|          0|
    |pp_r_172_fu_772                                         |   32|   0|   32|          0|
    |pp_r_173_fu_776                                         |   32|   0|   32|          0|
    |pp_r_174_fu_780                                         |   32|   0|   32|          0|
    |pp_r_175_fu_784                                         |   32|   0|   32|          0|
    |pp_r_176_fu_788                                         |   32|   0|   32|          0|
    |pp_r_177_fu_792                                         |   32|   0|   32|          0|
    |pp_r_178_fu_796                                         |   32|   0|   32|          0|
    |pp_r_179_fu_800                                         |   32|   0|   32|          0|
    |pp_r_17_fu_152                                          |   32|   0|   32|          0|
    |pp_r_180_fu_804                                         |   32|   0|   32|          0|
    |pp_r_181_fu_808                                         |   32|   0|   32|          0|
    |pp_r_182_fu_812                                         |   32|   0|   32|          0|
    |pp_r_183_fu_816                                         |   32|   0|   32|          0|
    |pp_r_184_fu_820                                         |   32|   0|   32|          0|
    |pp_r_185_fu_824                                         |   32|   0|   32|          0|
    |pp_r_186_fu_828                                         |   32|   0|   32|          0|
    |pp_r_187_fu_832                                         |   32|   0|   32|          0|
    |pp_r_188_fu_836                                         |   32|   0|   32|          0|
    |pp_r_189_fu_840                                         |   32|   0|   32|          0|
    |pp_r_18_fu_156                                          |   32|   0|   32|          0|
    |pp_r_190_fu_844                                         |   32|   0|   32|          0|
    |pp_r_191_fu_848                                         |   32|   0|   32|          0|
    |pp_r_192_fu_852                                         |   32|   0|   32|          0|
    |pp_r_193_fu_856                                         |   32|   0|   32|          0|
    |pp_r_194_fu_860                                         |   32|   0|   32|          0|
    |pp_r_195_fu_864                                         |   32|   0|   32|          0|
    |pp_r_196_fu_868                                         |   32|   0|   32|          0|
    |pp_r_197_fu_872                                         |   32|   0|   32|          0|
    |pp_r_198_fu_876                                         |   32|   0|   32|          0|
    |pp_r_199_fu_880                                         |   32|   0|   32|          0|
    |pp_r_19_fu_160                                          |   32|   0|   32|          0|
    |pp_r_1_fu_88                                            |   32|   0|   32|          0|
    |pp_r_200_fu_884                                         |   32|   0|   32|          0|
    |pp_r_201_fu_888                                         |   32|   0|   32|          0|
    |pp_r_202_fu_892                                         |   32|   0|   32|          0|
    |pp_r_203_fu_896                                         |   32|   0|   32|          0|
    |pp_r_204_fu_900                                         |   32|   0|   32|          0|
    |pp_r_205_fu_904                                         |   32|   0|   32|          0|
    |pp_r_206_fu_908                                         |   32|   0|   32|          0|
    |pp_r_207_fu_912                                         |   32|   0|   32|          0|
    |pp_r_208_fu_916                                         |   32|   0|   32|          0|
    |pp_r_209_fu_920                                         |   32|   0|   32|          0|
    |pp_r_20_fu_164                                          |   32|   0|   32|          0|
    |pp_r_210_fu_924                                         |   32|   0|   32|          0|
    |pp_r_211_fu_928                                         |   32|   0|   32|          0|
    |pp_r_212_fu_932                                         |   32|   0|   32|          0|
    |pp_r_213_fu_936                                         |   32|   0|   32|          0|
    |pp_r_214_fu_940                                         |   32|   0|   32|          0|
    |pp_r_215_fu_944                                         |   32|   0|   32|          0|
    |pp_r_216_fu_948                                         |   32|   0|   32|          0|
    |pp_r_217_fu_952                                         |   32|   0|   32|          0|
    |pp_r_218_fu_956                                         |   32|   0|   32|          0|
    |pp_r_219_fu_960                                         |   32|   0|   32|          0|
    |pp_r_21_fu_168                                          |   32|   0|   32|          0|
    |pp_r_220_fu_964                                         |   32|   0|   32|          0|
    |pp_r_221_fu_968                                         |   32|   0|   32|          0|
    |pp_r_222_fu_972                                         |   32|   0|   32|          0|
    |pp_r_223_fu_976                                         |   32|   0|   32|          0|
    |pp_r_224_fu_980                                         |   32|   0|   32|          0|
    |pp_r_225_fu_984                                         |   32|   0|   32|          0|
    |pp_r_226_fu_988                                         |   32|   0|   32|          0|
    |pp_r_227_fu_992                                         |   32|   0|   32|          0|
    |pp_r_228_fu_996                                         |   32|   0|   32|          0|
    |pp_r_229_fu_1000                                        |   32|   0|   32|          0|
    |pp_r_22_fu_172                                          |   32|   0|   32|          0|
    |pp_r_230_fu_1004                                        |   32|   0|   32|          0|
    |pp_r_231_fu_1008                                        |   32|   0|   32|          0|
    |pp_r_232_fu_1012                                        |   32|   0|   32|          0|
    |pp_r_233_fu_1016                                        |   32|   0|   32|          0|
    |pp_r_234_fu_1020                                        |   32|   0|   32|          0|
    |pp_r_235_fu_1024                                        |   32|   0|   32|          0|
    |pp_r_236_fu_1028                                        |   32|   0|   32|          0|
    |pp_r_237_fu_1032                                        |   32|   0|   32|          0|
    |pp_r_238_fu_1036                                        |   32|   0|   32|          0|
    |pp_r_239_fu_1040                                        |   32|   0|   32|          0|
    |pp_r_23_fu_176                                          |   32|   0|   32|          0|
    |pp_r_240_fu_1044                                        |   32|   0|   32|          0|
    |pp_r_241_fu_1048                                        |   32|   0|   32|          0|
    |pp_r_242_fu_1052                                        |   32|   0|   32|          0|
    |pp_r_243_fu_1056                                        |   32|   0|   32|          0|
    |pp_r_244_fu_1060                                        |   32|   0|   32|          0|
    |pp_r_245_fu_1064                                        |   32|   0|   32|          0|
    |pp_r_246_fu_1068                                        |   32|   0|   32|          0|
    |pp_r_247_fu_1072                                        |   32|   0|   32|          0|
    |pp_r_248_fu_1076                                        |   32|   0|   32|          0|
    |pp_r_249_fu_1080                                        |   32|   0|   32|          0|
    |pp_r_24_fu_180                                          |   32|   0|   32|          0|
    |pp_r_250_fu_1084                                        |   32|   0|   32|          0|
    |pp_r_251_fu_1088                                        |   32|   0|   32|          0|
    |pp_r_252_fu_1092                                        |   32|   0|   32|          0|
    |pp_r_253_fu_1096                                        |   32|   0|   32|          0|
    |pp_r_254_fu_1100                                        |   32|   0|   32|          0|
    |pp_r_255_fu_1104                                        |   32|   0|   32|          0|
    |pp_r_256_fu_1108                                        |   32|   0|   32|          0|
    |pp_r_257_fu_1112                                        |   32|   0|   32|          0|
    |pp_r_258_fu_1116                                        |   32|   0|   32|          0|
    |pp_r_259_fu_1120                                        |   32|   0|   32|          0|
    |pp_r_25_fu_184                                          |   32|   0|   32|          0|
    |pp_r_260_fu_1124                                        |   32|   0|   32|          0|
    |pp_r_261_fu_1128                                        |   32|   0|   32|          0|
    |pp_r_262_fu_1132                                        |   32|   0|   32|          0|
    |pp_r_263_fu_1136                                        |   32|   0|   32|          0|
    |pp_r_264_fu_1140                                        |   32|   0|   32|          0|
    |pp_r_265_fu_1144                                        |   32|   0|   32|          0|
    |pp_r_266_fu_1148                                        |   32|   0|   32|          0|
    |pp_r_267_fu_1152                                        |   32|   0|   32|          0|
    |pp_r_268_fu_1156                                        |   32|   0|   32|          0|
    |pp_r_269_fu_1160                                        |   32|   0|   32|          0|
    |pp_r_26_fu_188                                          |   32|   0|   32|          0|
    |pp_r_270_fu_1164                                        |   32|   0|   32|          0|
    |pp_r_271_fu_1168                                        |   32|   0|   32|          0|
    |pp_r_272_fu_1172                                        |   32|   0|   32|          0|
    |pp_r_273_fu_1176                                        |   32|   0|   32|          0|
    |pp_r_274_fu_1180                                        |   32|   0|   32|          0|
    |pp_r_275_fu_1184                                        |   32|   0|   32|          0|
    |pp_r_276_fu_1188                                        |   32|   0|   32|          0|
    |pp_r_277_fu_1192                                        |   32|   0|   32|          0|
    |pp_r_278_fu_1196                                        |   32|   0|   32|          0|
    |pp_r_279_fu_1200                                        |   32|   0|   32|          0|
    |pp_r_27_fu_192                                          |   32|   0|   32|          0|
    |pp_r_280_fu_1204                                        |   32|   0|   32|          0|
    |pp_r_281_fu_1208                                        |   32|   0|   32|          0|
    |pp_r_282_fu_1212                                        |   32|   0|   32|          0|
    |pp_r_283_fu_1216                                        |   32|   0|   32|          0|
    |pp_r_284_fu_1220                                        |   32|   0|   32|          0|
    |pp_r_285_fu_1224                                        |   32|   0|   32|          0|
    |pp_r_286_fu_1228                                        |   32|   0|   32|          0|
    |pp_r_287_fu_1232                                        |   32|   0|   32|          0|
    |pp_r_288_fu_1236                                        |   32|   0|   32|          0|
    |pp_r_289_fu_1240                                        |   32|   0|   32|          0|
    |pp_r_28_fu_196                                          |   32|   0|   32|          0|
    |pp_r_290_fu_1244                                        |   32|   0|   32|          0|
    |pp_r_291_fu_1248                                        |   32|   0|   32|          0|
    |pp_r_292_fu_1252                                        |   32|   0|   32|          0|
    |pp_r_293_fu_1256                                        |   32|   0|   32|          0|
    |pp_r_294_fu_1260                                        |   32|   0|   32|          0|
    |pp_r_295_fu_1264                                        |   32|   0|   32|          0|
    |pp_r_296_fu_1268                                        |   32|   0|   32|          0|
    |pp_r_297_fu_1272                                        |   32|   0|   32|          0|
    |pp_r_298_fu_1276                                        |   32|   0|   32|          0|
    |pp_r_299_fu_1280                                        |   32|   0|   32|          0|
    |pp_r_29_fu_200                                          |   32|   0|   32|          0|
    |pp_r_2_fu_92                                            |   32|   0|   32|          0|
    |pp_r_300_fu_1284                                        |   32|   0|   32|          0|
    |pp_r_301_fu_1288                                        |   32|   0|   32|          0|
    |pp_r_302_fu_1292                                        |   32|   0|   32|          0|
    |pp_r_303_fu_1296                                        |   32|   0|   32|          0|
    |pp_r_304_fu_1300                                        |   32|   0|   32|          0|
    |pp_r_305_fu_1304                                        |   32|   0|   32|          0|
    |pp_r_306_fu_1308                                        |   32|   0|   32|          0|
    |pp_r_307_fu_1312                                        |   32|   0|   32|          0|
    |pp_r_308_fu_1316                                        |   32|   0|   32|          0|
    |pp_r_309_fu_1320                                        |   32|   0|   32|          0|
    |pp_r_30_fu_204                                          |   32|   0|   32|          0|
    |pp_r_310_fu_1324                                        |   32|   0|   32|          0|
    |pp_r_311_fu_1328                                        |   32|   0|   32|          0|
    |pp_r_312_fu_1332                                        |   32|   0|   32|          0|
    |pp_r_313_fu_1336                                        |   32|   0|   32|          0|
    |pp_r_314_fu_1340                                        |   32|   0|   32|          0|
    |pp_r_315_fu_1344                                        |   32|   0|   32|          0|
    |pp_r_316_fu_1348                                        |   32|   0|   32|          0|
    |pp_r_317_fu_1352                                        |   32|   0|   32|          0|
    |pp_r_318_fu_1356                                        |   32|   0|   32|          0|
    |pp_r_319_fu_1360                                        |   32|   0|   32|          0|
    |pp_r_31_fu_208                                          |   32|   0|   32|          0|
    |pp_r_320_fu_1364                                        |   32|   0|   32|          0|
    |pp_r_321_fu_1368                                        |   32|   0|   32|          0|
    |pp_r_322_fu_1372                                        |   32|   0|   32|          0|
    |pp_r_323_fu_1376                                        |   32|   0|   32|          0|
    |pp_r_324_fu_1380                                        |   32|   0|   32|          0|
    |pp_r_325_fu_1384                                        |   32|   0|   32|          0|
    |pp_r_326_fu_1388                                        |   32|   0|   32|          0|
    |pp_r_327_fu_1392                                        |   32|   0|   32|          0|
    |pp_r_328_fu_1396                                        |   32|   0|   32|          0|
    |pp_r_329_fu_1400                                        |   32|   0|   32|          0|
    |pp_r_32_fu_212                                          |   32|   0|   32|          0|
    |pp_r_330_fu_1404                                        |   32|   0|   32|          0|
    |pp_r_331_fu_1408                                        |   32|   0|   32|          0|
    |pp_r_332_fu_1412                                        |   32|   0|   32|          0|
    |pp_r_333_fu_1416                                        |   32|   0|   32|          0|
    |pp_r_334_fu_1420                                        |   32|   0|   32|          0|
    |pp_r_335_fu_1424                                        |   32|   0|   32|          0|
    |pp_r_336_fu_1428                                        |   32|   0|   32|          0|
    |pp_r_337_fu_1432                                        |   32|   0|   32|          0|
    |pp_r_338_fu_1436                                        |   32|   0|   32|          0|
    |pp_r_339_fu_1440                                        |   32|   0|   32|          0|
    |pp_r_33_fu_216                                          |   32|   0|   32|          0|
    |pp_r_340_fu_1444                                        |   32|   0|   32|          0|
    |pp_r_341_fu_1448                                        |   32|   0|   32|          0|
    |pp_r_342_fu_1452                                        |   32|   0|   32|          0|
    |pp_r_343_fu_1456                                        |   32|   0|   32|          0|
    |pp_r_344_fu_1460                                        |   32|   0|   32|          0|
    |pp_r_345_fu_1464                                        |   32|   0|   32|          0|
    |pp_r_346_fu_1468                                        |   32|   0|   32|          0|
    |pp_r_347_fu_1472                                        |   32|   0|   32|          0|
    |pp_r_348_fu_1476                                        |   32|   0|   32|          0|
    |pp_r_349_fu_1480                                        |   32|   0|   32|          0|
    |pp_r_34_fu_220                                          |   32|   0|   32|          0|
    |pp_r_350_fu_1484                                        |   32|   0|   32|          0|
    |pp_r_351_fu_1488                                        |   32|   0|   32|          0|
    |pp_r_352_fu_1492                                        |   32|   0|   32|          0|
    |pp_r_353_fu_1496                                        |   32|   0|   32|          0|
    |pp_r_354_fu_1500                                        |   32|   0|   32|          0|
    |pp_r_355_fu_1504                                        |   32|   0|   32|          0|
    |pp_r_356_fu_1508                                        |   32|   0|   32|          0|
    |pp_r_357_fu_1512                                        |   32|   0|   32|          0|
    |pp_r_358_fu_1516                                        |   32|   0|   32|          0|
    |pp_r_359_fu_1520                                        |   32|   0|   32|          0|
    |pp_r_35_fu_224                                          |   32|   0|   32|          0|
    |pp_r_360_fu_1524                                        |   32|   0|   32|          0|
    |pp_r_361_fu_1528                                        |   32|   0|   32|          0|
    |pp_r_362_fu_1532                                        |   32|   0|   32|          0|
    |pp_r_363_fu_1536                                        |   32|   0|   32|          0|
    |pp_r_364_fu_1540                                        |   32|   0|   32|          0|
    |pp_r_365_fu_1544                                        |   32|   0|   32|          0|
    |pp_r_366_fu_1548                                        |   32|   0|   32|          0|
    |pp_r_367_fu_1552                                        |   32|   0|   32|          0|
    |pp_r_368_fu_1556                                        |   32|   0|   32|          0|
    |pp_r_369_fu_1560                                        |   32|   0|   32|          0|
    |pp_r_36_fu_228                                          |   32|   0|   32|          0|
    |pp_r_370_fu_1564                                        |   32|   0|   32|          0|
    |pp_r_371_fu_1568                                        |   32|   0|   32|          0|
    |pp_r_372_fu_1572                                        |   32|   0|   32|          0|
    |pp_r_373_fu_1576                                        |   32|   0|   32|          0|
    |pp_r_374_fu_1580                                        |   32|   0|   32|          0|
    |pp_r_375_fu_1584                                        |   32|   0|   32|          0|
    |pp_r_376_fu_1588                                        |   32|   0|   32|          0|
    |pp_r_377_fu_1592                                        |   32|   0|   32|          0|
    |pp_r_378_fu_1596                                        |   32|   0|   32|          0|
    |pp_r_379_fu_1600                                        |   32|   0|   32|          0|
    |pp_r_37_fu_232                                          |   32|   0|   32|          0|
    |pp_r_380_fu_1604                                        |   32|   0|   32|          0|
    |pp_r_381_fu_1608                                        |   32|   0|   32|          0|
    |pp_r_382_fu_1612                                        |   32|   0|   32|          0|
    |pp_r_383_fu_1616                                        |   32|   0|   32|          0|
    |pp_r_384_fu_1620                                        |   32|   0|   32|          0|
    |pp_r_385_fu_1624                                        |   32|   0|   32|          0|
    |pp_r_386_fu_1628                                        |   32|   0|   32|          0|
    |pp_r_387_fu_1632                                        |   32|   0|   32|          0|
    |pp_r_388_fu_1636                                        |   32|   0|   32|          0|
    |pp_r_389_fu_1640                                        |   32|   0|   32|          0|
    |pp_r_38_fu_236                                          |   32|   0|   32|          0|
    |pp_r_390_fu_1644                                        |   32|   0|   32|          0|
    |pp_r_391_fu_1648                                        |   32|   0|   32|          0|
    |pp_r_392_fu_1652                                        |   32|   0|   32|          0|
    |pp_r_393_fu_1656                                        |   32|   0|   32|          0|
    |pp_r_394_fu_1660                                        |   32|   0|   32|          0|
    |pp_r_395_fu_1664                                        |   32|   0|   32|          0|
    |pp_r_396_fu_1668                                        |   32|   0|   32|          0|
    |pp_r_397_fu_1672                                        |   32|   0|   32|          0|
    |pp_r_398_fu_1676                                        |   32|   0|   32|          0|
    |pp_r_399_fu_1680                                        |   32|   0|   32|          0|
    |pp_r_39_fu_240                                          |   32|   0|   32|          0|
    |pp_r_3_fu_96                                            |   32|   0|   32|          0|
    |pp_r_400_fu_1684                                        |   32|   0|   32|          0|
    |pp_r_401_fu_1688                                        |   32|   0|   32|          0|
    |pp_r_402_fu_1692                                        |   32|   0|   32|          0|
    |pp_r_403_fu_1696                                        |   32|   0|   32|          0|
    |pp_r_404_fu_1700                                        |   32|   0|   32|          0|
    |pp_r_405_fu_1704                                        |   32|   0|   32|          0|
    |pp_r_406_fu_1708                                        |   32|   0|   32|          0|
    |pp_r_407_fu_1712                                        |   32|   0|   32|          0|
    |pp_r_408_fu_1716                                        |   32|   0|   32|          0|
    |pp_r_409_fu_1720                                        |   32|   0|   32|          0|
    |pp_r_40_fu_244                                          |   32|   0|   32|          0|
    |pp_r_410_fu_1724                                        |   32|   0|   32|          0|
    |pp_r_411_fu_1728                                        |   32|   0|   32|          0|
    |pp_r_412_fu_1732                                        |   32|   0|   32|          0|
    |pp_r_413_fu_1736                                        |   32|   0|   32|          0|
    |pp_r_414_fu_1740                                        |   32|   0|   32|          0|
    |pp_r_415_fu_1744                                        |   32|   0|   32|          0|
    |pp_r_416_fu_1748                                        |   32|   0|   32|          0|
    |pp_r_417_fu_1752                                        |   32|   0|   32|          0|
    |pp_r_418_fu_1756                                        |   32|   0|   32|          0|
    |pp_r_419_fu_1760                                        |   32|   0|   32|          0|
    |pp_r_41_fu_248                                          |   32|   0|   32|          0|
    |pp_r_420_fu_1764                                        |   32|   0|   32|          0|
    |pp_r_421_fu_1768                                        |   32|   0|   32|          0|
    |pp_r_422_fu_1772                                        |   32|   0|   32|          0|
    |pp_r_423_fu_1776                                        |   32|   0|   32|          0|
    |pp_r_424_fu_1780                                        |   32|   0|   32|          0|
    |pp_r_425_fu_1784                                        |   32|   0|   32|          0|
    |pp_r_426_fu_1788                                        |   32|   0|   32|          0|
    |pp_r_427_fu_1792                                        |   32|   0|   32|          0|
    |pp_r_428_fu_1796                                        |   32|   0|   32|          0|
    |pp_r_429_fu_1800                                        |   32|   0|   32|          0|
    |pp_r_42_fu_252                                          |   32|   0|   32|          0|
    |pp_r_430_fu_1804                                        |   32|   0|   32|          0|
    |pp_r_431_fu_1808                                        |   32|   0|   32|          0|
    |pp_r_432_fu_1812                                        |   32|   0|   32|          0|
    |pp_r_433_fu_1816                                        |   32|   0|   32|          0|
    |pp_r_434_fu_1820                                        |   32|   0|   32|          0|
    |pp_r_435_fu_1824                                        |   32|   0|   32|          0|
    |pp_r_436_fu_1828                                        |   32|   0|   32|          0|
    |pp_r_437_fu_1832                                        |   32|   0|   32|          0|
    |pp_r_438_fu_1836                                        |   32|   0|   32|          0|
    |pp_r_439_fu_1840                                        |   32|   0|   32|          0|
    |pp_r_43_fu_256                                          |   32|   0|   32|          0|
    |pp_r_440_fu_1844                                        |   32|   0|   32|          0|
    |pp_r_441_fu_1848                                        |   32|   0|   32|          0|
    |pp_r_442_fu_1852                                        |   32|   0|   32|          0|
    |pp_r_443_fu_1856                                        |   32|   0|   32|          0|
    |pp_r_444_fu_1860                                        |   32|   0|   32|          0|
    |pp_r_445_fu_1864                                        |   32|   0|   32|          0|
    |pp_r_446_fu_1868                                        |   32|   0|   32|          0|
    |pp_r_447_fu_1872                                        |   32|   0|   32|          0|
    |pp_r_448_fu_1876                                        |   32|   0|   32|          0|
    |pp_r_449_fu_1880                                        |   32|   0|   32|          0|
    |pp_r_44_fu_260                                          |   32|   0|   32|          0|
    |pp_r_450_fu_1884                                        |   32|   0|   32|          0|
    |pp_r_451_fu_1888                                        |   32|   0|   32|          0|
    |pp_r_452_fu_1892                                        |   32|   0|   32|          0|
    |pp_r_453_fu_1896                                        |   32|   0|   32|          0|
    |pp_r_454_fu_1900                                        |   32|   0|   32|          0|
    |pp_r_455_fu_1904                                        |   32|   0|   32|          0|
    |pp_r_456_fu_1908                                        |   32|   0|   32|          0|
    |pp_r_457_fu_1912                                        |   32|   0|   32|          0|
    |pp_r_458_fu_1916                                        |   32|   0|   32|          0|
    |pp_r_459_fu_1920                                        |   32|   0|   32|          0|
    |pp_r_45_fu_264                                          |   32|   0|   32|          0|
    |pp_r_460_fu_1924                                        |   32|   0|   32|          0|
    |pp_r_461_fu_1928                                        |   32|   0|   32|          0|
    |pp_r_462_fu_1932                                        |   32|   0|   32|          0|
    |pp_r_463_fu_1936                                        |   32|   0|   32|          0|
    |pp_r_464_fu_1940                                        |   32|   0|   32|          0|
    |pp_r_465_fu_1944                                        |   32|   0|   32|          0|
    |pp_r_466_fu_1948                                        |   32|   0|   32|          0|
    |pp_r_467_fu_1952                                        |   32|   0|   32|          0|
    |pp_r_468_fu_1956                                        |   32|   0|   32|          0|
    |pp_r_469_fu_1960                                        |   32|   0|   32|          0|
    |pp_r_46_fu_268                                          |   32|   0|   32|          0|
    |pp_r_470_fu_1964                                        |   32|   0|   32|          0|
    |pp_r_471_fu_1968                                        |   32|   0|   32|          0|
    |pp_r_472_fu_1972                                        |   32|   0|   32|          0|
    |pp_r_473_fu_1976                                        |   32|   0|   32|          0|
    |pp_r_474_fu_1980                                        |   32|   0|   32|          0|
    |pp_r_475_fu_1984                                        |   32|   0|   32|          0|
    |pp_r_476_fu_1988                                        |   32|   0|   32|          0|
    |pp_r_477_fu_1992                                        |   32|   0|   32|          0|
    |pp_r_478_fu_1996                                        |   32|   0|   32|          0|
    |pp_r_479_fu_2000                                        |   32|   0|   32|          0|
    |pp_r_47_fu_272                                          |   32|   0|   32|          0|
    |pp_r_480_fu_2004                                        |   32|   0|   32|          0|
    |pp_r_481_fu_2008                                        |   32|   0|   32|          0|
    |pp_r_482_fu_2012                                        |   32|   0|   32|          0|
    |pp_r_483_fu_2016                                        |   32|   0|   32|          0|
    |pp_r_484_fu_2020                                        |   32|   0|   32|          0|
    |pp_r_485_fu_2024                                        |   32|   0|   32|          0|
    |pp_r_486_fu_2028                                        |   32|   0|   32|          0|
    |pp_r_487_fu_2032                                        |   32|   0|   32|          0|
    |pp_r_488_fu_2036                                        |   32|   0|   32|          0|
    |pp_r_489_fu_2040                                        |   32|   0|   32|          0|
    |pp_r_48_fu_276                                          |   32|   0|   32|          0|
    |pp_r_490_fu_2044                                        |   32|   0|   32|          0|
    |pp_r_491_fu_2048                                        |   32|   0|   32|          0|
    |pp_r_492_fu_2052                                        |   32|   0|   32|          0|
    |pp_r_493_fu_2056                                        |   32|   0|   32|          0|
    |pp_r_494_fu_2060                                        |   32|   0|   32|          0|
    |pp_r_495_fu_2064                                        |   32|   0|   32|          0|
    |pp_r_496_fu_2068                                        |   32|   0|   32|          0|
    |pp_r_497_fu_2072                                        |   32|   0|   32|          0|
    |pp_r_498_fu_2076                                        |   32|   0|   32|          0|
    |pp_r_499_fu_2080                                        |   32|   0|   32|          0|
    |pp_r_49_fu_280                                          |   32|   0|   32|          0|
    |pp_r_4_fu_100                                           |   32|   0|   32|          0|
    |pp_r_500_fu_2084                                        |   32|   0|   32|          0|
    |pp_r_501_fu_2088                                        |   32|   0|   32|          0|
    |pp_r_502_fu_2092                                        |   32|   0|   32|          0|
    |pp_r_503_fu_2096                                        |   32|   0|   32|          0|
    |pp_r_504_fu_2100                                        |   32|   0|   32|          0|
    |pp_r_505_fu_2104                                        |   32|   0|   32|          0|
    |pp_r_506_fu_2108                                        |   32|   0|   32|          0|
    |pp_r_507_fu_2112                                        |   32|   0|   32|          0|
    |pp_r_508_fu_2116                                        |   32|   0|   32|          0|
    |pp_r_509_fu_2120                                        |   32|   0|   32|          0|
    |pp_r_50_fu_284                                          |   32|   0|   32|          0|
    |pp_r_510_fu_2124                                        |   32|   0|   32|          0|
    |pp_r_511_fu_2128                                        |   32|   0|   32|          0|
    |pp_r_512_fu_2132                                        |   32|   0|   32|          0|
    |pp_r_513_fu_2136                                        |   32|   0|   32|          0|
    |pp_r_514_fu_2140                                        |   32|   0|   32|          0|
    |pp_r_515_fu_2144                                        |   32|   0|   32|          0|
    |pp_r_516_fu_2148                                        |   32|   0|   32|          0|
    |pp_r_517_fu_2152                                        |   32|   0|   32|          0|
    |pp_r_518_fu_2156                                        |   32|   0|   32|          0|
    |pp_r_519_fu_2160                                        |   32|   0|   32|          0|
    |pp_r_51_fu_288                                          |   32|   0|   32|          0|
    |pp_r_520_fu_2164                                        |   32|   0|   32|          0|
    |pp_r_521_fu_2168                                        |   32|   0|   32|          0|
    |pp_r_522_fu_2172                                        |   32|   0|   32|          0|
    |pp_r_523_fu_2176                                        |   32|   0|   32|          0|
    |pp_r_524_fu_2180                                        |   32|   0|   32|          0|
    |pp_r_525_fu_2184                                        |   32|   0|   32|          0|
    |pp_r_526_fu_2188                                        |   32|   0|   32|          0|
    |pp_r_527_fu_2192                                        |   32|   0|   32|          0|
    |pp_r_528_fu_2196                                        |   32|   0|   32|          0|
    |pp_r_529_fu_2200                                        |   32|   0|   32|          0|
    |pp_r_52_fu_292                                          |   32|   0|   32|          0|
    |pp_r_530_fu_2204                                        |   32|   0|   32|          0|
    |pp_r_531_fu_2208                                        |   32|   0|   32|          0|
    |pp_r_532_fu_2212                                        |   32|   0|   32|          0|
    |pp_r_533_fu_2216                                        |   32|   0|   32|          0|
    |pp_r_534_fu_2220                                        |   32|   0|   32|          0|
    |pp_r_535_fu_2224                                        |   32|   0|   32|          0|
    |pp_r_536_fu_2228                                        |   32|   0|   32|          0|
    |pp_r_537_fu_2232                                        |   32|   0|   32|          0|
    |pp_r_538_fu_2236                                        |   32|   0|   32|          0|
    |pp_r_539_fu_2240                                        |   32|   0|   32|          0|
    |pp_r_53_fu_296                                          |   32|   0|   32|          0|
    |pp_r_540_fu_2244                                        |   32|   0|   32|          0|
    |pp_r_541_fu_2248                                        |   32|   0|   32|          0|
    |pp_r_542_fu_2252                                        |   32|   0|   32|          0|
    |pp_r_543_fu_2256                                        |   32|   0|   32|          0|
    |pp_r_544_fu_2260                                        |   32|   0|   32|          0|
    |pp_r_545_fu_2264                                        |   32|   0|   32|          0|
    |pp_r_546_fu_2268                                        |   32|   0|   32|          0|
    |pp_r_547_fu_2272                                        |   32|   0|   32|          0|
    |pp_r_548_fu_2276                                        |   32|   0|   32|          0|
    |pp_r_549_fu_2280                                        |   32|   0|   32|          0|
    |pp_r_54_fu_300                                          |   32|   0|   32|          0|
    |pp_r_550_fu_2284                                        |   32|   0|   32|          0|
    |pp_r_551_fu_2288                                        |   32|   0|   32|          0|
    |pp_r_552_fu_2292                                        |   32|   0|   32|          0|
    |pp_r_553_fu_2296                                        |   32|   0|   32|          0|
    |pp_r_554_fu_2300                                        |   32|   0|   32|          0|
    |pp_r_555_fu_2304                                        |   32|   0|   32|          0|
    |pp_r_556_fu_2308                                        |   32|   0|   32|          0|
    |pp_r_557_fu_2312                                        |   32|   0|   32|          0|
    |pp_r_558_fu_2316                                        |   32|   0|   32|          0|
    |pp_r_559_fu_2320                                        |   32|   0|   32|          0|
    |pp_r_55_fu_304                                          |   32|   0|   32|          0|
    |pp_r_560_fu_2324                                        |   32|   0|   32|          0|
    |pp_r_561_fu_2328                                        |   32|   0|   32|          0|
    |pp_r_562_fu_2332                                        |   32|   0|   32|          0|
    |pp_r_563_fu_2336                                        |   32|   0|   32|          0|
    |pp_r_564_fu_2340                                        |   32|   0|   32|          0|
    |pp_r_565_fu_2344                                        |   32|   0|   32|          0|
    |pp_r_566_fu_2348                                        |   32|   0|   32|          0|
    |pp_r_567_fu_2352                                        |   32|   0|   32|          0|
    |pp_r_568_fu_2356                                        |   32|   0|   32|          0|
    |pp_r_569_fu_2360                                        |   32|   0|   32|          0|
    |pp_r_56_fu_308                                          |   32|   0|   32|          0|
    |pp_r_570_fu_2364                                        |   32|   0|   32|          0|
    |pp_r_571_fu_2368                                        |   32|   0|   32|          0|
    |pp_r_572_fu_2372                                        |   32|   0|   32|          0|
    |pp_r_573_fu_2376                                        |   32|   0|   32|          0|
    |pp_r_574_fu_2380                                        |   32|   0|   32|          0|
    |pp_r_575_fu_2384                                        |   32|   0|   32|          0|
    |pp_r_576_fu_2388                                        |   32|   0|   32|          0|
    |pp_r_577_fu_2392                                        |   32|   0|   32|          0|
    |pp_r_578_fu_2396                                        |   32|   0|   32|          0|
    |pp_r_579_fu_2400                                        |   32|   0|   32|          0|
    |pp_r_57_fu_312                                          |   32|   0|   32|          0|
    |pp_r_580_fu_2404                                        |   32|   0|   32|          0|
    |pp_r_581_fu_2408                                        |   32|   0|   32|          0|
    |pp_r_582_fu_2412                                        |   32|   0|   32|          0|
    |pp_r_583_fu_2416                                        |   32|   0|   32|          0|
    |pp_r_584_fu_2420                                        |   32|   0|   32|          0|
    |pp_r_585_fu_2424                                        |   32|   0|   32|          0|
    |pp_r_586_fu_2428                                        |   32|   0|   32|          0|
    |pp_r_587_fu_2432                                        |   32|   0|   32|          0|
    |pp_r_588_fu_2436                                        |   32|   0|   32|          0|
    |pp_r_589_fu_2440                                        |   32|   0|   32|          0|
    |pp_r_58_fu_316                                          |   32|   0|   32|          0|
    |pp_r_590_fu_2444                                        |   32|   0|   32|          0|
    |pp_r_591_fu_2448                                        |   32|   0|   32|          0|
    |pp_r_592_fu_2452                                        |   32|   0|   32|          0|
    |pp_r_593_fu_2456                                        |   32|   0|   32|          0|
    |pp_r_594_fu_2460                                        |   32|   0|   32|          0|
    |pp_r_595_fu_2464                                        |   32|   0|   32|          0|
    |pp_r_596_fu_2468                                        |   32|   0|   32|          0|
    |pp_r_597_fu_2472                                        |   32|   0|   32|          0|
    |pp_r_598_fu_2476                                        |   32|   0|   32|          0|
    |pp_r_599_fu_2480                                        |   32|   0|   32|          0|
    |pp_r_59_fu_320                                          |   32|   0|   32|          0|
    |pp_r_5_fu_104                                           |   32|   0|   32|          0|
    |pp_r_600_fu_2484                                        |   32|   0|   32|          0|
    |pp_r_601_fu_2488                                        |   32|   0|   32|          0|
    |pp_r_602_fu_2492                                        |   32|   0|   32|          0|
    |pp_r_603_fu_2496                                        |   32|   0|   32|          0|
    |pp_r_604_fu_2500                                        |   32|   0|   32|          0|
    |pp_r_605_fu_2504                                        |   32|   0|   32|          0|
    |pp_r_606_fu_2508                                        |   32|   0|   32|          0|
    |pp_r_607_fu_2512                                        |   32|   0|   32|          0|
    |pp_r_608_fu_2516                                        |   32|   0|   32|          0|
    |pp_r_609_fu_2520                                        |   32|   0|   32|          0|
    |pp_r_60_fu_324                                          |   32|   0|   32|          0|
    |pp_r_610_fu_2524                                        |   32|   0|   32|          0|
    |pp_r_611_fu_2528                                        |   32|   0|   32|          0|
    |pp_r_612_fu_2532                                        |   32|   0|   32|          0|
    |pp_r_613_fu_2536                                        |   32|   0|   32|          0|
    |pp_r_614_fu_2540                                        |   32|   0|   32|          0|
    |pp_r_615_fu_2544                                        |   32|   0|   32|          0|
    |pp_r_616_fu_2548                                        |   32|   0|   32|          0|
    |pp_r_617_fu_2552                                        |   32|   0|   32|          0|
    |pp_r_618_fu_2556                                        |   32|   0|   32|          0|
    |pp_r_619_fu_2560                                        |   32|   0|   32|          0|
    |pp_r_61_fu_328                                          |   32|   0|   32|          0|
    |pp_r_620_fu_2564                                        |   32|   0|   32|          0|
    |pp_r_621_fu_2568                                        |   32|   0|   32|          0|
    |pp_r_622_fu_2572                                        |   32|   0|   32|          0|
    |pp_r_623_fu_2576                                        |   32|   0|   32|          0|
    |pp_r_624_fu_2580                                        |   32|   0|   32|          0|
    |pp_r_625_fu_2584                                        |   32|   0|   32|          0|
    |pp_r_626_fu_2588                                        |   32|   0|   32|          0|
    |pp_r_627_fu_2592                                        |   32|   0|   32|          0|
    |pp_r_628_fu_2596                                        |   32|   0|   32|          0|
    |pp_r_629_fu_2600                                        |   32|   0|   32|          0|
    |pp_r_62_fu_332                                          |   32|   0|   32|          0|
    |pp_r_630_fu_2604                                        |   32|   0|   32|          0|
    |pp_r_631_fu_2608                                        |   32|   0|   32|          0|
    |pp_r_632_fu_2612                                        |   32|   0|   32|          0|
    |pp_r_633_fu_2616                                        |   32|   0|   32|          0|
    |pp_r_634_fu_2620                                        |   32|   0|   32|          0|
    |pp_r_635_fu_2624                                        |   32|   0|   32|          0|
    |pp_r_636_fu_2628                                        |   32|   0|   32|          0|
    |pp_r_637_fu_2632                                        |   32|   0|   32|          0|
    |pp_r_638_fu_2636                                        |   32|   0|   32|          0|
    |pp_r_639_fu_2640                                        |   32|   0|   32|          0|
    |pp_r_63_fu_336                                          |   32|   0|   32|          0|
    |pp_r_640_fu_2644                                        |   32|   0|   32|          0|
    |pp_r_641_fu_2648                                        |   32|   0|   32|          0|
    |pp_r_642_fu_2652                                        |   32|   0|   32|          0|
    |pp_r_643_fu_2656                                        |   32|   0|   32|          0|
    |pp_r_644_fu_2660                                        |   32|   0|   32|          0|
    |pp_r_645_fu_2664                                        |   32|   0|   32|          0|
    |pp_r_646_fu_2668                                        |   32|   0|   32|          0|
    |pp_r_647_fu_2672                                        |   32|   0|   32|          0|
    |pp_r_648_fu_2676                                        |   32|   0|   32|          0|
    |pp_r_649_fu_2680                                        |   32|   0|   32|          0|
    |pp_r_64_fu_340                                          |   32|   0|   32|          0|
    |pp_r_650_fu_2684                                        |   32|   0|   32|          0|
    |pp_r_651_fu_2688                                        |   32|   0|   32|          0|
    |pp_r_652_fu_2692                                        |   32|   0|   32|          0|
    |pp_r_653_fu_2696                                        |   32|   0|   32|          0|
    |pp_r_654_fu_2700                                        |   32|   0|   32|          0|
    |pp_r_655_fu_2704                                        |   32|   0|   32|          0|
    |pp_r_656_fu_2708                                        |   32|   0|   32|          0|
    |pp_r_657_fu_2712                                        |   32|   0|   32|          0|
    |pp_r_658_fu_2716                                        |   32|   0|   32|          0|
    |pp_r_659_fu_2720                                        |   32|   0|   32|          0|
    |pp_r_65_fu_344                                          |   32|   0|   32|          0|
    |pp_r_660_fu_2724                                        |   32|   0|   32|          0|
    |pp_r_661_fu_2728                                        |   32|   0|   32|          0|
    |pp_r_662_fu_2732                                        |   32|   0|   32|          0|
    |pp_r_663_fu_2736                                        |   32|   0|   32|          0|
    |pp_r_664_fu_2740                                        |   32|   0|   32|          0|
    |pp_r_665_fu_2744                                        |   32|   0|   32|          0|
    |pp_r_666_fu_2748                                        |   32|   0|   32|          0|
    |pp_r_667_fu_2752                                        |   32|   0|   32|          0|
    |pp_r_668_fu_2756                                        |   32|   0|   32|          0|
    |pp_r_669_fu_2760                                        |   32|   0|   32|          0|
    |pp_r_66_fu_348                                          |   32|   0|   32|          0|
    |pp_r_670_fu_2764                                        |   32|   0|   32|          0|
    |pp_r_671_fu_2768                                        |   32|   0|   32|          0|
    |pp_r_672_fu_2772                                        |   32|   0|   32|          0|
    |pp_r_673_fu_2776                                        |   32|   0|   32|          0|
    |pp_r_674_fu_2780                                        |   32|   0|   32|          0|
    |pp_r_675_fu_2784                                        |   32|   0|   32|          0|
    |pp_r_676_fu_2788                                        |   32|   0|   32|          0|
    |pp_r_677_fu_2792                                        |   32|   0|   32|          0|
    |pp_r_678_fu_2796                                        |   32|   0|   32|          0|
    |pp_r_679_fu_2800                                        |   32|   0|   32|          0|
    |pp_r_67_fu_352                                          |   32|   0|   32|          0|
    |pp_r_680_fu_2804                                        |   32|   0|   32|          0|
    |pp_r_681_fu_2808                                        |   32|   0|   32|          0|
    |pp_r_682_fu_2812                                        |   32|   0|   32|          0|
    |pp_r_683_fu_2816                                        |   32|   0|   32|          0|
    |pp_r_684_fu_2820                                        |   32|   0|   32|          0|
    |pp_r_685_fu_2824                                        |   32|   0|   32|          0|
    |pp_r_686_fu_2828                                        |   32|   0|   32|          0|
    |pp_r_687_fu_2832                                        |   32|   0|   32|          0|
    |pp_r_688_fu_2836                                        |   32|   0|   32|          0|
    |pp_r_689_fu_2840                                        |   32|   0|   32|          0|
    |pp_r_68_fu_356                                          |   32|   0|   32|          0|
    |pp_r_690_fu_2844                                        |   32|   0|   32|          0|
    |pp_r_691_fu_2848                                        |   32|   0|   32|          0|
    |pp_r_692_fu_2852                                        |   32|   0|   32|          0|
    |pp_r_693_fu_2856                                        |   32|   0|   32|          0|
    |pp_r_694_fu_2860                                        |   32|   0|   32|          0|
    |pp_r_695_fu_2864                                        |   32|   0|   32|          0|
    |pp_r_696_fu_2868                                        |   32|   0|   32|          0|
    |pp_r_697_fu_2872                                        |   32|   0|   32|          0|
    |pp_r_698_fu_2876                                        |   32|   0|   32|          0|
    |pp_r_699_fu_2880                                        |   32|   0|   32|          0|
    |pp_r_69_fu_360                                          |   32|   0|   32|          0|
    |pp_r_6_fu_108                                           |   32|   0|   32|          0|
    |pp_r_700_fu_2884                                        |   32|   0|   32|          0|
    |pp_r_701_fu_2888                                        |   32|   0|   32|          0|
    |pp_r_702_fu_2892                                        |   32|   0|   32|          0|
    |pp_r_703_fu_2896                                        |   32|   0|   32|          0|
    |pp_r_704_fu_2900                                        |   32|   0|   32|          0|
    |pp_r_705_fu_2904                                        |   32|   0|   32|          0|
    |pp_r_706_fu_2908                                        |   32|   0|   32|          0|
    |pp_r_707_fu_2912                                        |   32|   0|   32|          0|
    |pp_r_708_fu_2916                                        |   32|   0|   32|          0|
    |pp_r_709_fu_2920                                        |   32|   0|   32|          0|
    |pp_r_70_fu_364                                          |   32|   0|   32|          0|
    |pp_r_710_fu_2924                                        |   32|   0|   32|          0|
    |pp_r_711_fu_2928                                        |   32|   0|   32|          0|
    |pp_r_712_fu_2932                                        |   32|   0|   32|          0|
    |pp_r_713_fu_2936                                        |   32|   0|   32|          0|
    |pp_r_714_fu_2940                                        |   32|   0|   32|          0|
    |pp_r_715_fu_2944                                        |   32|   0|   32|          0|
    |pp_r_716_fu_2948                                        |   32|   0|   32|          0|
    |pp_r_717_fu_2952                                        |   32|   0|   32|          0|
    |pp_r_718_fu_2956                                        |   32|   0|   32|          0|
    |pp_r_719_fu_2960                                        |   32|   0|   32|          0|
    |pp_r_71_fu_368                                          |   32|   0|   32|          0|
    |pp_r_720_fu_2964                                        |   32|   0|   32|          0|
    |pp_r_721_fu_2968                                        |   32|   0|   32|          0|
    |pp_r_722_fu_2972                                        |   32|   0|   32|          0|
    |pp_r_723_fu_2976                                        |   32|   0|   32|          0|
    |pp_r_724_fu_2980                                        |   32|   0|   32|          0|
    |pp_r_725_fu_2984                                        |   32|   0|   32|          0|
    |pp_r_726_fu_2988                                        |   32|   0|   32|          0|
    |pp_r_727_fu_2992                                        |   32|   0|   32|          0|
    |pp_r_728_fu_2996                                        |   32|   0|   32|          0|
    |pp_r_729_fu_3000                                        |   32|   0|   32|          0|
    |pp_r_72_fu_372                                          |   32|   0|   32|          0|
    |pp_r_730_fu_3004                                        |   32|   0|   32|          0|
    |pp_r_731_fu_3008                                        |   32|   0|   32|          0|
    |pp_r_732_fu_3012                                        |   32|   0|   32|          0|
    |pp_r_733_fu_3016                                        |   32|   0|   32|          0|
    |pp_r_734_fu_3020                                        |   32|   0|   32|          0|
    |pp_r_735_fu_3024                                        |   32|   0|   32|          0|
    |pp_r_736_fu_3028                                        |   32|   0|   32|          0|
    |pp_r_737_fu_3032                                        |   32|   0|   32|          0|
    |pp_r_738_fu_3036                                        |   32|   0|   32|          0|
    |pp_r_739_fu_3040                                        |   32|   0|   32|          0|
    |pp_r_73_fu_376                                          |   32|   0|   32|          0|
    |pp_r_740_fu_3044                                        |   32|   0|   32|          0|
    |pp_r_741_fu_3048                                        |   32|   0|   32|          0|
    |pp_r_742_fu_3052                                        |   32|   0|   32|          0|
    |pp_r_743_fu_3056                                        |   32|   0|   32|          0|
    |pp_r_744_fu_3060                                        |   32|   0|   32|          0|
    |pp_r_745_fu_3064                                        |   32|   0|   32|          0|
    |pp_r_746_fu_3068                                        |   32|   0|   32|          0|
    |pp_r_747_fu_3072                                        |   32|   0|   32|          0|
    |pp_r_748_fu_3076                                        |   32|   0|   32|          0|
    |pp_r_749_fu_3080                                        |   32|   0|   32|          0|
    |pp_r_74_fu_380                                          |   32|   0|   32|          0|
    |pp_r_750_fu_3084                                        |   32|   0|   32|          0|
    |pp_r_751_fu_3088                                        |   32|   0|   32|          0|
    |pp_r_752_fu_3092                                        |   32|   0|   32|          0|
    |pp_r_753_fu_3096                                        |   32|   0|   32|          0|
    |pp_r_754_fu_3100                                        |   32|   0|   32|          0|
    |pp_r_755_fu_3104                                        |   32|   0|   32|          0|
    |pp_r_756_fu_3108                                        |   32|   0|   32|          0|
    |pp_r_757_fu_3112                                        |   32|   0|   32|          0|
    |pp_r_758_fu_3116                                        |   32|   0|   32|          0|
    |pp_r_759_fu_3120                                        |   32|   0|   32|          0|
    |pp_r_75_fu_384                                          |   32|   0|   32|          0|
    |pp_r_760_fu_3124                                        |   32|   0|   32|          0|
    |pp_r_761_fu_3128                                        |   32|   0|   32|          0|
    |pp_r_762_fu_3132                                        |   32|   0|   32|          0|
    |pp_r_763_fu_3136                                        |   32|   0|   32|          0|
    |pp_r_764_fu_3140                                        |   32|   0|   32|          0|
    |pp_r_765_fu_3144                                        |   32|   0|   32|          0|
    |pp_r_766_fu_3148                                        |   32|   0|   32|          0|
    |pp_r_767_fu_3152                                        |   32|   0|   32|          0|
    |pp_r_768_fu_3156                                        |   32|   0|   32|          0|
    |pp_r_769_fu_3160                                        |   32|   0|   32|          0|
    |pp_r_76_fu_388                                          |   32|   0|   32|          0|
    |pp_r_770_fu_3164                                        |   32|   0|   32|          0|
    |pp_r_771_fu_3168                                        |   32|   0|   32|          0|
    |pp_r_772_fu_3172                                        |   32|   0|   32|          0|
    |pp_r_773_fu_3176                                        |   32|   0|   32|          0|
    |pp_r_774_fu_3180                                        |   32|   0|   32|          0|
    |pp_r_775_fu_3184                                        |   32|   0|   32|          0|
    |pp_r_776_fu_3188                                        |   32|   0|   32|          0|
    |pp_r_777_fu_3192                                        |   32|   0|   32|          0|
    |pp_r_778_fu_3196                                        |   32|   0|   32|          0|
    |pp_r_779_fu_3200                                        |   32|   0|   32|          0|
    |pp_r_77_fu_392                                          |   32|   0|   32|          0|
    |pp_r_780_fu_3204                                        |   32|   0|   32|          0|
    |pp_r_781_fu_3208                                        |   32|   0|   32|          0|
    |pp_r_782_fu_3212                                        |   32|   0|   32|          0|
    |pp_r_783_fu_3216                                        |   32|   0|   32|          0|
    |pp_r_784_fu_3220                                        |   32|   0|   32|          0|
    |pp_r_785_fu_3224                                        |   32|   0|   32|          0|
    |pp_r_786_fu_3228                                        |   32|   0|   32|          0|
    |pp_r_787_fu_3232                                        |   32|   0|   32|          0|
    |pp_r_788_fu_3236                                        |   32|   0|   32|          0|
    |pp_r_789_fu_3240                                        |   32|   0|   32|          0|
    |pp_r_78_fu_396                                          |   32|   0|   32|          0|
    |pp_r_790_fu_3244                                        |   32|   0|   32|          0|
    |pp_r_791_fu_3248                                        |   32|   0|   32|          0|
    |pp_r_792_fu_3252                                        |   32|   0|   32|          0|
    |pp_r_793_fu_3256                                        |   32|   0|   32|          0|
    |pp_r_794_fu_3260                                        |   32|   0|   32|          0|
    |pp_r_795_fu_3264                                        |   32|   0|   32|          0|
    |pp_r_796_fu_3268                                        |   32|   0|   32|          0|
    |pp_r_797_fu_3272                                        |   32|   0|   32|          0|
    |pp_r_798_fu_3276                                        |   32|   0|   32|          0|
    |pp_r_799_fu_3280                                        |   32|   0|   32|          0|
    |pp_r_79_fu_400                                          |   32|   0|   32|          0|
    |pp_r_7_fu_112                                           |   32|   0|   32|          0|
    |pp_r_800_fu_3284                                        |   32|   0|   32|          0|
    |pp_r_801_fu_3288                                        |   32|   0|   32|          0|
    |pp_r_802_fu_3292                                        |   32|   0|   32|          0|
    |pp_r_803_fu_3296                                        |   32|   0|   32|          0|
    |pp_r_804_fu_3300                                        |   32|   0|   32|          0|
    |pp_r_805_fu_3304                                        |   32|   0|   32|          0|
    |pp_r_806_fu_3308                                        |   32|   0|   32|          0|
    |pp_r_807_fu_3312                                        |   32|   0|   32|          0|
    |pp_r_808_fu_3316                                        |   32|   0|   32|          0|
    |pp_r_809_fu_3320                                        |   32|   0|   32|          0|
    |pp_r_80_fu_404                                          |   32|   0|   32|          0|
    |pp_r_810_fu_3324                                        |   32|   0|   32|          0|
    |pp_r_811_fu_3328                                        |   32|   0|   32|          0|
    |pp_r_812_fu_3332                                        |   32|   0|   32|          0|
    |pp_r_813_fu_3336                                        |   32|   0|   32|          0|
    |pp_r_814_fu_3340                                        |   32|   0|   32|          0|
    |pp_r_815_fu_3344                                        |   32|   0|   32|          0|
    |pp_r_816_fu_3348                                        |   32|   0|   32|          0|
    |pp_r_817_fu_3352                                        |   32|   0|   32|          0|
    |pp_r_818_fu_3356                                        |   32|   0|   32|          0|
    |pp_r_819_fu_3360                                        |   32|   0|   32|          0|
    |pp_r_81_fu_408                                          |   32|   0|   32|          0|
    |pp_r_820_fu_3364                                        |   32|   0|   32|          0|
    |pp_r_821_fu_3368                                        |   32|   0|   32|          0|
    |pp_r_822_fu_3372                                        |   32|   0|   32|          0|
    |pp_r_823_fu_3376                                        |   32|   0|   32|          0|
    |pp_r_824_fu_3380                                        |   32|   0|   32|          0|
    |pp_r_825_fu_3384                                        |   32|   0|   32|          0|
    |pp_r_826_fu_3388                                        |   32|   0|   32|          0|
    |pp_r_827_fu_3392                                        |   32|   0|   32|          0|
    |pp_r_828_fu_3396                                        |   32|   0|   32|          0|
    |pp_r_829_fu_3400                                        |   32|   0|   32|          0|
    |pp_r_82_fu_412                                          |   32|   0|   32|          0|
    |pp_r_830_fu_3404                                        |   32|   0|   32|          0|
    |pp_r_831_fu_3408                                        |   32|   0|   32|          0|
    |pp_r_832_fu_3412                                        |   32|   0|   32|          0|
    |pp_r_833_fu_3416                                        |   32|   0|   32|          0|
    |pp_r_834_fu_3420                                        |   32|   0|   32|          0|
    |pp_r_835_fu_3424                                        |   32|   0|   32|          0|
    |pp_r_836_fu_3428                                        |   32|   0|   32|          0|
    |pp_r_837_fu_3432                                        |   32|   0|   32|          0|
    |pp_r_838_fu_3436                                        |   32|   0|   32|          0|
    |pp_r_839_fu_3440                                        |   32|   0|   32|          0|
    |pp_r_83_fu_416                                          |   32|   0|   32|          0|
    |pp_r_840_fu_3444                                        |   32|   0|   32|          0|
    |pp_r_841_fu_3448                                        |   32|   0|   32|          0|
    |pp_r_842_fu_3452                                        |   32|   0|   32|          0|
    |pp_r_843_fu_3456                                        |   32|   0|   32|          0|
    |pp_r_844_fu_3460                                        |   32|   0|   32|          0|
    |pp_r_845_fu_3464                                        |   32|   0|   32|          0|
    |pp_r_846_fu_3468                                        |   32|   0|   32|          0|
    |pp_r_847_fu_3472                                        |   32|   0|   32|          0|
    |pp_r_848_fu_3476                                        |   32|   0|   32|          0|
    |pp_r_849_fu_3480                                        |   32|   0|   32|          0|
    |pp_r_84_fu_420                                          |   32|   0|   32|          0|
    |pp_r_850_fu_3484                                        |   32|   0|   32|          0|
    |pp_r_851_fu_3488                                        |   32|   0|   32|          0|
    |pp_r_852_fu_3492                                        |   32|   0|   32|          0|
    |pp_r_853_fu_3496                                        |   32|   0|   32|          0|
    |pp_r_854_fu_3500                                        |   32|   0|   32|          0|
    |pp_r_855_fu_3504                                        |   32|   0|   32|          0|
    |pp_r_856_fu_3508                                        |   32|   0|   32|          0|
    |pp_r_857_fu_3512                                        |   32|   0|   32|          0|
    |pp_r_858_fu_3516                                        |   32|   0|   32|          0|
    |pp_r_859_fu_3520                                        |   32|   0|   32|          0|
    |pp_r_85_fu_424                                          |   32|   0|   32|          0|
    |pp_r_860_fu_3524                                        |   32|   0|   32|          0|
    |pp_r_861_fu_3528                                        |   32|   0|   32|          0|
    |pp_r_862_fu_3532                                        |   32|   0|   32|          0|
    |pp_r_863_fu_3536                                        |   32|   0|   32|          0|
    |pp_r_864_fu_3540                                        |   32|   0|   32|          0|
    |pp_r_865_fu_3544                                        |   32|   0|   32|          0|
    |pp_r_866_fu_3548                                        |   32|   0|   32|          0|
    |pp_r_867_fu_3552                                        |   32|   0|   32|          0|
    |pp_r_868_fu_3556                                        |   32|   0|   32|          0|
    |pp_r_869_fu_3560                                        |   32|   0|   32|          0|
    |pp_r_86_fu_428                                          |   32|   0|   32|          0|
    |pp_r_870_fu_3564                                        |   32|   0|   32|          0|
    |pp_r_871_fu_3568                                        |   32|   0|   32|          0|
    |pp_r_872_fu_3572                                        |   32|   0|   32|          0|
    |pp_r_873_fu_3576                                        |   32|   0|   32|          0|
    |pp_r_874_fu_3580                                        |   32|   0|   32|          0|
    |pp_r_875_fu_3584                                        |   32|   0|   32|          0|
    |pp_r_876_fu_3588                                        |   32|   0|   32|          0|
    |pp_r_877_fu_3592                                        |   32|   0|   32|          0|
    |pp_r_878_fu_3596                                        |   32|   0|   32|          0|
    |pp_r_879_fu_3600                                        |   32|   0|   32|          0|
    |pp_r_87_fu_432                                          |   32|   0|   32|          0|
    |pp_r_880_fu_3604                                        |   32|   0|   32|          0|
    |pp_r_881_fu_3608                                        |   32|   0|   32|          0|
    |pp_r_882_fu_3612                                        |   32|   0|   32|          0|
    |pp_r_883_fu_3616                                        |   32|   0|   32|          0|
    |pp_r_884_fu_3620                                        |   32|   0|   32|          0|
    |pp_r_885_fu_3624                                        |   32|   0|   32|          0|
    |pp_r_886_fu_3628                                        |   32|   0|   32|          0|
    |pp_r_887_fu_3632                                        |   32|   0|   32|          0|
    |pp_r_888_fu_3636                                        |   32|   0|   32|          0|
    |pp_r_889_fu_3640                                        |   32|   0|   32|          0|
    |pp_r_88_fu_436                                          |   32|   0|   32|          0|
    |pp_r_890_fu_3644                                        |   32|   0|   32|          0|
    |pp_r_891_fu_3648                                        |   32|   0|   32|          0|
    |pp_r_892_fu_3652                                        |   32|   0|   32|          0|
    |pp_r_893_fu_3656                                        |   32|   0|   32|          0|
    |pp_r_894_fu_3660                                        |   32|   0|   32|          0|
    |pp_r_895_fu_3664                                        |   32|   0|   32|          0|
    |pp_r_896_fu_3668                                        |   32|   0|   32|          0|
    |pp_r_897_fu_3672                                        |   32|   0|   32|          0|
    |pp_r_898_fu_3676                                        |   32|   0|   32|          0|
    |pp_r_899_fu_3680                                        |   32|   0|   32|          0|
    |pp_r_89_fu_440                                          |   32|   0|   32|          0|
    |pp_r_8_fu_116                                           |   32|   0|   32|          0|
    |pp_r_900_fu_3684                                        |   32|   0|   32|          0|
    |pp_r_901_fu_3688                                        |   32|   0|   32|          0|
    |pp_r_902_fu_3692                                        |   32|   0|   32|          0|
    |pp_r_903_fu_3696                                        |   32|   0|   32|          0|
    |pp_r_904_fu_3700                                        |   32|   0|   32|          0|
    |pp_r_905_fu_3704                                        |   32|   0|   32|          0|
    |pp_r_906_fu_3708                                        |   32|   0|   32|          0|
    |pp_r_907_fu_3712                                        |   32|   0|   32|          0|
    |pp_r_908_fu_3716                                        |   32|   0|   32|          0|
    |pp_r_909_fu_3720                                        |   32|   0|   32|          0|
    |pp_r_90_fu_444                                          |   32|   0|   32|          0|
    |pp_r_910_fu_3724                                        |   32|   0|   32|          0|
    |pp_r_911_fu_3728                                        |   32|   0|   32|          0|
    |pp_r_912_fu_3732                                        |   32|   0|   32|          0|
    |pp_r_913_fu_3736                                        |   32|   0|   32|          0|
    |pp_r_914_fu_3740                                        |   32|   0|   32|          0|
    |pp_r_915_fu_3744                                        |   32|   0|   32|          0|
    |pp_r_916_fu_3748                                        |   32|   0|   32|          0|
    |pp_r_917_fu_3752                                        |   32|   0|   32|          0|
    |pp_r_918_fu_3756                                        |   32|   0|   32|          0|
    |pp_r_919_fu_3760                                        |   32|   0|   32|          0|
    |pp_r_91_fu_448                                          |   32|   0|   32|          0|
    |pp_r_920_fu_3764                                        |   32|   0|   32|          0|
    |pp_r_921_fu_3768                                        |   32|   0|   32|          0|
    |pp_r_922_fu_3772                                        |   32|   0|   32|          0|
    |pp_r_923_fu_3776                                        |   32|   0|   32|          0|
    |pp_r_924_fu_3780                                        |   32|   0|   32|          0|
    |pp_r_925_fu_3784                                        |   32|   0|   32|          0|
    |pp_r_926_fu_3788                                        |   32|   0|   32|          0|
    |pp_r_927_fu_3792                                        |   32|   0|   32|          0|
    |pp_r_928_fu_3796                                        |   32|   0|   32|          0|
    |pp_r_929_fu_3800                                        |   32|   0|   32|          0|
    |pp_r_92_fu_452                                          |   32|   0|   32|          0|
    |pp_r_930_fu_3804                                        |   32|   0|   32|          0|
    |pp_r_931_fu_3808                                        |   32|   0|   32|          0|
    |pp_r_932_fu_3812                                        |   32|   0|   32|          0|
    |pp_r_933_fu_3816                                        |   32|   0|   32|          0|
    |pp_r_934_fu_3820                                        |   32|   0|   32|          0|
    |pp_r_935_fu_3824                                        |   32|   0|   32|          0|
    |pp_r_936_fu_3828                                        |   32|   0|   32|          0|
    |pp_r_937_fu_3832                                        |   32|   0|   32|          0|
    |pp_r_938_fu_3836                                        |   32|   0|   32|          0|
    |pp_r_939_fu_3840                                        |   32|   0|   32|          0|
    |pp_r_93_fu_456                                          |   32|   0|   32|          0|
    |pp_r_940_fu_3844                                        |   32|   0|   32|          0|
    |pp_r_941_fu_3848                                        |   32|   0|   32|          0|
    |pp_r_942_fu_3852                                        |   32|   0|   32|          0|
    |pp_r_943_fu_3856                                        |   32|   0|   32|          0|
    |pp_r_944_fu_3860                                        |   32|   0|   32|          0|
    |pp_r_945_fu_3864                                        |   32|   0|   32|          0|
    |pp_r_946_fu_3868                                        |   32|   0|   32|          0|
    |pp_r_947_fu_3872                                        |   32|   0|   32|          0|
    |pp_r_948_fu_3876                                        |   32|   0|   32|          0|
    |pp_r_949_fu_3880                                        |   32|   0|   32|          0|
    |pp_r_94_fu_460                                          |   32|   0|   32|          0|
    |pp_r_950_fu_3884                                        |   32|   0|   32|          0|
    |pp_r_951_fu_3888                                        |   32|   0|   32|          0|
    |pp_r_952_fu_3892                                        |   32|   0|   32|          0|
    |pp_r_953_fu_3896                                        |   32|   0|   32|          0|
    |pp_r_954_fu_3900                                        |   32|   0|   32|          0|
    |pp_r_955_fu_3904                                        |   32|   0|   32|          0|
    |pp_r_956_fu_3908                                        |   32|   0|   32|          0|
    |pp_r_957_fu_3912                                        |   32|   0|   32|          0|
    |pp_r_958_fu_3916                                        |   32|   0|   32|          0|
    |pp_r_959_fu_3920                                        |   32|   0|   32|          0|
    |pp_r_95_fu_464                                          |   32|   0|   32|          0|
    |pp_r_960_fu_3924                                        |   32|   0|   32|          0|
    |pp_r_961_fu_3928                                        |   32|   0|   32|          0|
    |pp_r_962_fu_3932                                        |   32|   0|   32|          0|
    |pp_r_963_fu_3936                                        |   32|   0|   32|          0|
    |pp_r_964_fu_3940                                        |   32|   0|   32|          0|
    |pp_r_965_fu_3944                                        |   32|   0|   32|          0|
    |pp_r_966_fu_3948                                        |   32|   0|   32|          0|
    |pp_r_967_fu_3952                                        |   32|   0|   32|          0|
    |pp_r_968_fu_3956                                        |   32|   0|   32|          0|
    |pp_r_969_fu_3960                                        |   32|   0|   32|          0|
    |pp_r_96_fu_468                                          |   32|   0|   32|          0|
    |pp_r_970_fu_3964                                        |   32|   0|   32|          0|
    |pp_r_971_fu_3968                                        |   32|   0|   32|          0|
    |pp_r_972_fu_3972                                        |   32|   0|   32|          0|
    |pp_r_973_fu_3976                                        |   32|   0|   32|          0|
    |pp_r_974_fu_3980                                        |   32|   0|   32|          0|
    |pp_r_975_fu_3984                                        |   32|   0|   32|          0|
    |pp_r_976_fu_3988                                        |   32|   0|   32|          0|
    |pp_r_977_fu_3992                                        |   32|   0|   32|          0|
    |pp_r_978_fu_3996                                        |   32|   0|   32|          0|
    |pp_r_979_fu_4000                                        |   32|   0|   32|          0|
    |pp_r_97_fu_472                                          |   32|   0|   32|          0|
    |pp_r_980_fu_4004                                        |   32|   0|   32|          0|
    |pp_r_981_fu_4008                                        |   32|   0|   32|          0|
    |pp_r_982_fu_4012                                        |   32|   0|   32|          0|
    |pp_r_983_fu_4016                                        |   32|   0|   32|          0|
    |pp_r_984_fu_4020                                        |   32|   0|   32|          0|
    |pp_r_985_fu_4024                                        |   32|   0|   32|          0|
    |pp_r_986_fu_4028                                        |   32|   0|   32|          0|
    |pp_r_987_fu_4032                                        |   32|   0|   32|          0|
    |pp_r_988_fu_4036                                        |   32|   0|   32|          0|
    |pp_r_989_fu_4040                                        |   32|   0|   32|          0|
    |pp_r_98_fu_476                                          |   32|   0|   32|          0|
    |pp_r_990_fu_4044                                        |   32|   0|   32|          0|
    |pp_r_991_fu_4048                                        |   32|   0|   32|          0|
    |pp_r_992_fu_4052                                        |   32|   0|   32|          0|
    |pp_r_993_fu_4056                                        |   32|   0|   32|          0|
    |pp_r_994_fu_4060                                        |   32|   0|   32|          0|
    |pp_r_995_fu_4064                                        |   32|   0|   32|          0|
    |pp_r_996_fu_4068                                        |   32|   0|   32|          0|
    |pp_r_997_fu_4072                                        |   32|   0|   32|          0|
    |pp_r_998_fu_4076                                        |   32|   0|   32|          0|
    |pp_r_999_fu_4080                                        |   32|   0|   32|          0|
    |pp_r_99_fu_480                                          |   32|   0|   32|          0|
    |pp_r_9_fu_120                                           |   32|   0|   32|          0|
    |pp_r_fu_84                                              |   32|   0|   32|          0|
    |real_sample_load_reg_73953                              |   32|   0|   32|          0|
    |rs_reg_80107                                            |   32|   0|   32|          0|
    |trunc_ln33_reg_73948                                    |   10|   0|   10|          0|
    +--------------------------------------------------------+-----+----+-----+-----------+
    |Total                                                   |65694|   0|65694|          0|
    +--------------------------------------------------------+-----+----+-----+-----------+
>>>>>>> b4dc985 (Update hls config)



================================================================
== Interface
================================================================
* Summary: 
+----------------------+-----+-----+------------+--------------+--------------+
|       RTL Ports      | Dir | Bits|  Protocol  | Source Object|    C Type    |
+----------------------+-----+-----+------------+--------------+--------------+
|ap_clk                |   in|    1|  ap_ctrl_hs|           dft|  return value|
|ap_rst                |   in|    1|  ap_ctrl_hs|           dft|  return value|
|ap_start              |   in|    1|  ap_ctrl_hs|           dft|  return value|
|ap_done               |  out|    1|  ap_ctrl_hs|           dft|  return value|
|ap_idle               |  out|    1|  ap_ctrl_hs|           dft|  return value|
|ap_ready              |  out|    1|  ap_ctrl_hs|           dft|  return value|
|real_sample_address0  |  out|   10|   ap_memory|   real_sample|         array|
|real_sample_ce0       |  out|    1|   ap_memory|   real_sample|         array|
|real_sample_q0        |   in|   32|   ap_memory|   real_sample|         array|
|imag_sample_address0  |  out|   10|   ap_memory|   imag_sample|         array|
|imag_sample_ce0       |  out|    1|   ap_memory|   imag_sample|         array|
|imag_sample_q0        |   in|   32|   ap_memory|   imag_sample|         array|
|real_op_0_address0    |  out|    7|   ap_memory|     real_op_0|         array|
|real_op_0_ce0         |  out|    1|   ap_memory|     real_op_0|         array|
|real_op_0_we0         |  out|    1|   ap_memory|     real_op_0|         array|
|real_op_0_d0          |  out|   32|   ap_memory|     real_op_0|         array|
|real_op_0_address1    |  out|    7|   ap_memory|     real_op_0|         array|
|real_op_0_ce1         |  out|    1|   ap_memory|     real_op_0|         array|
|real_op_0_q1          |   in|   32|   ap_memory|     real_op_0|         array|
|real_op_1_address0    |  out|    7|   ap_memory|     real_op_1|         array|
|real_op_1_ce0         |  out|    1|   ap_memory|     real_op_1|         array|
|real_op_1_we0         |  out|    1|   ap_memory|     real_op_1|         array|
|real_op_1_d0          |  out|   32|   ap_memory|     real_op_1|         array|
|real_op_1_address1    |  out|    7|   ap_memory|     real_op_1|         array|
|real_op_1_ce1         |  out|    1|   ap_memory|     real_op_1|         array|
|real_op_1_q1          |   in|   32|   ap_memory|     real_op_1|         array|
|real_op_2_address0    |  out|    7|   ap_memory|     real_op_2|         array|
|real_op_2_ce0         |  out|    1|   ap_memory|     real_op_2|         array|
|real_op_2_we0         |  out|    1|   ap_memory|     real_op_2|         array|
|real_op_2_d0          |  out|   32|   ap_memory|     real_op_2|         array|
|real_op_2_address1    |  out|    7|   ap_memory|     real_op_2|         array|
|real_op_2_ce1         |  out|    1|   ap_memory|     real_op_2|         array|
|real_op_2_q1          |   in|   32|   ap_memory|     real_op_2|         array|
|real_op_3_address0    |  out|    7|   ap_memory|     real_op_3|         array|
|real_op_3_ce0         |  out|    1|   ap_memory|     real_op_3|         array|
|real_op_3_we0         |  out|    1|   ap_memory|     real_op_3|         array|
|real_op_3_d0          |  out|   32|   ap_memory|     real_op_3|         array|
|real_op_3_address1    |  out|    7|   ap_memory|     real_op_3|         array|
|real_op_3_ce1         |  out|    1|   ap_memory|     real_op_3|         array|
|real_op_3_q1          |   in|   32|   ap_memory|     real_op_3|         array|
|real_op_4_address0    |  out|    7|   ap_memory|     real_op_4|         array|
|real_op_4_ce0         |  out|    1|   ap_memory|     real_op_4|         array|
|real_op_4_we0         |  out|    1|   ap_memory|     real_op_4|         array|
|real_op_4_d0          |  out|   32|   ap_memory|     real_op_4|         array|
|real_op_4_address1    |  out|    7|   ap_memory|     real_op_4|         array|
|real_op_4_ce1         |  out|    1|   ap_memory|     real_op_4|         array|
|real_op_4_q1          |   in|   32|   ap_memory|     real_op_4|         array|
|real_op_5_address0    |  out|    7|   ap_memory|     real_op_5|         array|
|real_op_5_ce0         |  out|    1|   ap_memory|     real_op_5|         array|
|real_op_5_we0         |  out|    1|   ap_memory|     real_op_5|         array|
|real_op_5_d0          |  out|   32|   ap_memory|     real_op_5|         array|
|real_op_5_address1    |  out|    7|   ap_memory|     real_op_5|         array|
|real_op_5_ce1         |  out|    1|   ap_memory|     real_op_5|         array|
|real_op_5_q1          |   in|   32|   ap_memory|     real_op_5|         array|
|real_op_6_address0    |  out|    7|   ap_memory|     real_op_6|         array|
|real_op_6_ce0         |  out|    1|   ap_memory|     real_op_6|         array|
|real_op_6_we0         |  out|    1|   ap_memory|     real_op_6|         array|
|real_op_6_d0          |  out|   32|   ap_memory|     real_op_6|         array|
|real_op_6_address1    |  out|    7|   ap_memory|     real_op_6|         array|
|real_op_6_ce1         |  out|    1|   ap_memory|     real_op_6|         array|
|real_op_6_q1          |   in|   32|   ap_memory|     real_op_6|         array|
|real_op_7_address0    |  out|    7|   ap_memory|     real_op_7|         array|
|real_op_7_ce0         |  out|    1|   ap_memory|     real_op_7|         array|
|real_op_7_we0         |  out|    1|   ap_memory|     real_op_7|         array|
|real_op_7_d0          |  out|   32|   ap_memory|     real_op_7|         array|
|real_op_7_address1    |  out|    7|   ap_memory|     real_op_7|         array|
|real_op_7_ce1         |  out|    1|   ap_memory|     real_op_7|         array|
|real_op_7_q1          |   in|   32|   ap_memory|     real_op_7|         array|
|imag_op_0_address0    |  out|    7|   ap_memory|     imag_op_0|         array|
|imag_op_0_ce0         |  out|    1|   ap_memory|     imag_op_0|         array|
|imag_op_0_we0         |  out|    1|   ap_memory|     imag_op_0|         array|
|imag_op_0_d0          |  out|   32|   ap_memory|     imag_op_0|         array|
|imag_op_0_address1    |  out|    7|   ap_memory|     imag_op_0|         array|
|imag_op_0_ce1         |  out|    1|   ap_memory|     imag_op_0|         array|
|imag_op_0_q1          |   in|   32|   ap_memory|     imag_op_0|         array|
|imag_op_1_address0    |  out|    7|   ap_memory|     imag_op_1|         array|
|imag_op_1_ce0         |  out|    1|   ap_memory|     imag_op_1|         array|
|imag_op_1_we0         |  out|    1|   ap_memory|     imag_op_1|         array|
|imag_op_1_d0          |  out|   32|   ap_memory|     imag_op_1|         array|
|imag_op_1_address1    |  out|    7|   ap_memory|     imag_op_1|         array|
|imag_op_1_ce1         |  out|    1|   ap_memory|     imag_op_1|         array|
|imag_op_1_q1          |   in|   32|   ap_memory|     imag_op_1|         array|
|imag_op_2_address0    |  out|    7|   ap_memory|     imag_op_2|         array|
|imag_op_2_ce0         |  out|    1|   ap_memory|     imag_op_2|         array|
|imag_op_2_we0         |  out|    1|   ap_memory|     imag_op_2|         array|
|imag_op_2_d0          |  out|   32|   ap_memory|     imag_op_2|         array|
|imag_op_2_address1    |  out|    7|   ap_memory|     imag_op_2|         array|
|imag_op_2_ce1         |  out|    1|   ap_memory|     imag_op_2|         array|
|imag_op_2_q1          |   in|   32|   ap_memory|     imag_op_2|         array|
|imag_op_3_address0    |  out|    7|   ap_memory|     imag_op_3|         array|
|imag_op_3_ce0         |  out|    1|   ap_memory|     imag_op_3|         array|
|imag_op_3_we0         |  out|    1|   ap_memory|     imag_op_3|         array|
|imag_op_3_d0          |  out|   32|   ap_memory|     imag_op_3|         array|
|imag_op_3_address1    |  out|    7|   ap_memory|     imag_op_3|         array|
|imag_op_3_ce1         |  out|    1|   ap_memory|     imag_op_3|         array|
|imag_op_3_q1          |   in|   32|   ap_memory|     imag_op_3|         array|
|imag_op_4_address0    |  out|    7|   ap_memory|     imag_op_4|         array|
|imag_op_4_ce0         |  out|    1|   ap_memory|     imag_op_4|         array|
|imag_op_4_we0         |  out|    1|   ap_memory|     imag_op_4|         array|
|imag_op_4_d0          |  out|   32|   ap_memory|     imag_op_4|         array|
|imag_op_4_address1    |  out|    7|   ap_memory|     imag_op_4|         array|
|imag_op_4_ce1         |  out|    1|   ap_memory|     imag_op_4|         array|
|imag_op_4_q1          |   in|   32|   ap_memory|     imag_op_4|         array|
|imag_op_5_address0    |  out|    7|   ap_memory|     imag_op_5|         array|
|imag_op_5_ce0         |  out|    1|   ap_memory|     imag_op_5|         array|
|imag_op_5_we0         |  out|    1|   ap_memory|     imag_op_5|         array|
|imag_op_5_d0          |  out|   32|   ap_memory|     imag_op_5|         array|
|imag_op_5_address1    |  out|    7|   ap_memory|     imag_op_5|         array|
|imag_op_5_ce1         |  out|    1|   ap_memory|     imag_op_5|         array|
|imag_op_5_q1          |   in|   32|   ap_memory|     imag_op_5|         array|
|imag_op_6_address0    |  out|    7|   ap_memory|     imag_op_6|         array|
|imag_op_6_ce0         |  out|    1|   ap_memory|     imag_op_6|         array|
|imag_op_6_we0         |  out|    1|   ap_memory|     imag_op_6|         array|
|imag_op_6_d0          |  out|   32|   ap_memory|     imag_op_6|         array|
|imag_op_6_address1    |  out|    7|   ap_memory|     imag_op_6|         array|
|imag_op_6_ce1         |  out|    1|   ap_memory|     imag_op_6|         array|
|imag_op_6_q1          |   in|   32|   ap_memory|     imag_op_6|         array|
|imag_op_7_address0    |  out|    7|   ap_memory|     imag_op_7|         array|
|imag_op_7_ce0         |  out|    1|   ap_memory|     imag_op_7|         array|
|imag_op_7_we0         |  out|    1|   ap_memory|     imag_op_7|         array|
|imag_op_7_d0          |  out|   32|   ap_memory|     imag_op_7|         array|
|imag_op_7_address1    |  out|    7|   ap_memory|     imag_op_7|         array|
|imag_op_7_ce1         |  out|    1|   ap_memory|     imag_op_7|         array|
|imag_op_7_q1          |   in|   32|   ap_memory|     imag_op_7|         array|
+----------------------+-----+-----+------------+--------------+--------------+

